ISO-10303-21;
HEADER;
/* Generated by software containing ST-Developer
 * from STEP Tools, Inc. (www.steptools.com) 
 */

FILE_DESCRIPTION(
/* description */ (''),
/* implementation_level */ '2;1');

FILE_NAME(
/* name */ '2 Drawer 2 Stack.step',
/* time_stamp */ '2026-06-27T15:40:23-04:00',
/* author */ (''),
/* organization */ (''),
/* preprocessor_version */ 'ST-DEVELOPER v20.1',
/* originating_system */ 'Autodesk Translation Framework v15.8.0.0',
/* authorisation */ '');

FILE_SCHEMA (('AUTOMOTIVE_DESIGN { 1 0 10303 214 3 1 1 }'));
ENDSEC;

DATA;
#10=MECHANICAL_DESIGN_GEOMETRIC_PRESENTATION_REPRESENTATION('',(#57,#58,
#59,#60,#61,#62,#63,#64,#65,#66,#67,#68,#69,#70),#2700);
#11=ITEM_DEFINED_TRANSFORMATION($,$,#1714,#1759);
#12=ITEM_DEFINED_TRANSFORMATION($,$,#1714,#1792);
#13=ITEM_DEFINED_TRANSFORMATION($,$,#1680,#1793);
#14=ITEM_DEFINED_TRANSFORMATION($,$,#1713,#1794);
#15=(
REPRESENTATION_RELATIONSHIP($,$,#2720,#2718)
REPRESENTATION_RELATIONSHIP_WITH_TRANSFORMATION(#11)
SHAPE_REPRESENTATION_RELATIONSHIP()
);
#16=(
REPRESENTATION_RELATIONSHIP($,$,#2720,#2719)
REPRESENTATION_RELATIONSHIP_WITH_TRANSFORMATION(#12)
SHAPE_REPRESENTATION_RELATIONSHIP()
);
#17=(
REPRESENTATION_RELATIONSHIP($,$,#2718,#2717)
REPRESENTATION_RELATIONSHIP_WITH_TRANSFORMATION(#13)
SHAPE_REPRESENTATION_RELATIONSHIP()
);
#18=(
REPRESENTATION_RELATIONSHIP($,$,#2719,#2717)
REPRESENTATION_RELATIONSHIP_WITH_TRANSFORMATION(#14)
SHAPE_REPRESENTATION_RELATIONSHIP()
);
#19=CONTEXT_DEPENDENT_SHAPE_REPRESENTATION(#15,#2713);
#20=CONTEXT_DEPENDENT_SHAPE_REPRESENTATION(#16,#2714);
#21=CONTEXT_DEPENDENT_SHAPE_REPRESENTATION(#17,#2715);
#22=CONTEXT_DEPENDENT_SHAPE_REPRESENTATION(#18,#2716);
#23=NEXT_ASSEMBLY_USAGE_OCCURRENCE('Large v11:1','Large v11:1',
'Large v11:1',#2723,#2725,'Large v11:1');
#24=NEXT_ASSEMBLY_USAGE_OCCURRENCE('Large v11:1','Large v11:1',
'Large v11:1',#2724,#2725,'Large v11:1');
#25=NEXT_ASSEMBLY_USAGE_OCCURRENCE('2 Drawer v8:1','2 Drawer v8:1',
'2 Drawer v8:1',#2722,#2723,'2 Drawer v8:1');
#26=NEXT_ASSEMBLY_USAGE_OCCURRENCE('2 Drawer v8:2','2 Drawer v8:2',
'2 Drawer v8:2',#2722,#2724,'2 Drawer v8:2');
#27=SHAPE_REPRESENTATION_RELATIONSHIP('SRR','None',#2720,#30);
#28=SHAPE_REPRESENTATION_RELATIONSHIP('SRR','None',#2718,#31);
#29=SHAPE_REPRESENTATION_RELATIONSHIP('SRR','None',#2719,#32);
#30=ADVANCED_BREP_SHAPE_REPRESENTATION('',(#75,#76,#77,#78,#79,#80),#2699);
#31=ADVANCED_BREP_SHAPE_REPRESENTATION('',(#71,#72,#73,#74),#2697);
#32=ADVANCED_BREP_SHAPE_REPRESENTATION('',(#81,#82,#83,#84),#2698);
#33=DERIVED_UNIT_ELEMENT(#35,1.);
#34=DERIVED_UNIT_ELEMENT(#2702,-3.);
#35=(
MASS_UNIT()
NAMED_UNIT(*)
SI_UNIT(.KILO.,.GRAM.)
);
#36=DERIVED_UNIT((#33,#34));
#37=MEASURE_REPRESENTATION_ITEM('density measure',
POSITIVE_RATIO_MEASURE(7850.),#36);
#38=PROPERTY_DEFINITION_REPRESENTATION(#43,#40);
#39=PROPERTY_DEFINITION_REPRESENTATION(#44,#41);
#40=REPRESENTATION('material name',(#42),#2699);
#41=REPRESENTATION('density',(#37),#2699);
#42=DESCRIPTIVE_REPRESENTATION_ITEM('Steel','Steel');
#43=PROPERTY_DEFINITION('material property','material name',#2725);
#44=PROPERTY_DEFINITION('material property','density of part',#2725);
#45=CIRCLE('',#1694,26.9875);
#46=CIRCLE('',#1695,26.9875);
#47=CIRCLE('',#1704,26.9875);
#48=CIRCLE('',#1705,26.9875);
#49=CIRCLE('',#1773,26.9875);
#50=CIRCLE('',#1774,26.9875);
#51=CIRCLE('',#1783,26.9875);
#52=CIRCLE('',#1784,26.9875);
#53=CYLINDRICAL_SURFACE('',#1693,26.9875);
#54=CYLINDRICAL_SURFACE('',#1703,26.9875);
#55=CYLINDRICAL_SURFACE('',#1772,26.9875);
#56=CYLINDRICAL_SURFACE('',#1782,26.9875);
#57=STYLED_ITEM('',(#2741),#71);
#58=STYLED_ITEM('',(#2741),#72);
#59=STYLED_ITEM('',(#2741),#73);
#60=STYLED_ITEM('',(#2741),#74);
#61=STYLED_ITEM('',(#2741),#75);
#62=STYLED_ITEM('',(#2741),#76);
#63=STYLED_ITEM('',(#2741),#77);
#64=STYLED_ITEM('',(#2741),#78);
#65=STYLED_ITEM('',(#2741),#79);
#66=STYLED_ITEM('',(#2741),#80);
#67=STYLED_ITEM('',(#2741),#81);
#68=STYLED_ITEM('',(#2741),#82);
#69=STYLED_ITEM('',(#2741),#83);
#70=STYLED_ITEM('',(#2741),#84);
#71=MANIFOLD_SOLID_BREP('Body6',#1665);
#72=MANIFOLD_SOLID_BREP('Body5',#1666);
#73=MANIFOLD_SOLID_BREP('Body7',#1667);
#74=MANIFOLD_SOLID_BREP('Body12',#1668);
#75=MANIFOLD_SOLID_BREP('Bottom',#1669);
#76=MANIFOLD_SOLID_BREP('Top',#1670);
#77=MANIFOLD_SOLID_BREP('Body23',#1671);
#78=MANIFOLD_SOLID_BREP('Body24',#1672);
#79=MANIFOLD_SOLID_BREP('Body25',#1673);
#80=MANIFOLD_SOLID_BREP('Body26',#1674);
#81=MANIFOLD_SOLID_BREP('Body6',#1675);
#82=MANIFOLD_SOLID_BREP('Body5',#1676);
#83=MANIFOLD_SOLID_BREP('Body7',#1677);
#84=MANIFOLD_SOLID_BREP('Body12',#1678);
#85=FACE_OUTER_BOUND('',#185,.T.);
#86=FACE_OUTER_BOUND('',#186,.T.);
#87=FACE_OUTER_BOUND('',#187,.T.);
#88=FACE_OUTER_BOUND('',#188,.T.);
#89=FACE_OUTER_BOUND('',#189,.T.);
#90=FACE_OUTER_BOUND('',#190,.T.);
#91=FACE_OUTER_BOUND('',#191,.T.);
#92=FACE_OUTER_BOUND('',#192,.T.);
#93=FACE_OUTER_BOUND('',#193,.T.);
#94=FACE_OUTER_BOUND('',#194,.T.);
#95=FACE_OUTER_BOUND('',#195,.T.);
#96=FACE_OUTER_BOUND('',#196,.T.);
#97=FACE_OUTER_BOUND('',#197,.T.);
#98=FACE_OUTER_BOUND('',#198,.T.);
#99=FACE_OUTER_BOUND('',#199,.T.);
#100=FACE_OUTER_BOUND('',#200,.T.);
#101=FACE_OUTER_BOUND('',#201,.T.);
#102=FACE_OUTER_BOUND('',#202,.T.);
#103=FACE_OUTER_BOUND('',#203,.T.);
#104=FACE_OUTER_BOUND('',#204,.T.);
#105=FACE_OUTER_BOUND('',#205,.T.);
#106=FACE_OUTER_BOUND('',#206,.T.);
#107=FACE_OUTER_BOUND('',#207,.T.);
#108=FACE_OUTER_BOUND('',#208,.T.);
#109=FACE_OUTER_BOUND('',#209,.T.);
#110=FACE_OUTER_BOUND('',#210,.T.);
#111=FACE_OUTER_BOUND('',#211,.T.);
#112=FACE_OUTER_BOUND('',#212,.T.);
#113=FACE_OUTER_BOUND('',#213,.T.);
#114=FACE_OUTER_BOUND('',#214,.T.);
#115=FACE_OUTER_BOUND('',#215,.T.);
#116=FACE_OUTER_BOUND('',#216,.T.);
#117=FACE_OUTER_BOUND('',#217,.T.);
#118=FACE_OUTER_BOUND('',#218,.T.);
#119=FACE_OUTER_BOUND('',#219,.T.);
#120=FACE_OUTER_BOUND('',#220,.T.);
#121=FACE_OUTER_BOUND('',#221,.T.);
#122=FACE_OUTER_BOUND('',#222,.T.);
#123=FACE_OUTER_BOUND('',#223,.T.);
#124=FACE_OUTER_BOUND('',#224,.T.);
#125=FACE_OUTER_BOUND('',#225,.T.);
#126=FACE_OUTER_BOUND('',#226,.T.);
#127=FACE_OUTER_BOUND('',#227,.T.);
#128=FACE_OUTER_BOUND('',#228,.T.);
#129=FACE_OUTER_BOUND('',#229,.T.);
#130=FACE_OUTER_BOUND('',#230,.T.);
#131=FACE_OUTER_BOUND('',#231,.T.);
#132=FACE_OUTER_BOUND('',#232,.T.);
#133=FACE_OUTER_BOUND('',#233,.T.);
#134=FACE_OUTER_BOUND('',#234,.T.);
#135=FACE_OUTER_BOUND('',#235,.T.);
#136=FACE_OUTER_BOUND('',#236,.T.);
#137=FACE_OUTER_BOUND('',#237,.T.);
#138=FACE_OUTER_BOUND('',#238,.T.);
#139=FACE_OUTER_BOUND('',#239,.T.);
#140=FACE_OUTER_BOUND('',#240,.T.);
#141=FACE_OUTER_BOUND('',#241,.T.);
#142=FACE_OUTER_BOUND('',#242,.T.);
#143=FACE_OUTER_BOUND('',#243,.T.);
#144=FACE_OUTER_BOUND('',#244,.T.);
#145=FACE_OUTER_BOUND('',#245,.T.);
#146=FACE_OUTER_BOUND('',#246,.T.);
#147=FACE_OUTER_BOUND('',#247,.T.);
#148=FACE_OUTER_BOUND('',#248,.T.);
#149=FACE_OUTER_BOUND('',#249,.T.);
#150=FACE_OUTER_BOUND('',#250,.T.);
#151=FACE_OUTER_BOUND('',#251,.T.);
#152=FACE_OUTER_BOUND('',#252,.T.);
#153=FACE_OUTER_BOUND('',#253,.T.);
#154=FACE_OUTER_BOUND('',#254,.T.);
#155=FACE_OUTER_BOUND('',#255,.T.);
#156=FACE_OUTER_BOUND('',#256,.T.);
#157=FACE_OUTER_BOUND('',#257,.T.);
#158=FACE_OUTER_BOUND('',#258,.T.);
#159=FACE_OUTER_BOUND('',#259,.T.);
#160=FACE_OUTER_BOUND('',#260,.T.);
#161=FACE_OUTER_BOUND('',#261,.T.);
#162=FACE_OUTER_BOUND('',#262,.T.);
#163=FACE_OUTER_BOUND('',#263,.T.);
#164=FACE_OUTER_BOUND('',#264,.T.);
#165=FACE_OUTER_BOUND('',#265,.T.);
#166=FACE_OUTER_BOUND('',#266,.T.);
#167=FACE_OUTER_BOUND('',#267,.T.);
#168=FACE_OUTER_BOUND('',#268,.T.);
#169=FACE_OUTER_BOUND('',#269,.T.);
#170=FACE_OUTER_BOUND('',#270,.T.);
#171=FACE_OUTER_BOUND('',#271,.T.);
#172=FACE_OUTER_BOUND('',#272,.T.);
#173=FACE_OUTER_BOUND('',#273,.T.);
#174=FACE_OUTER_BOUND('',#274,.T.);
#175=FACE_OUTER_BOUND('',#275,.T.);
#176=FACE_OUTER_BOUND('',#276,.T.);
#177=FACE_OUTER_BOUND('',#277,.T.);
#178=FACE_OUTER_BOUND('',#278,.T.);
#179=FACE_OUTER_BOUND('',#279,.T.);
#180=FACE_OUTER_BOUND('',#280,.T.);
#181=FACE_OUTER_BOUND('',#281,.T.);
#182=FACE_OUTER_BOUND('',#282,.T.);
#183=FACE_OUTER_BOUND('',#283,.T.);
#184=FACE_OUTER_BOUND('',#284,.T.);
#185=EDGE_LOOP('',(#1045,#1046,#1047,#1048));
#186=EDGE_LOOP('',(#1049,#1050,#1051,#1052));
#187=EDGE_LOOP('',(#1053,#1054,#1055,#1056));
#188=EDGE_LOOP('',(#1057,#1058,#1059,#1060));
#189=EDGE_LOOP('',(#1061,#1062,#1063,#1064));
#190=EDGE_LOOP('',(#1065,#1066,#1067,#1068));
#191=EDGE_LOOP('',(#1069,#1070,#1071,#1072));
#192=EDGE_LOOP('',(#1073,#1074,#1075,#1076));
#193=EDGE_LOOP('',(#1077,#1078,#1079,#1080));
#194=EDGE_LOOP('',(#1081,#1082,#1083,#1084));
#195=EDGE_LOOP('',(#1085,#1086,#1087,#1088));
#196=EDGE_LOOP('',(#1089,#1090,#1091,#1092));
#197=EDGE_LOOP('',(#1093,#1094,#1095,#1096));
#198=EDGE_LOOP('',(#1097,#1098,#1099,#1100,#1101,#1102));
#199=EDGE_LOOP('',(#1103,#1104,#1105,#1106));
#200=EDGE_LOOP('',(#1107,#1108,#1109,#1110,#1111,#1112));
#201=EDGE_LOOP('',(#1113,#1114,#1115,#1116));
#202=EDGE_LOOP('',(#1117,#1118,#1119,#1120));
#203=EDGE_LOOP('',(#1121,#1122,#1123,#1124));
#204=EDGE_LOOP('',(#1125,#1126,#1127,#1128));
#205=EDGE_LOOP('',(#1129,#1130,#1131,#1132));
#206=EDGE_LOOP('',(#1133,#1134,#1135,#1136,#1137,#1138));
#207=EDGE_LOOP('',(#1139,#1140,#1141,#1142));
#208=EDGE_LOOP('',(#1143,#1144,#1145,#1146));
#209=EDGE_LOOP('',(#1147,#1148,#1149,#1150));
#210=EDGE_LOOP('',(#1151,#1152,#1153,#1154,#1155,#1156));
#211=EDGE_LOOP('',(#1157,#1158,#1159,#1160));
#212=EDGE_LOOP('',(#1161,#1162,#1163,#1164));
#213=EDGE_LOOP('',(#1165,#1166,#1167,#1168));
#214=EDGE_LOOP('',(#1169,#1170,#1171,#1172));
#215=EDGE_LOOP('',(#1173,#1174,#1175,#1176));
#216=EDGE_LOOP('',(#1177,#1178,#1179,#1180));
#217=EDGE_LOOP('',(#1181,#1182,#1183,#1184));
#218=EDGE_LOOP('',(#1185,#1186,#1187,#1188));
#219=EDGE_LOOP('',(#1189,#1190,#1191,#1192));
#220=EDGE_LOOP('',(#1193,#1194,#1195,#1196));
#221=EDGE_LOOP('',(#1197,#1198,#1199,#1200));
#222=EDGE_LOOP('',(#1201,#1202,#1203,#1204));
#223=EDGE_LOOP('',(#1205,#1206,#1207,#1208));
#224=EDGE_LOOP('',(#1209,#1210,#1211,#1212));
#225=EDGE_LOOP('',(#1213,#1214,#1215,#1216));
#226=EDGE_LOOP('',(#1217,#1218,#1219,#1220));
#227=EDGE_LOOP('',(#1221,#1222,#1223,#1224));
#228=EDGE_LOOP('',(#1225,#1226,#1227,#1228));
#229=EDGE_LOOP('',(#1229,#1230,#1231,#1232));
#230=EDGE_LOOP('',(#1233,#1234,#1235,#1236,#1237));
#231=EDGE_LOOP('',(#1238,#1239,#1240,#1241));
#232=EDGE_LOOP('',(#1242,#1243,#1244,#1245));
#233=EDGE_LOOP('',(#1246,#1247,#1248,#1249,#1250));
#234=EDGE_LOOP('',(#1251,#1252,#1253,#1254));
#235=EDGE_LOOP('',(#1255,#1256,#1257,#1258));
#236=EDGE_LOOP('',(#1259,#1260,#1261,#1262));
#237=EDGE_LOOP('',(#1263,#1264,#1265,#1266,#1267));
#238=EDGE_LOOP('',(#1268,#1269,#1270,#1271));
#239=EDGE_LOOP('',(#1272,#1273,#1274,#1275));
#240=EDGE_LOOP('',(#1276,#1277,#1278,#1279,#1280));
#241=EDGE_LOOP('',(#1281,#1282,#1283,#1284));
#242=EDGE_LOOP('',(#1285,#1286,#1287,#1288));
#243=EDGE_LOOP('',(#1289,#1290,#1291,#1292));
#244=EDGE_LOOP('',(#1293,#1294,#1295,#1296));
#245=EDGE_LOOP('',(#1297,#1298,#1299,#1300,#1301));
#246=EDGE_LOOP('',(#1302,#1303,#1304,#1305));
#247=EDGE_LOOP('',(#1306,#1307,#1308,#1309,#1310));
#248=EDGE_LOOP('',(#1311,#1312,#1313,#1314));
#249=EDGE_LOOP('',(#1315,#1316,#1317,#1318));
#250=EDGE_LOOP('',(#1319,#1320,#1321,#1322,#1323));
#251=EDGE_LOOP('',(#1324,#1325,#1326,#1327));
#252=EDGE_LOOP('',(#1328,#1329,#1330,#1331));
#253=EDGE_LOOP('',(#1332,#1333,#1334,#1335));
#254=EDGE_LOOP('',(#1336,#1337,#1338,#1339,#1340));
#255=EDGE_LOOP('',(#1341,#1342,#1343,#1344));
#256=EDGE_LOOP('',(#1345,#1346,#1347,#1348));
#257=EDGE_LOOP('',(#1349,#1350,#1351,#1352));
#258=EDGE_LOOP('',(#1353,#1354,#1355,#1356));
#259=EDGE_LOOP('',(#1357,#1358,#1359,#1360));
#260=EDGE_LOOP('',(#1361,#1362,#1363,#1364));
#261=EDGE_LOOP('',(#1365,#1366,#1367,#1368));
#262=EDGE_LOOP('',(#1369,#1370,#1371,#1372));
#263=EDGE_LOOP('',(#1373,#1374,#1375,#1376));
#264=EDGE_LOOP('',(#1377,#1378,#1379,#1380));
#265=EDGE_LOOP('',(#1381,#1382,#1383,#1384));
#266=EDGE_LOOP('',(#1385,#1386,#1387,#1388));
#267=EDGE_LOOP('',(#1389,#1390,#1391,#1392));
#268=EDGE_LOOP('',(#1393,#1394,#1395,#1396));
#269=EDGE_LOOP('',(#1397,#1398,#1399,#1400));
#270=EDGE_LOOP('',(#1401,#1402,#1403,#1404,#1405,#1406));
#271=EDGE_LOOP('',(#1407,#1408,#1409,#1410));
#272=EDGE_LOOP('',(#1411,#1412,#1413,#1414,#1415,#1416));
#273=EDGE_LOOP('',(#1417,#1418,#1419,#1420));
#274=EDGE_LOOP('',(#1421,#1422,#1423,#1424));
#275=EDGE_LOOP('',(#1425,#1426,#1427,#1428));
#276=EDGE_LOOP('',(#1429,#1430,#1431,#1432));
#277=EDGE_LOOP('',(#1433,#1434,#1435,#1436));
#278=EDGE_LOOP('',(#1437,#1438,#1439,#1440,#1441,#1442));
#279=EDGE_LOOP('',(#1443,#1444,#1445,#1446));
#280=EDGE_LOOP('',(#1447,#1448,#1449,#1450));
#281=EDGE_LOOP('',(#1451,#1452,#1453,#1454));
#282=EDGE_LOOP('',(#1455,#1456,#1457,#1458,#1459,#1460));
#283=EDGE_LOOP('',(#1461,#1462,#1463,#1464));
#284=EDGE_LOOP('',(#1465,#1466,#1467,#1468));
#285=LINE('',#2236,#489);
#286=LINE('',#2238,#490);
#287=LINE('',#2240,#491);
#288=LINE('',#2241,#492);
#289=LINE('',#2244,#493);
#290=LINE('',#2246,#494);
#291=LINE('',#2247,#495);
#292=LINE('',#2250,#496);
#293=LINE('',#2252,#497);
#294=LINE('',#2253,#498);
#295=LINE('',#2255,#499);
#296=LINE('',#2256,#500);
#297=LINE('',#2262,#501);
#298=LINE('',#2264,#502);
#299=LINE('',#2266,#503);
#300=LINE('',#2267,#504);
#301=LINE('',#2270,#505);
#302=LINE('',#2272,#506);
#303=LINE('',#2273,#507);
#304=LINE('',#2276,#508);
#305=LINE('',#2278,#509);
#306=LINE('',#2279,#510);
#307=LINE('',#2281,#511);
#308=LINE('',#2282,#512);
#309=LINE('',#2290,#513);
#310=LINE('',#2293,#514);
#311=LINE('',#2296,#515);
#312=LINE('',#2298,#516);
#313=LINE('',#2300,#517);
#314=LINE('',#2302,#518);
#315=LINE('',#2303,#519);
#316=LINE('',#2306,#520);
#317=LINE('',#2307,#521);
#318=LINE('',#2310,#522);
#319=LINE('',#2312,#523);
#320=LINE('',#2314,#524);
#321=LINE('',#2315,#525);
#322=LINE('',#2317,#526);
#323=LINE('',#2319,#527);
#324=LINE('',#2321,#528);
#325=LINE('',#2328,#529);
#326=LINE('',#2331,#530);
#327=LINE('',#2334,#531);
#328=LINE('',#2336,#532);
#329=LINE('',#2338,#533);
#330=LINE('',#2340,#534);
#331=LINE('',#2341,#535);
#332=LINE('',#2344,#536);
#333=LINE('',#2345,#537);
#334=LINE('',#2348,#538);
#335=LINE('',#2349,#539);
#336=LINE('',#2352,#540);
#337=LINE('',#2353,#541);
#338=LINE('',#2356,#542);
#339=LINE('',#2357,#543);
#340=LINE('',#2359,#544);
#341=LINE('',#2366,#545);
#342=LINE('',#2368,#546);
#343=LINE('',#2370,#547);
#344=LINE('',#2371,#548);
#345=LINE('',#2374,#549);
#346=LINE('',#2376,#550);
#347=LINE('',#2377,#551);
#348=LINE('',#2380,#552);
#349=LINE('',#2382,#553);
#350=LINE('',#2383,#554);
#351=LINE('',#2385,#555);
#352=LINE('',#2386,#556);
#353=LINE('',#2389,#557);
#354=LINE('',#2391,#558);
#355=LINE('',#2392,#559);
#356=LINE('',#2395,#560);
#357=LINE('',#2396,#561);
#358=LINE('',#2400,#562);
#359=LINE('',#2401,#563);
#360=LINE('',#2403,#564);
#361=LINE('',#2408,#565);
#362=LINE('',#2410,#566);
#363=LINE('',#2412,#567);
#364=LINE('',#2413,#568);
#365=LINE('',#2416,#569);
#366=LINE('',#2418,#570);
#367=LINE('',#2419,#571);
#368=LINE('',#2422,#572);
#369=LINE('',#2424,#573);
#370=LINE('',#2425,#574);
#371=LINE('',#2427,#575);
#372=LINE('',#2428,#576);
#373=LINE('',#2434,#577);
#374=LINE('',#2436,#578);
#375=LINE('',#2438,#579);
#376=LINE('',#2439,#580);
#377=LINE('',#2442,#581);
#378=LINE('',#2444,#582);
#379=LINE('',#2446,#583);
#380=LINE('',#2447,#584);
#381=LINE('',#2450,#585);
#382=LINE('',#2451,#586);
#383=LINE('',#2454,#587);
#384=LINE('',#2455,#588);
#385=LINE('',#2458,#589);
#386=LINE('',#2459,#590);
#387=LINE('',#2461,#591);
#388=LINE('',#2466,#592);
#389=LINE('',#2468,#593);
#390=LINE('',#2470,#594);
#391=LINE('',#2471,#595);
#392=LINE('',#2474,#596);
#393=LINE('',#2476,#597);
#394=LINE('',#2478,#598);
#395=LINE('',#2479,#599);
#396=LINE('',#2482,#600);
#397=LINE('',#2483,#601);
#398=LINE('',#2486,#602);
#399=LINE('',#2488,#603);
#400=LINE('',#2489,#604);
#401=LINE('',#2491,#605);
#402=LINE('',#2492,#606);
#403=LINE('',#2498,#607);
#404=LINE('',#2500,#608);
#405=LINE('',#2502,#609);
#406=LINE('',#2503,#610);
#407=LINE('',#2506,#611);
#408=LINE('',#2508,#612);
#409=LINE('',#2509,#613);
#410=LINE('',#2512,#614);
#411=LINE('',#2514,#615);
#412=LINE('',#2515,#616);
#413=LINE('',#2518,#617);
#414=LINE('',#2519,#618);
#415=LINE('',#2522,#619);
#416=LINE('',#2523,#620);
#417=LINE('',#2525,#621);
#418=LINE('',#2530,#622);
#419=LINE('',#2532,#623);
#420=LINE('',#2534,#624);
#421=LINE('',#2536,#625);
#422=LINE('',#2537,#626);
#423=LINE('',#2540,#627);
#424=LINE('',#2542,#628);
#425=LINE('',#2543,#629);
#426=LINE('',#2546,#630);
#427=LINE('',#2547,#631);
#428=LINE('',#2550,#632);
#429=LINE('',#2551,#633);
#430=LINE('',#2554,#634);
#431=LINE('',#2555,#635);
#432=LINE('',#2557,#636);
#433=LINE('',#2563,#637);
#434=LINE('',#2565,#638);
#435=LINE('',#2567,#639);
#436=LINE('',#2568,#640);
#437=LINE('',#2571,#641);
#438=LINE('',#2573,#642);
#439=LINE('',#2574,#643);
#440=LINE('',#2577,#644);
#441=LINE('',#2579,#645);
#442=LINE('',#2580,#646);
#443=LINE('',#2582,#647);
#444=LINE('',#2583,#648);
#445=LINE('',#2589,#649);
#446=LINE('',#2591,#650);
#447=LINE('',#2593,#651);
#448=LINE('',#2594,#652);
#449=LINE('',#2597,#653);
#450=LINE('',#2599,#654);
#451=LINE('',#2600,#655);
#452=LINE('',#2603,#656);
#453=LINE('',#2605,#657);
#454=LINE('',#2606,#658);
#455=LINE('',#2608,#659);
#456=LINE('',#2609,#660);
#457=LINE('',#2617,#661);
#458=LINE('',#2620,#662);
#459=LINE('',#2623,#663);
#460=LINE('',#2625,#664);
#461=LINE('',#2627,#665);
#462=LINE('',#2629,#666);
#463=LINE('',#2630,#667);
#464=LINE('',#2633,#668);
#465=LINE('',#2634,#669);
#466=LINE('',#2637,#670);
#467=LINE('',#2639,#671);
#468=LINE('',#2641,#672);
#469=LINE('',#2642,#673);
#470=LINE('',#2644,#674);
#471=LINE('',#2646,#675);
#472=LINE('',#2648,#676);
#473=LINE('',#2655,#677);
#474=LINE('',#2658,#678);
#475=LINE('',#2661,#679);
#476=LINE('',#2663,#680);
#477=LINE('',#2665,#681);
#478=LINE('',#2667,#682);
#479=LINE('',#2668,#683);
#480=LINE('',#2671,#684);
#481=LINE('',#2672,#685);
#482=LINE('',#2675,#686);
#483=LINE('',#2676,#687);
#484=LINE('',#2679,#688);
#485=LINE('',#2680,#689);
#486=LINE('',#2683,#690);
#487=LINE('',#2684,#691);
#488=LINE('',#2686,#692);
#489=VECTOR('',#1801,10.);
#490=VECTOR('',#1802,10.);
#491=VECTOR('',#1803,10.);
#492=VECTOR('',#1804,10.);
#493=VECTOR('',#1807,10.);
#494=VECTOR('',#1808,10.);
#495=VECTOR('',#1809,10.);
#496=VECTOR('',#1812,10.);
#497=VECTOR('',#1813,10.);
#498=VECTOR('',#1814,10.);
#499=VECTOR('',#1817,10.);
#500=VECTOR('',#1818,10.);
#501=VECTOR('',#1825,10.);
#502=VECTOR('',#1826,10.);
#503=VECTOR('',#1827,10.);
#504=VECTOR('',#1828,10.);
#505=VECTOR('',#1831,10.);
#506=VECTOR('',#1832,10.);
#507=VECTOR('',#1833,10.);
#508=VECTOR('',#1836,10.);
#509=VECTOR('',#1837,10.);
#510=VECTOR('',#1838,10.);
#511=VECTOR('',#1841,10.);
#512=VECTOR('',#1842,10.);
#513=VECTOR('',#1851,10.);
#514=VECTOR('',#1854,10.);
#515=VECTOR('',#1857,10.);
#516=VECTOR('',#1858,10.);
#517=VECTOR('',#1859,10.);
#518=VECTOR('',#1860,10.);
#519=VECTOR('',#1861,10.);
#520=VECTOR('',#1864,10.);
#521=VECTOR('',#1865,10.);
#522=VECTOR('',#1868,10.);
#523=VECTOR('',#1869,10.);
#524=VECTOR('',#1870,10.);
#525=VECTOR('',#1871,10.);
#526=VECTOR('',#1874,10.);
#527=VECTOR('',#1877,10.);
#528=VECTOR('',#1880,10.);
#529=VECTOR('',#1887,10.);
#530=VECTOR('',#1890,10.);
#531=VECTOR('',#1893,10.);
#532=VECTOR('',#1894,10.);
#533=VECTOR('',#1895,10.);
#534=VECTOR('',#1896,10.);
#535=VECTOR('',#1897,10.);
#536=VECTOR('',#1900,10.);
#537=VECTOR('',#1901,10.);
#538=VECTOR('',#1904,10.);
#539=VECTOR('',#1905,10.);
#540=VECTOR('',#1908,10.);
#541=VECTOR('',#1909,10.);
#542=VECTOR('',#1912,10.);
#543=VECTOR('',#1913,10.);
#544=VECTOR('',#1916,10.);
#545=VECTOR('',#1925,10.);
#546=VECTOR('',#1926,10.);
#547=VECTOR('',#1927,10.);
#548=VECTOR('',#1928,10.);
#549=VECTOR('',#1931,10.);
#550=VECTOR('',#1932,10.);
#551=VECTOR('',#1933,10.);
#552=VECTOR('',#1936,10.);
#553=VECTOR('',#1937,10.);
#554=VECTOR('',#1938,10.);
#555=VECTOR('',#1941,10.);
#556=VECTOR('',#1942,10.);
#557=VECTOR('',#1945,10.);
#558=VECTOR('',#1946,10.);
#559=VECTOR('',#1947,10.);
#560=VECTOR('',#1950,10.);
#561=VECTOR('',#1951,10.);
#562=VECTOR('',#1956,10.);
#563=VECTOR('',#1957,10.);
#564=VECTOR('',#1960,10.);
#565=VECTOR('',#1965,10.);
#566=VECTOR('',#1966,10.);
#567=VECTOR('',#1967,10.);
#568=VECTOR('',#1968,10.);
#569=VECTOR('',#1971,10.);
#570=VECTOR('',#1972,10.);
#571=VECTOR('',#1973,10.);
#572=VECTOR('',#1976,10.);
#573=VECTOR('',#1977,10.);
#574=VECTOR('',#1978,10.);
#575=VECTOR('',#1981,10.);
#576=VECTOR('',#1982,10.);
#577=VECTOR('',#1989,10.);
#578=VECTOR('',#1990,10.);
#579=VECTOR('',#1991,10.);
#580=VECTOR('',#1992,10.);
#581=VECTOR('',#1995,10.);
#582=VECTOR('',#1996,10.);
#583=VECTOR('',#1997,10.);
#584=VECTOR('',#1998,10.);
#585=VECTOR('',#2001,10.);
#586=VECTOR('',#2002,10.);
#587=VECTOR('',#2005,10.);
#588=VECTOR('',#2006,10.);
#589=VECTOR('',#2009,10.);
#590=VECTOR('',#2010,10.);
#591=VECTOR('',#2013,10.);
#592=VECTOR('',#2018,10.);
#593=VECTOR('',#2019,10.);
#594=VECTOR('',#2020,10.);
#595=VECTOR('',#2021,10.);
#596=VECTOR('',#2024,10.);
#597=VECTOR('',#2025,10.);
#598=VECTOR('',#2026,10.);
#599=VECTOR('',#2027,10.);
#600=VECTOR('',#2030,10.);
#601=VECTOR('',#2031,10.);
#602=VECTOR('',#2034,10.);
#603=VECTOR('',#2035,10.);
#604=VECTOR('',#2036,10.);
#605=VECTOR('',#2039,10.);
#606=VECTOR('',#2040,10.);
#607=VECTOR('',#2047,10.);
#608=VECTOR('',#2048,10.);
#609=VECTOR('',#2049,10.);
#610=VECTOR('',#2050,10.);
#611=VECTOR('',#2053,10.);
#612=VECTOR('',#2054,10.);
#613=VECTOR('',#2055,10.);
#614=VECTOR('',#2058,10.);
#615=VECTOR('',#2059,10.);
#616=VECTOR('',#2060,10.);
#617=VECTOR('',#2063,10.);
#618=VECTOR('',#2064,10.);
#619=VECTOR('',#2067,10.);
#620=VECTOR('',#2068,10.);
#621=VECTOR('',#2071,10.);
#622=VECTOR('',#2076,10.);
#623=VECTOR('',#2077,10.);
#624=VECTOR('',#2078,10.);
#625=VECTOR('',#2079,10.);
#626=VECTOR('',#2080,10.);
#627=VECTOR('',#2083,10.);
#628=VECTOR('',#2084,10.);
#629=VECTOR('',#2085,10.);
#630=VECTOR('',#2088,10.);
#631=VECTOR('',#2089,10.);
#632=VECTOR('',#2092,10.);
#633=VECTOR('',#2093,10.);
#634=VECTOR('',#2096,10.);
#635=VECTOR('',#2097,10.);
#636=VECTOR('',#2100,10.);
#637=VECTOR('',#2107,10.);
#638=VECTOR('',#2108,10.);
#639=VECTOR('',#2109,10.);
#640=VECTOR('',#2110,10.);
#641=VECTOR('',#2113,10.);
#642=VECTOR('',#2114,10.);
#643=VECTOR('',#2115,10.);
#644=VECTOR('',#2118,10.);
#645=VECTOR('',#2119,10.);
#646=VECTOR('',#2120,10.);
#647=VECTOR('',#2123,10.);
#648=VECTOR('',#2124,10.);
#649=VECTOR('',#2131,10.);
#650=VECTOR('',#2132,10.);
#651=VECTOR('',#2133,10.);
#652=VECTOR('',#2134,10.);
#653=VECTOR('',#2137,10.);
#654=VECTOR('',#2138,10.);
#655=VECTOR('',#2139,10.);
#656=VECTOR('',#2142,10.);
#657=VECTOR('',#2143,10.);
#658=VECTOR('',#2144,10.);
#659=VECTOR('',#2147,10.);
#660=VECTOR('',#2148,10.);
#661=VECTOR('',#2157,10.);
#662=VECTOR('',#2160,10.);
#663=VECTOR('',#2163,10.);
#664=VECTOR('',#2164,10.);
#665=VECTOR('',#2165,10.);
#666=VECTOR('',#2166,10.);
#667=VECTOR('',#2167,10.);
#668=VECTOR('',#2170,10.);
#669=VECTOR('',#2171,10.);
#670=VECTOR('',#2174,10.);
#671=VECTOR('',#2175,10.);
#672=VECTOR('',#2176,10.);
#673=VECTOR('',#2177,10.);
#674=VECTOR('',#2180,10.);
#675=VECTOR('',#2183,10.);
#676=VECTOR('',#2186,10.);
#677=VECTOR('',#2193,10.);
#678=VECTOR('',#2196,10.);
#679=VECTOR('',#2199,10.);
#680=VECTOR('',#2200,10.);
#681=VECTOR('',#2201,10.);
#682=VECTOR('',#2202,10.);
#683=VECTOR('',#2203,10.);
#684=VECTOR('',#2206,10.);
#685=VECTOR('',#2207,10.);
#686=VECTOR('',#2210,10.);
#687=VECTOR('',#2211,10.);
#688=VECTOR('',#2214,10.);
#689=VECTOR('',#2215,10.);
#690=VECTOR('',#2218,10.);
#691=VECTOR('',#2219,10.);
#692=VECTOR('',#2222,10.);
#693=VERTEX_POINT('',#2234);
#694=VERTEX_POINT('',#2235);
#695=VERTEX_POINT('',#2237);
#696=VERTEX_POINT('',#2239);
#697=VERTEX_POINT('',#2243);
#698=VERTEX_POINT('',#2245);
#699=VERTEX_POINT('',#2249);
#700=VERTEX_POINT('',#2251);
#701=VERTEX_POINT('',#2260);
#702=VERTEX_POINT('',#2261);
#703=VERTEX_POINT('',#2263);
#704=VERTEX_POINT('',#2265);
#705=VERTEX_POINT('',#2269);
#706=VERTEX_POINT('',#2271);
#707=VERTEX_POINT('',#2275);
#708=VERTEX_POINT('',#2277);
#709=VERTEX_POINT('',#2286);
#710=VERTEX_POINT('',#2287);
#711=VERTEX_POINT('',#2289);
#712=VERTEX_POINT('',#2291);
#713=VERTEX_POINT('',#2295);
#714=VERTEX_POINT('',#2297);
#715=VERTEX_POINT('',#2299);
#716=VERTEX_POINT('',#2301);
#717=VERTEX_POINT('',#2305);
#718=VERTEX_POINT('',#2309);
#719=VERTEX_POINT('',#2311);
#720=VERTEX_POINT('',#2313);
#721=VERTEX_POINT('',#2324);
#722=VERTEX_POINT('',#2325);
#723=VERTEX_POINT('',#2327);
#724=VERTEX_POINT('',#2329);
#725=VERTEX_POINT('',#2333);
#726=VERTEX_POINT('',#2335);
#727=VERTEX_POINT('',#2337);
#728=VERTEX_POINT('',#2339);
#729=VERTEX_POINT('',#2343);
#730=VERTEX_POINT('',#2347);
#731=VERTEX_POINT('',#2351);
#732=VERTEX_POINT('',#2355);
#733=VERTEX_POINT('',#2364);
#734=VERTEX_POINT('',#2365);
#735=VERTEX_POINT('',#2367);
#736=VERTEX_POINT('',#2369);
#737=VERTEX_POINT('',#2373);
#738=VERTEX_POINT('',#2375);
#739=VERTEX_POINT('',#2379);
#740=VERTEX_POINT('',#2381);
#741=VERTEX_POINT('',#2388);
#742=VERTEX_POINT('',#2390);
#743=VERTEX_POINT('',#2394);
#744=VERTEX_POINT('',#2399);
#745=VERTEX_POINT('',#2406);
#746=VERTEX_POINT('',#2407);
#747=VERTEX_POINT('',#2409);
#748=VERTEX_POINT('',#2411);
#749=VERTEX_POINT('',#2415);
#750=VERTEX_POINT('',#2417);
#751=VERTEX_POINT('',#2421);
#752=VERTEX_POINT('',#2423);
#753=VERTEX_POINT('',#2432);
#754=VERTEX_POINT('',#2433);
#755=VERTEX_POINT('',#2435);
#756=VERTEX_POINT('',#2437);
#757=VERTEX_POINT('',#2441);
#758=VERTEX_POINT('',#2443);
#759=VERTEX_POINT('',#2445);
#760=VERTEX_POINT('',#2449);
#761=VERTEX_POINT('',#2453);
#762=VERTEX_POINT('',#2457);
#763=VERTEX_POINT('',#2464);
#764=VERTEX_POINT('',#2465);
#765=VERTEX_POINT('',#2467);
#766=VERTEX_POINT('',#2469);
#767=VERTEX_POINT('',#2473);
#768=VERTEX_POINT('',#2475);
#769=VERTEX_POINT('',#2477);
#770=VERTEX_POINT('',#2481);
#771=VERTEX_POINT('',#2485);
#772=VERTEX_POINT('',#2487);
#773=VERTEX_POINT('',#2496);
#774=VERTEX_POINT('',#2497);
#775=VERTEX_POINT('',#2499);
#776=VERTEX_POINT('',#2501);
#777=VERTEX_POINT('',#2505);
#778=VERTEX_POINT('',#2507);
#779=VERTEX_POINT('',#2511);
#780=VERTEX_POINT('',#2513);
#781=VERTEX_POINT('',#2517);
#782=VERTEX_POINT('',#2521);
#783=VERTEX_POINT('',#2528);
#784=VERTEX_POINT('',#2529);
#785=VERTEX_POINT('',#2531);
#786=VERTEX_POINT('',#2533);
#787=VERTEX_POINT('',#2535);
#788=VERTEX_POINT('',#2539);
#789=VERTEX_POINT('',#2541);
#790=VERTEX_POINT('',#2545);
#791=VERTEX_POINT('',#2549);
#792=VERTEX_POINT('',#2553);
#793=VERTEX_POINT('',#2561);
#794=VERTEX_POINT('',#2562);
#795=VERTEX_POINT('',#2564);
#796=VERTEX_POINT('',#2566);
#797=VERTEX_POINT('',#2570);
#798=VERTEX_POINT('',#2572);
#799=VERTEX_POINT('',#2576);
#800=VERTEX_POINT('',#2578);
#801=VERTEX_POINT('',#2587);
#802=VERTEX_POINT('',#2588);
#803=VERTEX_POINT('',#2590);
#804=VERTEX_POINT('',#2592);
#805=VERTEX_POINT('',#2596);
#806=VERTEX_POINT('',#2598);
#807=VERTEX_POINT('',#2602);
#808=VERTEX_POINT('',#2604);
#809=VERTEX_POINT('',#2613);
#810=VERTEX_POINT('',#2614);
#811=VERTEX_POINT('',#2616);
#812=VERTEX_POINT('',#2618);
#813=VERTEX_POINT('',#2622);
#814=VERTEX_POINT('',#2624);
#815=VERTEX_POINT('',#2626);
#816=VERTEX_POINT('',#2628);
#817=VERTEX_POINT('',#2632);
#818=VERTEX_POINT('',#2636);
#819=VERTEX_POINT('',#2638);
#820=VERTEX_POINT('',#2640);
#821=VERTEX_POINT('',#2651);
#822=VERTEX_POINT('',#2652);
#823=VERTEX_POINT('',#2654);
#824=VERTEX_POINT('',#2656);
#825=VERTEX_POINT('',#2660);
#826=VERTEX_POINT('',#2662);
#827=VERTEX_POINT('',#2664);
#828=VERTEX_POINT('',#2666);
#829=VERTEX_POINT('',#2670);
#830=VERTEX_POINT('',#2674);
#831=VERTEX_POINT('',#2678);
#832=VERTEX_POINT('',#2682);
#833=EDGE_CURVE('',#693,#694,#285,.F.);
#834=EDGE_CURVE('',#695,#694,#286,.T.);
#835=EDGE_CURVE('',#695,#696,#287,.T.);
#836=EDGE_CURVE('',#696,#693,#288,.T.);
#837=EDGE_CURVE('',#694,#697,#289,.F.);
#838=EDGE_CURVE('',#698,#697,#290,.T.);
#839=EDGE_CURVE('',#695,#698,#291,.F.);
#840=EDGE_CURVE('',#697,#699,#292,.F.);
#841=EDGE_CURVE('',#700,#699,#293,.T.);
#842=EDGE_CURVE('',#700,#698,#294,.T.);
#843=EDGE_CURVE('',#699,#693,#295,.F.);
#844=EDGE_CURVE('',#696,#700,#296,.T.);
#845=EDGE_CURVE('',#701,#702,#297,.F.);
#846=EDGE_CURVE('',#703,#702,#298,.T.);
#847=EDGE_CURVE('',#704,#703,#299,.F.);
#848=EDGE_CURVE('',#704,#701,#300,.T.);
#849=EDGE_CURVE('',#702,#705,#301,.F.);
#850=EDGE_CURVE('',#706,#705,#302,.T.);
#851=EDGE_CURVE('',#706,#703,#303,.T.);
#852=EDGE_CURVE('',#705,#707,#304,.F.);
#853=EDGE_CURVE('',#708,#707,#305,.T.);
#854=EDGE_CURVE('',#708,#706,#306,.T.);
#855=EDGE_CURVE('',#707,#701,#307,.F.);
#856=EDGE_CURVE('',#708,#704,#308,.F.);
#857=EDGE_CURVE('',#709,#710,#45,.T.);
#858=EDGE_CURVE('',#711,#709,#309,.T.);
#859=EDGE_CURVE('',#712,#711,#46,.T.);
#860=EDGE_CURVE('',#710,#712,#310,.T.);
#861=EDGE_CURVE('',#710,#713,#311,.T.);
#862=EDGE_CURVE('',#713,#714,#312,.T.);
#863=EDGE_CURVE('',#715,#714,#313,.T.);
#864=EDGE_CURVE('',#715,#716,#314,.T.);
#865=EDGE_CURVE('',#716,#709,#315,.T.);
#866=EDGE_CURVE('',#712,#717,#316,.T.);
#867=EDGE_CURVE('',#717,#713,#317,.T.);
#868=EDGE_CURVE('',#718,#711,#318,.T.);
#869=EDGE_CURVE('',#719,#718,#319,.T.);
#870=EDGE_CURVE('',#720,#719,#320,.T.);
#871=EDGE_CURVE('',#717,#720,#321,.T.);
#872=EDGE_CURVE('',#718,#716,#322,.T.);
#873=EDGE_CURVE('',#714,#720,#323,.T.);
#874=EDGE_CURVE('',#719,#715,#324,.T.);
#875=EDGE_CURVE('',#721,#722,#47,.T.);
#876=EDGE_CURVE('',#723,#721,#325,.T.);
#877=EDGE_CURVE('',#724,#723,#48,.T.);
#878=EDGE_CURVE('',#722,#724,#326,.T.);
#879=EDGE_CURVE('',#722,#725,#327,.F.);
#880=EDGE_CURVE('',#725,#726,#328,.T.);
#881=EDGE_CURVE('',#726,#727,#329,.T.);
#882=EDGE_CURVE('',#727,#728,#330,.T.);
#883=EDGE_CURVE('',#728,#721,#331,.F.);
#884=EDGE_CURVE('',#729,#724,#332,.T.);
#885=EDGE_CURVE('',#725,#729,#333,.T.);
#886=EDGE_CURVE('',#730,#728,#334,.T.);
#887=EDGE_CURVE('',#723,#730,#335,.T.);
#888=EDGE_CURVE('',#729,#731,#336,.T.);
#889=EDGE_CURVE('',#731,#726,#337,.T.);
#890=EDGE_CURVE('',#732,#730,#338,.T.);
#891=EDGE_CURVE('',#731,#732,#339,.T.);
#892=EDGE_CURVE('',#732,#727,#340,.T.);
#893=EDGE_CURVE('',#733,#734,#341,.T.);
#894=EDGE_CURVE('',#734,#735,#342,.T.);
#895=EDGE_CURVE('',#735,#736,#343,.T.);
#896=EDGE_CURVE('',#736,#733,#344,.T.);
#897=EDGE_CURVE('',#737,#735,#345,.T.);
#898=EDGE_CURVE('',#734,#738,#346,.T.);
#899=EDGE_CURVE('',#738,#737,#347,.T.);
#900=EDGE_CURVE('',#739,#737,#348,.T.);
#901=EDGE_CURVE('',#738,#740,#349,.T.);
#902=EDGE_CURVE('',#739,#740,#350,.T.);
#903=EDGE_CURVE('',#740,#733,#351,.T.);
#904=EDGE_CURVE('',#736,#739,#352,.T.);
#905=EDGE_CURVE('',#741,#734,#353,.T.);
#906=EDGE_CURVE('',#742,#741,#354,.T.);
#907=EDGE_CURVE('',#738,#742,#355,.T.);
#908=EDGE_CURVE('',#733,#743,#356,.T.);
#909=EDGE_CURVE('',#741,#743,#357,.T.);
#910=EDGE_CURVE('',#744,#740,#358,.T.);
#911=EDGE_CURVE('',#743,#744,#359,.T.);
#912=EDGE_CURVE('',#744,#742,#360,.T.);
#913=EDGE_CURVE('',#745,#746,#361,.T.);
#914=EDGE_CURVE('',#747,#745,#362,.T.);
#915=EDGE_CURVE('',#747,#748,#363,.T.);
#916=EDGE_CURVE('',#748,#746,#364,.T.);
#917=EDGE_CURVE('',#749,#745,#365,.T.);
#918=EDGE_CURVE('',#750,#749,#366,.T.);
#919=EDGE_CURVE('',#750,#747,#367,.T.);
#920=EDGE_CURVE('',#751,#749,#368,.T.);
#921=EDGE_CURVE('',#752,#751,#369,.T.);
#922=EDGE_CURVE('',#750,#752,#370,.T.);
#923=EDGE_CURVE('',#746,#751,#371,.T.);
#924=EDGE_CURVE('',#752,#748,#372,.T.);
#925=EDGE_CURVE('',#753,#754,#373,.T.);
#926=EDGE_CURVE('',#754,#755,#374,.T.);
#927=EDGE_CURVE('',#755,#756,#375,.T.);
#928=EDGE_CURVE('',#756,#753,#376,.T.);
#929=EDGE_CURVE('',#757,#755,#377,.T.);
#930=EDGE_CURVE('',#757,#758,#378,.T.);
#931=EDGE_CURVE('',#758,#759,#379,.T.);
#932=EDGE_CURVE('',#759,#756,#380,.T.);
#933=EDGE_CURVE('',#754,#760,#381,.T.);
#934=EDGE_CURVE('',#760,#757,#382,.T.);
#935=EDGE_CURVE('',#759,#761,#383,.T.);
#936=EDGE_CURVE('',#753,#761,#384,.T.);
#937=EDGE_CURVE('',#761,#762,#385,.T.);
#938=EDGE_CURVE('',#762,#760,#386,.T.);
#939=EDGE_CURVE('',#758,#762,#387,.T.);
#940=EDGE_CURVE('',#763,#764,#388,.T.);
#941=EDGE_CURVE('',#764,#765,#389,.T.);
#942=EDGE_CURVE('',#765,#766,#390,.T.);
#943=EDGE_CURVE('',#766,#763,#391,.T.);
#944=EDGE_CURVE('',#767,#765,#392,.T.);
#945=EDGE_CURVE('',#767,#768,#393,.T.);
#946=EDGE_CURVE('',#768,#769,#394,.T.);
#947=EDGE_CURVE('',#769,#766,#395,.T.);
#948=EDGE_CURVE('',#764,#770,#396,.T.);
#949=EDGE_CURVE('',#770,#767,#397,.T.);
#950=EDGE_CURVE('',#768,#771,#398,.T.);
#951=EDGE_CURVE('',#772,#771,#399,.T.);
#952=EDGE_CURVE('',#772,#769,#400,.T.);
#953=EDGE_CURVE('',#763,#772,#401,.T.);
#954=EDGE_CURVE('',#771,#770,#402,.T.);
#955=EDGE_CURVE('',#773,#774,#403,.T.);
#956=EDGE_CURVE('',#774,#775,#404,.T.);
#957=EDGE_CURVE('',#775,#776,#405,.T.);
#958=EDGE_CURVE('',#776,#773,#406,.T.);
#959=EDGE_CURVE('',#774,#777,#407,.T.);
#960=EDGE_CURVE('',#777,#778,#408,.T.);
#961=EDGE_CURVE('',#778,#775,#409,.T.);
#962=EDGE_CURVE('',#779,#773,#410,.T.);
#963=EDGE_CURVE('',#780,#779,#411,.T.);
#964=EDGE_CURVE('',#777,#780,#412,.T.);
#965=EDGE_CURVE('',#776,#781,#413,.T.);
#966=EDGE_CURVE('',#779,#781,#414,.T.);
#967=EDGE_CURVE('',#782,#778,#415,.T.);
#968=EDGE_CURVE('',#781,#782,#416,.T.);
#969=EDGE_CURVE('',#782,#780,#417,.T.);
#970=EDGE_CURVE('',#783,#784,#418,.T.);
#971=EDGE_CURVE('',#785,#783,#419,.T.);
#972=EDGE_CURVE('',#786,#785,#420,.T.);
#973=EDGE_CURVE('',#787,#786,#421,.T.);
#974=EDGE_CURVE('',#784,#787,#422,.T.);
#975=EDGE_CURVE('',#784,#788,#423,.T.);
#976=EDGE_CURVE('',#787,#789,#424,.T.);
#977=EDGE_CURVE('',#789,#788,#425,.T.);
#978=EDGE_CURVE('',#790,#786,#426,.T.);
#979=EDGE_CURVE('',#790,#789,#427,.T.);
#980=EDGE_CURVE('',#785,#791,#428,.T.);
#981=EDGE_CURVE('',#791,#790,#429,.T.);
#982=EDGE_CURVE('',#788,#792,#430,.T.);
#983=EDGE_CURVE('',#791,#792,#431,.T.);
#984=EDGE_CURVE('',#792,#783,#432,.T.);
#985=EDGE_CURVE('',#793,#794,#433,.F.);
#986=EDGE_CURVE('',#795,#794,#434,.T.);
#987=EDGE_CURVE('',#795,#796,#435,.T.);
#988=EDGE_CURVE('',#796,#793,#436,.T.);
#989=EDGE_CURVE('',#794,#797,#437,.F.);
#990=EDGE_CURVE('',#798,#797,#438,.T.);
#991=EDGE_CURVE('',#795,#798,#439,.F.);
#992=EDGE_CURVE('',#797,#799,#440,.F.);
#993=EDGE_CURVE('',#800,#799,#441,.T.);
#994=EDGE_CURVE('',#800,#798,#442,.T.);
#995=EDGE_CURVE('',#799,#793,#443,.F.);
#996=EDGE_CURVE('',#796,#800,#444,.T.);
#997=EDGE_CURVE('',#801,#802,#445,.F.);
#998=EDGE_CURVE('',#803,#802,#446,.T.);
#999=EDGE_CURVE('',#804,#803,#447,.F.);
#1000=EDGE_CURVE('',#804,#801,#448,.T.);
#1001=EDGE_CURVE('',#802,#805,#449,.F.);
#1002=EDGE_CURVE('',#806,#805,#450,.T.);
#1003=EDGE_CURVE('',#806,#803,#451,.T.);
#1004=EDGE_CURVE('',#805,#807,#452,.F.);
#1005=EDGE_CURVE('',#808,#807,#453,.T.);
#1006=EDGE_CURVE('',#808,#806,#454,.T.);
#1007=EDGE_CURVE('',#807,#801,#455,.F.);
#1008=EDGE_CURVE('',#808,#804,#456,.F.);
#1009=EDGE_CURVE('',#809,#810,#49,.T.);
#1010=EDGE_CURVE('',#811,#809,#457,.T.);
#1011=EDGE_CURVE('',#812,#811,#50,.T.);
#1012=EDGE_CURVE('',#810,#812,#458,.T.);
#1013=EDGE_CURVE('',#810,#813,#459,.T.);
#1014=EDGE_CURVE('',#813,#814,#460,.T.);
#1015=EDGE_CURVE('',#815,#814,#461,.T.);
#1016=EDGE_CURVE('',#815,#816,#462,.T.);
#1017=EDGE_CURVE('',#816,#809,#463,.T.);
#1018=EDGE_CURVE('',#812,#817,#464,.T.);
#1019=EDGE_CURVE('',#817,#813,#465,.T.);
#1020=EDGE_CURVE('',#818,#811,#466,.T.);
#1021=EDGE_CURVE('',#819,#818,#467,.T.);
#1022=EDGE_CURVE('',#820,#819,#468,.T.);
#1023=EDGE_CURVE('',#817,#820,#469,.T.);
#1024=EDGE_CURVE('',#818,#816,#470,.T.);
#1025=EDGE_CURVE('',#814,#820,#471,.T.);
#1026=EDGE_CURVE('',#819,#815,#472,.T.);
#1027=EDGE_CURVE('',#821,#822,#51,.T.);
#1028=EDGE_CURVE('',#823,#821,#473,.T.);
#1029=EDGE_CURVE('',#824,#823,#52,.T.);
#1030=EDGE_CURVE('',#822,#824,#474,.T.);
#1031=EDGE_CURVE('',#822,#825,#475,.F.);
#1032=EDGE_CURVE('',#825,#826,#476,.T.);
#1033=EDGE_CURVE('',#826,#827,#477,.T.);
#1034=EDGE_CURVE('',#827,#828,#478,.T.);
#1035=EDGE_CURVE('',#828,#821,#479,.F.);
#1036=EDGE_CURVE('',#829,#824,#480,.T.);
#1037=EDGE_CURVE('',#825,#829,#481,.T.);
#1038=EDGE_CURVE('',#830,#828,#482,.T.);
#1039=EDGE_CURVE('',#823,#830,#483,.T.);
#1040=EDGE_CURVE('',#829,#831,#484,.T.);
#1041=EDGE_CURVE('',#831,#826,#485,.T.);
#1042=EDGE_CURVE('',#832,#830,#486,.T.);
#1043=EDGE_CURVE('',#831,#832,#487,.T.);
#1044=EDGE_CURVE('',#832,#827,#488,.T.);
#1045=ORIENTED_EDGE('',*,*,#833,.T.);
#1046=ORIENTED_EDGE('',*,*,#834,.F.);
#1047=ORIENTED_EDGE('',*,*,#835,.T.);
#1048=ORIENTED_EDGE('',*,*,#836,.T.);
#1049=ORIENTED_EDGE('',*,*,#837,.T.);
#1050=ORIENTED_EDGE('',*,*,#838,.F.);
#1051=ORIENTED_EDGE('',*,*,#839,.F.);
#1052=ORIENTED_EDGE('',*,*,#834,.T.);
#1053=ORIENTED_EDGE('',*,*,#840,.T.);
#1054=ORIENTED_EDGE('',*,*,#841,.F.);
#1055=ORIENTED_EDGE('',*,*,#842,.T.);
#1056=ORIENTED_EDGE('',*,*,#838,.T.);
#1057=ORIENTED_EDGE('',*,*,#843,.T.);
#1058=ORIENTED_EDGE('',*,*,#836,.F.);
#1059=ORIENTED_EDGE('',*,*,#844,.T.);
#1060=ORIENTED_EDGE('',*,*,#841,.T.);
#1061=ORIENTED_EDGE('',*,*,#839,.T.);
#1062=ORIENTED_EDGE('',*,*,#842,.F.);
#1063=ORIENTED_EDGE('',*,*,#844,.F.);
#1064=ORIENTED_EDGE('',*,*,#835,.F.);
#1065=ORIENTED_EDGE('',*,*,#840,.F.);
#1066=ORIENTED_EDGE('',*,*,#837,.F.);
#1067=ORIENTED_EDGE('',*,*,#833,.F.);
#1068=ORIENTED_EDGE('',*,*,#843,.F.);
#1069=ORIENTED_EDGE('',*,*,#845,.T.);
#1070=ORIENTED_EDGE('',*,*,#846,.F.);
#1071=ORIENTED_EDGE('',*,*,#847,.F.);
#1072=ORIENTED_EDGE('',*,*,#848,.T.);
#1073=ORIENTED_EDGE('',*,*,#849,.T.);
#1074=ORIENTED_EDGE('',*,*,#850,.F.);
#1075=ORIENTED_EDGE('',*,*,#851,.T.);
#1076=ORIENTED_EDGE('',*,*,#846,.T.);
#1077=ORIENTED_EDGE('',*,*,#852,.T.);
#1078=ORIENTED_EDGE('',*,*,#853,.F.);
#1079=ORIENTED_EDGE('',*,*,#854,.T.);
#1080=ORIENTED_EDGE('',*,*,#850,.T.);
#1081=ORIENTED_EDGE('',*,*,#855,.T.);
#1082=ORIENTED_EDGE('',*,*,#848,.F.);
#1083=ORIENTED_EDGE('',*,*,#856,.F.);
#1084=ORIENTED_EDGE('',*,*,#853,.T.);
#1085=ORIENTED_EDGE('',*,*,#851,.F.);
#1086=ORIENTED_EDGE('',*,*,#854,.F.);
#1087=ORIENTED_EDGE('',*,*,#856,.T.);
#1088=ORIENTED_EDGE('',*,*,#847,.T.);
#1089=ORIENTED_EDGE('',*,*,#852,.F.);
#1090=ORIENTED_EDGE('',*,*,#849,.F.);
#1091=ORIENTED_EDGE('',*,*,#845,.F.);
#1092=ORIENTED_EDGE('',*,*,#855,.F.);
#1093=ORIENTED_EDGE('',*,*,#857,.F.);
#1094=ORIENTED_EDGE('',*,*,#858,.F.);
#1095=ORIENTED_EDGE('',*,*,#859,.F.);
#1096=ORIENTED_EDGE('',*,*,#860,.F.);
#1097=ORIENTED_EDGE('',*,*,#857,.T.);
#1098=ORIENTED_EDGE('',*,*,#861,.T.);
#1099=ORIENTED_EDGE('',*,*,#862,.T.);
#1100=ORIENTED_EDGE('',*,*,#863,.F.);
#1101=ORIENTED_EDGE('',*,*,#864,.T.);
#1102=ORIENTED_EDGE('',*,*,#865,.T.);
#1103=ORIENTED_EDGE('',*,*,#860,.T.);
#1104=ORIENTED_EDGE('',*,*,#866,.T.);
#1105=ORIENTED_EDGE('',*,*,#867,.T.);
#1106=ORIENTED_EDGE('',*,*,#861,.F.);
#1107=ORIENTED_EDGE('',*,*,#859,.T.);
#1108=ORIENTED_EDGE('',*,*,#868,.F.);
#1109=ORIENTED_EDGE('',*,*,#869,.F.);
#1110=ORIENTED_EDGE('',*,*,#870,.F.);
#1111=ORIENTED_EDGE('',*,*,#871,.F.);
#1112=ORIENTED_EDGE('',*,*,#866,.F.);
#1113=ORIENTED_EDGE('',*,*,#858,.T.);
#1114=ORIENTED_EDGE('',*,*,#865,.F.);
#1115=ORIENTED_EDGE('',*,*,#872,.F.);
#1116=ORIENTED_EDGE('',*,*,#868,.T.);
#1117=ORIENTED_EDGE('',*,*,#873,.F.);
#1118=ORIENTED_EDGE('',*,*,#862,.F.);
#1119=ORIENTED_EDGE('',*,*,#867,.F.);
#1120=ORIENTED_EDGE('',*,*,#871,.T.);
#1121=ORIENTED_EDGE('',*,*,#874,.F.);
#1122=ORIENTED_EDGE('',*,*,#869,.T.);
#1123=ORIENTED_EDGE('',*,*,#872,.T.);
#1124=ORIENTED_EDGE('',*,*,#864,.F.);
#1125=ORIENTED_EDGE('',*,*,#874,.T.);
#1126=ORIENTED_EDGE('',*,*,#863,.T.);
#1127=ORIENTED_EDGE('',*,*,#873,.T.);
#1128=ORIENTED_EDGE('',*,*,#870,.T.);
#1129=ORIENTED_EDGE('',*,*,#875,.F.);
#1130=ORIENTED_EDGE('',*,*,#876,.F.);
#1131=ORIENTED_EDGE('',*,*,#877,.F.);
#1132=ORIENTED_EDGE('',*,*,#878,.F.);
#1133=ORIENTED_EDGE('',*,*,#875,.T.);
#1134=ORIENTED_EDGE('',*,*,#879,.T.);
#1135=ORIENTED_EDGE('',*,*,#880,.T.);
#1136=ORIENTED_EDGE('',*,*,#881,.T.);
#1137=ORIENTED_EDGE('',*,*,#882,.T.);
#1138=ORIENTED_EDGE('',*,*,#883,.T.);
#1139=ORIENTED_EDGE('',*,*,#878,.T.);
#1140=ORIENTED_EDGE('',*,*,#884,.F.);
#1141=ORIENTED_EDGE('',*,*,#885,.F.);
#1142=ORIENTED_EDGE('',*,*,#879,.F.);
#1143=ORIENTED_EDGE('',*,*,#876,.T.);
#1144=ORIENTED_EDGE('',*,*,#883,.F.);
#1145=ORIENTED_EDGE('',*,*,#886,.F.);
#1146=ORIENTED_EDGE('',*,*,#887,.F.);
#1147=ORIENTED_EDGE('',*,*,#885,.T.);
#1148=ORIENTED_EDGE('',*,*,#888,.T.);
#1149=ORIENTED_EDGE('',*,*,#889,.T.);
#1150=ORIENTED_EDGE('',*,*,#880,.F.);
#1151=ORIENTED_EDGE('',*,*,#877,.T.);
#1152=ORIENTED_EDGE('',*,*,#887,.T.);
#1153=ORIENTED_EDGE('',*,*,#890,.F.);
#1154=ORIENTED_EDGE('',*,*,#891,.F.);
#1155=ORIENTED_EDGE('',*,*,#888,.F.);
#1156=ORIENTED_EDGE('',*,*,#884,.T.);
#1157=ORIENTED_EDGE('',*,*,#881,.F.);
#1158=ORIENTED_EDGE('',*,*,#889,.F.);
#1159=ORIENTED_EDGE('',*,*,#891,.T.);
#1160=ORIENTED_EDGE('',*,*,#892,.T.);
#1161=ORIENTED_EDGE('',*,*,#886,.T.);
#1162=ORIENTED_EDGE('',*,*,#882,.F.);
#1163=ORIENTED_EDGE('',*,*,#892,.F.);
#1164=ORIENTED_EDGE('',*,*,#890,.T.);
#1165=ORIENTED_EDGE('',*,*,#893,.T.);
#1166=ORIENTED_EDGE('',*,*,#894,.T.);
#1167=ORIENTED_EDGE('',*,*,#895,.T.);
#1168=ORIENTED_EDGE('',*,*,#896,.T.);
#1169=ORIENTED_EDGE('',*,*,#897,.T.);
#1170=ORIENTED_EDGE('',*,*,#894,.F.);
#1171=ORIENTED_EDGE('',*,*,#898,.T.);
#1172=ORIENTED_EDGE('',*,*,#899,.T.);
#1173=ORIENTED_EDGE('',*,*,#900,.T.);
#1174=ORIENTED_EDGE('',*,*,#899,.F.);
#1175=ORIENTED_EDGE('',*,*,#901,.T.);
#1176=ORIENTED_EDGE('',*,*,#902,.F.);
#1177=ORIENTED_EDGE('',*,*,#903,.T.);
#1178=ORIENTED_EDGE('',*,*,#896,.F.);
#1179=ORIENTED_EDGE('',*,*,#904,.T.);
#1180=ORIENTED_EDGE('',*,*,#902,.T.);
#1181=ORIENTED_EDGE('',*,*,#898,.F.);
#1182=ORIENTED_EDGE('',*,*,#905,.F.);
#1183=ORIENTED_EDGE('',*,*,#906,.F.);
#1184=ORIENTED_EDGE('',*,*,#907,.F.);
#1185=ORIENTED_EDGE('',*,*,#893,.F.);
#1186=ORIENTED_EDGE('',*,*,#908,.T.);
#1187=ORIENTED_EDGE('',*,*,#909,.F.);
#1188=ORIENTED_EDGE('',*,*,#905,.T.);
#1189=ORIENTED_EDGE('',*,*,#895,.F.);
#1190=ORIENTED_EDGE('',*,*,#897,.F.);
#1191=ORIENTED_EDGE('',*,*,#900,.F.);
#1192=ORIENTED_EDGE('',*,*,#904,.F.);
#1193=ORIENTED_EDGE('',*,*,#903,.F.);
#1194=ORIENTED_EDGE('',*,*,#910,.F.);
#1195=ORIENTED_EDGE('',*,*,#911,.F.);
#1196=ORIENTED_EDGE('',*,*,#908,.F.);
#1197=ORIENTED_EDGE('',*,*,#912,.T.);
#1198=ORIENTED_EDGE('',*,*,#906,.T.);
#1199=ORIENTED_EDGE('',*,*,#909,.T.);
#1200=ORIENTED_EDGE('',*,*,#911,.T.);
#1201=ORIENTED_EDGE('',*,*,#901,.F.);
#1202=ORIENTED_EDGE('',*,*,#907,.T.);
#1203=ORIENTED_EDGE('',*,*,#912,.F.);
#1204=ORIENTED_EDGE('',*,*,#910,.T.);
#1205=ORIENTED_EDGE('',*,*,#913,.F.);
#1206=ORIENTED_EDGE('',*,*,#914,.F.);
#1207=ORIENTED_EDGE('',*,*,#915,.T.);
#1208=ORIENTED_EDGE('',*,*,#916,.T.);
#1209=ORIENTED_EDGE('',*,*,#917,.F.);
#1210=ORIENTED_EDGE('',*,*,#918,.F.);
#1211=ORIENTED_EDGE('',*,*,#919,.T.);
#1212=ORIENTED_EDGE('',*,*,#914,.T.);
#1213=ORIENTED_EDGE('',*,*,#920,.F.);
#1214=ORIENTED_EDGE('',*,*,#921,.F.);
#1215=ORIENTED_EDGE('',*,*,#922,.F.);
#1216=ORIENTED_EDGE('',*,*,#918,.T.);
#1217=ORIENTED_EDGE('',*,*,#923,.F.);
#1218=ORIENTED_EDGE('',*,*,#916,.F.);
#1219=ORIENTED_EDGE('',*,*,#924,.F.);
#1220=ORIENTED_EDGE('',*,*,#921,.T.);
#1221=ORIENTED_EDGE('',*,*,#915,.F.);
#1222=ORIENTED_EDGE('',*,*,#919,.F.);
#1223=ORIENTED_EDGE('',*,*,#922,.T.);
#1224=ORIENTED_EDGE('',*,*,#924,.T.);
#1225=ORIENTED_EDGE('',*,*,#917,.T.);
#1226=ORIENTED_EDGE('',*,*,#913,.T.);
#1227=ORIENTED_EDGE('',*,*,#923,.T.);
#1228=ORIENTED_EDGE('',*,*,#920,.T.);
#1229=ORIENTED_EDGE('',*,*,#925,.T.);
#1230=ORIENTED_EDGE('',*,*,#926,.T.);
#1231=ORIENTED_EDGE('',*,*,#927,.T.);
#1232=ORIENTED_EDGE('',*,*,#928,.T.);
#1233=ORIENTED_EDGE('',*,*,#927,.F.);
#1234=ORIENTED_EDGE('',*,*,#929,.F.);
#1235=ORIENTED_EDGE('',*,*,#930,.T.);
#1236=ORIENTED_EDGE('',*,*,#931,.T.);
#1237=ORIENTED_EDGE('',*,*,#932,.T.);
#1238=ORIENTED_EDGE('',*,*,#926,.F.);
#1239=ORIENTED_EDGE('',*,*,#933,.T.);
#1240=ORIENTED_EDGE('',*,*,#934,.T.);
#1241=ORIENTED_EDGE('',*,*,#929,.T.);
#1242=ORIENTED_EDGE('',*,*,#928,.F.);
#1243=ORIENTED_EDGE('',*,*,#932,.F.);
#1244=ORIENTED_EDGE('',*,*,#935,.T.);
#1245=ORIENTED_EDGE('',*,*,#936,.F.);
#1246=ORIENTED_EDGE('',*,*,#925,.F.);
#1247=ORIENTED_EDGE('',*,*,#936,.T.);
#1248=ORIENTED_EDGE('',*,*,#937,.T.);
#1249=ORIENTED_EDGE('',*,*,#938,.T.);
#1250=ORIENTED_EDGE('',*,*,#933,.F.);
#1251=ORIENTED_EDGE('',*,*,#939,.T.);
#1252=ORIENTED_EDGE('',*,*,#937,.F.);
#1253=ORIENTED_EDGE('',*,*,#935,.F.);
#1254=ORIENTED_EDGE('',*,*,#931,.F.);
#1255=ORIENTED_EDGE('',*,*,#934,.F.);
#1256=ORIENTED_EDGE('',*,*,#938,.F.);
#1257=ORIENTED_EDGE('',*,*,#939,.F.);
#1258=ORIENTED_EDGE('',*,*,#930,.F.);
#1259=ORIENTED_EDGE('',*,*,#940,.T.);
#1260=ORIENTED_EDGE('',*,*,#941,.T.);
#1261=ORIENTED_EDGE('',*,*,#942,.T.);
#1262=ORIENTED_EDGE('',*,*,#943,.T.);
#1263=ORIENTED_EDGE('',*,*,#942,.F.);
#1264=ORIENTED_EDGE('',*,*,#944,.F.);
#1265=ORIENTED_EDGE('',*,*,#945,.T.);
#1266=ORIENTED_EDGE('',*,*,#946,.T.);
#1267=ORIENTED_EDGE('',*,*,#947,.T.);
#1268=ORIENTED_EDGE('',*,*,#941,.F.);
#1269=ORIENTED_EDGE('',*,*,#948,.T.);
#1270=ORIENTED_EDGE('',*,*,#949,.T.);
#1271=ORIENTED_EDGE('',*,*,#944,.T.);
#1272=ORIENTED_EDGE('',*,*,#950,.T.);
#1273=ORIENTED_EDGE('',*,*,#951,.F.);
#1274=ORIENTED_EDGE('',*,*,#952,.T.);
#1275=ORIENTED_EDGE('',*,*,#946,.F.);
#1276=ORIENTED_EDGE('',*,*,#940,.F.);
#1277=ORIENTED_EDGE('',*,*,#953,.T.);
#1278=ORIENTED_EDGE('',*,*,#951,.T.);
#1279=ORIENTED_EDGE('',*,*,#954,.T.);
#1280=ORIENTED_EDGE('',*,*,#948,.F.);
#1281=ORIENTED_EDGE('',*,*,#943,.F.);
#1282=ORIENTED_EDGE('',*,*,#947,.F.);
#1283=ORIENTED_EDGE('',*,*,#952,.F.);
#1284=ORIENTED_EDGE('',*,*,#953,.F.);
#1285=ORIENTED_EDGE('',*,*,#949,.F.);
#1286=ORIENTED_EDGE('',*,*,#954,.F.);
#1287=ORIENTED_EDGE('',*,*,#950,.F.);
#1288=ORIENTED_EDGE('',*,*,#945,.F.);
#1289=ORIENTED_EDGE('',*,*,#955,.T.);
#1290=ORIENTED_EDGE('',*,*,#956,.T.);
#1291=ORIENTED_EDGE('',*,*,#957,.T.);
#1292=ORIENTED_EDGE('',*,*,#958,.T.);
#1293=ORIENTED_EDGE('',*,*,#956,.F.);
#1294=ORIENTED_EDGE('',*,*,#959,.T.);
#1295=ORIENTED_EDGE('',*,*,#960,.T.);
#1296=ORIENTED_EDGE('',*,*,#961,.T.);
#1297=ORIENTED_EDGE('',*,*,#955,.F.);
#1298=ORIENTED_EDGE('',*,*,#962,.F.);
#1299=ORIENTED_EDGE('',*,*,#963,.F.);
#1300=ORIENTED_EDGE('',*,*,#964,.F.);
#1301=ORIENTED_EDGE('',*,*,#959,.F.);
#1302=ORIENTED_EDGE('',*,*,#958,.F.);
#1303=ORIENTED_EDGE('',*,*,#965,.T.);
#1304=ORIENTED_EDGE('',*,*,#966,.F.);
#1305=ORIENTED_EDGE('',*,*,#962,.T.);
#1306=ORIENTED_EDGE('',*,*,#957,.F.);
#1307=ORIENTED_EDGE('',*,*,#961,.F.);
#1308=ORIENTED_EDGE('',*,*,#967,.F.);
#1309=ORIENTED_EDGE('',*,*,#968,.F.);
#1310=ORIENTED_EDGE('',*,*,#965,.F.);
#1311=ORIENTED_EDGE('',*,*,#963,.T.);
#1312=ORIENTED_EDGE('',*,*,#966,.T.);
#1313=ORIENTED_EDGE('',*,*,#968,.T.);
#1314=ORIENTED_EDGE('',*,*,#969,.T.);
#1315=ORIENTED_EDGE('',*,*,#964,.T.);
#1316=ORIENTED_EDGE('',*,*,#969,.F.);
#1317=ORIENTED_EDGE('',*,*,#967,.T.);
#1318=ORIENTED_EDGE('',*,*,#960,.F.);
#1319=ORIENTED_EDGE('',*,*,#970,.F.);
#1320=ORIENTED_EDGE('',*,*,#971,.F.);
#1321=ORIENTED_EDGE('',*,*,#972,.F.);
#1322=ORIENTED_EDGE('',*,*,#973,.F.);
#1323=ORIENTED_EDGE('',*,*,#974,.F.);
#1324=ORIENTED_EDGE('',*,*,#975,.F.);
#1325=ORIENTED_EDGE('',*,*,#974,.T.);
#1326=ORIENTED_EDGE('',*,*,#976,.T.);
#1327=ORIENTED_EDGE('',*,*,#977,.T.);
#1328=ORIENTED_EDGE('',*,*,#978,.F.);
#1329=ORIENTED_EDGE('',*,*,#979,.T.);
#1330=ORIENTED_EDGE('',*,*,#976,.F.);
#1331=ORIENTED_EDGE('',*,*,#973,.T.);
#1332=ORIENTED_EDGE('',*,*,#972,.T.);
#1333=ORIENTED_EDGE('',*,*,#980,.T.);
#1334=ORIENTED_EDGE('',*,*,#981,.T.);
#1335=ORIENTED_EDGE('',*,*,#978,.T.);
#1336=ORIENTED_EDGE('',*,*,#982,.F.);
#1337=ORIENTED_EDGE('',*,*,#977,.F.);
#1338=ORIENTED_EDGE('',*,*,#979,.F.);
#1339=ORIENTED_EDGE('',*,*,#981,.F.);
#1340=ORIENTED_EDGE('',*,*,#983,.T.);
#1341=ORIENTED_EDGE('',*,*,#984,.F.);
#1342=ORIENTED_EDGE('',*,*,#983,.F.);
#1343=ORIENTED_EDGE('',*,*,#980,.F.);
#1344=ORIENTED_EDGE('',*,*,#971,.T.);
#1345=ORIENTED_EDGE('',*,*,#982,.T.);
#1346=ORIENTED_EDGE('',*,*,#984,.T.);
#1347=ORIENTED_EDGE('',*,*,#970,.T.);
#1348=ORIENTED_EDGE('',*,*,#975,.T.);
#1349=ORIENTED_EDGE('',*,*,#985,.T.);
#1350=ORIENTED_EDGE('',*,*,#986,.F.);
#1351=ORIENTED_EDGE('',*,*,#987,.T.);
#1352=ORIENTED_EDGE('',*,*,#988,.T.);
#1353=ORIENTED_EDGE('',*,*,#989,.T.);
#1354=ORIENTED_EDGE('',*,*,#990,.F.);
#1355=ORIENTED_EDGE('',*,*,#991,.F.);
#1356=ORIENTED_EDGE('',*,*,#986,.T.);
#1357=ORIENTED_EDGE('',*,*,#992,.T.);
#1358=ORIENTED_EDGE('',*,*,#993,.F.);
#1359=ORIENTED_EDGE('',*,*,#994,.T.);
#1360=ORIENTED_EDGE('',*,*,#990,.T.);
#1361=ORIENTED_EDGE('',*,*,#995,.T.);
#1362=ORIENTED_EDGE('',*,*,#988,.F.);
#1363=ORIENTED_EDGE('',*,*,#996,.T.);
#1364=ORIENTED_EDGE('',*,*,#993,.T.);
#1365=ORIENTED_EDGE('',*,*,#991,.T.);
#1366=ORIENTED_EDGE('',*,*,#994,.F.);
#1367=ORIENTED_EDGE('',*,*,#996,.F.);
#1368=ORIENTED_EDGE('',*,*,#987,.F.);
#1369=ORIENTED_EDGE('',*,*,#992,.F.);
#1370=ORIENTED_EDGE('',*,*,#989,.F.);
#1371=ORIENTED_EDGE('',*,*,#985,.F.);
#1372=ORIENTED_EDGE('',*,*,#995,.F.);
#1373=ORIENTED_EDGE('',*,*,#997,.T.);
#1374=ORIENTED_EDGE('',*,*,#998,.F.);
#1375=ORIENTED_EDGE('',*,*,#999,.F.);
#1376=ORIENTED_EDGE('',*,*,#1000,.T.);
#1377=ORIENTED_EDGE('',*,*,#1001,.T.);
#1378=ORIENTED_EDGE('',*,*,#1002,.F.);
#1379=ORIENTED_EDGE('',*,*,#1003,.T.);
#1380=ORIENTED_EDGE('',*,*,#998,.T.);
#1381=ORIENTED_EDGE('',*,*,#1004,.T.);
#1382=ORIENTED_EDGE('',*,*,#1005,.F.);
#1383=ORIENTED_EDGE('',*,*,#1006,.T.);
#1384=ORIENTED_EDGE('',*,*,#1002,.T.);
#1385=ORIENTED_EDGE('',*,*,#1007,.T.);
#1386=ORIENTED_EDGE('',*,*,#1000,.F.);
#1387=ORIENTED_EDGE('',*,*,#1008,.F.);
#1388=ORIENTED_EDGE('',*,*,#1005,.T.);
#1389=ORIENTED_EDGE('',*,*,#1003,.F.);
#1390=ORIENTED_EDGE('',*,*,#1006,.F.);
#1391=ORIENTED_EDGE('',*,*,#1008,.T.);
#1392=ORIENTED_EDGE('',*,*,#999,.T.);
#1393=ORIENTED_EDGE('',*,*,#1004,.F.);
#1394=ORIENTED_EDGE('',*,*,#1001,.F.);
#1395=ORIENTED_EDGE('',*,*,#997,.F.);
#1396=ORIENTED_EDGE('',*,*,#1007,.F.);
#1397=ORIENTED_EDGE('',*,*,#1009,.F.);
#1398=ORIENTED_EDGE('',*,*,#1010,.F.);
#1399=ORIENTED_EDGE('',*,*,#1011,.F.);
#1400=ORIENTED_EDGE('',*,*,#1012,.F.);
#1401=ORIENTED_EDGE('',*,*,#1009,.T.);
#1402=ORIENTED_EDGE('',*,*,#1013,.T.);
#1403=ORIENTED_EDGE('',*,*,#1014,.T.);
#1404=ORIENTED_EDGE('',*,*,#1015,.F.);
#1405=ORIENTED_EDGE('',*,*,#1016,.T.);
#1406=ORIENTED_EDGE('',*,*,#1017,.T.);
#1407=ORIENTED_EDGE('',*,*,#1012,.T.);
#1408=ORIENTED_EDGE('',*,*,#1018,.T.);
#1409=ORIENTED_EDGE('',*,*,#1019,.T.);
#1410=ORIENTED_EDGE('',*,*,#1013,.F.);
#1411=ORIENTED_EDGE('',*,*,#1011,.T.);
#1412=ORIENTED_EDGE('',*,*,#1020,.F.);
#1413=ORIENTED_EDGE('',*,*,#1021,.F.);
#1414=ORIENTED_EDGE('',*,*,#1022,.F.);
#1415=ORIENTED_EDGE('',*,*,#1023,.F.);
#1416=ORIENTED_EDGE('',*,*,#1018,.F.);
#1417=ORIENTED_EDGE('',*,*,#1010,.T.);
#1418=ORIENTED_EDGE('',*,*,#1017,.F.);
#1419=ORIENTED_EDGE('',*,*,#1024,.F.);
#1420=ORIENTED_EDGE('',*,*,#1020,.T.);
#1421=ORIENTED_EDGE('',*,*,#1025,.F.);
#1422=ORIENTED_EDGE('',*,*,#1014,.F.);
#1423=ORIENTED_EDGE('',*,*,#1019,.F.);
#1424=ORIENTED_EDGE('',*,*,#1023,.T.);
#1425=ORIENTED_EDGE('',*,*,#1026,.F.);
#1426=ORIENTED_EDGE('',*,*,#1021,.T.);
#1427=ORIENTED_EDGE('',*,*,#1024,.T.);
#1428=ORIENTED_EDGE('',*,*,#1016,.F.);
#1429=ORIENTED_EDGE('',*,*,#1026,.T.);
#1430=ORIENTED_EDGE('',*,*,#1015,.T.);
#1431=ORIENTED_EDGE('',*,*,#1025,.T.);
#1432=ORIENTED_EDGE('',*,*,#1022,.T.);
#1433=ORIENTED_EDGE('',*,*,#1027,.F.);
#1434=ORIENTED_EDGE('',*,*,#1028,.F.);
#1435=ORIENTED_EDGE('',*,*,#1029,.F.);
#1436=ORIENTED_EDGE('',*,*,#1030,.F.);
#1437=ORIENTED_EDGE('',*,*,#1027,.T.);
#1438=ORIENTED_EDGE('',*,*,#1031,.T.);
#1439=ORIENTED_EDGE('',*,*,#1032,.T.);
#1440=ORIENTED_EDGE('',*,*,#1033,.T.);
#1441=ORIENTED_EDGE('',*,*,#1034,.T.);
#1442=ORIENTED_EDGE('',*,*,#1035,.T.);
#1443=ORIENTED_EDGE('',*,*,#1030,.T.);
#1444=ORIENTED_EDGE('',*,*,#1036,.F.);
#1445=ORIENTED_EDGE('',*,*,#1037,.F.);
#1446=ORIENTED_EDGE('',*,*,#1031,.F.);
#1447=ORIENTED_EDGE('',*,*,#1028,.T.);
#1448=ORIENTED_EDGE('',*,*,#1035,.F.);
#1449=ORIENTED_EDGE('',*,*,#1038,.F.);
#1450=ORIENTED_EDGE('',*,*,#1039,.F.);
#1451=ORIENTED_EDGE('',*,*,#1037,.T.);
#1452=ORIENTED_EDGE('',*,*,#1040,.T.);
#1453=ORIENTED_EDGE('',*,*,#1041,.T.);
#1454=ORIENTED_EDGE('',*,*,#1032,.F.);
#1455=ORIENTED_EDGE('',*,*,#1029,.T.);
#1456=ORIENTED_EDGE('',*,*,#1039,.T.);
#1457=ORIENTED_EDGE('',*,*,#1042,.F.);
#1458=ORIENTED_EDGE('',*,*,#1043,.F.);
#1459=ORIENTED_EDGE('',*,*,#1040,.F.);
#1460=ORIENTED_EDGE('',*,*,#1036,.T.);
#1461=ORIENTED_EDGE('',*,*,#1033,.F.);
#1462=ORIENTED_EDGE('',*,*,#1041,.F.);
#1463=ORIENTED_EDGE('',*,*,#1043,.T.);
#1464=ORIENTED_EDGE('',*,*,#1044,.T.);
#1465=ORIENTED_EDGE('',*,*,#1038,.T.);
#1466=ORIENTED_EDGE('',*,*,#1034,.F.);
#1467=ORIENTED_EDGE('',*,*,#1044,.F.);
#1468=ORIENTED_EDGE('',*,*,#1042,.T.);
#1469=PLANE('',#1681);
#1470=PLANE('',#1682);
#1471=PLANE('',#1683);
#1472=PLANE('',#1684);
#1473=PLANE('',#1685);
#1474=PLANE('',#1686);
#1475=PLANE('',#1687);
#1476=PLANE('',#1688);
#1477=PLANE('',#1689);
#1478=PLANE('',#1690);
#1479=PLANE('',#1691);
#1480=PLANE('',#1692);
#1481=PLANE('',#1696);
#1482=PLANE('',#1697);
#1483=PLANE('',#1698);
#1484=PLANE('',#1699);
#1485=PLANE('',#1700);
#1486=PLANE('',#1701);
#1487=PLANE('',#1702);
#1488=PLANE('',#1706);
#1489=PLANE('',#1707);
#1490=PLANE('',#1708);
#1491=PLANE('',#1709);
#1492=PLANE('',#1710);
#1493=PLANE('',#1711);
#1494=PLANE('',#1712);
#1495=PLANE('',#1715);
#1496=PLANE('',#1716);
#1497=PLANE('',#1717);
#1498=PLANE('',#1718);
#1499=PLANE('',#1719);
#1500=PLANE('',#1720);
#1501=PLANE('',#1721);
#1502=PLANE('',#1722);
#1503=PLANE('',#1723);
#1504=PLANE('',#1724);
#1505=PLANE('',#1725);
#1506=PLANE('',#1726);
#1507=PLANE('',#1727);
#1508=PLANE('',#1728);
#1509=PLANE('',#1729);
#1510=PLANE('',#1730);
#1511=PLANE('',#1731);
#1512=PLANE('',#1732);
#1513=PLANE('',#1733);
#1514=PLANE('',#1734);
#1515=PLANE('',#1735);
#1516=PLANE('',#1736);
#1517=PLANE('',#1737);
#1518=PLANE('',#1738);
#1519=PLANE('',#1739);
#1520=PLANE('',#1740);
#1521=PLANE('',#1741);
#1522=PLANE('',#1742);
#1523=PLANE('',#1743);
#1524=PLANE('',#1744);
#1525=PLANE('',#1745);
#1526=PLANE('',#1746);
#1527=PLANE('',#1747);
#1528=PLANE('',#1748);
#1529=PLANE('',#1749);
#1530=PLANE('',#1750);
#1531=PLANE('',#1751);
#1532=PLANE('',#1752);
#1533=PLANE('',#1753);
#1534=PLANE('',#1754);
#1535=PLANE('',#1755);
#1536=PLANE('',#1756);
#1537=PLANE('',#1757);
#1538=PLANE('',#1758);
#1539=PLANE('',#1760);
#1540=PLANE('',#1761);
#1541=PLANE('',#1762);
#1542=PLANE('',#1763);
#1543=PLANE('',#1764);
#1544=PLANE('',#1765);
#1545=PLANE('',#1766);
#1546=PLANE('',#1767);
#1547=PLANE('',#1768);
#1548=PLANE('',#1769);
#1549=PLANE('',#1770);
#1550=PLANE('',#1771);
#1551=PLANE('',#1775);
#1552=PLANE('',#1776);
#1553=PLANE('',#1777);
#1554=PLANE('',#1778);
#1555=PLANE('',#1779);
#1556=PLANE('',#1780);
#1557=PLANE('',#1781);
#1558=PLANE('',#1785);
#1559=PLANE('',#1786);
#1560=PLANE('',#1787);
#1561=PLANE('',#1788);
#1562=PLANE('',#1789);
#1563=PLANE('',#1790);
#1564=PLANE('',#1791);
#1565=ADVANCED_FACE('',(#85),#1469,.T.);
#1566=ADVANCED_FACE('',(#86),#1470,.T.);
#1567=ADVANCED_FACE('',(#87),#1471,.T.);
#1568=ADVANCED_FACE('',(#88),#1472,.T.);
#1569=ADVANCED_FACE('',(#89),#1473,.F.);
#1570=ADVANCED_FACE('',(#90),#1474,.T.);
#1571=ADVANCED_FACE('',(#91),#1475,.T.);
#1572=ADVANCED_FACE('',(#92),#1476,.T.);
#1573=ADVANCED_FACE('',(#93),#1477,.T.);
#1574=ADVANCED_FACE('',(#94),#1478,.T.);
#1575=ADVANCED_FACE('',(#95),#1479,.F.);
#1576=ADVANCED_FACE('',(#96),#1480,.T.);
#1577=ADVANCED_FACE('',(#97),#53,.F.);
#1578=ADVANCED_FACE('',(#98),#1481,.F.);
#1579=ADVANCED_FACE('',(#99),#1482,.T.);
#1580=ADVANCED_FACE('',(#100),#1483,.T.);
#1581=ADVANCED_FACE('',(#101),#1484,.T.);
#1582=ADVANCED_FACE('',(#102),#1485,.T.);
#1583=ADVANCED_FACE('',(#103),#1486,.T.);
#1584=ADVANCED_FACE('',(#104),#1487,.T.);
#1585=ADVANCED_FACE('',(#105),#54,.F.);
#1586=ADVANCED_FACE('',(#106),#1488,.F.);
#1587=ADVANCED_FACE('',(#107),#1489,.F.);
#1588=ADVANCED_FACE('',(#108),#1490,.F.);
#1589=ADVANCED_FACE('',(#109),#1491,.T.);
#1590=ADVANCED_FACE('',(#110),#1492,.T.);
#1591=ADVANCED_FACE('',(#111),#1493,.T.);
#1592=ADVANCED_FACE('',(#112),#1494,.T.);
#1593=ADVANCED_FACE('',(#113),#1495,.T.);
#1594=ADVANCED_FACE('',(#114),#1496,.T.);
#1595=ADVANCED_FACE('',(#115),#1497,.T.);
#1596=ADVANCED_FACE('',(#116),#1498,.T.);
#1597=ADVANCED_FACE('',(#117),#1499,.T.);
#1598=ADVANCED_FACE('',(#118),#1500,.F.);
#1599=ADVANCED_FACE('',(#119),#1501,.T.);
#1600=ADVANCED_FACE('',(#120),#1502,.T.);
#1601=ADVANCED_FACE('',(#121),#1503,.T.);
#1602=ADVANCED_FACE('',(#122),#1504,.T.);
#1603=ADVANCED_FACE('',(#123),#1505,.T.);
#1604=ADVANCED_FACE('',(#124),#1506,.T.);
#1605=ADVANCED_FACE('',(#125),#1507,.T.);
#1606=ADVANCED_FACE('',(#126),#1508,.T.);
#1607=ADVANCED_FACE('',(#127),#1509,.F.);
#1608=ADVANCED_FACE('',(#128),#1510,.F.);
#1609=ADVANCED_FACE('',(#129),#1511,.T.);
#1610=ADVANCED_FACE('',(#130),#1512,.F.);
#1611=ADVANCED_FACE('',(#131),#1513,.T.);
#1612=ADVANCED_FACE('',(#132),#1514,.T.);
#1613=ADVANCED_FACE('',(#133),#1515,.T.);
#1614=ADVANCED_FACE('',(#134),#1516,.T.);
#1615=ADVANCED_FACE('',(#135),#1517,.F.);
#1616=ADVANCED_FACE('',(#136),#1518,.T.);
#1617=ADVANCED_FACE('',(#137),#1519,.T.);
#1618=ADVANCED_FACE('',(#138),#1520,.T.);
#1619=ADVANCED_FACE('',(#139),#1521,.T.);
#1620=ADVANCED_FACE('',(#140),#1522,.F.);
#1621=ADVANCED_FACE('',(#141),#1523,.T.);
#1622=ADVANCED_FACE('',(#142),#1524,.F.);
#1623=ADVANCED_FACE('',(#143),#1525,.T.);
#1624=ADVANCED_FACE('',(#144),#1526,.F.);
#1625=ADVANCED_FACE('',(#145),#1527,.F.);
#1626=ADVANCED_FACE('',(#146),#1528,.T.);
#1627=ADVANCED_FACE('',(#147),#1529,.F.);
#1628=ADVANCED_FACE('',(#148),#1530,.T.);
#1629=ADVANCED_FACE('',(#149),#1531,.F.);
#1630=ADVANCED_FACE('',(#150),#1532,.F.);
#1631=ADVANCED_FACE('',(#151),#1533,.F.);
#1632=ADVANCED_FACE('',(#152),#1534,.T.);
#1633=ADVANCED_FACE('',(#153),#1535,.T.);
#1634=ADVANCED_FACE('',(#154),#1536,.F.);
#1635=ADVANCED_FACE('',(#155),#1537,.T.);
#1636=ADVANCED_FACE('',(#156),#1538,.T.);
#1637=ADVANCED_FACE('',(#157),#1539,.T.);
#1638=ADVANCED_FACE('',(#158),#1540,.T.);
#1639=ADVANCED_FACE('',(#159),#1541,.T.);
#1640=ADVANCED_FACE('',(#160),#1542,.T.);
#1641=ADVANCED_FACE('',(#161),#1543,.F.);
#1642=ADVANCED_FACE('',(#162),#1544,.T.);
#1643=ADVANCED_FACE('',(#163),#1545,.T.);
#1644=ADVANCED_FACE('',(#164),#1546,.T.);
#1645=ADVANCED_FACE('',(#165),#1547,.T.);
#1646=ADVANCED_FACE('',(#166),#1548,.T.);
#1647=ADVANCED_FACE('',(#167),#1549,.F.);
#1648=ADVANCED_FACE('',(#168),#1550,.T.);
#1649=ADVANCED_FACE('',(#169),#55,.F.);
#1650=ADVANCED_FACE('',(#170),#1551,.F.);
#1651=ADVANCED_FACE('',(#171),#1552,.T.);
#1652=ADVANCED_FACE('',(#172),#1553,.T.);
#1653=ADVANCED_FACE('',(#173),#1554,.T.);
#1654=ADVANCED_FACE('',(#174),#1555,.T.);
#1655=ADVANCED_FACE('',(#175),#1556,.T.);
#1656=ADVANCED_FACE('',(#176),#1557,.T.);
#1657=ADVANCED_FACE('',(#177),#56,.F.);
#1658=ADVANCED_FACE('',(#178),#1558,.F.);
#1659=ADVANCED_FACE('',(#179),#1559,.F.);
#1660=ADVANCED_FACE('',(#180),#1560,.F.);
#1661=ADVANCED_FACE('',(#181),#1561,.T.);
#1662=ADVANCED_FACE('',(#182),#1562,.T.);
#1663=ADVANCED_FACE('',(#183),#1563,.T.);
#1664=ADVANCED_FACE('',(#184),#1564,.T.);
#1665=CLOSED_SHELL('',(#1565,#1566,#1567,#1568,#1569,#1570));
#1666=CLOSED_SHELL('',(#1571,#1572,#1573,#1574,#1575,#1576));
#1667=CLOSED_SHELL('',(#1577,#1578,#1579,#1580,#1581,#1582,#1583,#1584));
#1668=CLOSED_SHELL('',(#1585,#1586,#1587,#1588,#1589,#1590,#1591,#1592));
#1669=CLOSED_SHELL('',(#1593,#1594,#1595,#1596,#1597,#1598,#1599,#1600,
#1601,#1602));
#1670=CLOSED_SHELL('',(#1603,#1604,#1605,#1606,#1607,#1608));
#1671=CLOSED_SHELL('',(#1609,#1610,#1611,#1612,#1613,#1614,#1615));
#1672=CLOSED_SHELL('',(#1616,#1617,#1618,#1619,#1620,#1621,#1622));
#1673=CLOSED_SHELL('',(#1623,#1624,#1625,#1626,#1627,#1628,#1629));
#1674=CLOSED_SHELL('',(#1630,#1631,#1632,#1633,#1634,#1635,#1636));
#1675=CLOSED_SHELL('',(#1637,#1638,#1639,#1640,#1641,#1642));
#1676=CLOSED_SHELL('',(#1643,#1644,#1645,#1646,#1647,#1648));
#1677=CLOSED_SHELL('',(#1649,#1650,#1651,#1652,#1653,#1654,#1655,#1656));
#1678=CLOSED_SHELL('',(#1657,#1658,#1659,#1660,#1661,#1662,#1663,#1664));
#1679=AXIS2_PLACEMENT_3D('',#2231,#1795,#1796);
#1680=AXIS2_PLACEMENT_3D('',#2232,#1797,#1798);
#1681=AXIS2_PLACEMENT_3D('',#2233,#1799,#1800);
#1682=AXIS2_PLACEMENT_3D('',#2242,#1805,#1806);
#1683=AXIS2_PLACEMENT_3D('',#2248,#1810,#1811);
#1684=AXIS2_PLACEMENT_3D('',#2254,#1815,#1816);
#1685=AXIS2_PLACEMENT_3D('',#2257,#1819,#1820);
#1686=AXIS2_PLACEMENT_3D('',#2258,#1821,#1822);
#1687=AXIS2_PLACEMENT_3D('',#2259,#1823,#1824);
#1688=AXIS2_PLACEMENT_3D('',#2268,#1829,#1830);
#1689=AXIS2_PLACEMENT_3D('',#2274,#1834,#1835);
#1690=AXIS2_PLACEMENT_3D('',#2280,#1839,#1840);
#1691=AXIS2_PLACEMENT_3D('',#2283,#1843,#1844);
#1692=AXIS2_PLACEMENT_3D('',#2284,#1845,#1846);
#1693=AXIS2_PLACEMENT_3D('',#2285,#1847,#1848);
#1694=AXIS2_PLACEMENT_3D('',#2288,#1849,#1850);
#1695=AXIS2_PLACEMENT_3D('',#2292,#1852,#1853);
#1696=AXIS2_PLACEMENT_3D('',#2294,#1855,#1856);
#1697=AXIS2_PLACEMENT_3D('',#2304,#1862,#1863);
#1698=AXIS2_PLACEMENT_3D('',#2308,#1866,#1867);
#1699=AXIS2_PLACEMENT_3D('',#2316,#1872,#1873);
#1700=AXIS2_PLACEMENT_3D('',#2318,#1875,#1876);
#1701=AXIS2_PLACEMENT_3D('',#2320,#1878,#1879);
#1702=AXIS2_PLACEMENT_3D('',#2322,#1881,#1882);
#1703=AXIS2_PLACEMENT_3D('',#2323,#1883,#1884);
#1704=AXIS2_PLACEMENT_3D('',#2326,#1885,#1886);
#1705=AXIS2_PLACEMENT_3D('',#2330,#1888,#1889);
#1706=AXIS2_PLACEMENT_3D('',#2332,#1891,#1892);
#1707=AXIS2_PLACEMENT_3D('',#2342,#1898,#1899);
#1708=AXIS2_PLACEMENT_3D('',#2346,#1902,#1903);
#1709=AXIS2_PLACEMENT_3D('',#2350,#1906,#1907);
#1710=AXIS2_PLACEMENT_3D('',#2354,#1910,#1911);
#1711=AXIS2_PLACEMENT_3D('',#2358,#1914,#1915);
#1712=AXIS2_PLACEMENT_3D('',#2360,#1917,#1918);
#1713=AXIS2_PLACEMENT_3D('',#2361,#1919,#1920);
#1714=AXIS2_PLACEMENT_3D('',#2362,#1921,#1922);
#1715=AXIS2_PLACEMENT_3D('',#2363,#1923,#1924);
#1716=AXIS2_PLACEMENT_3D('',#2372,#1929,#1930);
#1717=AXIS2_PLACEMENT_3D('',#2378,#1934,#1935);
#1718=AXIS2_PLACEMENT_3D('',#2384,#1939,#1940);
#1719=AXIS2_PLACEMENT_3D('',#2387,#1943,#1944);
#1720=AXIS2_PLACEMENT_3D('',#2393,#1948,#1949);
#1721=AXIS2_PLACEMENT_3D('',#2397,#1952,#1953);
#1722=AXIS2_PLACEMENT_3D('',#2398,#1954,#1955);
#1723=AXIS2_PLACEMENT_3D('',#2402,#1958,#1959);
#1724=AXIS2_PLACEMENT_3D('',#2404,#1961,#1962);
#1725=AXIS2_PLACEMENT_3D('',#2405,#1963,#1964);
#1726=AXIS2_PLACEMENT_3D('',#2414,#1969,#1970);
#1727=AXIS2_PLACEMENT_3D('',#2420,#1974,#1975);
#1728=AXIS2_PLACEMENT_3D('',#2426,#1979,#1980);
#1729=AXIS2_PLACEMENT_3D('',#2429,#1983,#1984);
#1730=AXIS2_PLACEMENT_3D('',#2430,#1985,#1986);
#1731=AXIS2_PLACEMENT_3D('',#2431,#1987,#1988);
#1732=AXIS2_PLACEMENT_3D('',#2440,#1993,#1994);
#1733=AXIS2_PLACEMENT_3D('',#2448,#1999,#2000);
#1734=AXIS2_PLACEMENT_3D('',#2452,#2003,#2004);
#1735=AXIS2_PLACEMENT_3D('',#2456,#2007,#2008);
#1736=AXIS2_PLACEMENT_3D('',#2460,#2011,#2012);
#1737=AXIS2_PLACEMENT_3D('',#2462,#2014,#2015);
#1738=AXIS2_PLACEMENT_3D('',#2463,#2016,#2017);
#1739=AXIS2_PLACEMENT_3D('',#2472,#2022,#2023);
#1740=AXIS2_PLACEMENT_3D('',#2480,#2028,#2029);
#1741=AXIS2_PLACEMENT_3D('',#2484,#2032,#2033);
#1742=AXIS2_PLACEMENT_3D('',#2490,#2037,#2038);
#1743=AXIS2_PLACEMENT_3D('',#2493,#2041,#2042);
#1744=AXIS2_PLACEMENT_3D('',#2494,#2043,#2044);
#1745=AXIS2_PLACEMENT_3D('',#2495,#2045,#2046);
#1746=AXIS2_PLACEMENT_3D('',#2504,#2051,#2052);
#1747=AXIS2_PLACEMENT_3D('',#2510,#2056,#2057);
#1748=AXIS2_PLACEMENT_3D('',#2516,#2061,#2062);
#1749=AXIS2_PLACEMENT_3D('',#2520,#2065,#2066);
#1750=AXIS2_PLACEMENT_3D('',#2524,#2069,#2070);
#1751=AXIS2_PLACEMENT_3D('',#2526,#2072,#2073);
#1752=AXIS2_PLACEMENT_3D('',#2527,#2074,#2075);
#1753=AXIS2_PLACEMENT_3D('',#2538,#2081,#2082);
#1754=AXIS2_PLACEMENT_3D('',#2544,#2086,#2087);
#1755=AXIS2_PLACEMENT_3D('',#2548,#2090,#2091);
#1756=AXIS2_PLACEMENT_3D('',#2552,#2094,#2095);
#1757=AXIS2_PLACEMENT_3D('',#2556,#2098,#2099);
#1758=AXIS2_PLACEMENT_3D('',#2558,#2101,#2102);
#1759=AXIS2_PLACEMENT_3D('',#2559,#2103,#2104);
#1760=AXIS2_PLACEMENT_3D('',#2560,#2105,#2106);
#1761=AXIS2_PLACEMENT_3D('',#2569,#2111,#2112);
#1762=AXIS2_PLACEMENT_3D('',#2575,#2116,#2117);
#1763=AXIS2_PLACEMENT_3D('',#2581,#2121,#2122);
#1764=AXIS2_PLACEMENT_3D('',#2584,#2125,#2126);
#1765=AXIS2_PLACEMENT_3D('',#2585,#2127,#2128);
#1766=AXIS2_PLACEMENT_3D('',#2586,#2129,#2130);
#1767=AXIS2_PLACEMENT_3D('',#2595,#2135,#2136);
#1768=AXIS2_PLACEMENT_3D('',#2601,#2140,#2141);
#1769=AXIS2_PLACEMENT_3D('',#2607,#2145,#2146);
#1770=AXIS2_PLACEMENT_3D('',#2610,#2149,#2150);
#1771=AXIS2_PLACEMENT_3D('',#2611,#2151,#2152);
#1772=AXIS2_PLACEMENT_3D('',#2612,#2153,#2154);
#1773=AXIS2_PLACEMENT_3D('',#2615,#2155,#2156);
#1774=AXIS2_PLACEMENT_3D('',#2619,#2158,#2159);
#1775=AXIS2_PLACEMENT_3D('',#2621,#2161,#2162);
#1776=AXIS2_PLACEMENT_3D('',#2631,#2168,#2169);
#1777=AXIS2_PLACEMENT_3D('',#2635,#2172,#2173);
#1778=AXIS2_PLACEMENT_3D('',#2643,#2178,#2179);
#1779=AXIS2_PLACEMENT_3D('',#2645,#2181,#2182);
#1780=AXIS2_PLACEMENT_3D('',#2647,#2184,#2185);
#1781=AXIS2_PLACEMENT_3D('',#2649,#2187,#2188);
#1782=AXIS2_PLACEMENT_3D('',#2650,#2189,#2190);
#1783=AXIS2_PLACEMENT_3D('',#2653,#2191,#2192);
#1784=AXIS2_PLACEMENT_3D('',#2657,#2194,#2195);
#1785=AXIS2_PLACEMENT_3D('',#2659,#2197,#2198);
#1786=AXIS2_PLACEMENT_3D('',#2669,#2204,#2205);
#1787=AXIS2_PLACEMENT_3D('',#2673,#2208,#2209);
#1788=AXIS2_PLACEMENT_3D('',#2677,#2212,#2213);
#1789=AXIS2_PLACEMENT_3D('',#2681,#2216,#2217);
#1790=AXIS2_PLACEMENT_3D('',#2685,#2220,#2221);
#1791=AXIS2_PLACEMENT_3D('',#2687,#2223,#2224);
#1792=AXIS2_PLACEMENT_3D('',#2688,#2225,#2226);
#1793=AXIS2_PLACEMENT_3D('',#2689,#2227,#2228);
#1794=AXIS2_PLACEMENT_3D('',#2690,#2229,#2230);
#1795=DIRECTION('axis',(0.,0.,1.));
#1796=DIRECTION('refdir',(1.,0.,0.));
#1797=DIRECTION('axis',(0.,0.,1.));
#1798=DIRECTION('refdir',(1.,0.,0.));
#1799=DIRECTION('center_axis',(0.,0.,1.));
#1800=DIRECTION('ref_axis',(-1.,0.,0.));
#1801=DIRECTION('',(-1.,0.,0.));
#1802=DIRECTION('',(0.,-1.,0.));
#1803=DIRECTION('',(-1.,0.,0.));
#1804=DIRECTION('',(0.,-1.,0.));
#1805=DIRECTION('center_axis',(1.,0.,0.));
#1806=DIRECTION('ref_axis',(0.,0.,1.));
#1807=DIRECTION('',(0.,0.,1.));
#1808=DIRECTION('',(0.,-1.,0.));
#1809=DIRECTION('',(0.,0.,1.));
#1810=DIRECTION('center_axis',(0.,0.,-1.));
#1811=DIRECTION('ref_axis',(1.,0.,0.));
#1812=DIRECTION('',(1.,0.,0.));
#1813=DIRECTION('',(0.,-1.,0.));
#1814=DIRECTION('',(1.,0.,0.));
#1815=DIRECTION('center_axis',(-1.,0.,2.05692084228839E-17));
#1816=DIRECTION('ref_axis',(-2.05692084228839E-17,0.,-1.));
#1817=DIRECTION('',(-2.05692084228839E-17,0.,-1.));
#1818=DIRECTION('',(-2.05692084228839E-17,0.,-1.));
#1819=DIRECTION('center_axis',(0.,-1.,0.));
#1820=DIRECTION('ref_axis',(1.,0.,0.));
#1821=DIRECTION('center_axis',(0.,-1.,0.));
#1822=DIRECTION('ref_axis',(0.,0.,-1.));
#1823=DIRECTION('center_axis',(1.,0.,0.));
#1824=DIRECTION('ref_axis',(0.,0.,1.));
#1825=DIRECTION('',(0.,0.,1.));
#1826=DIRECTION('',(0.,-1.,0.));
#1827=DIRECTION('',(0.,0.,1.));
#1828=DIRECTION('',(0.,-1.,0.));
#1829=DIRECTION('center_axis',(0.,0.,-1.));
#1830=DIRECTION('ref_axis',(1.,0.,0.));
#1831=DIRECTION('',(1.,0.,0.));
#1832=DIRECTION('',(0.,-1.,0.));
#1833=DIRECTION('',(1.,0.,0.));
#1834=DIRECTION('center_axis',(-1.,0.,0.));
#1835=DIRECTION('ref_axis',(0.,0.,-1.));
#1836=DIRECTION('',(0.,0.,-1.));
#1837=DIRECTION('',(0.,-1.,0.));
#1838=DIRECTION('',(0.,0.,-1.));
#1839=DIRECTION('center_axis',(0.,0.,1.));
#1840=DIRECTION('ref_axis',(-1.,0.,0.));
#1841=DIRECTION('',(-1.,0.,0.));
#1842=DIRECTION('',(-1.,0.,0.));
#1843=DIRECTION('center_axis',(0.,-1.,0.));
#1844=DIRECTION('ref_axis',(1.,0.,0.));
#1845=DIRECTION('center_axis',(0.,-1.,0.));
#1846=DIRECTION('ref_axis',(0.,0.,-1.));
#1847=DIRECTION('center_axis',(0.,1.,0.));
#1848=DIRECTION('ref_axis',(-1.,0.,0.));
#1849=DIRECTION('center_axis',(0.,-1.,0.));
#1850=DIRECTION('ref_axis',(-1.,0.,0.));
#1851=DIRECTION('',(0.,1.,0.));
#1852=DIRECTION('center_axis',(0.,1.,0.));
#1853=DIRECTION('ref_axis',(-1.,0.,0.));
#1854=DIRECTION('',(0.,-1.,0.));
#1855=DIRECTION('center_axis',(0.,-1.,0.));
#1856=DIRECTION('ref_axis',(0.,0.,-1.));
#1857=DIRECTION('',(1.,0.,0.));
#1858=DIRECTION('',(-1.50204700682571E-16,0.,-1.));
#1859=DIRECTION('',(1.,0.,0.));
#1860=DIRECTION('',(0.,0.,1.));
#1861=DIRECTION('',(1.,0.,0.));
#1862=DIRECTION('center_axis',(0.,0.,1.));
#1863=DIRECTION('ref_axis',(1.,0.,0.));
#1864=DIRECTION('',(1.,0.,0.));
#1865=DIRECTION('',(0.,1.,0.));
#1866=DIRECTION('center_axis',(0.,-1.,0.));
#1867=DIRECTION('ref_axis',(1.,0.,0.));
#1868=DIRECTION('',(1.,0.,0.));
#1869=DIRECTION('',(0.,0.,1.));
#1870=DIRECTION('',(-1.,0.,0.));
#1871=DIRECTION('',(-1.50204700682571E-16,0.,-1.));
#1872=DIRECTION('center_axis',(0.,0.,1.));
#1873=DIRECTION('ref_axis',(1.,0.,0.));
#1874=DIRECTION('',(0.,1.,0.));
#1875=DIRECTION('center_axis',(1.,0.,-1.50204700682571E-16));
#1876=DIRECTION('ref_axis',(-1.50204700682571E-16,0.,-1.));
#1877=DIRECTION('',(0.,-1.,0.));
#1878=DIRECTION('center_axis',(-1.,0.,0.));
#1879=DIRECTION('ref_axis',(0.,0.,1.));
#1880=DIRECTION('',(0.,1.,0.));
#1881=DIRECTION('center_axis',(0.,0.,-1.));
#1882=DIRECTION('ref_axis',(-1.,0.,0.));
#1883=DIRECTION('center_axis',(0.,1.,0.));
#1884=DIRECTION('ref_axis',(-1.,0.,0.));
#1885=DIRECTION('center_axis',(0.,-1.,0.));
#1886=DIRECTION('ref_axis',(-1.,0.,0.));
#1887=DIRECTION('',(0.,1.,0.));
#1888=DIRECTION('center_axis',(0.,1.,0.));
#1889=DIRECTION('ref_axis',(-1.,0.,0.));
#1890=DIRECTION('',(0.,-1.,0.));
#1891=DIRECTION('center_axis',(0.,-1.,0.));
#1892=DIRECTION('ref_axis',(0.,0.,-1.));
#1893=DIRECTION('',(-1.,0.,0.));
#1894=DIRECTION('',(-1.50204700682571E-16,0.,-1.));
#1895=DIRECTION('',(-1.,0.,0.));
#1896=DIRECTION('',(0.,0.,1.));
#1897=DIRECTION('',(-1.,0.,0.));
#1898=DIRECTION('center_axis',(0.,0.,-1.));
#1899=DIRECTION('ref_axis',(-1.,0.,0.));
#1900=DIRECTION('',(-1.,0.,0.));
#1901=DIRECTION('',(0.,-1.,0.));
#1902=DIRECTION('center_axis',(0.,0.,-1.));
#1903=DIRECTION('ref_axis',(-1.,0.,0.));
#1904=DIRECTION('',(0.,1.,0.));
#1905=DIRECTION('',(-1.,0.,0.));
#1906=DIRECTION('center_axis',(1.,0.,-1.50204700682571E-16));
#1907=DIRECTION('ref_axis',(-1.50204700682571E-16,0.,-1.));
#1908=DIRECTION('',(-1.50204700682571E-16,0.,-1.));
#1909=DIRECTION('',(0.,1.,0.));
#1910=DIRECTION('center_axis',(0.,-1.,0.));
#1911=DIRECTION('ref_axis',(1.,0.,0.));
#1912=DIRECTION('',(0.,0.,1.));
#1913=DIRECTION('',(-1.,0.,0.));
#1914=DIRECTION('center_axis',(0.,0.,-1.));
#1915=DIRECTION('ref_axis',(-1.,0.,0.));
#1916=DIRECTION('',(0.,1.,0.));
#1917=DIRECTION('center_axis',(-1.,0.,0.));
#1918=DIRECTION('ref_axis',(0.,0.,1.));
#1919=DIRECTION('axis',(0.,0.,1.));
#1920=DIRECTION('refdir',(1.,0.,0.));
#1921=DIRECTION('axis',(0.,0.,1.));
#1922=DIRECTION('refdir',(1.,0.,0.));
#1923=DIRECTION('center_axis',(0.,-0.707106781186548,-0.707106781186547));
#1924=DIRECTION('ref_axis',(-1.,0.,0.));
#1925=DIRECTION('',(-1.,0.,0.));
#1926=DIRECTION('',(0.577350269189626,0.577350269189626,-0.577350269189626));
#1927=DIRECTION('',(1.,0.,0.));
#1928=DIRECTION('',(0.577350269189626,-0.577350269189626,0.577350269189626));
#1929=DIRECTION('center_axis',(-0.707106781186548,0.,-0.707106781186548));
#1930=DIRECTION('ref_axis',(-0.707106781186548,0.,0.707106781186548));
#1931=DIRECTION('',(0.,-1.,0.));
#1932=DIRECTION('',(0.,1.,0.));
#1933=DIRECTION('',(0.577350269189626,-0.577350269189626,-0.577350269189626));
#1934=DIRECTION('center_axis',(0.,0.707106781186548,-0.707106781186547));
#1935=DIRECTION('ref_axis',(-1.,0.,0.));
#1936=DIRECTION('',(-1.,0.,0.));
#1937=DIRECTION('',(1.,0.,0.));
#1938=DIRECTION('',(0.577350269189626,0.577350269189626,0.577350269189626));
#1939=DIRECTION('center_axis',(0.707106781186548,0.,-0.707106781186548));
#1940=DIRECTION('ref_axis',(-0.707106781186548,0.,-0.707106781186548));
#1941=DIRECTION('',(0.,-1.,0.));
#1942=DIRECTION('',(0.,1.,0.));
#1943=DIRECTION('center_axis',(-1.,0.,0.));
#1944=DIRECTION('ref_axis',(0.,0.,1.));
#1945=DIRECTION('',(-1.40740628414947E-33,0.,-1.));
#1946=DIRECTION('',(0.,-1.,0.));
#1947=DIRECTION('',(0.,0.,1.));
#1948=DIRECTION('center_axis',(0.,1.,0.));
#1949=DIRECTION('ref_axis',(1.,0.,0.));
#1950=DIRECTION('',(0.,0.,1.));
#1951=DIRECTION('',(1.,0.,0.));
#1952=DIRECTION('center_axis',(0.,0.,-1.));
#1953=DIRECTION('ref_axis',(-1.,0.,0.));
#1954=DIRECTION('center_axis',(1.,0.,0.));
#1955=DIRECTION('ref_axis',(0.,0.,-1.));
#1956=DIRECTION('',(0.,0.,-1.));
#1957=DIRECTION('',(0.,1.,0.));
#1958=DIRECTION('center_axis',(0.,0.,1.));
#1959=DIRECTION('ref_axis',(1.,0.,0.));
#1960=DIRECTION('',(-1.,0.,0.));
#1961=DIRECTION('center_axis',(0.,1.,0.));
#1962=DIRECTION('ref_axis',(0.,0.,1.));
#1963=DIRECTION('center_axis',(1.,0.,0.));
#1964=DIRECTION('ref_axis',(0.,0.,-1.));
#1965=DIRECTION('',(0.,0.,-1.));
#1966=DIRECTION('',(0.,1.,0.));
#1967=DIRECTION('',(0.,0.,-1.));
#1968=DIRECTION('',(0.,1.,0.));
#1969=DIRECTION('center_axis',(0.,0.,1.));
#1970=DIRECTION('ref_axis',(1.,0.,0.));
#1971=DIRECTION('',(1.,0.,0.));
#1972=DIRECTION('',(0.,1.,0.));
#1973=DIRECTION('',(1.,0.,0.));
#1974=DIRECTION('center_axis',(-1.,0.,-2.11279813895148E-17));
#1975=DIRECTION('ref_axis',(-2.11279813895148E-17,0.,1.));
#1976=DIRECTION('',(-2.11279813895148E-17,0.,1.));
#1977=DIRECTION('',(0.,1.,0.));
#1978=DIRECTION('',(2.11279813895148E-17,0.,-1.));
#1979=DIRECTION('center_axis',(0.,0.,-1.));
#1980=DIRECTION('ref_axis',(-1.,0.,0.));
#1981=DIRECTION('',(-1.,0.,0.));
#1982=DIRECTION('',(1.,0.,0.));
#1983=DIRECTION('center_axis',(0.,1.,0.));
#1984=DIRECTION('ref_axis',(-1.,0.,0.));
#1985=DIRECTION('center_axis',(0.,-1.,0.));
#1986=DIRECTION('ref_axis',(0.,0.,-1.));
#1987=DIRECTION('center_axis',(-0.707106781186548,0.,0.707106781186548));
#1988=DIRECTION('ref_axis',(0.707106781186548,0.,0.707106781186548));
#1989=DIRECTION('',(-0.707106781186548,0.,-0.707106781186548));
#1990=DIRECTION('',(0.,-1.,0.));
#1991=DIRECTION('',(0.707106781186548,0.,0.707106781186548));
#1992=DIRECTION('',(0.,1.,0.));
#1993=DIRECTION('center_axis',(0.,1.,0.));
#1994=DIRECTION('ref_axis',(1.,0.,0.));
#1995=DIRECTION('',(0.,0.,1.));
#1996=DIRECTION('',(1.,0.,0.));
#1997=DIRECTION('',(0.,0.,1.));
#1998=DIRECTION('',(-1.,0.,0.));
#1999=DIRECTION('center_axis',(-1.,0.,0.));
#2000=DIRECTION('ref_axis',(0.,0.,1.));
#2001=DIRECTION('',(0.,0.,-1.));
#2002=DIRECTION('',(0.,-1.,0.));
#2003=DIRECTION('center_axis',(0.,0.,1.));
#2004=DIRECTION('ref_axis',(1.,0.,0.));
#2005=DIRECTION('',(0.,1.,0.));
#2006=DIRECTION('',(1.,0.,0.));
#2007=DIRECTION('center_axis',(0.,1.,0.));
#2008=DIRECTION('ref_axis',(0.,0.,1.));
#2009=DIRECTION('',(0.,0.,-1.));
#2010=DIRECTION('',(-1.,0.,0.));
#2011=DIRECTION('center_axis',(1.,0.,0.));
#2012=DIRECTION('ref_axis',(0.,0.,-1.));
#2013=DIRECTION('',(0.,1.,0.));
#2014=DIRECTION('center_axis',(0.,0.,1.));
#2015=DIRECTION('ref_axis',(1.,0.,0.));
#2016=DIRECTION('center_axis',(0.707106781186547,0.,0.707106781186548));
#2017=DIRECTION('ref_axis',(0.707106781186548,0.,-0.707106781186547));
#2018=DIRECTION('',(0.707106781186548,0.,-0.707106781186547));
#2019=DIRECTION('',(0.,1.,0.));
#2020=DIRECTION('',(-0.707106781186548,0.,0.707106781186547));
#2021=DIRECTION('',(0.,-1.,0.));
#2022=DIRECTION('center_axis',(0.,1.,0.));
#2023=DIRECTION('ref_axis',(0.,0.,1.));
#2024=DIRECTION('',(0.,0.,1.));
#2025=DIRECTION('',(-1.,0.,0.));
#2026=DIRECTION('',(0.,0.,1.));
#2027=DIRECTION('',(1.,0.,0.));
#2028=DIRECTION('center_axis',(1.,0.,0.));
#2029=DIRECTION('ref_axis',(0.,0.,-1.));
#2030=DIRECTION('',(0.,0.,-1.));
#2031=DIRECTION('',(0.,1.,0.));
#2032=DIRECTION('center_axis',(-1.,0.,0.));
#2033=DIRECTION('ref_axis',(0.,0.,1.));
#2034=DIRECTION('',(0.,-1.,0.));
#2035=DIRECTION('',(-1.40740628414947E-33,0.,-1.));
#2036=DIRECTION('',(0.,1.,0.));
#2037=DIRECTION('center_axis',(0.,1.,0.));
#2038=DIRECTION('ref_axis',(1.,0.,0.));
#2039=DIRECTION('',(-1.,0.,0.));
#2040=DIRECTION('',(1.,0.,0.));
#2041=DIRECTION('center_axis',(0.,0.,1.));
#2042=DIRECTION('ref_axis',(1.,0.,0.));
#2043=DIRECTION('center_axis',(0.,0.,1.));
#2044=DIRECTION('ref_axis',(1.,0.,0.));
#2045=DIRECTION('center_axis',(0.,-0.707106781186548,0.707106781186548));
#2046=DIRECTION('ref_axis',(1.,0.,0.));
#2047=DIRECTION('',(0.,-0.707106781186548,-0.707106781186548));
#2048=DIRECTION('',(1.,0.,0.));
#2049=DIRECTION('',(0.,0.707106781186548,0.707106781186548));
#2050=DIRECTION('',(-1.,0.,0.));
#2051=DIRECTION('center_axis',(0.,1.,0.));
#2052=DIRECTION('ref_axis',(-1.,0.,0.));
#2053=DIRECTION('',(0.,0.,-1.));
#2054=DIRECTION('',(1.,0.,0.));
#2055=DIRECTION('',(0.,0.,1.));
#2056=DIRECTION('center_axis',(1.,0.,0.));
#2057=DIRECTION('ref_axis',(0.,0.,-1.));
#2058=DIRECTION('',(0.,-1.,0.));
#2059=DIRECTION('',(0.,0.,1.));
#2060=DIRECTION('',(0.,1.,0.));
#2061=DIRECTION('center_axis',(0.,0.,1.));
#2062=DIRECTION('ref_axis',(1.,0.,0.));
#2063=DIRECTION('',(0.,1.,0.));
#2064=DIRECTION('',(1.,0.,0.));
#2065=DIRECTION('center_axis',(-1.,0.,0.));
#2066=DIRECTION('ref_axis',(0.,0.,1.));
#2067=DIRECTION('',(0.,-1.,0.));
#2068=DIRECTION('',(0.,0.,-1.));
#2069=DIRECTION('center_axis',(0.,1.,0.));
#2070=DIRECTION('ref_axis',(0.,0.,1.));
#2071=DIRECTION('',(-1.,0.,0.));
#2072=DIRECTION('center_axis',(0.,0.,1.));
#2073=DIRECTION('ref_axis',(1.,0.,0.));
#2074=DIRECTION('center_axis',(-1.,0.,0.));
#2075=DIRECTION('ref_axis',(0.,0.,1.));
#2076=DIRECTION('',(0.,-1.,0.));
#2077=DIRECTION('',(0.,0.,-1.));
#2078=DIRECTION('',(0.,0.707106781186548,-0.707106781186547));
#2079=DIRECTION('',(0.,1.,0.));
#2080=DIRECTION('',(0.,0.,1.));
#2081=DIRECTION('center_axis',(0.,1.,0.));
#2082=DIRECTION('ref_axis',(1.,0.,0.));
#2083=DIRECTION('',(-1.,0.,0.));
#2084=DIRECTION('',(-1.,0.,0.));
#2085=DIRECTION('',(0.,0.,-1.));
#2086=DIRECTION('center_axis',(0.,0.,1.));
#2087=DIRECTION('ref_axis',(1.,0.,0.));
#2088=DIRECTION('',(1.,0.,0.));
#2089=DIRECTION('',(0.,-1.,0.));
#2090=DIRECTION('center_axis',(0.,0.707106781186547,0.707106781186548));
#2091=DIRECTION('ref_axis',(1.,0.,0.));
#2092=DIRECTION('',(-1.,0.,0.));
#2093=DIRECTION('',(0.,-0.707106781186548,0.707106781186547));
#2094=DIRECTION('center_axis',(1.,0.,0.));
#2095=DIRECTION('ref_axis',(0.,0.,-1.));
#2096=DIRECTION('',(0.,1.,0.));
#2097=DIRECTION('',(0.,0.,-1.));
#2098=DIRECTION('center_axis',(0.,1.,0.));
#2099=DIRECTION('ref_axis',(0.,0.,1.));
#2100=DIRECTION('',(1.,0.,0.));
#2101=DIRECTION('center_axis',(0.,0.,-1.));
#2102=DIRECTION('ref_axis',(-1.,0.,0.));
#2103=DIRECTION('',(0.,0.,1.));
#2104=DIRECTION('',(1.,0.,0.));
#2105=DIRECTION('center_axis',(0.,0.,1.));
#2106=DIRECTION('ref_axis',(-1.,0.,0.));
#2107=DIRECTION('',(-1.,0.,0.));
#2108=DIRECTION('',(0.,-1.,0.));
#2109=DIRECTION('',(-1.,0.,0.));
#2110=DIRECTION('',(0.,-1.,0.));
#2111=DIRECTION('center_axis',(1.,0.,0.));
#2112=DIRECTION('ref_axis',(0.,0.,1.));
#2113=DIRECTION('',(0.,0.,1.));
#2114=DIRECTION('',(0.,-1.,0.));
#2115=DIRECTION('',(0.,0.,1.));
#2116=DIRECTION('center_axis',(0.,0.,-1.));
#2117=DIRECTION('ref_axis',(1.,0.,0.));
#2118=DIRECTION('',(1.,0.,0.));
#2119=DIRECTION('',(0.,-1.,0.));
#2120=DIRECTION('',(1.,0.,0.));
#2121=DIRECTION('center_axis',(-1.,0.,2.05692084228839E-17));
#2122=DIRECTION('ref_axis',(-2.05692084228839E-17,0.,-1.));
#2123=DIRECTION('',(-2.05692084228839E-17,0.,-1.));
#2124=DIRECTION('',(-2.05692084228839E-17,0.,-1.));
#2125=DIRECTION('center_axis',(0.,-1.,0.));
#2126=DIRECTION('ref_axis',(1.,0.,0.));
#2127=DIRECTION('center_axis',(0.,-1.,0.));
#2128=DIRECTION('ref_axis',(0.,0.,-1.));
#2129=DIRECTION('center_axis',(1.,0.,0.));
#2130=DIRECTION('ref_axis',(0.,0.,1.));
#2131=DIRECTION('',(0.,0.,1.));
#2132=DIRECTION('',(0.,-1.,0.));
#2133=DIRECTION('',(0.,0.,1.));
#2134=DIRECTION('',(0.,-1.,0.));
#2135=DIRECTION('center_axis',(0.,0.,-1.));
#2136=DIRECTION('ref_axis',(1.,0.,0.));
#2137=DIRECTION('',(1.,0.,0.));
#2138=DIRECTION('',(0.,-1.,0.));
#2139=DIRECTION('',(1.,0.,0.));
#2140=DIRECTION('center_axis',(-1.,0.,0.));
#2141=DIRECTION('ref_axis',(0.,0.,-1.));
#2142=DIRECTION('',(0.,0.,-1.));
#2143=DIRECTION('',(0.,-1.,0.));
#2144=DIRECTION('',(0.,0.,-1.));
#2145=DIRECTION('center_axis',(0.,0.,1.));
#2146=DIRECTION('ref_axis',(-1.,0.,0.));
#2147=DIRECTION('',(-1.,0.,0.));
#2148=DIRECTION('',(-1.,0.,0.));
#2149=DIRECTION('center_axis',(0.,-1.,0.));
#2150=DIRECTION('ref_axis',(1.,0.,0.));
#2151=DIRECTION('center_axis',(0.,-1.,0.));
#2152=DIRECTION('ref_axis',(0.,0.,-1.));
#2153=DIRECTION('center_axis',(0.,1.,0.));
#2154=DIRECTION('ref_axis',(-1.,0.,0.));
#2155=DIRECTION('center_axis',(0.,-1.,0.));
#2156=DIRECTION('ref_axis',(-1.,0.,0.));
#2157=DIRECTION('',(0.,1.,0.));
#2158=DIRECTION('center_axis',(0.,1.,0.));
#2159=DIRECTION('ref_axis',(-1.,0.,0.));
#2160=DIRECTION('',(0.,-1.,0.));
#2161=DIRECTION('center_axis',(0.,-1.,0.));
#2162=DIRECTION('ref_axis',(0.,0.,-1.));
#2163=DIRECTION('',(1.,0.,0.));
#2164=DIRECTION('',(-1.50204700682571E-16,0.,-1.));
#2165=DIRECTION('',(1.,0.,0.));
#2166=DIRECTION('',(0.,0.,1.));
#2167=DIRECTION('',(1.,0.,0.));
#2168=DIRECTION('center_axis',(0.,0.,1.));
#2169=DIRECTION('ref_axis',(1.,0.,0.));
#2170=DIRECTION('',(1.,0.,0.));
#2171=DIRECTION('',(0.,1.,0.));
#2172=DIRECTION('center_axis',(0.,-1.,0.));
#2173=DIRECTION('ref_axis',(1.,0.,0.));
#2174=DIRECTION('',(1.,0.,0.));
#2175=DIRECTION('',(0.,0.,1.));
#2176=DIRECTION('',(-1.,0.,0.));
#2177=DIRECTION('',(-1.50204700682571E-16,0.,-1.));
#2178=DIRECTION('center_axis',(0.,0.,1.));
#2179=DIRECTION('ref_axis',(1.,0.,0.));
#2180=DIRECTION('',(0.,1.,0.));
#2181=DIRECTION('center_axis',(1.,0.,-1.50204700682571E-16));
#2182=DIRECTION('ref_axis',(-1.50204700682571E-16,0.,-1.));
#2183=DIRECTION('',(0.,-1.,0.));
#2184=DIRECTION('center_axis',(-1.,0.,0.));
#2185=DIRECTION('ref_axis',(0.,0.,1.));
#2186=DIRECTION('',(0.,1.,0.));
#2187=DIRECTION('center_axis',(0.,0.,-1.));
#2188=DIRECTION('ref_axis',(-1.,0.,0.));
#2189=DIRECTION('center_axis',(0.,1.,0.));
#2190=DIRECTION('ref_axis',(-1.,0.,0.));
#2191=DIRECTION('center_axis',(0.,-1.,0.));
#2192=DIRECTION('ref_axis',(-1.,0.,0.));
#2193=DIRECTION('',(0.,1.,0.));
#2194=DIRECTION('center_axis',(0.,1.,0.));
#2195=DIRECTION('ref_axis',(-1.,0.,0.));
#2196=DIRECTION('',(0.,-1.,0.));
#2197=DIRECTION('center_axis',(0.,-1.,0.));
#2198=DIRECTION('ref_axis',(0.,0.,-1.));
#2199=DIRECTION('',(-1.,0.,0.));
#2200=DIRECTION('',(-1.50204700682571E-16,0.,-1.));
#2201=DIRECTION('',(-1.,0.,0.));
#2202=DIRECTION('',(0.,0.,1.));
#2203=DIRECTION('',(-1.,0.,0.));
#2204=DIRECTION('center_axis',(0.,0.,-1.));
#2205=DIRECTION('ref_axis',(-1.,0.,0.));
#2206=DIRECTION('',(-1.,0.,0.));
#2207=DIRECTION('',(0.,-1.,0.));
#2208=DIRECTION('center_axis',(0.,0.,-1.));
#2209=DIRECTION('ref_axis',(-1.,0.,0.));
#2210=DIRECTION('',(0.,1.,0.));
#2211=DIRECTION('',(-1.,0.,0.));
#2212=DIRECTION('center_axis',(1.,0.,-1.50204700682571E-16));
#2213=DIRECTION('ref_axis',(-1.50204700682571E-16,0.,-1.));
#2214=DIRECTION('',(-1.50204700682571E-16,0.,-1.));
#2215=DIRECTION('',(0.,1.,0.));
#2216=DIRECTION('center_axis',(0.,-1.,0.));
#2217=DIRECTION('ref_axis',(1.,0.,0.));
#2218=DIRECTION('',(0.,0.,1.));
#2219=DIRECTION('',(-1.,0.,0.));
#2220=DIRECTION('center_axis',(0.,0.,-1.));
#2221=DIRECTION('ref_axis',(-1.,0.,0.));
#2222=DIRECTION('',(0.,1.,0.));
#2223=DIRECTION('center_axis',(-1.,0.,0.));
#2224=DIRECTION('ref_axis',(0.,0.,1.));
#2225=DIRECTION('',(0.,0.,1.));
#2226=DIRECTION('',(1.,0.,0.));
#2227=DIRECTION('',(0.,0.,1.));
#2228=DIRECTION('',(1.,0.,0.));
#2229=DIRECTION('',(0.,0.,1.));
#2230=DIRECTION('',(1.,0.,0.));
#2231=CARTESIAN_POINT('',(0.,0.,0.));
#2232=CARTESIAN_POINT('',(0.,0.,0.));
#2233=CARTESIAN_POINT('Origin',(452.4248,580.136,254.889));
#2234=CARTESIAN_POINT('',(30.1752,11.9888,254.889));
#2235=CARTESIAN_POINT('',(452.4248,11.9888,254.889));
#2236=CARTESIAN_POINT('',(346.8624,11.9888,254.889));
#2237=CARTESIAN_POINT('',(452.4248,592.1248,254.889));
#2238=CARTESIAN_POINT('',(452.4248,580.136,254.889));
#2239=CARTESIAN_POINT('',(30.1752,592.1248,254.889));
#2240=CARTESIAN_POINT('',(346.8624,592.1248,254.889));
#2241=CARTESIAN_POINT('',(30.1752,580.136,254.889));
#2242=CARTESIAN_POINT('Origin',(452.4248,580.136,242.9002));
#2243=CARTESIAN_POINT('',(452.4248,11.9888,242.9002));
#2244=CARTESIAN_POINT('',(452.4248,11.9888,190.3349));
#2245=CARTESIAN_POINT('',(452.4248,592.1248,242.9002));
#2246=CARTESIAN_POINT('',(452.4248,580.136,242.9002));
#2247=CARTESIAN_POINT('',(452.4248,592.1248,245.8974));
#2248=CARTESIAN_POINT('Origin',(30.1752,580.136,242.9002));
#2249=CARTESIAN_POINT('',(30.1752,11.9888,242.9002));
#2250=CARTESIAN_POINT('',(135.7376,11.9888,242.9002));
#2251=CARTESIAN_POINT('',(30.1752,592.1248,242.9002));
#2252=CARTESIAN_POINT('',(30.1752,580.136,242.9002));
#2253=CARTESIAN_POINT('',(135.7376,592.1248,242.9002));
#2254=CARTESIAN_POINT('Origin',(30.1752,580.136,254.889));
#2255=CARTESIAN_POINT('',(30.1752,11.9888,196.3293));
#2256=CARTESIAN_POINT('',(30.1752,592.1248,251.8918));
#2257=CARTESIAN_POINT('Origin',(241.3,592.1248,248.8946));
#2258=CARTESIAN_POINT('Origin',(241.3,11.9888,137.7696));
#2259=CARTESIAN_POINT('Origin',(452.4248,580.136,20.6502));
#2260=CARTESIAN_POINT('',(452.4248,11.9888,32.639));
#2261=CARTESIAN_POINT('',(452.4248,11.9888,20.6502));
#2262=CARTESIAN_POINT('',(452.4248,11.9888,79.2099));
#2263=CARTESIAN_POINT('',(452.4248,592.1248,20.6502));
#2264=CARTESIAN_POINT('',(452.4248,580.136,20.6502));
#2265=CARTESIAN_POINT('',(452.4248,592.1248,32.639));
#2266=CARTESIAN_POINT('',(452.4248,592.1248,23.6474));
#2267=CARTESIAN_POINT('',(452.4248,580.136,32.639));
#2268=CARTESIAN_POINT('Origin',(30.1752,580.136,20.6502));
#2269=CARTESIAN_POINT('',(30.1752,11.9888,20.6502));
#2270=CARTESIAN_POINT('',(135.7376,11.9888,20.6502));
#2271=CARTESIAN_POINT('',(30.1752,592.1248,20.6502));
#2272=CARTESIAN_POINT('',(30.1752,580.136,20.6502));
#2273=CARTESIAN_POINT('',(135.7376,592.1248,20.6502));
#2274=CARTESIAN_POINT('Origin',(30.1752,580.136,32.639));
#2275=CARTESIAN_POINT('',(30.1752,11.9888,32.639));
#2276=CARTESIAN_POINT('',(30.1752,11.9888,85.2043));
#2277=CARTESIAN_POINT('',(30.1752,592.1248,32.639));
#2278=CARTESIAN_POINT('',(30.1752,580.136,32.639));
#2279=CARTESIAN_POINT('',(30.1752,592.1248,29.6418));
#2280=CARTESIAN_POINT('Origin',(452.4248,580.136,32.639));
#2281=CARTESIAN_POINT('',(346.8624,11.9888,32.639));
#2282=CARTESIAN_POINT('',(346.8624,592.1248,32.639));
#2283=CARTESIAN_POINT('Origin',(241.3,592.1248,26.6446));
#2284=CARTESIAN_POINT('Origin',(241.3,11.9888,137.7696));
#2285=CARTESIAN_POINT('Origin',(241.3,0.,490.5248));
#2286=CARTESIAN_POINT('',(214.3125,11.9888,490.5248));
#2287=CARTESIAN_POINT('',(268.2875,11.9888,490.5248));
#2288=CARTESIAN_POINT('Origin',(241.3,11.9888,490.5248));
#2289=CARTESIAN_POINT('',(214.3125,0.,490.5248));
#2290=CARTESIAN_POINT('',(214.3125,0.,490.5248));
#2291=CARTESIAN_POINT('',(268.2875,0.,490.5248));
#2292=CARTESIAN_POINT('Origin',(241.3,0.,490.5248));
#2293=CARTESIAN_POINT('',(268.2875,0.,490.5248));
#2294=CARTESIAN_POINT('Origin',(241.3,11.9888,254.));
#2295=CARTESIAN_POINT('',(465.1248,11.9888,490.5248));
#2296=CARTESIAN_POINT('',(129.3876,11.9888,490.5248));
#2297=CARTESIAN_POINT('',(465.1248,11.9888,242.9002));
#2298=CARTESIAN_POINT('',(465.1248,11.9888,372.2624));
#2299=CARTESIAN_POINT('',(17.4752,11.9888,242.9002));
#2300=CARTESIAN_POINT('',(241.3,11.9888,242.9002));
#2301=CARTESIAN_POINT('',(17.4752,11.9888,490.5248));
#2302=CARTESIAN_POINT('',(17.4752,11.9888,135.7376));
#2303=CARTESIAN_POINT('',(129.3876,11.9888,490.5248));
#2304=CARTESIAN_POINT('Origin',(17.4752,0.,490.5248));
#2305=CARTESIAN_POINT('',(465.1248,0.,490.5248));
#2306=CARTESIAN_POINT('',(17.4752,0.,490.5248));
#2307=CARTESIAN_POINT('',(465.1248,0.,490.5248));
#2308=CARTESIAN_POINT('Origin',(241.3,0.,254.));
#2309=CARTESIAN_POINT('',(17.4752,0.,490.5248));
#2310=CARTESIAN_POINT('',(17.4752,0.,490.5248));
#2311=CARTESIAN_POINT('',(17.4752,0.,242.9002));
#2312=CARTESIAN_POINT('',(17.4752,0.,17.4752));
#2313=CARTESIAN_POINT('',(465.1248,0.,242.9002));
#2314=CARTESIAN_POINT('',(241.3,0.,242.9002));
#2315=CARTESIAN_POINT('',(465.1248,0.,490.5248));
#2316=CARTESIAN_POINT('Origin',(17.4752,0.,490.5248));
#2317=CARTESIAN_POINT('',(17.4752,0.,490.5248));
#2318=CARTESIAN_POINT('Origin',(465.1248,0.,490.5248));
#2319=CARTESIAN_POINT('',(465.1248,2.9972,242.9002));
#2320=CARTESIAN_POINT('Origin',(17.4752,0.,17.4752));
#2321=CARTESIAN_POINT('',(17.4752,2.9972,242.9002));
#2322=CARTESIAN_POINT('Origin',(241.3,5.9944,242.9002));
#2323=CARTESIAN_POINT('Origin',(241.3,0.,240.3602));
#2324=CARTESIAN_POINT('',(214.3125,11.9888,240.3602));
#2325=CARTESIAN_POINT('',(268.2875,11.9888,240.3602));
#2326=CARTESIAN_POINT('Origin',(241.3,11.9888,240.3602));
#2327=CARTESIAN_POINT('',(214.3125,0.,240.3602));
#2328=CARTESIAN_POINT('',(214.3125,0.,240.3602));
#2329=CARTESIAN_POINT('',(268.2875,0.,240.3602));
#2330=CARTESIAN_POINT('Origin',(241.3,0.,240.3602));
#2331=CARTESIAN_POINT('',(268.2875,0.,240.3602));
#2332=CARTESIAN_POINT('Origin',(241.3,11.9888,254.));
#2333=CARTESIAN_POINT('',(465.1248,11.9888,240.3602));
#2334=CARTESIAN_POINT('',(241.3,11.9888,240.3602));
#2335=CARTESIAN_POINT('',(465.1248,11.9888,17.4752));
#2336=CARTESIAN_POINT('',(465.1248,11.9888,372.2624));
#2337=CARTESIAN_POINT('',(17.4752,11.9888,17.4752));
#2338=CARTESIAN_POINT('',(353.2124,11.9888,17.4752));
#2339=CARTESIAN_POINT('',(17.4752,11.9888,240.3602));
#2340=CARTESIAN_POINT('',(17.4752,11.9888,135.7376));
#2341=CARTESIAN_POINT('',(241.3,11.9888,240.3602));
#2342=CARTESIAN_POINT('Origin',(241.3,5.9944,240.3602));
#2343=CARTESIAN_POINT('',(465.1248,0.,240.3602));
#2344=CARTESIAN_POINT('',(241.3,0.,240.3602));
#2345=CARTESIAN_POINT('',(465.1248,2.9972,240.3602));
#2346=CARTESIAN_POINT('Origin',(241.3,5.9944,240.3602));
#2347=CARTESIAN_POINT('',(17.4752,0.,240.3602));
#2348=CARTESIAN_POINT('',(17.4752,2.9972,240.3602));
#2349=CARTESIAN_POINT('',(241.3,0.,240.3602));
#2350=CARTESIAN_POINT('Origin',(465.1248,0.,490.5248));
#2351=CARTESIAN_POINT('',(465.1248,0.,17.4752));
#2352=CARTESIAN_POINT('',(465.1248,0.,490.5248));
#2353=CARTESIAN_POINT('',(465.1248,0.,17.4752));
#2354=CARTESIAN_POINT('Origin',(241.3,0.,254.));
#2355=CARTESIAN_POINT('',(17.4752,0.,17.4752));
#2356=CARTESIAN_POINT('',(17.4752,0.,17.4752));
#2357=CARTESIAN_POINT('',(465.1248,0.,17.4752));
#2358=CARTESIAN_POINT('Origin',(465.1248,0.,17.4752));
#2359=CARTESIAN_POINT('',(17.4752,0.,17.4752));
#2360=CARTESIAN_POINT('Origin',(17.4752,0.,17.4752));
#2361=CARTESIAN_POINT('',(0.,0.,0.));
#2362=CARTESIAN_POINT('',(0.,0.,0.));
#2363=CARTESIAN_POINT('Origin',(129.3876,7.9375,7.9375));
#2364=CARTESIAN_POINT('',(482.6,0.,15.875));
#2365=CARTESIAN_POINT('',(2.23425747608728E-32,0.,15.875));
#2366=CARTESIAN_POINT('',(129.3876,0.,15.875));
#2367=CARTESIAN_POINT('',(15.875,15.875,0.));
#2368=CARTESIAN_POINT('',(2.23425747608728E-32,0.,15.875));
#2369=CARTESIAN_POINT('',(466.725,15.875,0.));
#2370=CARTESIAN_POINT('',(129.3876,15.875,0.));
#2371=CARTESIAN_POINT('',(466.725,15.875,0.));
#2372=CARTESIAN_POINT('Origin',(7.9375,17.4752,7.9375));
#2373=CARTESIAN_POINT('',(15.875,595.2998,0.));
#2374=CARTESIAN_POINT('',(15.875,17.4752,0.));
#2375=CARTESIAN_POINT('',(0.,611.1748,15.875));
#2376=CARTESIAN_POINT('',(0.,17.4752,15.875));
#2377=CARTESIAN_POINT('',(0.,611.1748,15.875));
#2378=CARTESIAN_POINT('Origin',(129.3876,603.2373,7.9375));
#2379=CARTESIAN_POINT('',(466.725,595.2998,0.));
#2380=CARTESIAN_POINT('',(129.3876,595.2998,0.));
#2381=CARTESIAN_POINT('',(482.6,611.1748,15.875));
#2382=CARTESIAN_POINT('',(129.3876,611.1748,15.875));
#2383=CARTESIAN_POINT('',(466.725,595.2998,0.));
#2384=CARTESIAN_POINT('Origin',(474.6625,17.4752,7.93749999999999));
#2385=CARTESIAN_POINT('',(482.6,17.4752,15.875));
#2386=CARTESIAN_POINT('',(466.725,17.4752,0.));
#2387=CARTESIAN_POINT('Origin',(0.,17.4752,0.));
#2388=CARTESIAN_POINT('',(2.45947062967687E-32,0.,17.4752));
#2389=CARTESIAN_POINT('',(7.39557098644699E-31,0.,525.4752));
#2390=CARTESIAN_POINT('',(0.,611.1748,17.4752));
#2391=CARTESIAN_POINT('',(0.,161.5313,17.4752));
#2392=CARTESIAN_POINT('',(0.,611.1748,525.4752));
#2393=CARTESIAN_POINT('Origin',(241.3,0.,262.7376));
#2394=CARTESIAN_POINT('',(482.6,0.,17.4752));
#2395=CARTESIAN_POINT('',(482.6,0.,1.23259516440783E-30));
#2396=CARTESIAN_POINT('',(241.3,0.,17.4752));
#2397=CARTESIAN_POINT('Origin',(17.4752,17.4752,0.));
#2398=CARTESIAN_POINT('Origin',(482.6,17.4752,525.4752));
#2399=CARTESIAN_POINT('',(482.6,611.1748,17.4752));
#2400=CARTESIAN_POINT('',(482.6,611.1748,0.));
#2401=CARTESIAN_POINT('',(482.6,161.5313,17.4752));
#2402=CARTESIAN_POINT('Origin',(17.4752,17.4752,17.4752));
#2403=CARTESIAN_POINT('',(241.3,611.1748,17.4752));
#2404=CARTESIAN_POINT('Origin',(241.3,611.1748,262.7376));
#2405=CARTESIAN_POINT('Origin',(465.1248,17.4752,508.));
#2406=CARTESIAN_POINT('',(465.1248,592.1248,508.));
#2407=CARTESIAN_POINT('',(465.1248,592.1248,490.5248));
#2408=CARTESIAN_POINT('',(465.1248,592.1248,503.6312));
#2409=CARTESIAN_POINT('',(465.1248,17.4752,508.));
#2410=CARTESIAN_POINT('',(465.1248,17.4752,508.));
#2411=CARTESIAN_POINT('',(465.1248,17.4752,490.5248));
#2412=CARTESIAN_POINT('',(465.1248,17.4752,525.4752));
#2413=CARTESIAN_POINT('',(465.1248,17.4752,490.5248));
#2414=CARTESIAN_POINT('Origin',(17.4752,17.4752,508.));
#2415=CARTESIAN_POINT('',(17.4752,592.1248,508.));
#2416=CARTESIAN_POINT('',(129.3876,592.1248,508.));
#2417=CARTESIAN_POINT('',(17.4752,17.4752,508.));
#2418=CARTESIAN_POINT('',(17.4752,17.4752,508.));
#2419=CARTESIAN_POINT('',(0.,17.4752,508.));
#2420=CARTESIAN_POINT('Origin',(17.4752,17.4752,490.5248));
#2421=CARTESIAN_POINT('',(17.4752,592.1248,490.5248));
#2422=CARTESIAN_POINT('',(17.4752,592.1248,494.8936));
#2423=CARTESIAN_POINT('',(17.4752,17.4752,490.5248));
#2424=CARTESIAN_POINT('',(17.4752,17.4752,490.5248));
#2425=CARTESIAN_POINT('',(17.4752,17.4752,525.4752));
#2426=CARTESIAN_POINT('Origin',(465.1248,17.4752,490.5248));
#2427=CARTESIAN_POINT('',(353.2124,592.1248,490.5248));
#2428=CARTESIAN_POINT('',(0.,17.4752,490.5248));
#2429=CARTESIAN_POINT('Origin',(241.3,17.4752,499.2624));
#2430=CARTESIAN_POINT('Origin',(241.3,592.1248,499.2624));
#2431=CARTESIAN_POINT('Origin',(473.0623,17.4752,517.5377));
#2432=CARTESIAN_POINT('',(480.9998,611.1748,525.4752));
#2433=CARTESIAN_POINT('',(465.1248,611.1748,509.6002));
#2434=CARTESIAN_POINT('',(351.4217,611.1748,395.8971));
#2435=CARTESIAN_POINT('',(465.1248,0.,509.6002));
#2436=CARTESIAN_POINT('',(465.1248,17.4752,509.6002));
#2437=CARTESIAN_POINT('',(480.9998,0.,525.4752));
#2438=CARTESIAN_POINT('',(351.4217,1.11022302462516E-15,395.8971));
#2439=CARTESIAN_POINT('',(480.9998,17.4752,525.4752));
#2440=CARTESIAN_POINT('Origin',(241.3,0.,262.7376));
#2441=CARTESIAN_POINT('',(465.1248,0.,17.4752));
#2442=CARTESIAN_POINT('',(465.1248,0.,131.3688));
#2443=CARTESIAN_POINT('',(482.6,0.,17.4752));
#2444=CARTESIAN_POINT('',(241.3,0.,17.4752));
#2445=CARTESIAN_POINT('',(482.6,0.,525.4752));
#2446=CARTESIAN_POINT('',(482.6,0.,1.23259516440783E-30));
#2447=CARTESIAN_POINT('',(482.6,0.,525.4752));
#2448=CARTESIAN_POINT('Origin',(465.1248,17.4752,0.));
#2449=CARTESIAN_POINT('',(465.1248,611.1748,17.4752));
#2450=CARTESIAN_POINT('',(465.1248,611.1748,131.3688));
#2451=CARTESIAN_POINT('',(465.1248,161.5313,17.4752));
#2452=CARTESIAN_POINT('Origin',(0.,17.4752,525.4752));
#2453=CARTESIAN_POINT('',(482.6,611.1748,525.4752));
#2454=CARTESIAN_POINT('',(482.6,17.4752,525.4752));
#2455=CARTESIAN_POINT('',(482.6,611.1748,525.4752));
#2456=CARTESIAN_POINT('Origin',(241.3,611.1748,262.7376));
#2457=CARTESIAN_POINT('',(482.6,611.1748,17.4752));
#2458=CARTESIAN_POINT('',(482.6,611.1748,0.));
#2459=CARTESIAN_POINT('',(241.3,611.1748,17.4752));
#2460=CARTESIAN_POINT('Origin',(482.6,17.4752,525.4752));
#2461=CARTESIAN_POINT('',(482.6,161.5313,17.4752));
#2462=CARTESIAN_POINT('Origin',(241.3,305.5874,17.4752));
#2463=CARTESIAN_POINT('Origin',(9.53770000000001,17.4752,517.5377));
#2464=CARTESIAN_POINT('',(1.60020000000003,0.,525.4752));
#2465=CARTESIAN_POINT('',(17.4752,0.,509.6002));
#2466=CARTESIAN_POINT('',(131.1783,-1.11022302462516E-15,395.8971));
#2467=CARTESIAN_POINT('',(17.4752,611.1748,509.6002));
#2468=CARTESIAN_POINT('',(17.4752,17.4752,509.6002));
#2469=CARTESIAN_POINT('',(1.60020000000003,611.1748,525.4752));
#2470=CARTESIAN_POINT('',(131.1783,611.1748,395.8971));
#2471=CARTESIAN_POINT('',(1.60020000000001,17.4752,525.4752));
#2472=CARTESIAN_POINT('Origin',(241.3,611.1748,262.7376));
#2473=CARTESIAN_POINT('',(17.4752,611.1748,17.4752));
#2474=CARTESIAN_POINT('',(17.4752,611.1748,394.1064));
#2475=CARTESIAN_POINT('',(0.,611.1748,17.4752));
#2476=CARTESIAN_POINT('',(241.3,611.1748,17.4752));
#2477=CARTESIAN_POINT('',(0.,611.1748,525.4752));
#2478=CARTESIAN_POINT('',(0.,611.1748,525.4752));
#2479=CARTESIAN_POINT('',(482.6,611.1748,525.4752));
#2480=CARTESIAN_POINT('Origin',(17.4752,17.4752,525.4752));
#2481=CARTESIAN_POINT('',(17.4752,0.,17.4752));
#2482=CARTESIAN_POINT('',(17.4752,0.,394.1064));
#2483=CARTESIAN_POINT('',(17.4752,161.5313,17.4752));
#2484=CARTESIAN_POINT('Origin',(0.,17.4752,0.));
#2485=CARTESIAN_POINT('',(2.45947062967687E-32,0.,17.4752));
#2486=CARTESIAN_POINT('',(0.,161.5313,17.4752));
#2487=CARTESIAN_POINT('',(7.39557098644699E-31,0.,525.4752));
#2488=CARTESIAN_POINT('',(7.39557098644699E-31,0.,525.4752));
#2489=CARTESIAN_POINT('',(0.,17.4752,525.4752));
#2490=CARTESIAN_POINT('Origin',(241.3,0.,262.7376));
#2491=CARTESIAN_POINT('',(482.6,0.,525.4752));
#2492=CARTESIAN_POINT('',(241.3,0.,17.4752));
#2493=CARTESIAN_POINT('Origin',(0.,17.4752,525.4752));
#2494=CARTESIAN_POINT('Origin',(241.3,305.5874,17.4752));
#2495=CARTESIAN_POINT('Origin',(120.65,600.0623,517.5377));
#2496=CARTESIAN_POINT('',(17.4752,607.9998,525.4752));
#2497=CARTESIAN_POINT('',(17.4752,592.1248,509.6002));
#2498=CARTESIAN_POINT('',(17.4752,456.3999,373.8753));
#2499=CARTESIAN_POINT('',(465.1248,592.1248,509.6002));
#2500=CARTESIAN_POINT('',(120.65,592.1248,509.6002));
#2501=CARTESIAN_POINT('',(465.1248,607.9998,525.4752));
#2502=CARTESIAN_POINT('',(465.1248,325.0311,242.5065));
#2503=CARTESIAN_POINT('',(120.65,607.9998,525.4752));
#2504=CARTESIAN_POINT('Origin',(241.3,592.1248,262.7376));
#2505=CARTESIAN_POINT('',(17.4752,592.1248,17.4752));
#2506=CARTESIAN_POINT('',(17.4752,592.1248,17.4752));
#2507=CARTESIAN_POINT('',(465.1248,592.1248,17.4752));
#2508=CARTESIAN_POINT('',(129.3876,592.1248,17.4752));
#2509=CARTESIAN_POINT('',(465.1248,592.1248,17.4752));
#2510=CARTESIAN_POINT('Origin',(17.4752,17.4752,525.4752));
#2511=CARTESIAN_POINT('',(17.4752,611.1748,525.4752));
#2512=CARTESIAN_POINT('',(17.4752,17.4752,525.4752));
#2513=CARTESIAN_POINT('',(17.4752,611.1748,17.4752));
#2514=CARTESIAN_POINT('',(17.4752,611.1748,394.1064));
#2515=CARTESIAN_POINT('',(17.4752,161.5313,17.4752));
#2516=CARTESIAN_POINT('Origin',(0.,17.4752,525.4752));
#2517=CARTESIAN_POINT('',(465.1248,611.1748,525.4752));
#2518=CARTESIAN_POINT('',(465.1248,17.4752,525.4752));
#2519=CARTESIAN_POINT('',(482.6,611.1748,525.4752));
#2520=CARTESIAN_POINT('Origin',(465.1248,17.4752,0.));
#2521=CARTESIAN_POINT('',(465.1248,611.1748,17.4752));
#2522=CARTESIAN_POINT('',(465.1248,161.5313,17.4752));
#2523=CARTESIAN_POINT('',(465.1248,611.1748,131.3688));
#2524=CARTESIAN_POINT('Origin',(241.3,611.1748,262.7376));
#2525=CARTESIAN_POINT('',(241.3,611.1748,17.4752));
#2526=CARTESIAN_POINT('Origin',(241.3,305.5874,17.4752));
#2527=CARTESIAN_POINT('Origin',(465.1248,17.4752,0.));
#2528=CARTESIAN_POINT('',(465.1248,17.4752,490.5248));
#2529=CARTESIAN_POINT('',(465.1248,0.,490.5248));
#2530=CARTESIAN_POINT('',(465.1248,13.1064,490.5248));
#2531=CARTESIAN_POINT('',(465.1248,17.4752,509.6002));
#2532=CARTESIAN_POINT('',(465.1248,17.4752,17.4752));
#2533=CARTESIAN_POINT('',(465.1248,1.6002,525.4752));
#2534=CARTESIAN_POINT('',(465.1248,140.9065,386.1689));
#2535=CARTESIAN_POINT('',(465.1248,0.,525.4752));
#2536=CARTESIAN_POINT('',(465.1248,17.4752,525.4752));
#2537=CARTESIAN_POINT('',(465.1248,0.,131.3688));
#2538=CARTESIAN_POINT('Origin',(241.3,0.,262.7376));
#2539=CARTESIAN_POINT('',(17.4752,0.,490.5248));
#2540=CARTESIAN_POINT('',(241.3,0.,490.5248));
#2541=CARTESIAN_POINT('',(17.4752,0.,525.4752));
#2542=CARTESIAN_POINT('',(482.6,0.,525.4752));
#2543=CARTESIAN_POINT('',(17.4752,0.,394.1064));
#2544=CARTESIAN_POINT('Origin',(0.,17.4752,525.4752));
#2545=CARTESIAN_POINT('',(17.4752,1.6002,525.4752));
#2546=CARTESIAN_POINT('',(120.65,1.6002,525.4752));
#2547=CARTESIAN_POINT('',(17.4752,17.4752,525.4752));
#2548=CARTESIAN_POINT('Origin',(120.65,9.5377,517.5377));
#2549=CARTESIAN_POINT('',(17.4752,17.4752,509.6002));
#2550=CARTESIAN_POINT('',(120.65,17.4752,509.6002));
#2551=CARTESIAN_POINT('',(17.4752,9.53770000000001,517.5377));
#2552=CARTESIAN_POINT('Origin',(17.4752,17.4752,525.4752));
#2553=CARTESIAN_POINT('',(17.4752,17.4752,490.5248));
#2554=CARTESIAN_POINT('',(17.4752,13.1064,490.5248));
#2555=CARTESIAN_POINT('',(17.4752,17.4752,17.4752));
#2556=CARTESIAN_POINT('Origin',(241.3,17.4752,262.7376));
#2557=CARTESIAN_POINT('',(241.3,17.4752,490.5248));
#2558=CARTESIAN_POINT('Origin',(241.3,8.7376,490.5248));
#2559=CARTESIAN_POINT('',(0.,0.,0.));
#2560=CARTESIAN_POINT('Origin',(452.4248,580.136,254.889));
#2561=CARTESIAN_POINT('',(30.1752,11.9888,254.889));
#2562=CARTESIAN_POINT('',(452.4248,11.9888,254.889));
#2563=CARTESIAN_POINT('',(346.8624,11.9888,254.889));
#2564=CARTESIAN_POINT('',(452.4248,592.1248,254.889));
#2565=CARTESIAN_POINT('',(452.4248,580.136,254.889));
#2566=CARTESIAN_POINT('',(30.1752,592.1248,254.889));
#2567=CARTESIAN_POINT('',(346.8624,592.1248,254.889));
#2568=CARTESIAN_POINT('',(30.1752,580.136,254.889));
#2569=CARTESIAN_POINT('Origin',(452.4248,580.136,242.9002));
#2570=CARTESIAN_POINT('',(452.4248,11.9888,242.9002));
#2571=CARTESIAN_POINT('',(452.4248,11.9888,190.3349));
#2572=CARTESIAN_POINT('',(452.4248,592.1248,242.9002));
#2573=CARTESIAN_POINT('',(452.4248,580.136,242.9002));
#2574=CARTESIAN_POINT('',(452.4248,592.1248,245.8974));
#2575=CARTESIAN_POINT('Origin',(30.1752,580.136,242.9002));
#2576=CARTESIAN_POINT('',(30.1752,11.9888,242.9002));
#2577=CARTESIAN_POINT('',(135.7376,11.9888,242.9002));
#2578=CARTESIAN_POINT('',(30.1752,592.1248,242.9002));
#2579=CARTESIAN_POINT('',(30.1752,580.136,242.9002));
#2580=CARTESIAN_POINT('',(135.7376,592.1248,242.9002));
#2581=CARTESIAN_POINT('Origin',(30.1752,580.136,254.889));
#2582=CARTESIAN_POINT('',(30.1752,11.9888,196.3293));
#2583=CARTESIAN_POINT('',(30.1752,592.1248,251.8918));
#2584=CARTESIAN_POINT('Origin',(241.3,592.1248,248.8946));
#2585=CARTESIAN_POINT('Origin',(241.3,11.9888,137.7696));
#2586=CARTESIAN_POINT('Origin',(452.4248,580.136,20.6502));
#2587=CARTESIAN_POINT('',(452.4248,11.9888,32.639));
#2588=CARTESIAN_POINT('',(452.4248,11.9888,20.6502));
#2589=CARTESIAN_POINT('',(452.4248,11.9888,79.2099));
#2590=CARTESIAN_POINT('',(452.4248,592.1248,20.6502));
#2591=CARTESIAN_POINT('',(452.4248,580.136,20.6502));
#2592=CARTESIAN_POINT('',(452.4248,592.1248,32.639));
#2593=CARTESIAN_POINT('',(452.4248,592.1248,23.6474));
#2594=CARTESIAN_POINT('',(452.4248,580.136,32.639));
#2595=CARTESIAN_POINT('Origin',(30.1752,580.136,20.6502));
#2596=CARTESIAN_POINT('',(30.1752,11.9888,20.6502));
#2597=CARTESIAN_POINT('',(135.7376,11.9888,20.6502));
#2598=CARTESIAN_POINT('',(30.1752,592.1248,20.6502));
#2599=CARTESIAN_POINT('',(30.1752,580.136,20.6502));
#2600=CARTESIAN_POINT('',(135.7376,592.1248,20.6502));
#2601=CARTESIAN_POINT('Origin',(30.1752,580.136,32.639));
#2602=CARTESIAN_POINT('',(30.1752,11.9888,32.639));
#2603=CARTESIAN_POINT('',(30.1752,11.9888,85.2043));
#2604=CARTESIAN_POINT('',(30.1752,592.1248,32.639));
#2605=CARTESIAN_POINT('',(30.1752,580.136,32.639));
#2606=CARTESIAN_POINT('',(30.1752,592.1248,29.6418));
#2607=CARTESIAN_POINT('Origin',(452.4248,580.136,32.639));
#2608=CARTESIAN_POINT('',(346.8624,11.9888,32.639));
#2609=CARTESIAN_POINT('',(346.8624,592.1248,32.639));
#2610=CARTESIAN_POINT('Origin',(241.3,592.1248,26.6446));
#2611=CARTESIAN_POINT('Origin',(241.3,11.9888,137.7696));
#2612=CARTESIAN_POINT('Origin',(241.3,0.,490.5248));
#2613=CARTESIAN_POINT('',(214.3125,11.9888,490.5248));
#2614=CARTESIAN_POINT('',(268.2875,11.9888,490.5248));
#2615=CARTESIAN_POINT('Origin',(241.3,11.9888,490.5248));
#2616=CARTESIAN_POINT('',(214.3125,0.,490.5248));
#2617=CARTESIAN_POINT('',(214.3125,0.,490.5248));
#2618=CARTESIAN_POINT('',(268.2875,0.,490.5248));
#2619=CARTESIAN_POINT('Origin',(241.3,0.,490.5248));
#2620=CARTESIAN_POINT('',(268.2875,0.,490.5248));
#2621=CARTESIAN_POINT('Origin',(241.3,11.9888,254.));
#2622=CARTESIAN_POINT('',(465.1248,11.9888,490.5248));
#2623=CARTESIAN_POINT('',(129.3876,11.9888,490.5248));
#2624=CARTESIAN_POINT('',(465.1248,11.9888,242.9002));
#2625=CARTESIAN_POINT('',(465.1248,11.9888,372.2624));
#2626=CARTESIAN_POINT('',(17.4752,11.9888,242.9002));
#2627=CARTESIAN_POINT('',(241.3,11.9888,242.9002));
#2628=CARTESIAN_POINT('',(17.4752,11.9888,490.5248));
#2629=CARTESIAN_POINT('',(17.4752,11.9888,135.7376));
#2630=CARTESIAN_POINT('',(129.3876,11.9888,490.5248));
#2631=CARTESIAN_POINT('Origin',(17.4752,0.,490.5248));
#2632=CARTESIAN_POINT('',(465.1248,0.,490.5248));
#2633=CARTESIAN_POINT('',(17.4752,0.,490.5248));
#2634=CARTESIAN_POINT('',(465.1248,0.,490.5248));
#2635=CARTESIAN_POINT('Origin',(241.3,0.,254.));
#2636=CARTESIAN_POINT('',(17.4752,0.,490.5248));
#2637=CARTESIAN_POINT('',(17.4752,0.,490.5248));
#2638=CARTESIAN_POINT('',(17.4752,0.,242.9002));
#2639=CARTESIAN_POINT('',(17.4752,0.,17.4752));
#2640=CARTESIAN_POINT('',(465.1248,0.,242.9002));
#2641=CARTESIAN_POINT('',(241.3,0.,242.9002));
#2642=CARTESIAN_POINT('',(465.1248,0.,490.5248));
#2643=CARTESIAN_POINT('Origin',(17.4752,0.,490.5248));
#2644=CARTESIAN_POINT('',(17.4752,0.,490.5248));
#2645=CARTESIAN_POINT('Origin',(465.1248,0.,490.5248));
#2646=CARTESIAN_POINT('',(465.1248,2.9972,242.9002));
#2647=CARTESIAN_POINT('Origin',(17.4752,0.,17.4752));
#2648=CARTESIAN_POINT('',(17.4752,2.9972,242.9002));
#2649=CARTESIAN_POINT('Origin',(241.3,5.9944,242.9002));
#2650=CARTESIAN_POINT('Origin',(241.3,0.,240.3602));
#2651=CARTESIAN_POINT('',(214.3125,11.9888,240.3602));
#2652=CARTESIAN_POINT('',(268.2875,11.9888,240.3602));
#2653=CARTESIAN_POINT('Origin',(241.3,11.9888,240.3602));
#2654=CARTESIAN_POINT('',(214.3125,0.,240.3602));
#2655=CARTESIAN_POINT('',(214.3125,0.,240.3602));
#2656=CARTESIAN_POINT('',(268.2875,0.,240.3602));
#2657=CARTESIAN_POINT('Origin',(241.3,0.,240.3602));
#2658=CARTESIAN_POINT('',(268.2875,0.,240.3602));
#2659=CARTESIAN_POINT('Origin',(241.3,11.9888,254.));
#2660=CARTESIAN_POINT('',(465.1248,11.9888,240.3602));
#2661=CARTESIAN_POINT('',(241.3,11.9888,240.3602));
#2662=CARTESIAN_POINT('',(465.1248,11.9888,17.4752));
#2663=CARTESIAN_POINT('',(465.1248,11.9888,372.2624));
#2664=CARTESIAN_POINT('',(17.4752,11.9888,17.4752));
#2665=CARTESIAN_POINT('',(353.2124,11.9888,17.4752));
#2666=CARTESIAN_POINT('',(17.4752,11.9888,240.3602));
#2667=CARTESIAN_POINT('',(17.4752,11.9888,135.7376));
#2668=CARTESIAN_POINT('',(241.3,11.9888,240.3602));
#2669=CARTESIAN_POINT('Origin',(241.3,5.9944,240.3602));
#2670=CARTESIAN_POINT('',(465.1248,0.,240.3602));
#2671=CARTESIAN_POINT('',(241.3,0.,240.3602));
#2672=CARTESIAN_POINT('',(465.1248,2.9972,240.3602));
#2673=CARTESIAN_POINT('Origin',(241.3,5.9944,240.3602));
#2674=CARTESIAN_POINT('',(17.4752,0.,240.3602));
#2675=CARTESIAN_POINT('',(17.4752,2.9972,240.3602));
#2676=CARTESIAN_POINT('',(241.3,0.,240.3602));
#2677=CARTESIAN_POINT('Origin',(465.1248,0.,490.5248));
#2678=CARTESIAN_POINT('',(465.1248,0.,17.4752));
#2679=CARTESIAN_POINT('',(465.1248,0.,490.5248));
#2680=CARTESIAN_POINT('',(465.1248,0.,17.4752));
#2681=CARTESIAN_POINT('Origin',(241.3,0.,254.));
#2682=CARTESIAN_POINT('',(17.4752,0.,17.4752));
#2683=CARTESIAN_POINT('',(17.4752,0.,17.4752));
#2684=CARTESIAN_POINT('',(465.1248,0.,17.4752));
#2685=CARTESIAN_POINT('Origin',(465.1248,0.,17.4752));
#2686=CARTESIAN_POINT('',(17.4752,0.,17.4752));
#2687=CARTESIAN_POINT('Origin',(17.4752,0.,17.4752));
#2688=CARTESIAN_POINT('',(0.,0.,0.));
#2689=CARTESIAN_POINT('',(0.,0.,0.));
#2690=CARTESIAN_POINT('',(0.,0.,490.5248));
#2691=UNCERTAINTY_MEASURE_WITH_UNIT(LENGTH_MEASURE(0.01),#2701,
'DISTANCE_ACCURACY_VALUE',
'Maximum model space distance between geometric entities at asserted c
onnectivities');
#2692=UNCERTAINTY_MEASURE_WITH_UNIT(LENGTH_MEASURE(0.01),#2701,
'DISTANCE_ACCURACY_VALUE',
'Maximum model space distance between geometric entities at asserted c
onnectivities');
#2693=UNCERTAINTY_MEASURE_WITH_UNIT(LENGTH_MEASURE(0.01),#2701,
'DISTANCE_ACCURACY_VALUE',
'Maximum model space distance between geometric entities at asserted c
onnectivities');
#2694=UNCERTAINTY_MEASURE_WITH_UNIT(LENGTH_MEASURE(0.01),#2701,
'DISTANCE_ACCURACY_VALUE',
'Maximum model space distance between geometric entities at asserted c
onnectivities');
#2695=UNCERTAINTY_MEASURE_WITH_UNIT(LENGTH_MEASURE(0.01),#2701,
'DISTANCE_ACCURACY_VALUE',
'Maximum model space distance between geometric entities at asserted c
onnectivities');
#2696=(
GEOMETRIC_REPRESENTATION_CONTEXT(3)
GLOBAL_UNCERTAINTY_ASSIGNED_CONTEXT((#2691))
GLOBAL_UNIT_ASSIGNED_CONTEXT((#2701,#2703,#2704))
REPRESENTATION_CONTEXT('','3D')
);
#2697=(
GEOMETRIC_REPRESENTATION_CONTEXT(3)
GLOBAL_UNCERTAINTY_ASSIGNED_CONTEXT((#2692))
GLOBAL_UNIT_ASSIGNED_CONTEXT((#2701,#2703,#2704))
REPRESENTATION_CONTEXT('','3D')
);
#2698=(
GEOMETRIC_REPRESENTATION_CONTEXT(3)
GLOBAL_UNCERTAINTY_ASSIGNED_CONTEXT((#2693))
GLOBAL_UNIT_ASSIGNED_CONTEXT((#2701,#2703,#2704))
REPRESENTATION_CONTEXT('','3D')
);
#2699=(
GEOMETRIC_REPRESENTATION_CONTEXT(3)
GLOBAL_UNCERTAINTY_ASSIGNED_CONTEXT((#2694))
GLOBAL_UNIT_ASSIGNED_CONTEXT((#2701,#2703,#2704))
REPRESENTATION_CONTEXT('','3D')
);
#2700=(
GEOMETRIC_REPRESENTATION_CONTEXT(3)
GLOBAL_UNCERTAINTY_ASSIGNED_CONTEXT((#2695))
GLOBAL_UNIT_ASSIGNED_CONTEXT((#2701,#2703,#2704))
REPRESENTATION_CONTEXT('','3D')
);
#2701=(
LENGTH_UNIT()
NAMED_UNIT(*)
SI_UNIT(.MILLI.,.METRE.)
);
#2702=(
LENGTH_UNIT()
NAMED_UNIT(*)
SI_UNIT($,.METRE.)
);
#2703=(
NAMED_UNIT(*)
PLANE_ANGLE_UNIT()
SI_UNIT($,.RADIAN.)
);
#2704=(
NAMED_UNIT(*)
SI_UNIT($,.STERADIAN.)
SOLID_ANGLE_UNIT()
);
#2705=SHAPE_DEFINITION_REPRESENTATION(#2709,#2717);
#2706=SHAPE_DEFINITION_REPRESENTATION(#2710,#2718);
#2707=SHAPE_DEFINITION_REPRESENTATION(#2711,#2719);
#2708=SHAPE_DEFINITION_REPRESENTATION(#2712,#2720);
#2709=PRODUCT_DEFINITION_SHAPE('',$,#2722);
#2710=PRODUCT_DEFINITION_SHAPE('',$,#2723);
#2711=PRODUCT_DEFINITION_SHAPE('',$,#2724);
#2712=PRODUCT_DEFINITION_SHAPE('',$,#2725);
#2713=PRODUCT_DEFINITION_SHAPE($,$,#23);
#2714=PRODUCT_DEFINITION_SHAPE($,$,#24);
#2715=PRODUCT_DEFINITION_SHAPE($,$,#25);
#2716=PRODUCT_DEFINITION_SHAPE($,$,#26);
#2717=SHAPE_REPRESENTATION('',(#1679,#1793,#1794),#2696);
#2718=SHAPE_REPRESENTATION('',(#1680,#1759),#2697);
#2719=SHAPE_REPRESENTATION('',(#1713,#1792),#2698);
#2720=SHAPE_REPRESENTATION('',(#1714),#2699);
#2721=PRODUCT_DEFINITION_CONTEXT('part definition',#2735,'design');
#2722=PRODUCT_DEFINITION('2 Drawer 2 Stack','2 Drawer 2 Stack v3',#2726,
#2721);
#2723=PRODUCT_DEFINITION('2 Drawer','2 Drawer v8',#2727,#2721);
#2724=PRODUCT_DEFINITION('2 Drawer_1','2 Drawer v8',#2728,#2721);
#2725=PRODUCT_DEFINITION('Large','Large v11',#2729,#2721);
#2726=PRODUCT_DEFINITION_FORMATION('',$,#2737);
#2727=PRODUCT_DEFINITION_FORMATION('',$,#2738);
#2728=PRODUCT_DEFINITION_FORMATION('',$,#2739);
#2729=PRODUCT_DEFINITION_FORMATION('',$,#2740);
#2730=PRODUCT_RELATED_PRODUCT_CATEGORY('2 Drawer 2 Stack v3',
'2 Drawer 2 Stack v3',(#2737));
#2731=PRODUCT_RELATED_PRODUCT_CATEGORY('2 Drawer v8','2 Drawer v8',(#2738));
#2732=PRODUCT_RELATED_PRODUCT_CATEGORY('2 Drawer v8','2 Drawer v8',(#2739));
#2733=PRODUCT_RELATED_PRODUCT_CATEGORY('Large v11','Large v11',(#2740));
#2734=APPLICATION_PROTOCOL_DEFINITION('international standard',
'automotive_design',2009,#2735);
#2735=APPLICATION_CONTEXT(
'Core Data for Automotive Mechanical Design Process');
#2736=PRODUCT_CONTEXT('part definition',#2735,'mechanical');
#2737=PRODUCT('2 Drawer 2 Stack','2 Drawer 2 Stack v3',$,(#2736));
#2738=PRODUCT('2 Drawer','2 Drawer v8',$,(#2736));
#2739=PRODUCT('2 Drawer_1','2 Drawer v8',$,(#2736));
#2740=PRODUCT('Large','Large v11',$,(#2736));
#2741=PRESENTATION_STYLE_ASSIGNMENT((#2742));
#2742=SURFACE_STYLE_USAGE(.BOTH.,#2743);
#2743=SURFACE_SIDE_STYLE('',(#2744));
#2744=SURFACE_STYLE_FILL_AREA(#2745);
#2745=FILL_AREA_STYLE('Steel - Satin',(#2746));
#2746=FILL_AREA_STYLE_COLOUR('Steel - Satin',#2747);
#2747=COLOUR_RGB('Steel - Satin',0.627450980392157,0.627450980392157,0.627450980392157);
ENDSEC;
END-ISO-10303-21;
