ISO-10303-21;
HEADER;
/* Generated by software containing ST-Developer
 * from STEP Tools, Inc. (www.steptools.com) 
 */

FILE_DESCRIPTION(
/* description */ ('HOOPS Exchange Step'),
/* implementation_level */ '2;1');

FILE_NAME(
/* name */ 'Bauer_Type_Battery_Holder.step',
/* time_stamp */ '2026-06-27T15:40:25-04:00',
/* author */ (''),
/* organization */ (''),
/* preprocessor_version */ 'ST-DEVELOPER v20.1',
/* originating_system */ 'Autodesk Translation Framework v15.8.0.0',
/* authorisation */ '');

FILE_SCHEMA (('AUTOMOTIVE_DESIGN { 1 0 10303 214 3 1 1 }'));
ENDSEC;

DATA;
#10=MECHANICAL_DESIGN_GEOMETRIC_PRESENTATION_REPRESENTATION('',(#13,#14),
#5134);
#11=SHAPE_REPRESENTATION_RELATIONSHIP('SRR','None',#5141,#12);
#12=ADVANCED_BREP_SHAPE_REPRESENTATION('',(#15,#16),#5133);
#13=STYLED_ITEM('',(#5151),#15);
#14=STYLED_ITEM('',(#5151),#16);
#15=MANIFOLD_SOLID_BREP('Body1',#2568);
#16=MANIFOLD_SOLID_BREP('Body2',#2569);
#17=(
BOUNDED_SURFACE()
B_SPLINE_SURFACE(2,2,((#4744,#4745,#4746),(#4747,#4748,#4749),(#4750,#4751,
#4752)),.UNSPECIFIED.,.F.,.F.,.F.)
B_SPLINE_SURFACE_WITH_KNOTS((3,3),(3,3),(-1.5707963267949,0.),(-3.14159265358979,
-1.5707963267949),.UNSPECIFIED.)
GEOMETRIC_REPRESENTATION_ITEM()
RATIONAL_B_SPLINE_SURFACE(((1.,0.707106781186548,1.),(0.707106781186541,
0.499999999999996,0.707106781186541),(1.,0.707106781186548,1.)))
REPRESENTATION_ITEM('')
SURFACE()
);
#18=(
BOUNDED_SURFACE()
B_SPLINE_SURFACE(2,2,((#4764,#4765,#4766),(#4767,#4768,#4769),(#4770,#4771,
#4772)),.UNSPECIFIED.,.F.,.F.,.F.)
B_SPLINE_SURFACE_WITH_KNOTS((3,3),(3,3),(0.,1.5707963267949),(-3.14159265358979,
-1.57079632679489),.UNSPECIFIED.)
GEOMETRIC_REPRESENTATION_ITEM()
RATIONAL_B_SPLINE_SURFACE(((1.,0.707106781186546,1.),(0.707106781186547,
0.499999999999999,0.707106781186547),(1.,0.707106781186546,1.)))
REPRESENTATION_ITEM('')
SURFACE()
);
#19=CONICAL_SURFACE('',#2765,3.4,0.380506377112365);
#20=CONICAL_SURFACE('',#2768,3.4,0.380506377112365);
#21=CONICAL_SURFACE('',#2845,3.5,0.441793165517445);
#22=CONICAL_SURFACE('',#2852,3.5,0.441793165517445);
#23=B_SPLINE_SURFACE_WITH_KNOTS('',3,3,((#3958,#3959,#3960,#3961,#3962,
#3963,#3964,#3965,#3966,#3967,#3968,#3969,#3970,#3971,#3972,#3973,#3974,
#3975),(#3976,#3977,#3978,#3979,#3980,#3981,#3982,#3983,#3984,#3985,#3986,
#3987,#3988,#3989,#3990,#3991,#3992,#3993),(#3994,#3995,#3996,#3997,#3998,
#3999,#4000,#4001,#4002,#4003,#4004,#4005,#4006,#4007,#4008,#4009,#4010,
#4011),(#4012,#4013,#4014,#4015,#4016,#4017,#4018,#4019,#4020,#4021,#4022,
#4023,#4024,#4025,#4026,#4027,#4028,#4029),(#4030,#4031,#4032,#4033,#4034,
#4035,#4036,#4037,#4038,#4039,#4040,#4041,#4042,#4043,#4044,#4045,#4046,
#4047),(#4048,#4049,#4050,#4051,#4052,#4053,#4054,#4055,#4056,#4057,#4058,
#4059,#4060,#4061,#4062,#4063,#4064,#4065),(#4066,#4067,#4068,#4069,#4070,
#4071,#4072,#4073,#4074,#4075,#4076,#4077,#4078,#4079,#4080,#4081,#4082,
#4083),(#4084,#4085,#4086,#4087,#4088,#4089,#4090,#4091,#4092,#4093,#4094,
#4095,#4096,#4097,#4098,#4099,#4100,#4101),(#4102,#4103,#4104,#4105,#4106,
#4107,#4108,#4109,#4110,#4111,#4112,#4113,#4114,#4115,#4116,#4117,#4118,
#4119),(#4120,#4121,#4122,#4123,#4124,#4125,#4126,#4127,#4128,#4129,#4130,
#4131,#4132,#4133,#4134,#4135,#4136,#4137)),.UNSPECIFIED.,.F.,.F.,.F.,(4,
2,2,2,4),(4,2,2,2,2,2,2,2,4),(1.57021642929792,1.963495408,2.35619449,2.748893572,
3.14217255170208),(-0.000579897702079888,0.125,0.25,0.375,0.5,0.625,0.75,
0.875,1.00003351479254),.UNSPECIFIED.);
#24=B_SPLINE_SURFACE_WITH_KNOTS('',3,3,((#4166,#4167,#4168,#4169,#4170,
#4171,#4172,#4173,#4174,#4175,#4176,#4177,#4178,#4179,#4180,#4181,#4182,
#4183),(#4184,#4185,#4186,#4187,#4188,#4189,#4190,#4191,#4192,#4193,#4194,
#4195,#4196,#4197,#4198,#4199,#4200,#4201),(#4202,#4203,#4204,#4205,#4206,
#4207,#4208,#4209,#4210,#4211,#4212,#4213,#4214,#4215,#4216,#4217,#4218,
#4219),(#4220,#4221,#4222,#4223,#4224,#4225,#4226,#4227,#4228,#4229,#4230,
#4231,#4232,#4233,#4234,#4235,#4236,#4237),(#4238,#4239,#4240,#4241,#4242,
#4243,#4244,#4245,#4246,#4247,#4248,#4249,#4250,#4251,#4252,#4253,#4254,
#4255),(#4256,#4257,#4258,#4259,#4260,#4261,#4262,#4263,#4264,#4265,#4266,
#4267,#4268,#4269,#4270,#4271,#4272,#4273),(#4274,#4275,#4276,#4277,#4278,
#4279,#4280,#4281,#4282,#4283,#4284,#4285,#4286,#4287,#4288,#4289,#4290,
#4291),(#4292,#4293,#4294,#4295,#4296,#4297,#4298,#4299,#4300,#4301,#4302,
#4303,#4304,#4305,#4306,#4307,#4308,#4309),(#4310,#4311,#4312,#4313,#4314,
#4315,#4316,#4317,#4318,#4319,#4320,#4321,#4322,#4323,#4324,#4325,#4326,
#4327),(#4328,#4329,#4330,#4331,#4332,#4333,#4334,#4335,#4336,#4337,#4338,
#4339,#4340,#4341,#4342,#4343,#4344,#4345)),.UNSPECIFIED.,.F.,.F.,.F.,(4,
2,2,2,4),(4,2,2,2,2,2,2,2,4),(4.71180908229793,5.105088062,5.497787144,
5.890486225,6.28376520470207),(-3.35147514783129E-5,0.125,0.25,0.375,0.5,
0.625,0.75,0.875,1.00057989770208),.UNSPECIFIED.);
#25=B_SPLINE_SURFACE_WITH_KNOTS('',3,3,((#4510,#4511,#4512,#4513,#4514,
#4515),(#4516,#4517,#4518,#4519,#4520,#4521),(#4522,#4523,#4524,#4525,#4526,
#4527),(#4528,#4529,#4530,#4531,#4532,#4533),(#4534,#4535,#4536,#4537,#4538,
#4539),(#4540,#4541,#4542,#4543,#4544,#4545),(#4546,#4547,#4548,#4549,#4550,
#4551),(#4552,#4553,#4554,#4555,#4556,#4557),(#4558,#4559,#4560,#4561,#4562,
#4563),(#4564,#4565,#4566,#4567,#4568,#4569)),.UNSPECIFIED.,.F.,.F.,.F.,
(4,2,2,2,4),(4,2,4),(3.14148484669652,3.534291735,3.926990817,4.319689899,
4.71238898),(-0.000107804733303583,0.5,1.00010780730348),.UNSPECIFIED.);
#26=B_SPLINE_SURFACE_WITH_KNOTS('',3,3,((#4599,#4600,#4601,#4602,#4603,
#4604),(#4605,#4606,#4607,#4608,#4609,#4610),(#4611,#4612,#4613,#4614,#4615,
#4616),(#4617,#4618,#4619,#4620,#4621,#4622),(#4623,#4624,#4625,#4626,#4627,
#4628),(#4629,#4630,#4631,#4632,#4633,#4634),(#4635,#4636,#4637,#4638,#4639,
#4640),(#4641,#4642,#4643,#4644,#4645,#4646),(#4647,#4648,#4649,#4650,#4651,
#4652),(#4653,#4654,#4655,#4656,#4657,#4658)),.UNSPECIFIED.,.F.,.F.,.F.,
(4,2,2,2,4),(4,2,4),(-0.000107807452677557,0.392699082,0.785398163,1.178097245,
1.570796327),(-0.000107807452677557,0.5,1.00010780497363),.UNSPECIFIED.);
#27=B_SPLINE_SURFACE_WITH_KNOTS('',3,3,((#4776,#4777,#4778,#4779,#4780,
#4781),(#4782,#4783,#4784,#4785,#4786,#4787),(#4788,#4789,#4790,#4791,#4792,
#4793),(#4794,#4795,#4796,#4797,#4798,#4799),(#4800,#4801,#4802,#4803,#4804,
#4805)),.UNSPECIFIED.,.F.,.F.,.F.,(4,1,4),(4,1,1,4),(0.,0.571428571428571,
1.),(1.38777878078145E-16,0.448798950512828,0.897597901025655,1.5707963267949),
 .UNSPECIFIED.);
#28=B_SPLINE_SURFACE_WITH_KNOTS('',3,3,((#4808,#4809,#4810,#4811,#4812,
#4813),(#4814,#4815,#4816,#4817,#4818,#4819),(#4820,#4821,#4822,#4823,#4824,
#4825),(#4826,#4827,#4828,#4829,#4830,#4831),(#4832,#4833,#4834,#4835,#4836,
#4837)),.UNSPECIFIED.,.F.,.F.,.F.,(4,1,4),(4,1,1,4),(0.,0.571428571428571,
1.),(1.38777878078145E-16,0.448798950512828,0.897597901025655,1.5707963267949),
 .UNSPECIFIED.);
#29=B_SPLINE_SURFACE_WITH_KNOTS('',3,3,((#4896,#4897,#4898,#4899,#4900,
#4901,#4902),(#4903,#4904,#4905,#4906,#4907,#4908,#4909),(#4910,#4911,#4912,
#4913,#4914,#4915,#4916),(#4917,#4918,#4919,#4920,#4921,#4922,#4923),(#4924,
#4925,#4926,#4927,#4928,#4929,#4930)),.UNSPECIFIED.,.F.,.F.,.F.,(4,1,4),
(4,1,1,1,4),(0.,0.571428571428571,1.),(-1.5707963267949,-0.897597901025655,
-0.448798950512828,-0.224399475256414,6.47630097698009E-17),
 .UNSPECIFIED.);
#30=B_SPLINE_SURFACE_WITH_KNOTS('',3,3,((#5003,#5004,#5005,#5006,#5007,
#5008,#5009),(#5010,#5011,#5012,#5013,#5014,#5015,#5016),(#5017,#5018,#5019,
#5020,#5021,#5022,#5023),(#5024,#5025,#5026,#5027,#5028,#5029,#5030),(#5031,
#5032,#5033,#5034,#5035,#5036,#5037)),.UNSPECIFIED.,.F.,.F.,.F.,(4,1,4),
(4,1,1,1,4),(0.,0.571428571428571,1.),(-1.5707963267949,-0.897597901025655,
-0.448798950512828,-0.224399475256414,6.47630097698008E-17),
 .UNSPECIFIED.);
#31=SPHERICAL_SURFACE('',#2663,1.);
#32=SPHERICAL_SURFACE('',#2716,1.);
#33=SPHERICAL_SURFACE('',#2733,1.);
#34=SPHERICAL_SURFACE('',#2734,1.);
#35=TOROIDAL_SURFACE('',#2629,1.5,1.);
#36=TOROIDAL_SURFACE('',#2645,1.5,1.);
#37=TOROIDAL_SURFACE('',#2650,3.,1.);
#38=TOROIDAL_SURFACE('',#2655,3.,1.);
#39=TOROIDAL_SURFACE('',#2791,4.,2.);
#40=TOROIDAL_SURFACE('',#2795,4.,2.);
#41=FACE_BOUND('',#270,.T.);
#42=FACE_BOUND('',#271,.T.);
#43=FACE_BOUND('',#273,.T.);
#44=FACE_BOUND('',#274,.T.);
#45=FACE_BOUND('',#361,.T.);
#46=FACE_BOUND('',#396,.T.);
#47=FACE_BOUND('',#410,.T.);
#48=FACE_BOUND('',#413,.T.);
#49=FACE_BOUND('',#414,.T.);
#50=PLANE('',#2586);
#51=PLANE('',#2587);
#52=PLANE('',#2591);
#53=PLANE('',#2600);
#54=PLANE('',#2603);
#55=PLANE('',#2604);
#56=PLANE('',#2611);
#57=PLANE('',#2612);
#58=PLANE('',#2613);
#59=PLANE('',#2617);
#60=PLANE('',#2627);
#61=PLANE('',#2635);
#62=PLANE('',#2638);
#63=PLANE('',#2641);
#64=PLANE('',#2676);
#65=PLANE('',#2682);
#66=PLANE('',#2683);
#67=PLANE('',#2688);
#68=PLANE('',#2706);
#69=PLANE('',#2709);
#70=PLANE('',#2712);
#71=PLANE('',#2715);
#72=PLANE('',#2717);
#73=PLANE('',#2724);
#74=PLANE('',#2730);
#75=PLANE('',#2732);
#76=PLANE('',#2738);
#77=PLANE('',#2739);
#78=PLANE('',#2746);
#79=PLANE('',#2747);
#80=PLANE('',#2748);
#81=PLANE('',#2749);
#82=PLANE('',#2751);
#83=PLANE('',#2754);
#84=PLANE('',#2758);
#85=PLANE('',#2759);
#86=PLANE('',#2760);
#87=PLANE('',#2761);
#88=PLANE('',#2762);
#89=PLANE('',#2763);
#90=PLANE('',#2764);
#91=PLANE('',#2774);
#92=PLANE('',#2776);
#93=PLANE('',#2781);
#94=PLANE('',#2804);
#95=PLANE('',#2805);
#96=PLANE('',#2807);
#97=PLANE('',#2808);
#98=PLANE('',#2826);
#99=PLANE('',#2829);
#100=PLANE('',#2839);
#101=PLANE('',#2840);
#102=PLANE('',#2842);
#103=PLANE('',#2855);
#104=PLANE('',#2856);
#105=PLANE('',#2857);
#106=PLANE('',#2858);
#107=PLANE('',#2859);
#108=PLANE('',#2860);
#109=PLANE('',#2861);
#110=PLANE('',#2862);
#111=FACE_OUTER_BOUND('',#267,.T.);
#112=FACE_OUTER_BOUND('',#268,.T.);
#113=FACE_OUTER_BOUND('',#269,.T.);
#114=FACE_OUTER_BOUND('',#272,.T.);
#115=FACE_OUTER_BOUND('',#275,.T.);
#116=FACE_OUTER_BOUND('',#276,.T.);
#117=FACE_OUTER_BOUND('',#277,.T.);
#118=FACE_OUTER_BOUND('',#278,.T.);
#119=FACE_OUTER_BOUND('',#279,.T.);
#120=FACE_OUTER_BOUND('',#280,.T.);
#121=FACE_OUTER_BOUND('',#281,.T.);
#122=FACE_OUTER_BOUND('',#282,.T.);
#123=FACE_OUTER_BOUND('',#283,.T.);
#124=FACE_OUTER_BOUND('',#284,.T.);
#125=FACE_OUTER_BOUND('',#285,.T.);
#126=FACE_OUTER_BOUND('',#286,.T.);
#127=FACE_OUTER_BOUND('',#287,.T.);
#128=FACE_OUTER_BOUND('',#288,.T.);
#129=FACE_OUTER_BOUND('',#289,.T.);
#130=FACE_OUTER_BOUND('',#290,.T.);
#131=FACE_OUTER_BOUND('',#291,.T.);
#132=FACE_OUTER_BOUND('',#292,.T.);
#133=FACE_OUTER_BOUND('',#293,.T.);
#134=FACE_OUTER_BOUND('',#294,.T.);
#135=FACE_OUTER_BOUND('',#295,.T.);
#136=FACE_OUTER_BOUND('',#296,.T.);
#137=FACE_OUTER_BOUND('',#297,.T.);
#138=FACE_OUTER_BOUND('',#298,.T.);
#139=FACE_OUTER_BOUND('',#299,.T.);
#140=FACE_OUTER_BOUND('',#300,.T.);
#141=FACE_OUTER_BOUND('',#301,.T.);
#142=FACE_OUTER_BOUND('',#302,.T.);
#143=FACE_OUTER_BOUND('',#303,.T.);
#144=FACE_OUTER_BOUND('',#304,.T.);
#145=FACE_OUTER_BOUND('',#305,.T.);
#146=FACE_OUTER_BOUND('',#306,.T.);
#147=FACE_OUTER_BOUND('',#307,.T.);
#148=FACE_OUTER_BOUND('',#308,.T.);
#149=FACE_OUTER_BOUND('',#309,.T.);
#150=FACE_OUTER_BOUND('',#310,.T.);
#151=FACE_OUTER_BOUND('',#311,.T.);
#152=FACE_OUTER_BOUND('',#312,.T.);
#153=FACE_OUTER_BOUND('',#313,.T.);
#154=FACE_OUTER_BOUND('',#314,.T.);
#155=FACE_OUTER_BOUND('',#315,.T.);
#156=FACE_OUTER_BOUND('',#316,.T.);
#157=FACE_OUTER_BOUND('',#317,.T.);
#158=FACE_OUTER_BOUND('',#318,.T.);
#159=FACE_OUTER_BOUND('',#319,.T.);
#160=FACE_OUTER_BOUND('',#320,.T.);
#161=FACE_OUTER_BOUND('',#321,.T.);
#162=FACE_OUTER_BOUND('',#322,.T.);
#163=FACE_OUTER_BOUND('',#323,.T.);
#164=FACE_OUTER_BOUND('',#324,.T.);
#165=FACE_OUTER_BOUND('',#325,.T.);
#166=FACE_OUTER_BOUND('',#326,.T.);
#167=FACE_OUTER_BOUND('',#327,.T.);
#168=FACE_OUTER_BOUND('',#328,.T.);
#169=FACE_OUTER_BOUND('',#329,.T.);
#170=FACE_OUTER_BOUND('',#330,.T.);
#171=FACE_OUTER_BOUND('',#331,.T.);
#172=FACE_OUTER_BOUND('',#332,.T.);
#173=FACE_OUTER_BOUND('',#333,.T.);
#174=FACE_OUTER_BOUND('',#334,.T.);
#175=FACE_OUTER_BOUND('',#335,.T.);
#176=FACE_OUTER_BOUND('',#336,.T.);
#177=FACE_OUTER_BOUND('',#337,.T.);
#178=FACE_OUTER_BOUND('',#338,.T.);
#179=FACE_OUTER_BOUND('',#339,.T.);
#180=FACE_OUTER_BOUND('',#340,.T.);
#181=FACE_OUTER_BOUND('',#341,.T.);
#182=FACE_OUTER_BOUND('',#342,.T.);
#183=FACE_OUTER_BOUND('',#343,.T.);
#184=FACE_OUTER_BOUND('',#344,.T.);
#185=FACE_OUTER_BOUND('',#345,.T.);
#186=FACE_OUTER_BOUND('',#346,.T.);
#187=FACE_OUTER_BOUND('',#347,.T.);
#188=FACE_OUTER_BOUND('',#348,.T.);
#189=FACE_OUTER_BOUND('',#349,.T.);
#190=FACE_OUTER_BOUND('',#350,.T.);
#191=FACE_OUTER_BOUND('',#351,.T.);
#192=FACE_OUTER_BOUND('',#352,.T.);
#193=FACE_OUTER_BOUND('',#353,.T.);
#194=FACE_OUTER_BOUND('',#354,.T.);
#195=FACE_OUTER_BOUND('',#355,.T.);
#196=FACE_OUTER_BOUND('',#356,.T.);
#197=FACE_OUTER_BOUND('',#357,.T.);
#198=FACE_OUTER_BOUND('',#358,.T.);
#199=FACE_OUTER_BOUND('',#359,.T.);
#200=FACE_OUTER_BOUND('',#360,.T.);
#201=FACE_OUTER_BOUND('',#362,.T.);
#202=FACE_OUTER_BOUND('',#363,.T.);
#203=FACE_OUTER_BOUND('',#364,.T.);
#204=FACE_OUTER_BOUND('',#365,.T.);
#205=FACE_OUTER_BOUND('',#366,.T.);
#206=FACE_OUTER_BOUND('',#367,.T.);
#207=FACE_OUTER_BOUND('',#368,.T.);
#208=FACE_OUTER_BOUND('',#369,.T.);
#209=FACE_OUTER_BOUND('',#370,.T.);
#210=FACE_OUTER_BOUND('',#371,.T.);
#211=FACE_OUTER_BOUND('',#372,.T.);
#212=FACE_OUTER_BOUND('',#373,.T.);
#213=FACE_OUTER_BOUND('',#374,.T.);
#214=FACE_OUTER_BOUND('',#375,.T.);
#215=FACE_OUTER_BOUND('',#376,.T.);
#216=FACE_OUTER_BOUND('',#377,.T.);
#217=FACE_OUTER_BOUND('',#378,.T.);
#218=FACE_OUTER_BOUND('',#379,.T.);
#219=FACE_OUTER_BOUND('',#380,.T.);
#220=FACE_OUTER_BOUND('',#381,.T.);
#221=FACE_OUTER_BOUND('',#382,.T.);
#222=FACE_OUTER_BOUND('',#383,.T.);
#223=FACE_OUTER_BOUND('',#384,.T.);
#224=FACE_OUTER_BOUND('',#385,.T.);
#225=FACE_OUTER_BOUND('',#386,.T.);
#226=FACE_OUTER_BOUND('',#387,.T.);
#227=FACE_OUTER_BOUND('',#388,.T.);
#228=FACE_OUTER_BOUND('',#389,.T.);
#229=FACE_OUTER_BOUND('',#390,.T.);
#230=FACE_OUTER_BOUND('',#391,.T.);
#231=FACE_OUTER_BOUND('',#392,.T.);
#232=FACE_OUTER_BOUND('',#393,.T.);
#233=FACE_OUTER_BOUND('',#394,.T.);
#234=FACE_OUTER_BOUND('',#395,.T.);
#235=FACE_OUTER_BOUND('',#397,.T.);
#236=FACE_OUTER_BOUND('',#398,.T.);
#237=FACE_OUTER_BOUND('',#399,.T.);
#238=FACE_OUTER_BOUND('',#400,.T.);
#239=FACE_OUTER_BOUND('',#401,.T.);
#240=FACE_OUTER_BOUND('',#402,.T.);
#241=FACE_OUTER_BOUND('',#403,.T.);
#242=FACE_OUTER_BOUND('',#404,.T.);
#243=FACE_OUTER_BOUND('',#405,.T.);
#244=FACE_OUTER_BOUND('',#406,.T.);
#245=FACE_OUTER_BOUND('',#407,.T.);
#246=FACE_OUTER_BOUND('',#408,.T.);
#247=FACE_OUTER_BOUND('',#409,.T.);
#248=FACE_OUTER_BOUND('',#411,.T.);
#249=FACE_OUTER_BOUND('',#412,.T.);
#250=FACE_OUTER_BOUND('',#415,.T.);
#251=FACE_OUTER_BOUND('',#416,.T.);
#252=FACE_OUTER_BOUND('',#417,.T.);
#253=FACE_OUTER_BOUND('',#418,.T.);
#254=FACE_OUTER_BOUND('',#419,.T.);
#255=FACE_OUTER_BOUND('',#420,.T.);
#256=FACE_OUTER_BOUND('',#421,.T.);
#257=FACE_OUTER_BOUND('',#422,.T.);
#258=FACE_OUTER_BOUND('',#423,.T.);
#259=FACE_OUTER_BOUND('',#424,.T.);
#260=FACE_OUTER_BOUND('',#425,.T.);
#261=FACE_OUTER_BOUND('',#426,.T.);
#262=FACE_OUTER_BOUND('',#427,.T.);
#263=FACE_OUTER_BOUND('',#428,.T.);
#264=FACE_OUTER_BOUND('',#429,.T.);
#265=FACE_OUTER_BOUND('',#430,.T.);
#266=FACE_OUTER_BOUND('',#431,.T.);
#267=EDGE_LOOP('',(#1603,#1604,#1605,#1606,#1607));
#268=EDGE_LOOP('',(#1608,#1609,#1610));
#269=EDGE_LOOP('',(#1611,#1612,#1613,#1614,#1615,#1616));
#270=EDGE_LOOP('',(#1617));
#271=EDGE_LOOP('',(#1618));
#272=EDGE_LOOP('',(#1619,#1620,#1621,#1622,#1623,#1624,#1625,#1626,#1627,
#1628));
#273=EDGE_LOOP('',(#1629));
#274=EDGE_LOOP('',(#1630));
#275=EDGE_LOOP('',(#1631,#1632,#1633,#1634,#1635));
#276=EDGE_LOOP('',(#1636,#1637,#1638,#1639));
#277=EDGE_LOOP('',(#1640));
#278=EDGE_LOOP('',(#1641,#1642,#1643,#1644));
#279=EDGE_LOOP('',(#1645));
#280=EDGE_LOOP('',(#1646,#1647,#1648,#1649,#1650,#1651,#1652,#1653,#1654,
#1655,#1656,#1657,#1658,#1659,#1660,#1661,#1662,#1663));
#281=EDGE_LOOP('',(#1664,#1665,#1666,#1667));
#282=EDGE_LOOP('',(#1668,#1669,#1670,#1671));
#283=EDGE_LOOP('',(#1672,#1673,#1674,#1675));
#284=EDGE_LOOP('',(#1676,#1677,#1678,#1679));
#285=EDGE_LOOP('',(#1680,#1681,#1682,#1683,#1684));
#286=EDGE_LOOP('',(#1685,#1686,#1687,#1688,#1689,#1690,#1691));
#287=EDGE_LOOP('',(#1692,#1693,#1694,#1695));
#288=EDGE_LOOP('',(#1696,#1697,#1698,#1699,#1700,#1701,#1702));
#289=EDGE_LOOP('',(#1703,#1704,#1705,#1706,#1707,#1708,#1709,#1710));
#290=EDGE_LOOP('',(#1711,#1712,#1713,#1714));
#291=EDGE_LOOP('',(#1715,#1716,#1717,#1718));
#292=EDGE_LOOP('',(#1719,#1720,#1721,#1722,#1723,#1724,#1725,#1726));
#293=EDGE_LOOP('',(#1727,#1728,#1729,#1730));
#294=EDGE_LOOP('',(#1731,#1732,#1733,#1734));
#295=EDGE_LOOP('',(#1735,#1736,#1737,#1738));
#296=EDGE_LOOP('',(#1739,#1740,#1741,#1742,#1743,#1744,#1745,#1746));
#297=EDGE_LOOP('',(#1747,#1748,#1749,#1750));
#298=EDGE_LOOP('',(#1751,#1752,#1753,#1754));
#299=EDGE_LOOP('',(#1755,#1756,#1757,#1758));
#300=EDGE_LOOP('',(#1759,#1760,#1761,#1762));
#301=EDGE_LOOP('',(#1763,#1764,#1765,#1766));
#302=EDGE_LOOP('',(#1767,#1768,#1769,#1770));
#303=EDGE_LOOP('',(#1771,#1772,#1773,#1774));
#304=EDGE_LOOP('',(#1775,#1776,#1777,#1778));
#305=EDGE_LOOP('',(#1779,#1780,#1781,#1782));
#306=EDGE_LOOP('',(#1783,#1784,#1785));
#307=EDGE_LOOP('',(#1786,#1787,#1788,#1789));
#308=EDGE_LOOP('',(#1790,#1791,#1792,#1793,#1794,#1795));
#309=EDGE_LOOP('',(#1796,#1797,#1798,#1799,#1800));
#310=EDGE_LOOP('',(#1801,#1802,#1803,#1804,#1805,#1806));
#311=EDGE_LOOP('',(#1807,#1808,#1809,#1810,#1811));
#312=EDGE_LOOP('',(#1812,#1813,#1814,#1815,#1816));
#313=EDGE_LOOP('',(#1817,#1818,#1819,#1820));
#314=EDGE_LOOP('',(#1821,#1822,#1823,#1824));
#315=EDGE_LOOP('',(#1825,#1826,#1827,#1828));
#316=EDGE_LOOP('',(#1829,#1830,#1831,#1832));
#317=EDGE_LOOP('',(#1833,#1834,#1835,#1836));
#318=EDGE_LOOP('',(#1837,#1838,#1839,#1840,#1841,#1842));
#319=EDGE_LOOP('',(#1843,#1844,#1845,#1846));
#320=EDGE_LOOP('',(#1847,#1848,#1849,#1850));
#321=EDGE_LOOP('',(#1851,#1852,#1853,#1854));
#322=EDGE_LOOP('',(#1855,#1856,#1857,#1858));
#323=EDGE_LOOP('',(#1859,#1860,#1861,#1862));
#324=EDGE_LOOP('',(#1863,#1864,#1865,#1866));
#325=EDGE_LOOP('',(#1867,#1868,#1869,#1870));
#326=EDGE_LOOP('',(#1871,#1872,#1873,#1874));
#327=EDGE_LOOP('',(#1875,#1876,#1877,#1878,#1879,#1880));
#328=EDGE_LOOP('',(#1881,#1882,#1883,#1884));
#329=EDGE_LOOP('',(#1885,#1886,#1887,#1888));
#330=EDGE_LOOP('',(#1889,#1890,#1891,#1892));
#331=EDGE_LOOP('',(#1893,#1894,#1895,#1896));
#332=EDGE_LOOP('',(#1897,#1898,#1899,#1900));
#333=EDGE_LOOP('',(#1901,#1902,#1903,#1904));
#334=EDGE_LOOP('',(#1905,#1906,#1907));
#335=EDGE_LOOP('',(#1908,#1909,#1910,#1911,#1912,#1913,#1914));
#336=EDGE_LOOP('',(#1915,#1916,#1917));
#337=EDGE_LOOP('',(#1918,#1919,#1920,#1921));
#338=EDGE_LOOP('',(#1922,#1923,#1924,#1925));
#339=EDGE_LOOP('',(#1926,#1927,#1928,#1929,#1930));
#340=EDGE_LOOP('',(#1931,#1932,#1933,#1934));
#341=EDGE_LOOP('',(#1935,#1936,#1937,#1938));
#342=EDGE_LOOP('',(#1939,#1940,#1941,#1942,#1943));
#343=EDGE_LOOP('',(#1944,#1945,#1946));
#344=EDGE_LOOP('',(#1947,#1948,#1949,#1950,#1951,#1952,#1953));
#345=EDGE_LOOP('',(#1954,#1955,#1956));
#346=EDGE_LOOP('',(#1957,#1958,#1959));
#347=EDGE_LOOP('',(#1960,#1961,#1962,#1963));
#348=EDGE_LOOP('',(#1964,#1965,#1966,#1967));
#349=EDGE_LOOP('',(#1968,#1969,#1970,#1971));
#350=EDGE_LOOP('',(#1972,#1973,#1974,#1975));
#351=EDGE_LOOP('',(#1976,#1977,#1978,#1979));
#352=EDGE_LOOP('',(#1980,#1981,#1982));
#353=EDGE_LOOP('',(#1983,#1984,#1985,#1986,#1987,#1988,#1989,#1990,#1991,
#1992));
#354=EDGE_LOOP('',(#1993,#1994,#1995));
#355=EDGE_LOOP('',(#1996,#1997));
#356=EDGE_LOOP('',(#1998,#1999,#2000,#2001,#2002,#2003,#2004,#2005,#2006,
#2007));
#357=EDGE_LOOP('',(#2008,#2009,#2010));
#358=EDGE_LOOP('',(#2011,#2012,#2013));
#359=EDGE_LOOP('',(#2014,#2015,#2016,#2017));
#360=EDGE_LOOP('',(#2018,#2019,#2020,#2021));
#361=EDGE_LOOP('',(#2022));
#362=EDGE_LOOP('',(#2023,#2024,#2025,#2026));
#363=EDGE_LOOP('',(#2027,#2028,#2029,#2030));
#364=EDGE_LOOP('',(#2031,#2032,#2033));
#365=EDGE_LOOP('',(#2034,#2035,#2036,#2037));
#366=EDGE_LOOP('',(#2038,#2039,#2040,#2041));
#367=EDGE_LOOP('',(#2042,#2043,#2044,#2045));
#368=EDGE_LOOP('',(#2046,#2047,#2048));
#369=EDGE_LOOP('',(#2049,#2050));
#370=EDGE_LOOP('',(#2051,#2052,#2053,#2054,#2055,#2056,#2057,#2058));
#371=EDGE_LOOP('',(#2059,#2060,#2061,#2062,#2063));
#372=EDGE_LOOP('',(#2064,#2065,#2066,#2067,#2068));
#373=EDGE_LOOP('',(#2069,#2070,#2071,#2072,#2073));
#374=EDGE_LOOP('',(#2074,#2075,#2076,#2077,#2078));
#375=EDGE_LOOP('',(#2079,#2080,#2081,#2082,#2083));
#376=EDGE_LOOP('',(#2084,#2085,#2086,#2087,#2088,#2089,#2090,#2091,#2092,
#2093,#2094,#2095,#2096,#2097));
#377=EDGE_LOOP('',(#2098,#2099,#2100,#2101,#2102));
#378=EDGE_LOOP('',(#2103,#2104,#2105,#2106));
#379=EDGE_LOOP('',(#2107,#2108,#2109,#2110));
#380=EDGE_LOOP('',(#2111,#2112,#2113,#2114));
#381=EDGE_LOOP('',(#2115,#2116,#2117,#2118));
#382=EDGE_LOOP('',(#2119,#2120,#2121,#2122));
#383=EDGE_LOOP('',(#2123,#2124,#2125,#2126));
#384=EDGE_LOOP('',(#2127,#2128,#2129,#2130));
#385=EDGE_LOOP('',(#2131,#2132,#2133,#2134));
#386=EDGE_LOOP('',(#2135,#2136,#2137,#2138));
#387=EDGE_LOOP('',(#2139,#2140,#2141,#2142));
#388=EDGE_LOOP('',(#2143,#2144,#2145));
#389=EDGE_LOOP('',(#2146,#2147,#2148,#2149));
#390=EDGE_LOOP('',(#2150,#2151,#2152));
#391=EDGE_LOOP('',(#2153,#2154,#2155,#2156,#2157,#2158,#2159));
#392=EDGE_LOOP('',(#2160,#2161,#2162,#2163,#2164,#2165,#2166));
#393=EDGE_LOOP('',(#2167,#2168,#2169,#2170));
#394=EDGE_LOOP('',(#2171,#2172,#2173));
#395=EDGE_LOOP('',(#2174,#2175,#2176,#2177));
#396=EDGE_LOOP('',(#2178));
#397=EDGE_LOOP('',(#2179,#2180,#2181,#2182,#2183,#2184,#2185,#2186));
#398=EDGE_LOOP('',(#2187,#2188,#2189));
#399=EDGE_LOOP('',(#2190,#2191,#2192));
#400=EDGE_LOOP('',(#2193,#2194,#2195,#2196,#2197,#2198));
#401=EDGE_LOOP('',(#2199,#2200,#2201,#2202));
#402=EDGE_LOOP('',(#2203,#2204,#2205,#2206,#2207,#2208,#2209));
#403=EDGE_LOOP('',(#2210,#2211,#2212,#2213,#2214,#2215,#2216));
#404=EDGE_LOOP('',(#2217,#2218,#2219));
#405=EDGE_LOOP('',(#2220,#2221,#2222,#2223,#2224,#2225,#2226,#2227));
#406=EDGE_LOOP('',(#2228,#2229,#2230));
#407=EDGE_LOOP('',(#2231,#2232,#2233,#2234,#2235,#2236));
#408=EDGE_LOOP('',(#2237,#2238,#2239,#2240,#2241,#2242,#2243));
#409=EDGE_LOOP('',(#2244,#2245,#2246,#2247));
#410=EDGE_LOOP('',(#2248,#2249,#2250,#2251));
#411=EDGE_LOOP('',(#2252,#2253,#2254,#2255,#2256,#2257,#2258));
#412=EDGE_LOOP('',(#2259,#2260,#2261,#2262,#2263,#2264));
#413=EDGE_LOOP('',(#2265));
#414=EDGE_LOOP('',(#2266));
#415=EDGE_LOOP('',(#2267,#2268,#2269,#2270,#2271,#2272));
#416=EDGE_LOOP('',(#2273,#2274,#2275,#2276,#2277));
#417=EDGE_LOOP('',(#2278,#2279,#2280,#2281,#2282));
#418=EDGE_LOOP('',(#2283,#2284,#2285,#2286,#2287,#2288));
#419=EDGE_LOOP('',(#2289,#2290,#2291));
#420=EDGE_LOOP('',(#2292,#2293,#2294));
#421=EDGE_LOOP('',(#2295,#2296,#2297,#2298,#2299,#2300));
#422=EDGE_LOOP('',(#2301,#2302,#2303,#2304));
#423=EDGE_LOOP('',(#2305,#2306,#2307,#2308));
#424=EDGE_LOOP('',(#2309,#2310,#2311,#2312));
#425=EDGE_LOOP('',(#2313,#2314,#2315,#2316));
#426=EDGE_LOOP('',(#2317,#2318,#2319,#2320));
#427=EDGE_LOOP('',(#2321,#2322,#2323,#2324));
#428=EDGE_LOOP('',(#2325,#2326,#2327,#2328));
#429=EDGE_LOOP('',(#2329,#2330,#2331,#2332));
#430=EDGE_LOOP('',(#2333,#2334,#2335,#2336));
#431=EDGE_LOOP('',(#2337,#2338,#2339,#2340));
#432=B_SPLINE_CURVE_WITH_KNOTS('',3,(#3674,#3675,#3676,#3677,#3678,#3679,
#3680,#3681),.UNSPECIFIED.,.F.,.F.,(4,2,2,4),(0.,0.115388921392079,0.230777842784158,
0.236753365653559),.UNSPECIFIED.);
#433=B_SPLINE_CURVE_WITH_KNOTS('',3,(#3721,#3722,#3723,#3724,#3725,#3726,
#3727,#3728),.UNSPECIFIED.,.F.,.F.,(4,2,2,4),(1.15597806926563,1.16195359213491,
1.27734251352699,1.39273143491907),.UNSPECIFIED.);
#434=B_SPLINE_CURVE_WITH_KNOTS('',3,(#3810,#3811,#3812,#3813,#3814,#3815,
#3816,#3817,#3818,#3819),.UNSPECIFIED.,.F.,.F.,(4,3,3,4),(0.000398313,0.000496097397871891,
0.000593732281926718,0.000627808),.UNSPECIFIED.);
#435=B_SPLINE_CURVE_WITH_KNOTS('',3,(#3831,#3832,#3833,#3834,#3835,#3836,
#3837,#3838,#3839,#3840),.UNSPECIFIED.,.F.,.F.,(4,3,3,4),(0.,9.76400358954737E-5,
0.000195786986366544,0.000230108),.UNSPECIFIED.);
#436=B_SPLINE_CURVE_WITH_KNOTS('',3,(#3947,#3948,#3949,#3950,#3951,#3952,
#3953,#3954,#3955,#3956),.UNSPECIFIED.,.F.,.F.,(4,2,2,2,4),(3.37095531281772E-7,
0.0336640516052531,0.0640078755869094,0.0971416977161951,0.12863301201565),
 .UNSPECIFIED.);
#437=B_SPLINE_CURVE_WITH_KNOTS('',3,(#4147,#4148,#4149,#4150,#4151,#4152,
#4153,#4154,#4155,#4156),.UNSPECIFIED.,.F.,.F.,(4,2,2,2,4),(0.,0.0312602748382418,
0.0641487575689371,0.0943127798677585,0.127779777801888),.UNSPECIFIED.);
#438=B_SPLINE_CURVE_WITH_KNOTS('',3,(#4854,#4855,#4856,#4857,#4858,#4859,
#4860,#4861,#4862,#4863,#4864,#4865,#4866,#4867),.UNSPECIFIED.,.F.,.F.,
(4,2,2,2,2,2,4),(1.33726177921055,1.4408959649637,1.56139157787203,1.80238280368868,
1.90170436137188,2.00102591905507,2.18260285532524),.UNSPECIFIED.);
#439=B_SPLINE_CURVE_WITH_KNOTS('',3,(#4871,#4872,#4873,#4874,#4875,#4876,
#4877,#4878),.UNSPECIFIED.,.F.,.F.,(4,2,2,4),(2.05926392269895,2.15760458030173,
2.25594523790451,2.26453144000533),.UNSPECIFIED.);
#440=B_SPLINE_CURVE_WITH_KNOTS('',3,(#4880,#4881,#4882,#4883,#4884,#4885,
#4886,#4887),.UNSPECIFIED.,.F.,.F.,(4,2,2,4),(1.85399640539258,1.8625826074934,
1.96092326509618,2.05926392269895),.UNSPECIFIED.);
#441=B_SPLINE_CURVE_WITH_KNOTS('',3,(#4940,#4941,#4942,#4943,#4944,#4945,
#4946,#4947,#4948,#4949,#4950,#4951,#4952,#4953,#4954),.UNSPECIFIED.,.F.,
 .F.,(4,2,2,3,2,2,4),(-0.380220051636561,-0.19864311536639,-0.0993215576831954,
0.,0.240991225816658,0.361486838724987,0.465121024478132),.UNSPECIFIED.);
#442=B_SPLINE_CURVE_WITH_KNOTS('',3,(#4971,#4972,#4973,#4974,#4975,#4976,
#4977,#4978),.UNSPECIFIED.,.F.,.F.,(4,2,2,4),(0.481153790259944,0.489739992360765,
0.588080649963541,0.686421307566318),.UNSPECIFIED.);
#443=B_SPLINE_CURVE_WITH_KNOTS('',3,(#4980,#4981,#4982,#4983,#4984,#4985,
#4986,#4987),.UNSPECIFIED.,.F.,.F.,(4,2,2,4),(0.686421307566318,0.784761965169094,
0.88310262277187,0.891688824872692),.UNSPECIFIED.);
#444=ELLIPSE('',#2585,3.25427069621111,2.5);
#445=ELLIPSE('',#2589,2.47487373415291,1.75);
#446=ELLIPSE('',#2590,2.47487373415291,1.75);
#447=ELLIPSE('',#2592,2.603416557,2.);
#448=ELLIPSE('',#2593,2.603416557,2.);
#449=ELLIPSE('',#2597,3.25427069621111,2.5);
#450=ELLIPSE('',#2618,3.124099873,2.);
#451=ELLIPSE('',#2620,2.166666666,2.);
#452=ELLIPSE('',#2621,2.828427125,2.);
#453=ELLIPSE('',#2624,3.124099873,2.);
#454=ELLIPSE('',#2625,2.828427125,2.);
#455=ELLIPSE('',#2626,2.166666666,2.);
#456=ELLIPSE('',#2634,1.414213562,1.);
#457=ELLIPSE('',#2643,1.414213562,1.);
#458=ELLIPSE('',#2668,1.414213562,1.);
#459=ELLIPSE('',#2671,1.301708279,1.);
#460=ELLIPSE('',#2674,1.414213562,1.);
#461=ELLIPSE('',#2678,1.301708279,1.);
#462=ELLIPSE('',#2722,1.518171193,1.5);
#463=ELLIPSE('',#2723,1.952562418,1.5);
#464=ELLIPSE('',#2726,1.518171193,1.5);
#465=ELLIPSE('',#2727,1.952562418,1.5);
#466=ELLIPSE('',#2744,1.518171193,1.5);
#467=ELLIPSE('',#2750,1.518171193,1.5);
#468=ELLIPSE('',#2784,2.06155281280883,2.);
#469=ELLIPSE('',#2786,2.06155281280883,2.);
#470=ELLIPSE('',#2801,2.06155281280883,2.);
#471=ELLIPSE('',#2803,2.06155281280883,2.);
#472=ELLIPSE('',#2811,4.94974746830583,3.5);
#473=ELLIPSE('',#2812,4.94974746830583,3.5);
#474=ELLIPSE('',#2813,4.94974746830583,3.5);
#475=ELLIPSE('',#2816,4.94974746830583,3.5);
#476=ELLIPSE('',#2818,6.9462219947249,6.00000000000001);
#477=ELLIPSE('',#2819,6.9462219947249,6.00000000000001);
#478=ELLIPSE('',#2823,6.94622199472491,6.00000000000001);
#479=ELLIPSE('',#2827,4.94974746830583,3.5);
#480=ELLIPSE('',#2828,4.94974746830583,3.5);
#481=ELLIPSE('',#2830,4.94974746830583,3.5);
#482=ELLIPSE('',#2834,6.9462219947249,6.00000000000001);
#483=ELLIPSE('',#2841,4.94974746830583,3.5);
#484=ELLIPSE('',#2843,2.47487373415291,1.75);
#485=ELLIPSE('',#2844,2.47487373415291,1.75);
#486=ELLIPSE('',#2864,1.767766953,1.25);
#487=ELLIPSE('',#2865,1.767766953,1.25);
#488=ELLIPSE('',#2867,1.767766953,1.25);
#489=ELLIPSE('',#2869,1.767766953,1.25);
#490=LINE('',#3670,#705);
#491=LINE('',#3682,#706);
#492=LINE('',#3685,#707);
#493=LINE('',#3686,#708);
#494=LINE('',#3689,#709);
#495=LINE('',#3693,#710);
#496=LINE('',#3694,#711);
#497=LINE('',#3701,#712);
#498=LINE('',#3705,#713);
#499=LINE('',#3707,#714);
#500=LINE('',#3709,#715);
#501=LINE('',#3713,#716);
#502=LINE('',#3714,#717);
#503=LINE('',#3731,#718);
#504=LINE('',#3734,#719);
#505=LINE('',#3739,#720);
#506=LINE('',#3747,#721);
#507=LINE('',#3749,#722);
#508=LINE('',#3753,#723);
#509=LINE('',#3754,#724);
#510=LINE('',#3756,#725);
#511=LINE('',#3758,#726);
#512=LINE('',#3762,#727);
#513=LINE('',#3764,#728);
#514=LINE('',#3768,#729);
#515=LINE('',#3772,#730);
#516=LINE('',#3775,#731);
#517=LINE('',#3778,#732);
#518=LINE('',#3780,#733);
#519=LINE('',#3781,#734);
#520=LINE('',#3784,#735);
#521=LINE('',#3786,#736);
#522=LINE('',#3787,#737);
#523=LINE('',#3790,#738);
#524=LINE('',#3792,#739);
#525=LINE('',#3793,#740);
#526=LINE('',#3798,#741);
#527=LINE('',#3802,#742);
#528=LINE('',#3804,#743);
#529=LINE('',#3807,#744);
#530=LINE('',#3823,#745);
#531=LINE('',#3825,#746);
#532=LINE('',#3827,#747);
#533=LINE('',#3843,#748);
#534=LINE('',#3847,#749);
#535=LINE('',#3851,#750);
#536=LINE('',#3855,#751);
#537=LINE('',#3857,#752);
#538=LINE('',#3858,#753);
#539=LINE('',#3868,#754);
#540=LINE('',#3872,#755);
#541=LINE('',#3874,#756);
#542=LINE('',#3876,#757);
#543=LINE('',#3878,#758);
#544=LINE('',#3880,#759);
#545=LINE('',#3881,#760);
#546=LINE('',#3882,#761);
#547=LINE('',#3887,#762);
#548=LINE('',#3888,#763);
#549=LINE('',#3892,#764);
#550=LINE('',#3896,#765);
#551=LINE('',#3897,#766);
#552=LINE('',#3899,#767);
#553=LINE('',#3901,#768);
#554=LINE('',#3903,#769);
#555=LINE('',#3904,#770);
#556=LINE('',#3909,#771);
#557=LINE('',#3917,#772);
#558=LINE('',#3925,#773);
#559=LINE('',#3932,#774);
#560=LINE('',#3944,#775);
#561=LINE('',#4145,#776);
#562=LINE('',#4160,#777);
#563=LINE('',#4164,#778);
#564=LINE('',#4165,#779);
#565=LINE('',#4354,#780);
#566=LINE('',#4357,#781);
#567=LINE('',#4358,#782);
#568=LINE('',#4360,#783);
#569=LINE('',#4365,#784);
#570=LINE('',#4366,#785);
#571=LINE('',#4370,#786);
#572=LINE('',#4373,#787);
#573=LINE('',#4375,#788);
#574=LINE('',#4376,#789);
#575=LINE('',#4380,#790);
#576=LINE('',#4382,#791);
#577=LINE('',#4390,#792);
#578=LINE('',#4393,#793);
#579=LINE('',#4401,#794);
#580=LINE('',#4405,#795);
#581=LINE('',#4406,#796);
#582=LINE('',#4408,#797);
#583=LINE('',#4409,#798);
#584=LINE('',#4413,#799);
#585=LINE('',#4416,#800);
#586=LINE('',#4417,#801);
#587=LINE('',#4421,#802);
#588=LINE('',#4424,#803);
#589=LINE('',#4425,#804);
#590=LINE('',#4429,#805);
#591=LINE('',#4431,#806);
#592=LINE('',#4434,#807);
#593=LINE('',#4436,#808);
#594=LINE('',#4438,#809);
#595=LINE('',#4439,#810);
#596=LINE('',#4444,#811);
#597=LINE('',#4447,#812);
#598=LINE('',#4451,#813);
#599=LINE('',#4455,#814);
#600=LINE('',#4457,#815);
#601=LINE('',#4458,#816);
#602=LINE('',#4459,#817);
#603=LINE('',#4463,#818);
#604=LINE('',#4467,#819);
#605=LINE('',#4472,#820);
#606=LINE('',#4473,#821);
#607=LINE('',#4476,#822);
#608=LINE('',#4478,#823);
#609=LINE('',#4479,#824);
#610=LINE('',#4480,#825);
#611=LINE('',#4482,#826);
#612=LINE('',#4485,#827);
#613=LINE('',#4486,#828);
#614=LINE('',#4493,#829);
#615=LINE('',#4496,#830);
#616=LINE('',#4498,#831);
#617=LINE('',#4504,#832);
#618=LINE('',#4507,#833);
#619=LINE('',#4571,#834);
#620=LINE('',#4573,#835);
#621=LINE('',#4575,#836);
#622=LINE('',#4577,#837);
#623=LINE('',#4579,#838);
#624=LINE('',#4580,#839);
#625=LINE('',#4582,#840);
#626=LINE('',#4584,#841);
#627=LINE('',#4585,#842);
#628=LINE('',#4588,#843);
#629=LINE('',#4590,#844);
#630=LINE('',#4592,#845);
#631=LINE('',#4594,#846);
#632=LINE('',#4596,#847);
#633=LINE('',#4597,#848);
#634=LINE('',#4598,#849);
#635=LINE('',#4661,#850);
#636=LINE('',#4667,#851);
#637=LINE('',#4669,#852);
#638=LINE('',#4671,#853);
#639=LINE('',#4672,#854);
#640=LINE('',#4678,#855);
#641=LINE('',#4679,#856);
#642=LINE('',#4681,#857);
#643=LINE('',#4683,#858);
#644=LINE('',#4684,#859);
#645=LINE('',#4686,#860);
#646=LINE('',#4688,#861);
#647=LINE('',#4693,#862);
#648=LINE('',#4699,#863);
#649=LINE('',#4704,#864);
#650=LINE('',#4707,#865);
#651=LINE('',#4712,#866);
#652=LINE('',#4716,#867);
#653=LINE('',#4718,#868);
#654=LINE('',#4722,#869);
#655=LINE('',#4726,#870);
#656=LINE('',#4730,#871);
#657=LINE('',#4734,#872);
#658=LINE('',#4735,#873);
#659=LINE('',#4736,#874);
#660=LINE('',#4839,#875);
#661=LINE('',#4841,#876);
#662=LINE('',#4848,#877);
#663=LINE('',#4892,#878);
#664=LINE('',#4955,#879);
#665=LINE('',#4957,#880);
#666=LINE('',#4960,#881);
#667=LINE('',#4963,#882);
#668=LINE('',#4966,#883);
#669=LINE('',#4969,#884);
#670=LINE('',#4989,#885);
#671=LINE('',#4992,#886);
#672=LINE('',#4995,#887);
#673=LINE('',#4996,#888);
#674=LINE('',#5045,#889);
#675=LINE('',#5046,#890);
#676=LINE('',#5047,#891);
#677=LINE('',#5050,#892);
#678=LINE('',#5053,#893);
#679=LINE('',#5054,#894);
#680=LINE('',#5056,#895);
#681=LINE('',#5059,#896);
#682=LINE('',#5061,#897);
#683=LINE('',#5063,#898);
#684=LINE('',#5064,#899);
#685=LINE('',#5068,#900);
#686=LINE('',#5069,#901);
#687=LINE('',#5071,#902);
#688=LINE('',#5078,#903);
#689=LINE('',#5083,#904);
#690=LINE('',#5089,#905);
#691=LINE('',#5091,#906);
#692=LINE('',#5096,#907);
#693=LINE('',#5100,#908);
#694=LINE('',#5102,#909);
#695=LINE('',#5104,#910);
#696=LINE('',#5105,#911);
#697=LINE('',#5109,#912);
#698=LINE('',#5111,#913);
#699=LINE('',#5112,#914);
#700=LINE('',#5115,#915);
#701=LINE('',#5116,#916);
#702=LINE('',#5119,#917);
#703=LINE('',#5120,#918);
#704=LINE('',#5122,#919);
#705=VECTOR('',#2877,10.);
#706=VECTOR('',#2880,10.);
#707=VECTOR('',#2883,10.);
#708=VECTOR('',#2884,4.13498465151999);
#709=VECTOR('',#2887,10.);
#710=VECTOR('',#2890,10.);
#711=VECTOR('',#2891,10.);
#712=VECTOR('',#2898,10.);
#713=VECTOR('',#2901,18.);
#714=VECTOR('',#2902,51.);
#715=VECTOR('',#2903,19.996585981);
#716=VECTOR('',#2906,10.);
#717=VECTOR('',#2907,10.);
#718=VECTOR('',#2916,10.);
#719=VECTOR('',#2919,1.75);
#720=VECTOR('',#2926,1.75);
#721=VECTOR('',#2935,2.49999997);
#722=VECTOR('',#2936,3.8);
#723=VECTOR('',#2939,7.);
#724=VECTOR('',#2940,4.500000015);
#725=VECTOR('',#2941,4.500000015);
#726=VECTOR('',#2942,7.);
#727=VECTOR('',#2945,3.8);
#728=VECTOR('',#2946,2.49999997);
#729=VECTOR('',#2949,1.48);
#730=VECTOR('',#2952,21.00000006);
#731=VECTOR('',#2955,1.48);
#732=VECTOR('',#2958,18.);
#733=VECTOR('',#2959,7.);
#734=VECTOR('',#2960,18.);
#735=VECTOR('',#2963,3.);
#736=VECTOR('',#2964,7.);
#737=VECTOR('',#2965,3.);
#738=VECTOR('',#2968,12.);
#739=VECTOR('',#2969,7.);
#740=VECTOR('',#2970,12.);
#741=VECTOR('',#2975,7.);
#742=VECTOR('',#2980,3.8);
#743=VECTOR('',#2981,7.085580662);
#744=VECTOR('',#2984,2.895900129);
#745=VECTOR('',#2989,13.8759702343892);
#746=VECTOR('',#2992,10.9290143467313);
#747=VECTOR('',#2995,5.150838479);
#748=VECTOR('',#3000,10.9290143487313);
#749=VECTOR('',#3003,13.8759702343892);
#750=VECTOR('',#3008,2.895900129);
#751=VECTOR('',#3011,12.);
#752=VECTOR('',#3012,3.);
#753=VECTOR('',#3013,18.);
#754=VECTOR('',#3026,3.49999997);
#755=VECTOR('',#3029,3.);
#756=VECTOR('',#3030,12.);
#757=VECTOR('',#3031,3.8);
#758=VECTOR('',#3032,12.);
#759=VECTOR('',#3033,3.);
#760=VECTOR('',#3034,18.);
#761=VECTOR('',#3035,18.);
#762=VECTOR('',#3042,7.);
#763=VECTOR('',#3043,18.);
#764=VECTOR('',#3048,18.);
#765=VECTOR('',#3051,3.);
#766=VECTOR('',#3052,18.);
#767=VECTOR('',#3053,3.);
#768=VECTOR('',#3054,12.);
#769=VECTOR('',#3055,3.8);
#770=VECTOR('',#3056,12.);
#771=VECTOR('',#3061,3.49999997);
#772=VECTOR('',#3072,1.48);
#773=VECTOR('',#3083,21.00000006);
#774=VECTOR('',#3094,1.48);
#775=VECTOR('',#3113,8.);
#776=VECTOR('',#3126,7.085580662);
#777=VECTOR('',#3129,8.);
#778=VECTOR('',#3134,3.8);
#779=VECTOR('',#3135,7.);
#780=VECTOR('',#3146,7.);
#781=VECTOR('',#3149,12.);
#782=VECTOR('',#3150,7.);
#783=VECTOR('',#3153,3.);
#784=VECTOR('',#3158,6.);
#785=VECTOR('',#3159,6.);
#786=VECTOR('',#3164,19.);
#787=VECTOR('',#3167,10.);
#788=VECTOR('',#3168,25.);
#789=VECTOR('',#3169,12.5);
#790=VECTOR('',#3174,3.);
#791=VECTOR('',#3177,12.);
#792=VECTOR('',#3188,3.);
#793=VECTOR('',#3193,19.);
#794=VECTOR('',#3208,12.);
#795=VECTOR('',#3211,10.);
#796=VECTOR('',#3212,6.);
#797=VECTOR('',#3213,12.5);
#798=VECTOR('',#3214,25.);
#799=VECTOR('',#3219,6.);
#800=VECTOR('',#3222,10.);
#801=VECTOR('',#3223,6.);
#802=VECTOR('',#3228,6.);
#803=VECTOR('',#3231,10.);
#804=VECTOR('',#3232,6.);
#805=VECTOR('',#3237,6.);
#806=VECTOR('',#3240,10.);
#807=VECTOR('',#3245,0.246583442);
#808=VECTOR('',#3246,12.5);
#809=VECTOR('',#3247,13.54829172);
#810=VECTOR('',#3248,3.5);
#811=VECTOR('',#3255,3.5);
#812=VECTOR('',#3258,24.8800069911118);
#813=VECTOR('',#3261,23.3958199882841);
#814=VECTOR('',#3266,28.291743644);
#815=VECTOR('',#3267,7.);
#816=VECTOR('',#3268,30.24430533);
#817=VECTOR('',#3269,5.5);
#818=VECTOR('',#3272,23.3958200012841);
#819=VECTOR('',#3275,24.8800069911118);
#820=VECTOR('',#3282,3.5);
#821=VECTOR('',#3283,3.5);
#822=VECTOR('',#3286,30.247152661);
#823=VECTOR('',#3287,7.);
#824=VECTOR('',#3288,28.291743665);
#825=VECTOR('',#3289,5.5);
#826=VECTOR('',#3292,0.246583442);
#827=VECTOR('',#3295,13.54829172);
#828=VECTOR('',#3296,12.5);
#829=VECTOR('',#3305,25.);
#830=VECTOR('',#3310,3.);
#831=VECTOR('',#3313,3.);
#832=VECTOR('',#3320,25.);
#833=VECTOR('',#3323,13.314104247);
#834=VECTOR('',#3330,3.);
#835=VECTOR('',#3331,10.);
#836=VECTOR('',#3332,25.);
#837=VECTOR('',#3333,0.01953979);
#838=VECTOR('',#3334,3.);
#839=VECTOR('',#3335,0.01953979);
#840=VECTOR('',#3338,7.);
#841=VECTOR('',#3341,51.);
#842=VECTOR('',#3342,51.);
#843=VECTOR('',#3345,13.314104247);
#844=VECTOR('',#3346,0.01953979);
#845=VECTOR('',#3347,3.);
#846=VECTOR('',#3348,0.01953979);
#847=VECTOR('',#3349,25.);
#848=VECTOR('',#3350,10.);
#849=VECTOR('',#3351,3.);
#850=VECTOR('',#3356,7.);
#851=VECTOR('',#3363,25.);
#852=VECTOR('',#3364,51.);
#853=VECTOR('',#3365,25.);
#854=VECTOR('',#3366,51.);
#855=VECTOR('',#3375,7.);
#856=VECTOR('',#3376,7.);
#857=VECTOR('',#3379,3.);
#858=VECTOR('',#3382,3.);
#859=VECTOR('',#3383,51.);
#860=VECTOR('',#3386,7.);
#861=VECTOR('',#3389,7.);
#862=VECTOR('',#3396,3.4);
#863=VECTOR('',#3403,3.4);
#864=VECTOR('',#3410,2.);
#865=VECTOR('',#3413,2.);
#866=VECTOR('',#3420,7.);
#867=VECTOR('',#3423,10.);
#868=VECTOR('',#3424,10.);
#869=VECTOR('',#3427,10.);
#870=VECTOR('',#3430,10.);
#871=VECTOR('',#3433,10.);
#872=VECTOR('',#3436,10.);
#873=VECTOR('',#3437,10.);
#874=VECTOR('',#3438,7.);
#875=VECTOR('',#3487,4.13053697852051);
#876=VECTOR('',#3490,5.150838482);
#877=VECTOR('',#3499,3.5);
#878=VECTOR('',#3510,3.5);
#879=VECTOR('',#3523,10.);
#880=VECTOR('',#3524,10.);
#881=VECTOR('',#3527,10.);
#882=VECTOR('',#3530,39.);
#883=VECTOR('',#3533,39.);
#884=VECTOR('',#3536,3.18);
#885=VECTOR('',#3537,3.18);
#886=VECTOR('',#3540,3.18);
#887=VECTOR('',#3543,10.);
#888=VECTOR('',#3544,14.75569467);
#889=VECTOR('',#3565,10.);
#890=VECTOR('',#3566,10.);
#891=VECTOR('',#3567,10.);
#892=VECTOR('',#3570,3.18);
#893=VECTOR('',#3573,3.18);
#894=VECTOR('',#3574,3.18);
#895=VECTOR('',#3577,10.);
#896=VECTOR('',#3578,7.599770217);
#897=VECTOR('',#3579,27.);
#898=VECTOR('',#3580,7.599770217);
#899=VECTOR('',#3581,27.);
#900=VECTOR('',#3586,14.752847339);
#901=VECTOR('',#3587,10.);
#902=VECTOR('',#3590,10.);
#903=VECTOR('',#3597,3.5);
#904=VECTOR('',#3604,1.75);
#905=VECTOR('',#3611,1.75);
#906=VECTOR('',#3614,3.5);
#907=VECTOR('',#3623,39.);
#908=VECTOR('',#3626,5.099770217);
#909=VECTOR('',#3627,24.5);
#910=VECTOR('',#3628,5.099770217);
#911=VECTOR('',#3629,24.5);
#912=VECTOR('',#3634,5.93);
#913=VECTOR('',#3635,24.5);
#914=VECTOR('',#3636,5.93);
#915=VECTOR('',#3639,5.099770217);
#916=VECTOR('',#3640,5.93);
#917=VECTOR('',#3643,24.5);
#918=VECTOR('',#3644,5.93);
#919=VECTOR('',#3647,5.099770217);
#920=CIRCLE('',#2584,2.5);
#921=CIRCLE('',#2588,2.5);
#922=CIRCLE('',#2594,3.4);
#923=CIRCLE('',#2595,3.4);
#924=CIRCLE('',#2599,1.75);
#925=CIRCLE('',#2602,1.75);
#926=CIRCLE('',#2605,1.5);
#927=CIRCLE('',#2606,1.);
#928=CIRCLE('',#2607,1.);
#929=CIRCLE('',#2608,1.5);
#930=CIRCLE('',#2609,3.);
#931=CIRCLE('',#2610,3.);
#932=CIRCLE('',#2615,1.);
#933=CIRCLE('',#2616,1.);
#934=CIRCLE('',#2628,1.);
#935=CIRCLE('',#2630,1.);
#936=CIRCLE('',#2631,2.5);
#937=CIRCLE('',#2632,1.);
#938=CIRCLE('',#2637,1.);
#939=CIRCLE('',#2640,1.);
#940=CIRCLE('',#2644,1.);
#941=CIRCLE('',#2646,2.5);
#942=CIRCLE('',#2647,1.);
#943=CIRCLE('',#2649,1.);
#944=CIRCLE('',#2651,2.);
#945=CIRCLE('',#2652,1.);
#946=CIRCLE('',#2654,1.);
#947=CIRCLE('',#2656,2.);
#948=CIRCLE('',#2657,1.);
#949=CIRCLE('',#2660,1.);
#950=CIRCLE('',#2662,1.);
#951=CIRCLE('',#2664,1.);
#952=CIRCLE('',#2666,1.);
#953=CIRCLE('',#2669,1.);
#954=CIRCLE('',#2670,1.);
#955=CIRCLE('',#2672,1.);
#956=CIRCLE('',#2675,1.);
#957=CIRCLE('',#2677,1.);
#958=CIRCLE('',#2679,1.);
#959=CIRCLE('',#2681,1.);
#960=CIRCLE('',#2685,2.5);
#961=CIRCLE('',#2687,1.);
#962=CIRCLE('',#2690,1.);
#963=CIRCLE('',#2692,1.);
#964=CIRCLE('',#2694,1.);
#965=CIRCLE('',#2696,1.);
#966=CIRCLE('',#2697,1.);
#967=CIRCLE('',#2700,1.);
#968=CIRCLE('',#2702,1.);
#969=CIRCLE('',#2703,1.);
#970=CIRCLE('',#2705,1.);
#971=CIRCLE('',#2708,2.5);
#972=CIRCLE('',#2711,2.);
#973=CIRCLE('',#2714,2.);
#974=CIRCLE('',#2720,1.);
#975=CIRCLE('',#2729,1.);
#976=CIRCLE('',#2736,1.5);
#977=CIRCLE('',#2737,1.5);
#978=CIRCLE('',#2741,1.5);
#979=CIRCLE('',#2742,1.5);
#980=CIRCLE('',#2745,1.5);
#981=CIRCLE('',#2753,1.5);
#982=CIRCLE('',#2755,2.);
#983=CIRCLE('',#2766,2.);
#984=CIRCLE('',#2767,2.);
#985=CIRCLE('',#2769,2.);
#986=CIRCLE('',#2770,2.);
#987=CIRCLE('',#2773,2.);
#988=CIRCLE('',#2775,2.);
#989=CIRCLE('',#2777,0.5);
#990=CIRCLE('',#2778,4.);
#991=CIRCLE('',#2779,4.);
#992=CIRCLE('',#2780,0.5);
#993=CIRCLE('',#2782,2.);
#994=CIRCLE('',#2787,2.);
#995=CIRCLE('',#2788,2.);
#996=CIRCLE('',#2790,2.);
#997=CIRCLE('',#2792,2.);
#998=CIRCLE('',#2794,2.);
#999=CIRCLE('',#2796,2.);
#1000=CIRCLE('',#2798,2.);
#1001=CIRCLE('',#2799,2.);
#1002=CIRCLE('',#2810,3.5);
#1003=CIRCLE('',#2815,3.5);
#1004=CIRCLE('',#2817,2.5);
#1005=CIRCLE('',#2821,2.5);
#1006=CIRCLE('',#2825,6.);
#1007=CIRCLE('',#2832,3.5);
#1008=CIRCLE('',#2833,2.5);
#1009=CIRCLE('',#2836,2.5);
#1010=CIRCLE('',#2838,6.);
#1011=CIRCLE('',#2846,1.75);
#1012=CIRCLE('',#2847,1.75);
#1013=CIRCLE('',#2850,1.75);
#1014=CIRCLE('',#2851,1.75);
#1015=CIRCLE('',#2853,3.5);
#1016=VERTEX_POINT('',#3666);
#1017=VERTEX_POINT('',#3667);
#1018=VERTEX_POINT('',#3669);
#1019=VERTEX_POINT('',#3671);
#1020=VERTEX_POINT('',#3673);
#1021=VERTEX_POINT('',#3684);
#1022=VERTEX_POINT('',#3688);
#1023=VERTEX_POINT('',#3690);
#1024=VERTEX_POINT('',#3692);
#1025=VERTEX_POINT('',#3695);
#1026=VERTEX_POINT('',#3697);
#1027=VERTEX_POINT('',#3700);
#1028=VERTEX_POINT('',#3702);
#1029=VERTEX_POINT('',#3704);
#1030=VERTEX_POINT('',#3706);
#1031=VERTEX_POINT('',#3708);
#1032=VERTEX_POINT('',#3710);
#1033=VERTEX_POINT('',#3712);
#1034=VERTEX_POINT('',#3715);
#1035=VERTEX_POINT('',#3717);
#1036=VERTEX_POINT('',#3720);
#1037=VERTEX_POINT('',#3729);
#1038=VERTEX_POINT('',#3733);
#1039=VERTEX_POINT('',#3738);
#1040=VERTEX_POINT('',#3743);
#1041=VERTEX_POINT('',#3744);
#1042=VERTEX_POINT('',#3746);
#1043=VERTEX_POINT('',#3748);
#1044=VERTEX_POINT('',#3750);
#1045=VERTEX_POINT('',#3752);
#1046=VERTEX_POINT('',#3755);
#1047=VERTEX_POINT('',#3757);
#1048=VERTEX_POINT('',#3759);
#1049=VERTEX_POINT('',#3761);
#1050=VERTEX_POINT('',#3763);
#1051=VERTEX_POINT('',#3765);
#1052=VERTEX_POINT('',#3767);
#1053=VERTEX_POINT('',#3769);
#1054=VERTEX_POINT('',#3771);
#1055=VERTEX_POINT('',#3773);
#1056=VERTEX_POINT('',#3777);
#1057=VERTEX_POINT('',#3779);
#1058=VERTEX_POINT('',#3783);
#1059=VERTEX_POINT('',#3785);
#1060=VERTEX_POINT('',#3789);
#1061=VERTEX_POINT('',#3791);
#1062=VERTEX_POINT('',#3795);
#1063=VERTEX_POINT('',#3797);
#1064=VERTEX_POINT('',#3801);
#1065=VERTEX_POINT('',#3803);
#1066=VERTEX_POINT('',#3805);
#1067=VERTEX_POINT('',#3809);
#1068=VERTEX_POINT('',#3820);
#1069=VERTEX_POINT('',#3822);
#1070=VERTEX_POINT('',#3829);
#1071=VERTEX_POINT('',#3830);
#1072=VERTEX_POINT('',#3841);
#1073=VERTEX_POINT('',#3844);
#1074=VERTEX_POINT('',#3846);
#1075=VERTEX_POINT('',#3850);
#1076=VERTEX_POINT('',#3852);
#1077=VERTEX_POINT('',#3854);
#1078=VERTEX_POINT('',#3856);
#1079=VERTEX_POINT('',#3860);
#1080=VERTEX_POINT('',#3862);
#1081=VERTEX_POINT('',#3866);
#1082=VERTEX_POINT('',#3870);
#1083=VERTEX_POINT('',#3871);
#1084=VERTEX_POINT('',#3873);
#1085=VERTEX_POINT('',#3875);
#1086=VERTEX_POINT('',#3877);
#1087=VERTEX_POINT('',#3879);
#1088=VERTEX_POINT('',#3886);
#1089=VERTEX_POINT('',#3890);
#1090=VERTEX_POINT('',#3894);
#1091=VERTEX_POINT('',#3895);
#1092=VERTEX_POINT('',#3898);
#1093=VERTEX_POINT('',#3900);
#1094=VERTEX_POINT('',#3902);
#1095=VERTEX_POINT('',#3906);
#1096=VERTEX_POINT('',#3908);
#1097=VERTEX_POINT('',#3912);
#1098=VERTEX_POINT('',#3916);
#1099=VERTEX_POINT('',#3920);
#1100=VERTEX_POINT('',#3924);
#1101=VERTEX_POINT('',#3928);
#1102=VERTEX_POINT('',#3942);
#1103=VERTEX_POINT('',#3943);
#1104=VERTEX_POINT('',#3945);
#1105=VERTEX_POINT('',#4138);
#1106=VERTEX_POINT('',#4140);
#1107=VERTEX_POINT('',#4144);
#1108=VERTEX_POINT('',#4146);
#1109=VERTEX_POINT('',#4157);
#1110=VERTEX_POINT('',#4159);
#1111=VERTEX_POINT('',#4163);
#1112=VERTEX_POINT('',#4346);
#1113=VERTEX_POINT('',#4348);
#1114=VERTEX_POINT('',#4352);
#1115=VERTEX_POINT('',#4356);
#1116=VERTEX_POINT('',#4362);
#1117=VERTEX_POINT('',#4363);
#1118=VERTEX_POINT('',#4368);
#1119=VERTEX_POINT('',#4372);
#1120=VERTEX_POINT('',#4374);
#1121=VERTEX_POINT('',#4378);
#1122=VERTEX_POINT('',#4387);
#1123=VERTEX_POINT('',#4389);
#1124=VERTEX_POINT('',#4403);
#1125=VERTEX_POINT('',#4404);
#1126=VERTEX_POINT('',#4407);
#1127=VERTEX_POINT('',#4411);
#1128=VERTEX_POINT('',#4415);
#1129=VERTEX_POINT('',#4419);
#1130=VERTEX_POINT('',#4423);
#1131=VERTEX_POINT('',#4427);
#1132=VERTEX_POINT('',#4435);
#1133=VERTEX_POINT('',#4437);
#1134=VERTEX_POINT('',#4442);
#1135=VERTEX_POINT('',#4446);
#1136=VERTEX_POINT('',#4448);
#1137=VERTEX_POINT('',#4450);
#1138=VERTEX_POINT('',#4454);
#1139=VERTEX_POINT('',#4456);
#1140=VERTEX_POINT('',#4461);
#1141=VERTEX_POINT('',#4462);
#1142=VERTEX_POINT('',#4464);
#1143=VERTEX_POINT('',#4466);
#1144=VERTEX_POINT('',#4470);
#1145=VERTEX_POINT('',#4475);
#1146=VERTEX_POINT('',#4477);
#1147=VERTEX_POINT('',#4484);
#1148=VERTEX_POINT('',#4490);
#1149=VERTEX_POINT('',#4492);
#1150=VERTEX_POINT('',#4500);
#1151=VERTEX_POINT('',#4502);
#1152=VERTEX_POINT('',#4506);
#1153=VERTEX_POINT('',#4572);
#1154=VERTEX_POINT('',#4574);
#1155=VERTEX_POINT('',#4576);
#1156=VERTEX_POINT('',#4578);
#1157=VERTEX_POINT('',#4587);
#1158=VERTEX_POINT('',#4589);
#1159=VERTEX_POINT('',#4591);
#1160=VERTEX_POINT('',#4593);
#1161=VERTEX_POINT('',#4595);
#1162=VERTEX_POINT('',#4665);
#1163=VERTEX_POINT('',#4666);
#1164=VERTEX_POINT('',#4668);
#1165=VERTEX_POINT('',#4670);
#1166=VERTEX_POINT('',#4673);
#1167=VERTEX_POINT('',#4692);
#1168=VERTEX_POINT('',#4694);
#1169=VERTEX_POINT('',#4698);
#1170=VERTEX_POINT('',#4700);
#1171=VERTEX_POINT('',#4706);
#1172=VERTEX_POINT('',#4710);
#1173=VERTEX_POINT('',#4714);
#1174=VERTEX_POINT('',#4715);
#1175=VERTEX_POINT('',#4717);
#1176=VERTEX_POINT('',#4719);
#1177=VERTEX_POINT('',#4721);
#1178=VERTEX_POINT('',#4723);
#1179=VERTEX_POINT('',#4725);
#1180=VERTEX_POINT('',#4727);
#1181=VERTEX_POINT('',#4729);
#1182=VERTEX_POINT('',#4731);
#1183=VERTEX_POINT('',#4733);
#1184=VERTEX_POINT('',#4846);
#1185=VERTEX_POINT('',#4847);
#1186=VERTEX_POINT('',#4849);
#1187=VERTEX_POINT('',#4851);
#1188=VERTEX_POINT('',#4853);
#1189=VERTEX_POINT('',#4868);
#1190=VERTEX_POINT('',#4870);
#1191=VERTEX_POINT('',#4879);
#1192=VERTEX_POINT('',#4890);
#1193=VERTEX_POINT('',#4891);
#1194=VERTEX_POINT('',#4893);
#1195=VERTEX_POINT('',#4931);
#1196=VERTEX_POINT('',#4932);
#1197=VERTEX_POINT('',#4934);
#1198=VERTEX_POINT('',#4938);
#1199=VERTEX_POINT('',#4939);
#1200=VERTEX_POINT('',#4956);
#1201=VERTEX_POINT('',#4958);
#1202=VERTEX_POINT('',#4962);
#1203=VERTEX_POINT('',#4964);
#1204=VERTEX_POINT('',#4968);
#1205=VERTEX_POINT('',#4970);
#1206=VERTEX_POINT('',#4979);
#1207=VERTEX_POINT('',#4988);
#1208=VERTEX_POINT('',#4990);
#1209=VERTEX_POINT('',#4994);
#1210=VERTEX_POINT('',#5038);
#1211=VERTEX_POINT('',#5042);
#1212=VERTEX_POINT('',#5043);
#1213=VERTEX_POINT('',#5049);
#1214=VERTEX_POINT('',#5051);
#1215=VERTEX_POINT('',#5057);
#1216=VERTEX_POINT('',#5058);
#1217=VERTEX_POINT('',#5060);
#1218=VERTEX_POINT('',#5062);
#1219=VERTEX_POINT('',#5067);
#1220=VERTEX_POINT('',#5072);
#1221=VERTEX_POINT('',#5074);
#1222=VERTEX_POINT('',#5077);
#1223=VERTEX_POINT('',#5079);
#1224=VERTEX_POINT('',#5085);
#1225=VERTEX_POINT('',#5086);
#1226=VERTEX_POINT('',#5098);
#1227=VERTEX_POINT('',#5099);
#1228=VERTEX_POINT('',#5101);
#1229=VERTEX_POINT('',#5103);
#1230=VERTEX_POINT('',#5108);
#1231=VERTEX_POINT('',#5110);
#1232=VERTEX_POINT('',#5114);
#1233=VERTEX_POINT('',#5118);
#1234=EDGE_CURVE('',#1016,#1017,#920,.T.);
#1235=EDGE_CURVE('',#1017,#1018,#490,.T.);
#1236=EDGE_CURVE('',#1018,#1019,#444,.F.);
#1237=EDGE_CURVE('',#1020,#1019,#432,.T.);
#1238=EDGE_CURVE('',#1020,#1016,#491,.T.);
#1239=EDGE_CURVE('',#1021,#1017,#492,.T.);
#1240=EDGE_CURVE('',#1018,#1021,#493,.T.);
#1241=EDGE_CURVE('',#1016,#1022,#494,.T.);
#1242=EDGE_CURVE('',#1023,#1022,#921,.T.);
#1243=EDGE_CURVE('',#1023,#1024,#495,.T.);
#1244=EDGE_CURVE('',#1024,#1021,#496,.T.);
#1245=EDGE_CURVE('',#1025,#1025,#445,.T.);
#1246=EDGE_CURVE('',#1026,#1026,#446,.T.);
#1247=EDGE_CURVE('',#1020,#1027,#497,.T.);
#1248=EDGE_CURVE('',#1027,#1028,#447,.T.);
#1249=EDGE_CURVE('',#1028,#1029,#498,.T.);
#1250=EDGE_CURVE('',#1029,#1030,#499,.T.);
#1251=EDGE_CURVE('',#1031,#1030,#500,.T.);
#1252=EDGE_CURVE('',#1031,#1032,#448,.T.);
#1253=EDGE_CURVE('',#1033,#1032,#501,.T.);
#1254=EDGE_CURVE('',#1022,#1033,#502,.T.);
#1255=EDGE_CURVE('',#1034,#1034,#922,.T.);
#1256=EDGE_CURVE('',#1035,#1035,#923,.T.);
#1257=EDGE_CURVE('',#1033,#1036,#433,.F.);
#1258=EDGE_CURVE('',#1037,#1036,#449,.T.);
#1259=EDGE_CURVE('',#1037,#1023,#503,.T.);
#1260=EDGE_CURVE('',#1026,#1038,#504,.T.);
#1261=EDGE_CURVE('',#1038,#1038,#924,.T.);
#1262=EDGE_CURVE('',#1025,#1039,#505,.T.);
#1263=EDGE_CURVE('',#1039,#1039,#925,.T.);
#1264=EDGE_CURVE('',#1040,#1041,#926,.T.);
#1265=EDGE_CURVE('',#1041,#1042,#506,.T.);
#1266=EDGE_CURVE('',#1042,#1043,#507,.T.);
#1267=EDGE_CURVE('',#1043,#1044,#927,.T.);
#1268=EDGE_CURVE('',#1044,#1045,#508,.T.);
#1269=EDGE_CURVE('',#1030,#1045,#509,.T.);
#1270=EDGE_CURVE('',#1029,#1046,#510,.T.);
#1271=EDGE_CURVE('',#1047,#1046,#511,.T.);
#1272=EDGE_CURVE('',#1047,#1048,#928,.T.);
#1273=EDGE_CURVE('',#1048,#1049,#512,.T.);
#1274=EDGE_CURVE('',#1049,#1050,#513,.T.);
#1275=EDGE_CURVE('',#1050,#1051,#929,.T.);
#1276=EDGE_CURVE('',#1051,#1052,#514,.T.);
#1277=EDGE_CURVE('',#1052,#1053,#930,.T.);
#1278=EDGE_CURVE('',#1053,#1054,#515,.T.);
#1279=EDGE_CURVE('',#1054,#1055,#931,.T.);
#1280=EDGE_CURVE('',#1055,#1040,#516,.T.);
#1281=EDGE_CURVE('',#1044,#1056,#517,.T.);
#1282=EDGE_CURVE('',#1056,#1057,#518,.T.);
#1283=EDGE_CURVE('',#1045,#1057,#519,.T.);
#1284=EDGE_CURVE('',#1056,#1058,#520,.T.);
#1285=EDGE_CURVE('',#1058,#1059,#521,.T.);
#1286=EDGE_CURVE('',#1057,#1059,#522,.T.);
#1287=EDGE_CURVE('',#1058,#1060,#523,.T.);
#1288=EDGE_CURVE('',#1060,#1061,#524,.T.);
#1289=EDGE_CURVE('',#1059,#1061,#525,.T.);
#1290=EDGE_CURVE('',#1060,#1062,#932,.T.);
#1291=EDGE_CURVE('',#1063,#1062,#526,.T.);
#1292=EDGE_CURVE('',#1061,#1063,#933,.T.);
#1293=EDGE_CURVE('',#1062,#1064,#527,.T.);
#1294=EDGE_CURVE('',#1064,#1065,#528,.T.);
#1295=EDGE_CURVE('',#1065,#1066,#450,.T.);
#1296=EDGE_CURVE('',#1063,#1066,#529,.T.);
#1297=EDGE_CURVE('',#1067,#1065,#434,.T.);
#1298=EDGE_CURVE('',#1067,#1068,#451,.T.);
#1299=EDGE_CURVE('',#1069,#1068,#530,.T.);
#1300=EDGE_CURVE('',#1069,#1032,#452,.T.);
#1301=EDGE_CURVE('',#1066,#1031,#531,.T.);
#1302=EDGE_CURVE('',#1036,#1069,#532,.T.);
#1303=EDGE_CURVE('',#1070,#1071,#435,.T.);
#1304=EDGE_CURVE('',#1070,#1072,#453,.T.);
#1305=EDGE_CURVE('',#1028,#1072,#533,.T.);
#1306=EDGE_CURVE('',#1027,#1073,#454,.T.);
#1307=EDGE_CURVE('',#1074,#1073,#534,.T.);
#1308=EDGE_CURVE('',#1074,#1071,#455,.T.);
#1309=EDGE_CURVE('',#1075,#1072,#535,.T.);
#1310=EDGE_CURVE('',#1075,#1076,#934,.T.);
#1311=EDGE_CURVE('',#1077,#1076,#536,.T.);
#1312=EDGE_CURVE('',#1078,#1077,#537,.T.);
#1313=EDGE_CURVE('',#1046,#1078,#538,.T.);
#1314=EDGE_CURVE('',#1040,#1079,#935,.T.);
#1315=EDGE_CURVE('',#1080,#1079,#936,.T.);
#1316=EDGE_CURVE('',#1041,#1080,#937,.T.);
#1317=EDGE_CURVE('',#1042,#1081,#456,.T.);
#1318=EDGE_CURVE('',#1081,#1080,#539,.T.);
#1319=EDGE_CURVE('',#1082,#1083,#540,.T.);
#1320=EDGE_CURVE('',#1083,#1084,#541,.T.);
#1321=EDGE_CURVE('',#1084,#1085,#542,.T.);
#1322=EDGE_CURVE('',#1085,#1086,#543,.T.);
#1323=EDGE_CURVE('',#1086,#1087,#544,.T.);
#1324=EDGE_CURVE('',#1087,#1043,#545,.T.);
#1325=EDGE_CURVE('',#1042,#1082,#546,.T.);
#1326=EDGE_CURVE('',#1087,#1056,#938,.T.);
#1327=EDGE_CURVE('',#1088,#1078,#547,.T.);
#1328=EDGE_CURVE('',#1088,#1047,#548,.T.);
#1329=EDGE_CURVE('',#1088,#1089,#939,.T.);
#1330=EDGE_CURVE('',#1048,#1089,#549,.T.);
#1331=EDGE_CURVE('',#1090,#1091,#550,.T.);
#1332=EDGE_CURVE('',#1091,#1049,#551,.T.);
#1333=EDGE_CURVE('',#1089,#1092,#552,.T.);
#1334=EDGE_CURVE('',#1092,#1093,#553,.T.);
#1335=EDGE_CURVE('',#1093,#1094,#554,.T.);
#1336=EDGE_CURVE('',#1094,#1090,#555,.T.);
#1337=EDGE_CURVE('',#1095,#1049,#457,.T.);
#1338=EDGE_CURVE('',#1096,#1095,#556,.T.);
#1339=EDGE_CURVE('',#1050,#1096,#940,.T.);
#1340=EDGE_CURVE('',#1097,#1096,#941,.T.);
#1341=EDGE_CURVE('',#1051,#1097,#942,.T.);
#1342=EDGE_CURVE('',#1098,#1097,#557,.T.);
#1343=EDGE_CURVE('',#1052,#1098,#943,.T.);
#1344=EDGE_CURVE('',#1099,#1098,#944,.T.);
#1345=EDGE_CURVE('',#1053,#1099,#945,.T.);
#1346=EDGE_CURVE('',#1100,#1099,#558,.T.);
#1347=EDGE_CURVE('',#1054,#1100,#946,.T.);
#1348=EDGE_CURVE('',#1101,#1100,#947,.T.);
#1349=EDGE_CURVE('',#1055,#1101,#948,.T.);
#1350=EDGE_CURVE('',#1079,#1101,#559,.T.);
#1351=EDGE_CURVE('',#1086,#1058,#949,.T.);
#1352=EDGE_CURVE('',#1060,#1085,#950,.T.);
#1353=EDGE_CURVE('',#1062,#1085,#951,.T.);
#1354=EDGE_CURVE('',#1084,#1064,#952,.T.);
#1355=EDGE_CURVE('',#1102,#1103,#560,.T.);
#1356=EDGE_CURVE('',#1102,#1104,#458,.T.);
#1357=EDGE_CURVE('',#1104,#1067,#436,.T.);
#1358=EDGE_CURVE('',#1103,#1064,#953,.T.);
#1359=EDGE_CURVE('',#1104,#1105,#954,.T.);
#1360=EDGE_CURVE('',#1106,#1105,#459,.T.);
#1361=EDGE_CURVE('',#1106,#1068,#955,.T.);
#1362=EDGE_CURVE('',#1070,#1107,#561,.T.);
#1363=EDGE_CURVE('',#1071,#1108,#437,.T.);
#1364=EDGE_CURVE('',#1108,#1109,#460,.T.);
#1365=EDGE_CURVE('',#1110,#1109,#562,.T.);
#1366=EDGE_CURVE('',#1107,#1110,#956,.T.);
#1367=EDGE_CURVE('',#1107,#1111,#563,.T.);
#1368=EDGE_CURVE('',#1111,#1075,#564,.T.);
#1369=EDGE_CURVE('',#1074,#1112,#957,.T.);
#1370=EDGE_CURVE('',#1113,#1112,#461,.T.);
#1371=EDGE_CURVE('',#1113,#1108,#958,.T.);
#1372=EDGE_CURVE('',#1111,#1114,#959,.T.);
#1373=EDGE_CURVE('',#1076,#1114,#565,.T.);
#1374=EDGE_CURVE('',#1114,#1115,#566,.T.);
#1375=EDGE_CURVE('',#1115,#1077,#567,.T.);
#1376=EDGE_CURVE('',#1115,#1088,#568,.T.);
#1377=EDGE_CURVE('',#1116,#1117,#960,.T.);
#1378=EDGE_CURVE('',#1116,#1080,#569,.T.);
#1379=EDGE_CURVE('',#1079,#1117,#570,.T.);
#1380=EDGE_CURVE('',#1082,#1118,#961,.T.);
#1381=EDGE_CURVE('',#1118,#1081,#571,.T.);
#1382=EDGE_CURVE('',#1119,#1116,#572,.T.);
#1383=EDGE_CURVE('',#1119,#1120,#573,.T.);
#1384=EDGE_CURVE('',#1120,#1118,#574,.T.);
#1385=EDGE_CURVE('',#1083,#1121,#962,.T.);
#1386=EDGE_CURVE('',#1121,#1118,#575,.T.);
#1387=EDGE_CURVE('',#1103,#1121,#576,.T.);
#1388=EDGE_CURVE('',#1084,#1103,#963,.T.);
#1389=EDGE_CURVE('',#1115,#1092,#964,.T.);
#1390=EDGE_CURVE('',#1122,#1090,#965,.T.);
#1391=EDGE_CURVE('',#1123,#1122,#577,.T.);
#1392=EDGE_CURVE('',#1091,#1123,#966,.T.);
#1393=EDGE_CURVE('',#1095,#1123,#578,.T.);
#1394=EDGE_CURVE('',#1093,#1114,#967,.T.);
#1395=EDGE_CURVE('',#1107,#1094,#968,.T.);
#1396=EDGE_CURVE('',#1093,#1111,#969,.T.);
#1397=EDGE_CURVE('',#1110,#1094,#970,.T.);
#1398=EDGE_CURVE('',#1122,#1110,#579,.T.);
#1399=EDGE_CURVE('',#1124,#1125,#580,.T.);
#1400=EDGE_CURVE('',#1124,#1096,#581,.T.);
#1401=EDGE_CURVE('',#1126,#1123,#582,.T.);
#1402=EDGE_CURVE('',#1126,#1125,#583,.T.);
#1403=EDGE_CURVE('',#1127,#1124,#971,.T.);
#1404=EDGE_CURVE('',#1097,#1127,#584,.T.);
#1405=EDGE_CURVE('',#1128,#1127,#585,.T.);
#1406=EDGE_CURVE('',#1128,#1098,#586,.T.);
#1407=EDGE_CURVE('',#1129,#1128,#972,.T.);
#1408=EDGE_CURVE('',#1129,#1099,#587,.T.);
#1409=EDGE_CURVE('',#1130,#1129,#588,.T.);
#1410=EDGE_CURVE('',#1100,#1130,#589,.T.);
#1411=EDGE_CURVE('',#1131,#1130,#973,.T.);
#1412=EDGE_CURVE('',#1131,#1101,#590,.T.);
#1413=EDGE_CURVE('',#1117,#1131,#591,.T.);
#1414=EDGE_CURVE('',#1105,#1102,#592,.T.);
#1415=EDGE_CURVE('',#1132,#1121,#593,.T.);
#1416=EDGE_CURVE('',#1132,#1133,#594,.T.);
#1417=EDGE_CURVE('',#1133,#1106,#595,.T.);
#1418=EDGE_CURVE('',#1133,#1134,#974,.T.);
#1419=EDGE_CURVE('',#1068,#1134,#596,.T.);
#1420=EDGE_CURVE('',#1134,#1135,#597,.T.);
#1421=EDGE_CURVE('',#1134,#1136,#462,.T.);
#1422=EDGE_CURVE('',#1137,#1136,#598,.T.);
#1423=EDGE_CURVE('',#1135,#1137,#463,.T.);
#1424=EDGE_CURVE('',#1137,#1138,#599,.T.);
#1425=EDGE_CURVE('',#1138,#1139,#600,.T.);
#1426=EDGE_CURVE('',#1139,#1024,#601,.T.);
#1427=EDGE_CURVE('',#1135,#1024,#602,.T.);
#1428=EDGE_CURVE('',#1140,#1141,#603,.T.);
#1429=EDGE_CURVE('',#1140,#1142,#464,.T.);
#1430=EDGE_CURVE('',#1143,#1142,#604,.T.);
#1431=EDGE_CURVE('',#1141,#1143,#465,.T.);
#1432=EDGE_CURVE('',#1142,#1144,#975,.T.);
#1433=EDGE_CURVE('',#1112,#1144,#605,.T.);
#1434=EDGE_CURVE('',#1142,#1074,#606,.T.);
#1435=EDGE_CURVE('',#1145,#1021,#607,.T.);
#1436=EDGE_CURVE('',#1145,#1146,#608,.T.);
#1437=EDGE_CURVE('',#1141,#1146,#609,.T.);
#1438=EDGE_CURVE('',#1143,#1021,#610,.T.);
#1439=EDGE_CURVE('',#1109,#1113,#611,.T.);
#1440=EDGE_CURVE('',#1144,#1147,#612,.T.);
#1441=EDGE_CURVE('',#1147,#1122,#613,.T.);
#1442=EDGE_CURVE('',#1148,#1119,#976,.T.);
#1443=EDGE_CURVE('',#1149,#1148,#614,.T.);
#1444=EDGE_CURVE('',#1120,#1149,#977,.T.);
#1445=EDGE_CURVE('',#1120,#1132,#615,.T.);
#1446=EDGE_CURVE('',#1147,#1126,#616,.T.);
#1447=EDGE_CURVE('',#1125,#1150,#978,.T.);
#1448=EDGE_CURVE('',#1151,#1126,#979,.T.);
#1449=EDGE_CURVE('',#1150,#1151,#617,.T.);
#1450=EDGE_CURVE('',#1136,#1152,#618,.T.);
#1451=EDGE_CURVE('',#1136,#1133,#466,.T.);
#1452=EDGE_CURVE('',#1132,#1152,#980,.T.);
#1453=EDGE_CURVE('',#1152,#1149,#619,.T.);
#1454=EDGE_CURVE('',#1153,#1148,#620,.T.);
#1455=EDGE_CURVE('',#1154,#1153,#621,.T.);
#1456=EDGE_CURVE('',#1154,#1155,#622,.T.);
#1457=EDGE_CURVE('',#1156,#1155,#623,.T.);
#1458=EDGE_CURVE('',#1138,#1156,#624,.T.);
#1459=EDGE_CURVE('',#1156,#1139,#625,.T.);
#1460=EDGE_CURVE('',#1145,#1139,#626,.T.);
#1461=EDGE_CURVE('',#1145,#1139,#627,.T.);
#1462=EDGE_CURVE('',#1157,#1140,#628,.T.);
#1463=EDGE_CURVE('',#1158,#1146,#629,.T.);
#1464=EDGE_CURVE('',#1158,#1159,#630,.T.);
#1465=EDGE_CURVE('',#1159,#1160,#631,.T.);
#1466=EDGE_CURVE('',#1160,#1161,#632,.T.);
#1467=EDGE_CURVE('',#1150,#1161,#633,.T.);
#1468=EDGE_CURVE('',#1151,#1157,#634,.T.);
#1469=EDGE_CURVE('',#1144,#1140,#467,.T.);
#1470=EDGE_CURVE('',#1145,#1158,#635,.T.);
#1471=EDGE_CURVE('',#1157,#1147,#981,.T.);
#1472=EDGE_CURVE('',#1162,#1163,#636,.T.);
#1473=EDGE_CURVE('',#1164,#1162,#637,.T.);
#1474=EDGE_CURVE('',#1164,#1165,#638,.T.);
#1475=EDGE_CURVE('',#1165,#1163,#639,.T.);
#1476=EDGE_CURVE('',#1166,#1166,#982,.T.);
#1477=EDGE_CURVE('',#1154,#1163,#640,.T.);
#1478=EDGE_CURVE('',#1155,#1163,#641,.T.);
#1479=EDGE_CURVE('',#1163,#1139,#642,.T.);
#1480=EDGE_CURVE('',#1165,#1145,#643,.T.);
#1481=EDGE_CURVE('',#1165,#1163,#644,.T.);
#1482=EDGE_CURVE('',#1165,#1159,#645,.T.);
#1483=EDGE_CURVE('',#1165,#1160,#646,.T.);
#1484=EDGE_CURVE('',#1034,#1167,#647,.T.);
#1485=EDGE_CURVE('',#1168,#1167,#983,.T.);
#1486=EDGE_CURVE('',#1167,#1168,#984,.T.);
#1487=EDGE_CURVE('',#1035,#1169,#648,.T.);
#1488=EDGE_CURVE('',#1170,#1169,#985,.T.);
#1489=EDGE_CURVE('',#1169,#1170,#986,.T.);
#1490=EDGE_CURVE('',#1170,#1166,#649,.T.);
#1491=EDGE_CURVE('',#1168,#1171,#650,.T.);
#1492=EDGE_CURVE('',#1171,#1171,#987,.T.);
#1493=EDGE_CURVE('',#1161,#1172,#988,.T.);
#1494=EDGE_CURVE('',#1172,#1164,#651,.T.);
#1495=EDGE_CURVE('',#1173,#1174,#652,.T.);
#1496=EDGE_CURVE('',#1175,#1173,#653,.T.);
#1497=EDGE_CURVE('',#1176,#1175,#989,.T.);
#1498=EDGE_CURVE('',#1177,#1176,#654,.T.);
#1499=EDGE_CURVE('',#1178,#1177,#990,.T.);
#1500=EDGE_CURVE('',#1179,#1178,#655,.T.);
#1501=EDGE_CURVE('',#1180,#1179,#991,.T.);
#1502=EDGE_CURVE('',#1181,#1180,#656,.T.);
#1503=EDGE_CURVE('',#1182,#1181,#992,.T.);
#1504=EDGE_CURVE('',#1183,#1182,#657,.T.);
#1505=EDGE_CURVE('',#1172,#1183,#658,.T.);
#1506=EDGE_CURVE('',#1162,#1174,#659,.T.);
#1507=EDGE_CURVE('',#1174,#1153,#993,.T.);
#1508=EDGE_CURVE('',#1150,#1183,#468,.T.);
#1509=EDGE_CURVE('',#1119,#1173,#469,.T.);
#1510=EDGE_CURVE('',#1175,#1116,#994,.T.);
#1511=EDGE_CURVE('',#1176,#1117,#995,.T.);
#1512=EDGE_CURVE('',#1177,#1131,#996,.T.);
#1513=EDGE_CURVE('',#1178,#1130,#997,.T.);
#1514=EDGE_CURVE('',#1179,#1129,#998,.T.);
#1515=EDGE_CURVE('',#1180,#1128,#999,.T.);
#1516=EDGE_CURVE('',#1181,#1127,#1000,.T.);
#1517=EDGE_CURVE('',#1182,#1124,#1001,.T.);
#1518=EDGE_CURVE('',#1183,#1125,#470,.T.);
#1519=EDGE_CURVE('',#1173,#1148,#471,.T.);
#1520=EDGE_CURVE('',#1024,#1037,#660,.T.);
#1521=EDGE_CURVE('',#1019,#1073,#661,.T.);
#1522=EDGE_CURVE('',#1184,#1185,#662,.T.);
#1523=EDGE_CURVE('',#1186,#1184,#1002,.T.);
#1524=EDGE_CURVE('',#1187,#1186,#472,.T.);
#1525=EDGE_CURVE('',#1188,#1187,#438,.T.);
#1526=EDGE_CURVE('',#1189,#1188,#473,.T.);
#1527=EDGE_CURVE('',#1190,#1189,#439,.T.);
#1528=EDGE_CURVE('',#1191,#1190,#440,.T.);
#1529=EDGE_CURVE('',#1185,#1191,#474,.T.);
#1530=EDGE_CURVE('',#1192,#1193,#663,.T.);
#1531=EDGE_CURVE('',#1192,#1194,#1003,.T.);
#1532=EDGE_CURVE('',#1193,#1194,#475,.T.);
#1533=EDGE_CURVE('',#1195,#1196,#1004,.T.);
#1534=EDGE_CURVE('',#1196,#1197,#476,.T.);
#1535=EDGE_CURVE('',#1197,#1195,#477,.T.);
#1536=EDGE_CURVE('',#1198,#1199,#441,.T.);
#1537=EDGE_CURVE('',#1199,#1196,#664,.T.);
#1538=EDGE_CURVE('',#1195,#1200,#665,.T.);
#1539=EDGE_CURVE('',#1200,#1201,#1005,.T.);
#1540=EDGE_CURVE('',#1201,#1198,#666,.T.);
#1541=EDGE_CURVE('',#1202,#1197,#667,.T.);
#1542=EDGE_CURVE('',#1203,#1202,#478,.T.);
#1543=EDGE_CURVE('',#1195,#1203,#668,.T.);
#1544=EDGE_CURVE('',#1204,#1196,#669,.T.);
#1545=EDGE_CURVE('',#1204,#1205,#442,.T.);
#1546=EDGE_CURVE('',#1205,#1206,#443,.T.);
#1547=EDGE_CURVE('',#1207,#1206,#670,.T.);
#1548=EDGE_CURVE('',#1208,#1207,#1006,.T.);
#1549=EDGE_CURVE('',#1197,#1208,#671,.T.);
#1550=EDGE_CURVE('',#1201,#1209,#672,.T.);
#1551=EDGE_CURVE('',#1209,#1207,#673,.T.);
#1552=EDGE_CURVE('',#1206,#1193,#479,.T.);
#1553=EDGE_CURVE('',#1194,#1198,#480,.T.);
#1554=EDGE_CURVE('',#1199,#1204,#481,.T.);
#1555=EDGE_CURVE('',#1194,#1192,#1007,.T.);
#1556=EDGE_CURVE('',#1210,#1203,#1008,.T.);
#1557=EDGE_CURVE('',#1202,#1210,#482,.T.);
#1558=EDGE_CURVE('',#1211,#1212,#1009,.T.);
#1559=EDGE_CURVE('',#1212,#1203,#674,.T.);
#1560=EDGE_CURVE('',#1210,#1188,#675,.T.);
#1561=EDGE_CURVE('',#1187,#1211,#676,.T.);
#1562=EDGE_CURVE('',#1213,#1202,#677,.T.);
#1563=EDGE_CURVE('',#1214,#1213,#1010,.T.);
#1564=EDGE_CURVE('',#1191,#1214,#678,.T.);
#1565=EDGE_CURVE('',#1210,#1189,#679,.T.);
#1566=EDGE_CURVE('',#1212,#1200,#680,.T.);
#1567=EDGE_CURVE('',#1215,#1216,#681,.T.);
#1568=EDGE_CURVE('',#1216,#1217,#682,.T.);
#1569=EDGE_CURVE('',#1217,#1218,#683,.T.);
#1570=EDGE_CURVE('',#1218,#1215,#684,.T.);
#1571=EDGE_CURVE('',#1186,#1185,#483,.T.);
#1572=EDGE_CURVE('',#1219,#1214,#685,.T.);
#1573=EDGE_CURVE('',#1219,#1211,#686,.T.);
#1574=EDGE_CURVE('',#1209,#1219,#687,.T.);
#1575=EDGE_CURVE('',#1220,#1220,#484,.T.);
#1576=EDGE_CURVE('',#1221,#1221,#485,.T.);
#1577=EDGE_CURVE('',#1192,#1222,#688,.T.);
#1578=EDGE_CURVE('',#1222,#1223,#1011,.T.);
#1579=EDGE_CURVE('',#1223,#1222,#1012,.T.);
#1580=EDGE_CURVE('',#1223,#1221,#689,.T.);
#1581=EDGE_CURVE('',#1224,#1225,#1013,.T.);
#1582=EDGE_CURVE('',#1225,#1224,#1014,.T.);
#1583=EDGE_CURVE('',#1224,#1220,#690,.T.);
#1584=EDGE_CURVE('',#1184,#1225,#691,.T.);
#1585=EDGE_CURVE('',#1184,#1186,#1015,.T.);
#1586=EDGE_CURVE('',#1213,#1208,#692,.T.);
#1587=EDGE_CURVE('',#1226,#1227,#693,.T.);
#1588=EDGE_CURVE('',#1227,#1228,#694,.T.);
#1589=EDGE_CURVE('',#1228,#1229,#695,.T.);
#1590=EDGE_CURVE('',#1229,#1226,#696,.T.);
#1591=EDGE_CURVE('',#1229,#1230,#697,.T.);
#1592=EDGE_CURVE('',#1230,#1231,#698,.T.);
#1593=EDGE_CURVE('',#1226,#1231,#699,.T.);
#1594=EDGE_CURVE('',#1231,#1232,#700,.T.);
#1595=EDGE_CURVE('',#1227,#1232,#701,.T.);
#1596=EDGE_CURVE('',#1232,#1233,#702,.T.);
#1597=EDGE_CURVE('',#1228,#1233,#703,.T.);
#1598=EDGE_CURVE('',#1233,#1230,#704,.T.);
#1599=EDGE_CURVE('',#1230,#1215,#486,.T.);
#1600=EDGE_CURVE('',#1231,#1218,#487,.T.);
#1601=EDGE_CURVE('',#1232,#1217,#488,.T.);
#1602=EDGE_CURVE('',#1216,#1233,#489,.T.);
#1603=ORIENTED_EDGE('',*,*,#1234,.T.);
#1604=ORIENTED_EDGE('',*,*,#1235,.T.);
#1605=ORIENTED_EDGE('',*,*,#1236,.T.);
#1606=ORIENTED_EDGE('',*,*,#1237,.F.);
#1607=ORIENTED_EDGE('',*,*,#1238,.T.);
#1608=ORIENTED_EDGE('',*,*,#1235,.F.);
#1609=ORIENTED_EDGE('',*,*,#1239,.F.);
#1610=ORIENTED_EDGE('',*,*,#1240,.F.);
#1611=ORIENTED_EDGE('',*,*,#1234,.F.);
#1612=ORIENTED_EDGE('',*,*,#1241,.T.);
#1613=ORIENTED_EDGE('',*,*,#1242,.F.);
#1614=ORIENTED_EDGE('',*,*,#1243,.T.);
#1615=ORIENTED_EDGE('',*,*,#1244,.T.);
#1616=ORIENTED_EDGE('',*,*,#1239,.T.);
#1617=ORIENTED_EDGE('',*,*,#1245,.T.);
#1618=ORIENTED_EDGE('',*,*,#1246,.T.);
#1619=ORIENTED_EDGE('',*,*,#1238,.F.);
#1620=ORIENTED_EDGE('',*,*,#1247,.T.);
#1621=ORIENTED_EDGE('',*,*,#1248,.T.);
#1622=ORIENTED_EDGE('',*,*,#1249,.T.);
#1623=ORIENTED_EDGE('',*,*,#1250,.T.);
#1624=ORIENTED_EDGE('',*,*,#1251,.F.);
#1625=ORIENTED_EDGE('',*,*,#1252,.T.);
#1626=ORIENTED_EDGE('',*,*,#1253,.F.);
#1627=ORIENTED_EDGE('',*,*,#1254,.F.);
#1628=ORIENTED_EDGE('',*,*,#1241,.F.);
#1629=ORIENTED_EDGE('',*,*,#1255,.T.);
#1630=ORIENTED_EDGE('',*,*,#1256,.T.);
#1631=ORIENTED_EDGE('',*,*,#1242,.T.);
#1632=ORIENTED_EDGE('',*,*,#1254,.T.);
#1633=ORIENTED_EDGE('',*,*,#1257,.T.);
#1634=ORIENTED_EDGE('',*,*,#1258,.F.);
#1635=ORIENTED_EDGE('',*,*,#1259,.T.);
#1636=ORIENTED_EDGE('',*,*,#1246,.F.);
#1637=ORIENTED_EDGE('',*,*,#1260,.T.);
#1638=ORIENTED_EDGE('',*,*,#1261,.F.);
#1639=ORIENTED_EDGE('',*,*,#1260,.F.);
#1640=ORIENTED_EDGE('',*,*,#1261,.T.);
#1641=ORIENTED_EDGE('',*,*,#1245,.F.);
#1642=ORIENTED_EDGE('',*,*,#1262,.T.);
#1643=ORIENTED_EDGE('',*,*,#1263,.T.);
#1644=ORIENTED_EDGE('',*,*,#1262,.F.);
#1645=ORIENTED_EDGE('',*,*,#1263,.F.);
#1646=ORIENTED_EDGE('',*,*,#1264,.T.);
#1647=ORIENTED_EDGE('',*,*,#1265,.T.);
#1648=ORIENTED_EDGE('',*,*,#1266,.T.);
#1649=ORIENTED_EDGE('',*,*,#1267,.T.);
#1650=ORIENTED_EDGE('',*,*,#1268,.T.);
#1651=ORIENTED_EDGE('',*,*,#1269,.F.);
#1652=ORIENTED_EDGE('',*,*,#1250,.F.);
#1653=ORIENTED_EDGE('',*,*,#1270,.T.);
#1654=ORIENTED_EDGE('',*,*,#1271,.F.);
#1655=ORIENTED_EDGE('',*,*,#1272,.T.);
#1656=ORIENTED_EDGE('',*,*,#1273,.T.);
#1657=ORIENTED_EDGE('',*,*,#1274,.T.);
#1658=ORIENTED_EDGE('',*,*,#1275,.T.);
#1659=ORIENTED_EDGE('',*,*,#1276,.T.);
#1660=ORIENTED_EDGE('',*,*,#1277,.T.);
#1661=ORIENTED_EDGE('',*,*,#1278,.T.);
#1662=ORIENTED_EDGE('',*,*,#1279,.T.);
#1663=ORIENTED_EDGE('',*,*,#1280,.T.);
#1664=ORIENTED_EDGE('',*,*,#1268,.F.);
#1665=ORIENTED_EDGE('',*,*,#1281,.T.);
#1666=ORIENTED_EDGE('',*,*,#1282,.T.);
#1667=ORIENTED_EDGE('',*,*,#1283,.F.);
#1668=ORIENTED_EDGE('',*,*,#1282,.F.);
#1669=ORIENTED_EDGE('',*,*,#1284,.T.);
#1670=ORIENTED_EDGE('',*,*,#1285,.T.);
#1671=ORIENTED_EDGE('',*,*,#1286,.F.);
#1672=ORIENTED_EDGE('',*,*,#1285,.F.);
#1673=ORIENTED_EDGE('',*,*,#1287,.T.);
#1674=ORIENTED_EDGE('',*,*,#1288,.T.);
#1675=ORIENTED_EDGE('',*,*,#1289,.F.);
#1676=ORIENTED_EDGE('',*,*,#1288,.F.);
#1677=ORIENTED_EDGE('',*,*,#1290,.T.);
#1678=ORIENTED_EDGE('',*,*,#1291,.F.);
#1679=ORIENTED_EDGE('',*,*,#1292,.F.);
#1680=ORIENTED_EDGE('',*,*,#1293,.T.);
#1681=ORIENTED_EDGE('',*,*,#1294,.T.);
#1682=ORIENTED_EDGE('',*,*,#1295,.T.);
#1683=ORIENTED_EDGE('',*,*,#1296,.F.);
#1684=ORIENTED_EDGE('',*,*,#1291,.T.);
#1685=ORIENTED_EDGE('',*,*,#1295,.F.);
#1686=ORIENTED_EDGE('',*,*,#1297,.F.);
#1687=ORIENTED_EDGE('',*,*,#1298,.T.);
#1688=ORIENTED_EDGE('',*,*,#1299,.F.);
#1689=ORIENTED_EDGE('',*,*,#1300,.T.);
#1690=ORIENTED_EDGE('',*,*,#1252,.F.);
#1691=ORIENTED_EDGE('',*,*,#1301,.F.);
#1692=ORIENTED_EDGE('',*,*,#1253,.T.);
#1693=ORIENTED_EDGE('',*,*,#1300,.F.);
#1694=ORIENTED_EDGE('',*,*,#1302,.F.);
#1695=ORIENTED_EDGE('',*,*,#1257,.F.);
#1696=ORIENTED_EDGE('',*,*,#1303,.F.);
#1697=ORIENTED_EDGE('',*,*,#1304,.T.);
#1698=ORIENTED_EDGE('',*,*,#1305,.F.);
#1699=ORIENTED_EDGE('',*,*,#1248,.F.);
#1700=ORIENTED_EDGE('',*,*,#1306,.T.);
#1701=ORIENTED_EDGE('',*,*,#1307,.F.);
#1702=ORIENTED_EDGE('',*,*,#1308,.T.);
#1703=ORIENTED_EDGE('',*,*,#1249,.F.);
#1704=ORIENTED_EDGE('',*,*,#1305,.T.);
#1705=ORIENTED_EDGE('',*,*,#1309,.F.);
#1706=ORIENTED_EDGE('',*,*,#1310,.T.);
#1707=ORIENTED_EDGE('',*,*,#1311,.F.);
#1708=ORIENTED_EDGE('',*,*,#1312,.F.);
#1709=ORIENTED_EDGE('',*,*,#1313,.F.);
#1710=ORIENTED_EDGE('',*,*,#1270,.F.);
#1711=ORIENTED_EDGE('',*,*,#1314,.T.);
#1712=ORIENTED_EDGE('',*,*,#1315,.F.);
#1713=ORIENTED_EDGE('',*,*,#1316,.F.);
#1714=ORIENTED_EDGE('',*,*,#1264,.F.);
#1715=ORIENTED_EDGE('',*,*,#1317,.F.);
#1716=ORIENTED_EDGE('',*,*,#1265,.F.);
#1717=ORIENTED_EDGE('',*,*,#1316,.T.);
#1718=ORIENTED_EDGE('',*,*,#1318,.F.);
#1719=ORIENTED_EDGE('',*,*,#1319,.T.);
#1720=ORIENTED_EDGE('',*,*,#1320,.T.);
#1721=ORIENTED_EDGE('',*,*,#1321,.T.);
#1722=ORIENTED_EDGE('',*,*,#1322,.T.);
#1723=ORIENTED_EDGE('',*,*,#1323,.T.);
#1724=ORIENTED_EDGE('',*,*,#1324,.T.);
#1725=ORIENTED_EDGE('',*,*,#1266,.F.);
#1726=ORIENTED_EDGE('',*,*,#1325,.T.);
#1727=ORIENTED_EDGE('',*,*,#1267,.F.);
#1728=ORIENTED_EDGE('',*,*,#1324,.F.);
#1729=ORIENTED_EDGE('',*,*,#1326,.T.);
#1730=ORIENTED_EDGE('',*,*,#1281,.F.);
#1731=ORIENTED_EDGE('',*,*,#1327,.F.);
#1732=ORIENTED_EDGE('',*,*,#1328,.T.);
#1733=ORIENTED_EDGE('',*,*,#1271,.T.);
#1734=ORIENTED_EDGE('',*,*,#1313,.T.);
#1735=ORIENTED_EDGE('',*,*,#1272,.F.);
#1736=ORIENTED_EDGE('',*,*,#1328,.F.);
#1737=ORIENTED_EDGE('',*,*,#1329,.T.);
#1738=ORIENTED_EDGE('',*,*,#1330,.F.);
#1739=ORIENTED_EDGE('',*,*,#1331,.T.);
#1740=ORIENTED_EDGE('',*,*,#1332,.T.);
#1741=ORIENTED_EDGE('',*,*,#1273,.F.);
#1742=ORIENTED_EDGE('',*,*,#1330,.T.);
#1743=ORIENTED_EDGE('',*,*,#1333,.T.);
#1744=ORIENTED_EDGE('',*,*,#1334,.T.);
#1745=ORIENTED_EDGE('',*,*,#1335,.T.);
#1746=ORIENTED_EDGE('',*,*,#1336,.T.);
#1747=ORIENTED_EDGE('',*,*,#1337,.F.);
#1748=ORIENTED_EDGE('',*,*,#1338,.F.);
#1749=ORIENTED_EDGE('',*,*,#1339,.F.);
#1750=ORIENTED_EDGE('',*,*,#1274,.F.);
#1751=ORIENTED_EDGE('',*,*,#1339,.T.);
#1752=ORIENTED_EDGE('',*,*,#1340,.F.);
#1753=ORIENTED_EDGE('',*,*,#1341,.F.);
#1754=ORIENTED_EDGE('',*,*,#1275,.F.);
#1755=ORIENTED_EDGE('',*,*,#1341,.T.);
#1756=ORIENTED_EDGE('',*,*,#1342,.F.);
#1757=ORIENTED_EDGE('',*,*,#1343,.F.);
#1758=ORIENTED_EDGE('',*,*,#1276,.F.);
#1759=ORIENTED_EDGE('',*,*,#1343,.T.);
#1760=ORIENTED_EDGE('',*,*,#1344,.F.);
#1761=ORIENTED_EDGE('',*,*,#1345,.F.);
#1762=ORIENTED_EDGE('',*,*,#1277,.F.);
#1763=ORIENTED_EDGE('',*,*,#1345,.T.);
#1764=ORIENTED_EDGE('',*,*,#1346,.F.);
#1765=ORIENTED_EDGE('',*,*,#1347,.F.);
#1766=ORIENTED_EDGE('',*,*,#1278,.F.);
#1767=ORIENTED_EDGE('',*,*,#1347,.T.);
#1768=ORIENTED_EDGE('',*,*,#1348,.F.);
#1769=ORIENTED_EDGE('',*,*,#1349,.F.);
#1770=ORIENTED_EDGE('',*,*,#1279,.F.);
#1771=ORIENTED_EDGE('',*,*,#1349,.T.);
#1772=ORIENTED_EDGE('',*,*,#1350,.F.);
#1773=ORIENTED_EDGE('',*,*,#1314,.F.);
#1774=ORIENTED_EDGE('',*,*,#1280,.F.);
#1775=ORIENTED_EDGE('',*,*,#1323,.F.);
#1776=ORIENTED_EDGE('',*,*,#1351,.T.);
#1777=ORIENTED_EDGE('',*,*,#1284,.F.);
#1778=ORIENTED_EDGE('',*,*,#1326,.F.);
#1779=ORIENTED_EDGE('',*,*,#1351,.F.);
#1780=ORIENTED_EDGE('',*,*,#1322,.F.);
#1781=ORIENTED_EDGE('',*,*,#1352,.F.);
#1782=ORIENTED_EDGE('',*,*,#1287,.F.);
#1783=ORIENTED_EDGE('',*,*,#1352,.T.);
#1784=ORIENTED_EDGE('',*,*,#1353,.F.);
#1785=ORIENTED_EDGE('',*,*,#1290,.F.);
#1786=ORIENTED_EDGE('',*,*,#1321,.F.);
#1787=ORIENTED_EDGE('',*,*,#1354,.T.);
#1788=ORIENTED_EDGE('',*,*,#1293,.F.);
#1789=ORIENTED_EDGE('',*,*,#1353,.T.);
#1790=ORIENTED_EDGE('',*,*,#1355,.F.);
#1791=ORIENTED_EDGE('',*,*,#1356,.T.);
#1792=ORIENTED_EDGE('',*,*,#1357,.T.);
#1793=ORIENTED_EDGE('',*,*,#1297,.T.);
#1794=ORIENTED_EDGE('',*,*,#1294,.F.);
#1795=ORIENTED_EDGE('',*,*,#1358,.F.);
#1796=ORIENTED_EDGE('',*,*,#1357,.F.);
#1797=ORIENTED_EDGE('',*,*,#1359,.T.);
#1798=ORIENTED_EDGE('',*,*,#1360,.F.);
#1799=ORIENTED_EDGE('',*,*,#1361,.T.);
#1800=ORIENTED_EDGE('',*,*,#1298,.F.);
#1801=ORIENTED_EDGE('',*,*,#1362,.F.);
#1802=ORIENTED_EDGE('',*,*,#1303,.T.);
#1803=ORIENTED_EDGE('',*,*,#1363,.T.);
#1804=ORIENTED_EDGE('',*,*,#1364,.T.);
#1805=ORIENTED_EDGE('',*,*,#1365,.F.);
#1806=ORIENTED_EDGE('',*,*,#1366,.F.);
#1807=ORIENTED_EDGE('',*,*,#1304,.F.);
#1808=ORIENTED_EDGE('',*,*,#1362,.T.);
#1809=ORIENTED_EDGE('',*,*,#1367,.T.);
#1810=ORIENTED_EDGE('',*,*,#1368,.T.);
#1811=ORIENTED_EDGE('',*,*,#1309,.T.);
#1812=ORIENTED_EDGE('',*,*,#1363,.F.);
#1813=ORIENTED_EDGE('',*,*,#1308,.F.);
#1814=ORIENTED_EDGE('',*,*,#1369,.T.);
#1815=ORIENTED_EDGE('',*,*,#1370,.F.);
#1816=ORIENTED_EDGE('',*,*,#1371,.T.);
#1817=ORIENTED_EDGE('',*,*,#1368,.F.);
#1818=ORIENTED_EDGE('',*,*,#1372,.T.);
#1819=ORIENTED_EDGE('',*,*,#1373,.F.);
#1820=ORIENTED_EDGE('',*,*,#1310,.F.);
#1821=ORIENTED_EDGE('',*,*,#1373,.T.);
#1822=ORIENTED_EDGE('',*,*,#1374,.T.);
#1823=ORIENTED_EDGE('',*,*,#1375,.T.);
#1824=ORIENTED_EDGE('',*,*,#1311,.T.);
#1825=ORIENTED_EDGE('',*,*,#1375,.F.);
#1826=ORIENTED_EDGE('',*,*,#1376,.T.);
#1827=ORIENTED_EDGE('',*,*,#1327,.T.);
#1828=ORIENTED_EDGE('',*,*,#1312,.T.);
#1829=ORIENTED_EDGE('',*,*,#1377,.F.);
#1830=ORIENTED_EDGE('',*,*,#1378,.T.);
#1831=ORIENTED_EDGE('',*,*,#1315,.T.);
#1832=ORIENTED_EDGE('',*,*,#1379,.T.);
#1833=ORIENTED_EDGE('',*,*,#1380,.F.);
#1834=ORIENTED_EDGE('',*,*,#1325,.F.);
#1835=ORIENTED_EDGE('',*,*,#1317,.T.);
#1836=ORIENTED_EDGE('',*,*,#1381,.F.);
#1837=ORIENTED_EDGE('',*,*,#1382,.F.);
#1838=ORIENTED_EDGE('',*,*,#1383,.T.);
#1839=ORIENTED_EDGE('',*,*,#1384,.T.);
#1840=ORIENTED_EDGE('',*,*,#1381,.T.);
#1841=ORIENTED_EDGE('',*,*,#1318,.T.);
#1842=ORIENTED_EDGE('',*,*,#1378,.F.);
#1843=ORIENTED_EDGE('',*,*,#1385,.F.);
#1844=ORIENTED_EDGE('',*,*,#1319,.F.);
#1845=ORIENTED_EDGE('',*,*,#1380,.T.);
#1846=ORIENTED_EDGE('',*,*,#1386,.F.);
#1847=ORIENTED_EDGE('',*,*,#1385,.T.);
#1848=ORIENTED_EDGE('',*,*,#1387,.F.);
#1849=ORIENTED_EDGE('',*,*,#1388,.F.);
#1850=ORIENTED_EDGE('',*,*,#1320,.F.);
#1851=ORIENTED_EDGE('',*,*,#1329,.F.);
#1852=ORIENTED_EDGE('',*,*,#1376,.F.);
#1853=ORIENTED_EDGE('',*,*,#1389,.T.);
#1854=ORIENTED_EDGE('',*,*,#1333,.F.);
#1855=ORIENTED_EDGE('',*,*,#1390,.F.);
#1856=ORIENTED_EDGE('',*,*,#1391,.F.);
#1857=ORIENTED_EDGE('',*,*,#1392,.F.);
#1858=ORIENTED_EDGE('',*,*,#1331,.F.);
#1859=ORIENTED_EDGE('',*,*,#1392,.T.);
#1860=ORIENTED_EDGE('',*,*,#1393,.F.);
#1861=ORIENTED_EDGE('',*,*,#1337,.T.);
#1862=ORIENTED_EDGE('',*,*,#1332,.F.);
#1863=ORIENTED_EDGE('',*,*,#1389,.F.);
#1864=ORIENTED_EDGE('',*,*,#1374,.F.);
#1865=ORIENTED_EDGE('',*,*,#1394,.F.);
#1866=ORIENTED_EDGE('',*,*,#1334,.F.);
#1867=ORIENTED_EDGE('',*,*,#1367,.F.);
#1868=ORIENTED_EDGE('',*,*,#1395,.T.);
#1869=ORIENTED_EDGE('',*,*,#1335,.F.);
#1870=ORIENTED_EDGE('',*,*,#1396,.T.);
#1871=ORIENTED_EDGE('',*,*,#1390,.T.);
#1872=ORIENTED_EDGE('',*,*,#1336,.F.);
#1873=ORIENTED_EDGE('',*,*,#1397,.F.);
#1874=ORIENTED_EDGE('',*,*,#1398,.F.);
#1875=ORIENTED_EDGE('',*,*,#1399,.F.);
#1876=ORIENTED_EDGE('',*,*,#1400,.T.);
#1877=ORIENTED_EDGE('',*,*,#1338,.T.);
#1878=ORIENTED_EDGE('',*,*,#1393,.T.);
#1879=ORIENTED_EDGE('',*,*,#1401,.F.);
#1880=ORIENTED_EDGE('',*,*,#1402,.T.);
#1881=ORIENTED_EDGE('',*,*,#1403,.F.);
#1882=ORIENTED_EDGE('',*,*,#1404,.F.);
#1883=ORIENTED_EDGE('',*,*,#1340,.T.);
#1884=ORIENTED_EDGE('',*,*,#1400,.F.);
#1885=ORIENTED_EDGE('',*,*,#1405,.F.);
#1886=ORIENTED_EDGE('',*,*,#1406,.T.);
#1887=ORIENTED_EDGE('',*,*,#1342,.T.);
#1888=ORIENTED_EDGE('',*,*,#1404,.T.);
#1889=ORIENTED_EDGE('',*,*,#1407,.F.);
#1890=ORIENTED_EDGE('',*,*,#1408,.T.);
#1891=ORIENTED_EDGE('',*,*,#1344,.T.);
#1892=ORIENTED_EDGE('',*,*,#1406,.F.);
#1893=ORIENTED_EDGE('',*,*,#1409,.F.);
#1894=ORIENTED_EDGE('',*,*,#1410,.F.);
#1895=ORIENTED_EDGE('',*,*,#1346,.T.);
#1896=ORIENTED_EDGE('',*,*,#1408,.F.);
#1897=ORIENTED_EDGE('',*,*,#1411,.F.);
#1898=ORIENTED_EDGE('',*,*,#1412,.T.);
#1899=ORIENTED_EDGE('',*,*,#1348,.T.);
#1900=ORIENTED_EDGE('',*,*,#1410,.T.);
#1901=ORIENTED_EDGE('',*,*,#1413,.F.);
#1902=ORIENTED_EDGE('',*,*,#1379,.F.);
#1903=ORIENTED_EDGE('',*,*,#1350,.T.);
#1904=ORIENTED_EDGE('',*,*,#1412,.F.);
#1905=ORIENTED_EDGE('',*,*,#1354,.F.);
#1906=ORIENTED_EDGE('',*,*,#1388,.T.);
#1907=ORIENTED_EDGE('',*,*,#1358,.T.);
#1908=ORIENTED_EDGE('',*,*,#1414,.T.);
#1909=ORIENTED_EDGE('',*,*,#1355,.T.);
#1910=ORIENTED_EDGE('',*,*,#1387,.T.);
#1911=ORIENTED_EDGE('',*,*,#1415,.F.);
#1912=ORIENTED_EDGE('',*,*,#1416,.T.);
#1913=ORIENTED_EDGE('',*,*,#1417,.T.);
#1914=ORIENTED_EDGE('',*,*,#1360,.T.);
#1915=ORIENTED_EDGE('',*,*,#1359,.F.);
#1916=ORIENTED_EDGE('',*,*,#1356,.F.);
#1917=ORIENTED_EDGE('',*,*,#1414,.F.);
#1918=ORIENTED_EDGE('',*,*,#1418,.T.);
#1919=ORIENTED_EDGE('',*,*,#1419,.F.);
#1920=ORIENTED_EDGE('',*,*,#1361,.F.);
#1921=ORIENTED_EDGE('',*,*,#1417,.F.);
#1922=ORIENTED_EDGE('',*,*,#1420,.F.);
#1923=ORIENTED_EDGE('',*,*,#1421,.T.);
#1924=ORIENTED_EDGE('',*,*,#1422,.F.);
#1925=ORIENTED_EDGE('',*,*,#1423,.F.);
#1926=ORIENTED_EDGE('',*,*,#1424,.T.);
#1927=ORIENTED_EDGE('',*,*,#1425,.T.);
#1928=ORIENTED_EDGE('',*,*,#1426,.T.);
#1929=ORIENTED_EDGE('',*,*,#1427,.F.);
#1930=ORIENTED_EDGE('',*,*,#1423,.T.);
#1931=ORIENTED_EDGE('',*,*,#1428,.F.);
#1932=ORIENTED_EDGE('',*,*,#1429,.T.);
#1933=ORIENTED_EDGE('',*,*,#1430,.F.);
#1934=ORIENTED_EDGE('',*,*,#1431,.F.);
#1935=ORIENTED_EDGE('',*,*,#1432,.T.);
#1936=ORIENTED_EDGE('',*,*,#1433,.F.);
#1937=ORIENTED_EDGE('',*,*,#1369,.F.);
#1938=ORIENTED_EDGE('',*,*,#1434,.F.);
#1939=ORIENTED_EDGE('',*,*,#1435,.F.);
#1940=ORIENTED_EDGE('',*,*,#1436,.T.);
#1941=ORIENTED_EDGE('',*,*,#1437,.F.);
#1942=ORIENTED_EDGE('',*,*,#1431,.T.);
#1943=ORIENTED_EDGE('',*,*,#1438,.T.);
#1944=ORIENTED_EDGE('',*,*,#1364,.F.);
#1945=ORIENTED_EDGE('',*,*,#1371,.F.);
#1946=ORIENTED_EDGE('',*,*,#1439,.F.);
#1947=ORIENTED_EDGE('',*,*,#1365,.T.);
#1948=ORIENTED_EDGE('',*,*,#1439,.T.);
#1949=ORIENTED_EDGE('',*,*,#1370,.T.);
#1950=ORIENTED_EDGE('',*,*,#1433,.T.);
#1951=ORIENTED_EDGE('',*,*,#1440,.T.);
#1952=ORIENTED_EDGE('',*,*,#1441,.T.);
#1953=ORIENTED_EDGE('',*,*,#1398,.T.);
#1954=ORIENTED_EDGE('',*,*,#1397,.T.);
#1955=ORIENTED_EDGE('',*,*,#1395,.F.);
#1956=ORIENTED_EDGE('',*,*,#1366,.T.);
#1957=ORIENTED_EDGE('',*,*,#1394,.T.);
#1958=ORIENTED_EDGE('',*,*,#1372,.F.);
#1959=ORIENTED_EDGE('',*,*,#1396,.F.);
#1960=ORIENTED_EDGE('',*,*,#1442,.F.);
#1961=ORIENTED_EDGE('',*,*,#1443,.F.);
#1962=ORIENTED_EDGE('',*,*,#1444,.F.);
#1963=ORIENTED_EDGE('',*,*,#1383,.F.);
#1964=ORIENTED_EDGE('',*,*,#1415,.T.);
#1965=ORIENTED_EDGE('',*,*,#1386,.T.);
#1966=ORIENTED_EDGE('',*,*,#1384,.F.);
#1967=ORIENTED_EDGE('',*,*,#1445,.T.);
#1968=ORIENTED_EDGE('',*,*,#1401,.T.);
#1969=ORIENTED_EDGE('',*,*,#1391,.T.);
#1970=ORIENTED_EDGE('',*,*,#1441,.F.);
#1971=ORIENTED_EDGE('',*,*,#1446,.T.);
#1972=ORIENTED_EDGE('',*,*,#1447,.F.);
#1973=ORIENTED_EDGE('',*,*,#1402,.F.);
#1974=ORIENTED_EDGE('',*,*,#1448,.F.);
#1975=ORIENTED_EDGE('',*,*,#1449,.F.);
#1976=ORIENTED_EDGE('',*,*,#1450,.F.);
#1977=ORIENTED_EDGE('',*,*,#1451,.T.);
#1978=ORIENTED_EDGE('',*,*,#1416,.F.);
#1979=ORIENTED_EDGE('',*,*,#1452,.T.);
#1980=ORIENTED_EDGE('',*,*,#1451,.F.);
#1981=ORIENTED_EDGE('',*,*,#1421,.F.);
#1982=ORIENTED_EDGE('',*,*,#1418,.F.);
#1983=ORIENTED_EDGE('',*,*,#1453,.T.);
#1984=ORIENTED_EDGE('',*,*,#1443,.T.);
#1985=ORIENTED_EDGE('',*,*,#1454,.F.);
#1986=ORIENTED_EDGE('',*,*,#1455,.F.);
#1987=ORIENTED_EDGE('',*,*,#1456,.T.);
#1988=ORIENTED_EDGE('',*,*,#1457,.F.);
#1989=ORIENTED_EDGE('',*,*,#1458,.F.);
#1990=ORIENTED_EDGE('',*,*,#1424,.F.);
#1991=ORIENTED_EDGE('',*,*,#1422,.T.);
#1992=ORIENTED_EDGE('',*,*,#1450,.T.);
#1993=ORIENTED_EDGE('',*,*,#1425,.F.);
#1994=ORIENTED_EDGE('',*,*,#1458,.T.);
#1995=ORIENTED_EDGE('',*,*,#1459,.T.);
#1996=ORIENTED_EDGE('',*,*,#1460,.F.);
#1997=ORIENTED_EDGE('',*,*,#1461,.T.);
#1998=ORIENTED_EDGE('',*,*,#1462,.T.);
#1999=ORIENTED_EDGE('',*,*,#1428,.T.);
#2000=ORIENTED_EDGE('',*,*,#1437,.T.);
#2001=ORIENTED_EDGE('',*,*,#1463,.F.);
#2002=ORIENTED_EDGE('',*,*,#1464,.T.);
#2003=ORIENTED_EDGE('',*,*,#1465,.T.);
#2004=ORIENTED_EDGE('',*,*,#1466,.T.);
#2005=ORIENTED_EDGE('',*,*,#1467,.F.);
#2006=ORIENTED_EDGE('',*,*,#1449,.T.);
#2007=ORIENTED_EDGE('',*,*,#1468,.T.);
#2008=ORIENTED_EDGE('',*,*,#1429,.F.);
#2009=ORIENTED_EDGE('',*,*,#1469,.F.);
#2010=ORIENTED_EDGE('',*,*,#1432,.F.);
#2011=ORIENTED_EDGE('',*,*,#1436,.F.);
#2012=ORIENTED_EDGE('',*,*,#1470,.T.);
#2013=ORIENTED_EDGE('',*,*,#1463,.T.);
#2014=ORIENTED_EDGE('',*,*,#1471,.T.);
#2015=ORIENTED_EDGE('',*,*,#1440,.F.);
#2016=ORIENTED_EDGE('',*,*,#1469,.T.);
#2017=ORIENTED_EDGE('',*,*,#1462,.F.);
#2018=ORIENTED_EDGE('',*,*,#1472,.F.);
#2019=ORIENTED_EDGE('',*,*,#1473,.F.);
#2020=ORIENTED_EDGE('',*,*,#1474,.T.);
#2021=ORIENTED_EDGE('',*,*,#1475,.T.);
#2022=ORIENTED_EDGE('',*,*,#1476,.T.);
#2023=ORIENTED_EDGE('',*,*,#1452,.F.);
#2024=ORIENTED_EDGE('',*,*,#1445,.F.);
#2025=ORIENTED_EDGE('',*,*,#1444,.T.);
#2026=ORIENTED_EDGE('',*,*,#1453,.F.);
#2027=ORIENTED_EDGE('',*,*,#1471,.F.);
#2028=ORIENTED_EDGE('',*,*,#1468,.F.);
#2029=ORIENTED_EDGE('',*,*,#1448,.T.);
#2030=ORIENTED_EDGE('',*,*,#1446,.F.);
#2031=ORIENTED_EDGE('',*,*,#1456,.F.);
#2032=ORIENTED_EDGE('',*,*,#1477,.T.);
#2033=ORIENTED_EDGE('',*,*,#1478,.F.);
#2034=ORIENTED_EDGE('',*,*,#1459,.F.);
#2035=ORIENTED_EDGE('',*,*,#1457,.T.);
#2036=ORIENTED_EDGE('',*,*,#1478,.T.);
#2037=ORIENTED_EDGE('',*,*,#1479,.T.);
#2038=ORIENTED_EDGE('',*,*,#1480,.T.);
#2039=ORIENTED_EDGE('',*,*,#1460,.T.);
#2040=ORIENTED_EDGE('',*,*,#1479,.F.);
#2041=ORIENTED_EDGE('',*,*,#1481,.F.);
#2042=ORIENTED_EDGE('',*,*,#1470,.F.);
#2043=ORIENTED_EDGE('',*,*,#1480,.F.);
#2044=ORIENTED_EDGE('',*,*,#1482,.T.);
#2045=ORIENTED_EDGE('',*,*,#1464,.F.);
#2046=ORIENTED_EDGE('',*,*,#1482,.F.);
#2047=ORIENTED_EDGE('',*,*,#1483,.T.);
#2048=ORIENTED_EDGE('',*,*,#1465,.F.);
#2049=ORIENTED_EDGE('',*,*,#1475,.F.);
#2050=ORIENTED_EDGE('',*,*,#1481,.T.);
#2051=ORIENTED_EDGE('',*,*,#1251,.T.);
#2052=ORIENTED_EDGE('',*,*,#1269,.T.);
#2053=ORIENTED_EDGE('',*,*,#1283,.T.);
#2054=ORIENTED_EDGE('',*,*,#1286,.T.);
#2055=ORIENTED_EDGE('',*,*,#1289,.T.);
#2056=ORIENTED_EDGE('',*,*,#1292,.T.);
#2057=ORIENTED_EDGE('',*,*,#1296,.T.);
#2058=ORIENTED_EDGE('',*,*,#1301,.T.);
#2059=ORIENTED_EDGE('',*,*,#1255,.F.);
#2060=ORIENTED_EDGE('',*,*,#1484,.T.);
#2061=ORIENTED_EDGE('',*,*,#1485,.F.);
#2062=ORIENTED_EDGE('',*,*,#1486,.F.);
#2063=ORIENTED_EDGE('',*,*,#1484,.F.);
#2064=ORIENTED_EDGE('',*,*,#1256,.F.);
#2065=ORIENTED_EDGE('',*,*,#1487,.T.);
#2066=ORIENTED_EDGE('',*,*,#1488,.F.);
#2067=ORIENTED_EDGE('',*,*,#1489,.F.);
#2068=ORIENTED_EDGE('',*,*,#1487,.F.);
#2069=ORIENTED_EDGE('',*,*,#1489,.T.);
#2070=ORIENTED_EDGE('',*,*,#1490,.T.);
#2071=ORIENTED_EDGE('',*,*,#1476,.F.);
#2072=ORIENTED_EDGE('',*,*,#1490,.F.);
#2073=ORIENTED_EDGE('',*,*,#1488,.T.);
#2074=ORIENTED_EDGE('',*,*,#1486,.T.);
#2075=ORIENTED_EDGE('',*,*,#1491,.T.);
#2076=ORIENTED_EDGE('',*,*,#1492,.F.);
#2077=ORIENTED_EDGE('',*,*,#1491,.F.);
#2078=ORIENTED_EDGE('',*,*,#1485,.T.);
#2079=ORIENTED_EDGE('',*,*,#1493,.F.);
#2080=ORIENTED_EDGE('',*,*,#1466,.F.);
#2081=ORIENTED_EDGE('',*,*,#1483,.F.);
#2082=ORIENTED_EDGE('',*,*,#1474,.F.);
#2083=ORIENTED_EDGE('',*,*,#1494,.F.);
#2084=ORIENTED_EDGE('',*,*,#1495,.F.);
#2085=ORIENTED_EDGE('',*,*,#1496,.F.);
#2086=ORIENTED_EDGE('',*,*,#1497,.F.);
#2087=ORIENTED_EDGE('',*,*,#1498,.F.);
#2088=ORIENTED_EDGE('',*,*,#1499,.F.);
#2089=ORIENTED_EDGE('',*,*,#1500,.F.);
#2090=ORIENTED_EDGE('',*,*,#1501,.F.);
#2091=ORIENTED_EDGE('',*,*,#1502,.F.);
#2092=ORIENTED_EDGE('',*,*,#1503,.F.);
#2093=ORIENTED_EDGE('',*,*,#1504,.F.);
#2094=ORIENTED_EDGE('',*,*,#1505,.F.);
#2095=ORIENTED_EDGE('',*,*,#1494,.T.);
#2096=ORIENTED_EDGE('',*,*,#1473,.T.);
#2097=ORIENTED_EDGE('',*,*,#1506,.T.);
#2098=ORIENTED_EDGE('',*,*,#1507,.F.);
#2099=ORIENTED_EDGE('',*,*,#1506,.F.);
#2100=ORIENTED_EDGE('',*,*,#1472,.T.);
#2101=ORIENTED_EDGE('',*,*,#1477,.F.);
#2102=ORIENTED_EDGE('',*,*,#1455,.T.);
#2103=ORIENTED_EDGE('',*,*,#1508,.F.);
#2104=ORIENTED_EDGE('',*,*,#1467,.T.);
#2105=ORIENTED_EDGE('',*,*,#1493,.T.);
#2106=ORIENTED_EDGE('',*,*,#1505,.T.);
#2107=ORIENTED_EDGE('',*,*,#1509,.F.);
#2108=ORIENTED_EDGE('',*,*,#1382,.T.);
#2109=ORIENTED_EDGE('',*,*,#1510,.F.);
#2110=ORIENTED_EDGE('',*,*,#1496,.T.);
#2111=ORIENTED_EDGE('',*,*,#1510,.T.);
#2112=ORIENTED_EDGE('',*,*,#1377,.T.);
#2113=ORIENTED_EDGE('',*,*,#1511,.F.);
#2114=ORIENTED_EDGE('',*,*,#1497,.T.);
#2115=ORIENTED_EDGE('',*,*,#1511,.T.);
#2116=ORIENTED_EDGE('',*,*,#1413,.T.);
#2117=ORIENTED_EDGE('',*,*,#1512,.F.);
#2118=ORIENTED_EDGE('',*,*,#1498,.T.);
#2119=ORIENTED_EDGE('',*,*,#1512,.T.);
#2120=ORIENTED_EDGE('',*,*,#1411,.T.);
#2121=ORIENTED_EDGE('',*,*,#1513,.F.);
#2122=ORIENTED_EDGE('',*,*,#1499,.T.);
#2123=ORIENTED_EDGE('',*,*,#1513,.T.);
#2124=ORIENTED_EDGE('',*,*,#1409,.T.);
#2125=ORIENTED_EDGE('',*,*,#1514,.F.);
#2126=ORIENTED_EDGE('',*,*,#1500,.T.);
#2127=ORIENTED_EDGE('',*,*,#1514,.T.);
#2128=ORIENTED_EDGE('',*,*,#1407,.T.);
#2129=ORIENTED_EDGE('',*,*,#1515,.F.);
#2130=ORIENTED_EDGE('',*,*,#1501,.T.);
#2131=ORIENTED_EDGE('',*,*,#1515,.T.);
#2132=ORIENTED_EDGE('',*,*,#1405,.T.);
#2133=ORIENTED_EDGE('',*,*,#1516,.F.);
#2134=ORIENTED_EDGE('',*,*,#1502,.T.);
#2135=ORIENTED_EDGE('',*,*,#1516,.T.);
#2136=ORIENTED_EDGE('',*,*,#1403,.T.);
#2137=ORIENTED_EDGE('',*,*,#1517,.F.);
#2138=ORIENTED_EDGE('',*,*,#1503,.T.);
#2139=ORIENTED_EDGE('',*,*,#1518,.F.);
#2140=ORIENTED_EDGE('',*,*,#1504,.T.);
#2141=ORIENTED_EDGE('',*,*,#1517,.T.);
#2142=ORIENTED_EDGE('',*,*,#1399,.T.);
#2143=ORIENTED_EDGE('',*,*,#1508,.T.);
#2144=ORIENTED_EDGE('',*,*,#1518,.T.);
#2145=ORIENTED_EDGE('',*,*,#1447,.T.);
#2146=ORIENTED_EDGE('',*,*,#1519,.F.);
#2147=ORIENTED_EDGE('',*,*,#1495,.T.);
#2148=ORIENTED_EDGE('',*,*,#1507,.T.);
#2149=ORIENTED_EDGE('',*,*,#1454,.T.);
#2150=ORIENTED_EDGE('',*,*,#1509,.T.);
#2151=ORIENTED_EDGE('',*,*,#1519,.T.);
#2152=ORIENTED_EDGE('',*,*,#1442,.T.);
#2153=ORIENTED_EDGE('',*,*,#1520,.T.);
#2154=ORIENTED_EDGE('',*,*,#1258,.T.);
#2155=ORIENTED_EDGE('',*,*,#1302,.T.);
#2156=ORIENTED_EDGE('',*,*,#1299,.T.);
#2157=ORIENTED_EDGE('',*,*,#1419,.T.);
#2158=ORIENTED_EDGE('',*,*,#1420,.T.);
#2159=ORIENTED_EDGE('',*,*,#1427,.T.);
#2160=ORIENTED_EDGE('',*,*,#1240,.T.);
#2161=ORIENTED_EDGE('',*,*,#1438,.F.);
#2162=ORIENTED_EDGE('',*,*,#1430,.T.);
#2163=ORIENTED_EDGE('',*,*,#1434,.T.);
#2164=ORIENTED_EDGE('',*,*,#1307,.T.);
#2165=ORIENTED_EDGE('',*,*,#1521,.F.);
#2166=ORIENTED_EDGE('',*,*,#1236,.F.);
#2167=ORIENTED_EDGE('',*,*,#1521,.T.);
#2168=ORIENTED_EDGE('',*,*,#1306,.F.);
#2169=ORIENTED_EDGE('',*,*,#1247,.F.);
#2170=ORIENTED_EDGE('',*,*,#1237,.T.);
#2171=ORIENTED_EDGE('',*,*,#1259,.F.);
#2172=ORIENTED_EDGE('',*,*,#1520,.F.);
#2173=ORIENTED_EDGE('',*,*,#1243,.F.);
#2174=ORIENTED_EDGE('',*,*,#1244,.F.);
#2175=ORIENTED_EDGE('',*,*,#1426,.F.);
#2176=ORIENTED_EDGE('',*,*,#1461,.F.);
#2177=ORIENTED_EDGE('',*,*,#1435,.T.);
#2178=ORIENTED_EDGE('',*,*,#1492,.T.);
#2179=ORIENTED_EDGE('',*,*,#1522,.F.);
#2180=ORIENTED_EDGE('',*,*,#1523,.F.);
#2181=ORIENTED_EDGE('',*,*,#1524,.F.);
#2182=ORIENTED_EDGE('',*,*,#1525,.F.);
#2183=ORIENTED_EDGE('',*,*,#1526,.F.);
#2184=ORIENTED_EDGE('',*,*,#1527,.F.);
#2185=ORIENTED_EDGE('',*,*,#1528,.F.);
#2186=ORIENTED_EDGE('',*,*,#1529,.F.);
#2187=ORIENTED_EDGE('',*,*,#1530,.F.);
#2188=ORIENTED_EDGE('',*,*,#1531,.T.);
#2189=ORIENTED_EDGE('',*,*,#1532,.F.);
#2190=ORIENTED_EDGE('',*,*,#1533,.T.);
#2191=ORIENTED_EDGE('',*,*,#1534,.T.);
#2192=ORIENTED_EDGE('',*,*,#1535,.T.);
#2193=ORIENTED_EDGE('',*,*,#1536,.T.);
#2194=ORIENTED_EDGE('',*,*,#1537,.T.);
#2195=ORIENTED_EDGE('',*,*,#1533,.F.);
#2196=ORIENTED_EDGE('',*,*,#1538,.T.);
#2197=ORIENTED_EDGE('',*,*,#1539,.T.);
#2198=ORIENTED_EDGE('',*,*,#1540,.T.);
#2199=ORIENTED_EDGE('',*,*,#1535,.F.);
#2200=ORIENTED_EDGE('',*,*,#1541,.F.);
#2201=ORIENTED_EDGE('',*,*,#1542,.F.);
#2202=ORIENTED_EDGE('',*,*,#1543,.F.);
#2203=ORIENTED_EDGE('',*,*,#1534,.F.);
#2204=ORIENTED_EDGE('',*,*,#1544,.F.);
#2205=ORIENTED_EDGE('',*,*,#1545,.T.);
#2206=ORIENTED_EDGE('',*,*,#1546,.T.);
#2207=ORIENTED_EDGE('',*,*,#1547,.F.);
#2208=ORIENTED_EDGE('',*,*,#1548,.F.);
#2209=ORIENTED_EDGE('',*,*,#1549,.F.);
#2210=ORIENTED_EDGE('',*,*,#1540,.F.);
#2211=ORIENTED_EDGE('',*,*,#1550,.T.);
#2212=ORIENTED_EDGE('',*,*,#1551,.T.);
#2213=ORIENTED_EDGE('',*,*,#1547,.T.);
#2214=ORIENTED_EDGE('',*,*,#1552,.T.);
#2215=ORIENTED_EDGE('',*,*,#1532,.T.);
#2216=ORIENTED_EDGE('',*,*,#1553,.T.);
#2217=ORIENTED_EDGE('',*,*,#1537,.F.);
#2218=ORIENTED_EDGE('',*,*,#1554,.T.);
#2219=ORIENTED_EDGE('',*,*,#1544,.T.);
#2220=ORIENTED_EDGE('',*,*,#1530,.T.);
#2221=ORIENTED_EDGE('',*,*,#1552,.F.);
#2222=ORIENTED_EDGE('',*,*,#1546,.F.);
#2223=ORIENTED_EDGE('',*,*,#1545,.F.);
#2224=ORIENTED_EDGE('',*,*,#1554,.F.);
#2225=ORIENTED_EDGE('',*,*,#1536,.F.);
#2226=ORIENTED_EDGE('',*,*,#1553,.F.);
#2227=ORIENTED_EDGE('',*,*,#1555,.T.);
#2228=ORIENTED_EDGE('',*,*,#1556,.T.);
#2229=ORIENTED_EDGE('',*,*,#1542,.T.);
#2230=ORIENTED_EDGE('',*,*,#1557,.T.);
#2231=ORIENTED_EDGE('',*,*,#1558,.T.);
#2232=ORIENTED_EDGE('',*,*,#1559,.T.);
#2233=ORIENTED_EDGE('',*,*,#1556,.F.);
#2234=ORIENTED_EDGE('',*,*,#1560,.T.);
#2235=ORIENTED_EDGE('',*,*,#1525,.T.);
#2236=ORIENTED_EDGE('',*,*,#1561,.T.);
#2237=ORIENTED_EDGE('',*,*,#1557,.F.);
#2238=ORIENTED_EDGE('',*,*,#1562,.F.);
#2239=ORIENTED_EDGE('',*,*,#1563,.F.);
#2240=ORIENTED_EDGE('',*,*,#1564,.F.);
#2241=ORIENTED_EDGE('',*,*,#1528,.T.);
#2242=ORIENTED_EDGE('',*,*,#1527,.T.);
#2243=ORIENTED_EDGE('',*,*,#1565,.F.);
#2244=ORIENTED_EDGE('',*,*,#1538,.F.);
#2245=ORIENTED_EDGE('',*,*,#1543,.T.);
#2246=ORIENTED_EDGE('',*,*,#1559,.F.);
#2247=ORIENTED_EDGE('',*,*,#1566,.T.);
#2248=ORIENTED_EDGE('',*,*,#1567,.T.);
#2249=ORIENTED_EDGE('',*,*,#1568,.T.);
#2250=ORIENTED_EDGE('',*,*,#1569,.T.);
#2251=ORIENTED_EDGE('',*,*,#1570,.T.);
#2252=ORIENTED_EDGE('',*,*,#1561,.F.);
#2253=ORIENTED_EDGE('',*,*,#1524,.T.);
#2254=ORIENTED_EDGE('',*,*,#1571,.T.);
#2255=ORIENTED_EDGE('',*,*,#1529,.T.);
#2256=ORIENTED_EDGE('',*,*,#1564,.T.);
#2257=ORIENTED_EDGE('',*,*,#1572,.F.);
#2258=ORIENTED_EDGE('',*,*,#1573,.T.);
#2259=ORIENTED_EDGE('',*,*,#1539,.F.);
#2260=ORIENTED_EDGE('',*,*,#1566,.F.);
#2261=ORIENTED_EDGE('',*,*,#1558,.F.);
#2262=ORIENTED_EDGE('',*,*,#1573,.F.);
#2263=ORIENTED_EDGE('',*,*,#1574,.F.);
#2264=ORIENTED_EDGE('',*,*,#1550,.F.);
#2265=ORIENTED_EDGE('',*,*,#1575,.T.);
#2266=ORIENTED_EDGE('',*,*,#1576,.T.);
#2267=ORIENTED_EDGE('',*,*,#1555,.F.);
#2268=ORIENTED_EDGE('',*,*,#1531,.F.);
#2269=ORIENTED_EDGE('',*,*,#1577,.T.);
#2270=ORIENTED_EDGE('',*,*,#1578,.T.);
#2271=ORIENTED_EDGE('',*,*,#1579,.T.);
#2272=ORIENTED_EDGE('',*,*,#1577,.F.);
#2273=ORIENTED_EDGE('',*,*,#1579,.F.);
#2274=ORIENTED_EDGE('',*,*,#1580,.T.);
#2275=ORIENTED_EDGE('',*,*,#1576,.F.);
#2276=ORIENTED_EDGE('',*,*,#1580,.F.);
#2277=ORIENTED_EDGE('',*,*,#1578,.F.);
#2278=ORIENTED_EDGE('',*,*,#1581,.T.);
#2279=ORIENTED_EDGE('',*,*,#1582,.T.);
#2280=ORIENTED_EDGE('',*,*,#1583,.T.);
#2281=ORIENTED_EDGE('',*,*,#1575,.F.);
#2282=ORIENTED_EDGE('',*,*,#1583,.F.);
#2283=ORIENTED_EDGE('',*,*,#1523,.T.);
#2284=ORIENTED_EDGE('',*,*,#1584,.T.);
#2285=ORIENTED_EDGE('',*,*,#1581,.F.);
#2286=ORIENTED_EDGE('',*,*,#1582,.F.);
#2287=ORIENTED_EDGE('',*,*,#1584,.F.);
#2288=ORIENTED_EDGE('',*,*,#1585,.T.);
#2289=ORIENTED_EDGE('',*,*,#1522,.T.);
#2290=ORIENTED_EDGE('',*,*,#1571,.F.);
#2291=ORIENTED_EDGE('',*,*,#1585,.F.);
#2292=ORIENTED_EDGE('',*,*,#1560,.F.);
#2293=ORIENTED_EDGE('',*,*,#1565,.T.);
#2294=ORIENTED_EDGE('',*,*,#1526,.T.);
#2295=ORIENTED_EDGE('',*,*,#1574,.T.);
#2296=ORIENTED_EDGE('',*,*,#1572,.T.);
#2297=ORIENTED_EDGE('',*,*,#1563,.T.);
#2298=ORIENTED_EDGE('',*,*,#1586,.T.);
#2299=ORIENTED_EDGE('',*,*,#1548,.T.);
#2300=ORIENTED_EDGE('',*,*,#1551,.F.);
#2301=ORIENTED_EDGE('',*,*,#1587,.T.);
#2302=ORIENTED_EDGE('',*,*,#1588,.T.);
#2303=ORIENTED_EDGE('',*,*,#1589,.T.);
#2304=ORIENTED_EDGE('',*,*,#1590,.T.);
#2305=ORIENTED_EDGE('',*,*,#1541,.T.);
#2306=ORIENTED_EDGE('',*,*,#1549,.T.);
#2307=ORIENTED_EDGE('',*,*,#1586,.F.);
#2308=ORIENTED_EDGE('',*,*,#1562,.T.);
#2309=ORIENTED_EDGE('',*,*,#1591,.T.);
#2310=ORIENTED_EDGE('',*,*,#1592,.T.);
#2311=ORIENTED_EDGE('',*,*,#1593,.F.);
#2312=ORIENTED_EDGE('',*,*,#1590,.F.);
#2313=ORIENTED_EDGE('',*,*,#1593,.T.);
#2314=ORIENTED_EDGE('',*,*,#1594,.T.);
#2315=ORIENTED_EDGE('',*,*,#1595,.F.);
#2316=ORIENTED_EDGE('',*,*,#1587,.F.);
#2317=ORIENTED_EDGE('',*,*,#1595,.T.);
#2318=ORIENTED_EDGE('',*,*,#1596,.T.);
#2319=ORIENTED_EDGE('',*,*,#1597,.F.);
#2320=ORIENTED_EDGE('',*,*,#1588,.F.);
#2321=ORIENTED_EDGE('',*,*,#1597,.T.);
#2322=ORIENTED_EDGE('',*,*,#1598,.T.);
#2323=ORIENTED_EDGE('',*,*,#1591,.F.);
#2324=ORIENTED_EDGE('',*,*,#1589,.F.);
#2325=ORIENTED_EDGE('',*,*,#1599,.T.);
#2326=ORIENTED_EDGE('',*,*,#1570,.F.);
#2327=ORIENTED_EDGE('',*,*,#1600,.F.);
#2328=ORIENTED_EDGE('',*,*,#1592,.F.);
#2329=ORIENTED_EDGE('',*,*,#1600,.T.);
#2330=ORIENTED_EDGE('',*,*,#1569,.F.);
#2331=ORIENTED_EDGE('',*,*,#1601,.F.);
#2332=ORIENTED_EDGE('',*,*,#1594,.F.);
#2333=ORIENTED_EDGE('',*,*,#1596,.F.);
#2334=ORIENTED_EDGE('',*,*,#1601,.T.);
#2335=ORIENTED_EDGE('',*,*,#1568,.F.);
#2336=ORIENTED_EDGE('',*,*,#1602,.T.);
#2337=ORIENTED_EDGE('',*,*,#1602,.F.);
#2338=ORIENTED_EDGE('',*,*,#1567,.F.);
#2339=ORIENTED_EDGE('',*,*,#1599,.F.);
#2340=ORIENTED_EDGE('',*,*,#1598,.F.);
#2341=CYLINDRICAL_SURFACE('',#2583,2.5);
#2342=CYLINDRICAL_SURFACE('',#2596,2.5);
#2343=CYLINDRICAL_SURFACE('',#2598,1.75);
#2344=CYLINDRICAL_SURFACE('',#2601,1.75);
#2345=CYLINDRICAL_SURFACE('',#2614,1.);
#2346=CYLINDRICAL_SURFACE('',#2619,2.);
#2347=CYLINDRICAL_SURFACE('',#2622,2.);
#2348=CYLINDRICAL_SURFACE('',#2623,2.);
#2349=CYLINDRICAL_SURFACE('',#2633,1.);
#2350=CYLINDRICAL_SURFACE('',#2636,1.);
#2351=CYLINDRICAL_SURFACE('',#2639,1.);
#2352=CYLINDRICAL_SURFACE('',#2642,1.);
#2353=CYLINDRICAL_SURFACE('',#2648,1.);
#2354=CYLINDRICAL_SURFACE('',#2653,1.);
#2355=CYLINDRICAL_SURFACE('',#2658,1.);
#2356=CYLINDRICAL_SURFACE('',#2659,1.);
#2357=CYLINDRICAL_SURFACE('',#2661,1.);
#2358=CYLINDRICAL_SURFACE('',#2665,1.);
#2359=CYLINDRICAL_SURFACE('',#2667,1.);
#2360=CYLINDRICAL_SURFACE('',#2673,1.);
#2361=CYLINDRICAL_SURFACE('',#2680,1.);
#2362=CYLINDRICAL_SURFACE('',#2684,2.5);
#2363=CYLINDRICAL_SURFACE('',#2686,1.);
#2364=CYLINDRICAL_SURFACE('',#2689,1.);
#2365=CYLINDRICAL_SURFACE('',#2691,1.);
#2366=CYLINDRICAL_SURFACE('',#2693,1.);
#2367=CYLINDRICAL_SURFACE('',#2695,1.);
#2368=CYLINDRICAL_SURFACE('',#2698,1.);
#2369=CYLINDRICAL_SURFACE('',#2699,1.);
#2370=CYLINDRICAL_SURFACE('',#2701,1.);
#2371=CYLINDRICAL_SURFACE('',#2704,1.);
#2372=CYLINDRICAL_SURFACE('',#2707,2.5);
#2373=CYLINDRICAL_SURFACE('',#2710,2.);
#2374=CYLINDRICAL_SURFACE('',#2713,2.);
#2375=CYLINDRICAL_SURFACE('',#2718,1.);
#2376=CYLINDRICAL_SURFACE('',#2719,1.);
#2377=CYLINDRICAL_SURFACE('',#2721,1.5);
#2378=CYLINDRICAL_SURFACE('',#2725,1.5);
#2379=CYLINDRICAL_SURFACE('',#2728,1.);
#2380=CYLINDRICAL_SURFACE('',#2731,1.);
#2381=CYLINDRICAL_SURFACE('',#2735,1.5);
#2382=CYLINDRICAL_SURFACE('',#2740,1.5);
#2383=CYLINDRICAL_SURFACE('',#2743,1.5);
#2384=CYLINDRICAL_SURFACE('',#2752,1.5);
#2385=CYLINDRICAL_SURFACE('',#2756,1.5);
#2386=CYLINDRICAL_SURFACE('',#2757,1.5);
#2387=CYLINDRICAL_SURFACE('',#2771,2.);
#2388=CYLINDRICAL_SURFACE('',#2772,2.);
#2389=CYLINDRICAL_SURFACE('',#2783,2.);
#2390=CYLINDRICAL_SURFACE('',#2785,2.);
#2391=CYLINDRICAL_SURFACE('',#2789,2.);
#2392=CYLINDRICAL_SURFACE('',#2793,2.);
#2393=CYLINDRICAL_SURFACE('',#2797,2.);
#2394=CYLINDRICAL_SURFACE('',#2800,2.);
#2395=CYLINDRICAL_SURFACE('',#2802,2.);
#2396=CYLINDRICAL_SURFACE('',#2806,2.);
#2397=CYLINDRICAL_SURFACE('',#2809,3.5);
#2398=CYLINDRICAL_SURFACE('',#2814,3.5);
#2399=CYLINDRICAL_SURFACE('',#2820,2.5);
#2400=CYLINDRICAL_SURFACE('',#2822,6.);
#2401=CYLINDRICAL_SURFACE('',#2824,6.);
#2402=CYLINDRICAL_SURFACE('',#2831,3.5);
#2403=CYLINDRICAL_SURFACE('',#2835,2.5);
#2404=CYLINDRICAL_SURFACE('',#2837,6.);
#2405=CYLINDRICAL_SURFACE('',#2848,1.75);
#2406=CYLINDRICAL_SURFACE('',#2849,1.75);
#2407=CYLINDRICAL_SURFACE('',#2854,3.5);
#2408=CYLINDRICAL_SURFACE('',#2863,1.25);
#2409=CYLINDRICAL_SURFACE('',#2866,1.25);
#2410=CYLINDRICAL_SURFACE('',#2868,1.25);
#2411=CYLINDRICAL_SURFACE('',#2870,1.25);
#2412=ADVANCED_FACE('',(#111),#2341,.T.);
#2413=ADVANCED_FACE('',(#112),#50,.F.);
#2414=ADVANCED_FACE('',(#113,#41,#42),#51,.T.);
#2415=ADVANCED_FACE('',(#114,#43,#44),#52,.F.);
#2416=ADVANCED_FACE('',(#115),#2342,.T.);
#2417=ADVANCED_FACE('',(#116),#2343,.F.);
#2418=ADVANCED_FACE('',(#117),#53,.F.);
#2419=ADVANCED_FACE('',(#118),#2344,.F.);
#2420=ADVANCED_FACE('',(#119),#54,.T.);
#2421=ADVANCED_FACE('',(#120),#55,.T.);
#2422=ADVANCED_FACE('',(#121),#56,.F.);
#2423=ADVANCED_FACE('',(#122),#57,.F.);
#2424=ADVANCED_FACE('',(#123),#58,.F.);
#2425=ADVANCED_FACE('',(#124),#2345,.T.);
#2426=ADVANCED_FACE('',(#125),#59,.T.);
#2427=ADVANCED_FACE('',(#126),#2346,.T.);
#2428=ADVANCED_FACE('',(#127),#2347,.T.);
#2429=ADVANCED_FACE('',(#128),#2348,.T.);
#2430=ADVANCED_FACE('',(#129),#60,.T.);
#2431=ADVANCED_FACE('',(#130),#35,.T.);
#2432=ADVANCED_FACE('',(#131),#2349,.T.);
#2433=ADVANCED_FACE('',(#132),#61,.T.);
#2434=ADVANCED_FACE('',(#133),#2350,.T.);
#2435=ADVANCED_FACE('',(#134),#62,.T.);
#2436=ADVANCED_FACE('',(#135),#2351,.T.);
#2437=ADVANCED_FACE('',(#136),#63,.F.);
#2438=ADVANCED_FACE('',(#137),#2352,.T.);
#2439=ADVANCED_FACE('',(#138),#36,.T.);
#2440=ADVANCED_FACE('',(#139),#2353,.T.);
#2441=ADVANCED_FACE('',(#140),#37,.T.);
#2442=ADVANCED_FACE('',(#141),#2354,.T.);
#2443=ADVANCED_FACE('',(#142),#38,.T.);
#2444=ADVANCED_FACE('',(#143),#2355,.T.);
#2445=ADVANCED_FACE('',(#144),#2356,.T.);
#2446=ADVANCED_FACE('',(#145),#2357,.T.);
#2447=ADVANCED_FACE('',(#146),#31,.T.);
#2448=ADVANCED_FACE('',(#147),#2358,.T.);
#2449=ADVANCED_FACE('',(#148),#2359,.T.);
#2450=ADVANCED_FACE('',(#149),#23,.T.);
#2451=ADVANCED_FACE('',(#150),#2360,.T.);
#2452=ADVANCED_FACE('',(#151),#64,.F.);
#2453=ADVANCED_FACE('',(#152),#24,.T.);
#2454=ADVANCED_FACE('',(#153),#2361,.T.);
#2455=ADVANCED_FACE('',(#154),#65,.T.);
#2456=ADVANCED_FACE('',(#155),#66,.T.);
#2457=ADVANCED_FACE('',(#156),#2362,.T.);
#2458=ADVANCED_FACE('',(#157),#2363,.T.);
#2459=ADVANCED_FACE('',(#158),#67,.F.);
#2460=ADVANCED_FACE('',(#159),#2364,.T.);
#2461=ADVANCED_FACE('',(#160),#2365,.T.);
#2462=ADVANCED_FACE('',(#161),#2366,.T.);
#2463=ADVANCED_FACE('',(#162),#2367,.T.);
#2464=ADVANCED_FACE('',(#163),#2368,.T.);
#2465=ADVANCED_FACE('',(#164),#2369,.T.);
#2466=ADVANCED_FACE('',(#165),#2370,.T.);
#2467=ADVANCED_FACE('',(#166),#2371,.T.);
#2468=ADVANCED_FACE('',(#167),#68,.T.);
#2469=ADVANCED_FACE('',(#168),#2372,.T.);
#2470=ADVANCED_FACE('',(#169),#69,.T.);
#2471=ADVANCED_FACE('',(#170),#2373,.F.);
#2472=ADVANCED_FACE('',(#171),#70,.F.);
#2473=ADVANCED_FACE('',(#172),#2374,.F.);
#2474=ADVANCED_FACE('',(#173),#71,.F.);
#2475=ADVANCED_FACE('',(#174),#32,.T.);
#2476=ADVANCED_FACE('',(#175),#72,.F.);
#2477=ADVANCED_FACE('',(#176),#2375,.T.);
#2478=ADVANCED_FACE('',(#177),#2376,.T.);
#2479=ADVANCED_FACE('',(#178),#2377,.T.);
#2480=ADVANCED_FACE('',(#179),#73,.T.);
#2481=ADVANCED_FACE('',(#180),#2378,.T.);
#2482=ADVANCED_FACE('',(#181),#2379,.T.);
#2483=ADVANCED_FACE('',(#182),#74,.T.);
#2484=ADVANCED_FACE('',(#183),#2380,.T.);
#2485=ADVANCED_FACE('',(#184),#75,.T.);
#2486=ADVANCED_FACE('',(#185),#33,.T.);
#2487=ADVANCED_FACE('',(#186),#34,.T.);
#2488=ADVANCED_FACE('',(#187),#2381,.T.);
#2489=ADVANCED_FACE('',(#188),#76,.F.);
#2490=ADVANCED_FACE('',(#189),#77,.T.);
#2491=ADVANCED_FACE('',(#190),#2382,.T.);
#2492=ADVANCED_FACE('',(#191),#2383,.T.);
#2493=ADVANCED_FACE('',(#192),#25,.T.);
#2494=ADVANCED_FACE('',(#193),#78,.T.);
#2495=ADVANCED_FACE('',(#194),#79,.F.);
#2496=ADVANCED_FACE('',(#195),#80,.F.);
#2497=ADVANCED_FACE('',(#196),#81,.T.);
#2498=ADVANCED_FACE('',(#197),#26,.T.);
#2499=ADVANCED_FACE('',(#198),#82,.F.);
#2500=ADVANCED_FACE('',(#199),#2384,.T.);
#2501=ADVANCED_FACE('',(#200,#45),#83,.F.);
#2502=ADVANCED_FACE('',(#201),#2385,.T.);
#2503=ADVANCED_FACE('',(#202),#2386,.T.);
#2504=ADVANCED_FACE('',(#203),#84,.T.);
#2505=ADVANCED_FACE('',(#204),#85,.T.);
#2506=ADVANCED_FACE('',(#205),#86,.F.);
#2507=ADVANCED_FACE('',(#206),#87,.T.);
#2508=ADVANCED_FACE('',(#207),#88,.T.);
#2509=ADVANCED_FACE('',(#208),#89,.T.);
#2510=ADVANCED_FACE('',(#209),#90,.F.);
#2511=ADVANCED_FACE('',(#210),#19,.F.);
#2512=ADVANCED_FACE('',(#211),#20,.F.);
#2513=ADVANCED_FACE('',(#212),#2387,.F.);
#2514=ADVANCED_FACE('',(#213),#2388,.F.);
#2515=ADVANCED_FACE('',(#214),#91,.T.);
#2516=ADVANCED_FACE('',(#215),#92,.T.);
#2517=ADVANCED_FACE('',(#216),#93,.T.);
#2518=ADVANCED_FACE('',(#217),#2389,.T.);
#2519=ADVANCED_FACE('',(#218),#2390,.T.);
#2520=ADVANCED_FACE('',(#219),#17,.F.);
#2521=ADVANCED_FACE('',(#220),#2391,.T.);
#2522=ADVANCED_FACE('',(#221),#39,.T.);
#2523=ADVANCED_FACE('',(#222),#2392,.T.);
#2524=ADVANCED_FACE('',(#223),#40,.T.);
#2525=ADVANCED_FACE('',(#224),#2393,.T.);
#2526=ADVANCED_FACE('',(#225),#18,.F.);
#2527=ADVANCED_FACE('',(#226),#2394,.T.);
#2528=ADVANCED_FACE('',(#227),#27,.F.);
#2529=ADVANCED_FACE('',(#228),#2395,.T.);
#2530=ADVANCED_FACE('',(#229),#28,.F.);
#2531=ADVANCED_FACE('',(#230),#94,.T.);
#2532=ADVANCED_FACE('',(#231),#95,.F.);
#2533=ADVANCED_FACE('',(#232),#2396,.T.);
#2534=ADVANCED_FACE('',(#233),#96,.T.);
#2535=ADVANCED_FACE('',(#234,#46),#97,.F.);
#2536=ADVANCED_FACE('',(#235),#2397,.F.);
#2537=ADVANCED_FACE('',(#236),#2398,.F.);
#2538=ADVANCED_FACE('',(#237),#29,.F.);
#2539=ADVANCED_FACE('',(#238),#2399,.T.);
#2540=ADVANCED_FACE('',(#239),#2400,.T.);
#2541=ADVANCED_FACE('',(#240),#2401,.T.);
#2542=ADVANCED_FACE('',(#241),#98,.T.);
#2543=ADVANCED_FACE('',(#242),#99,.T.);
#2544=ADVANCED_FACE('',(#243),#2402,.F.);
#2545=ADVANCED_FACE('',(#244),#30,.F.);
#2546=ADVANCED_FACE('',(#245),#2403,.T.);
#2547=ADVANCED_FACE('',(#246),#2404,.T.);
#2548=ADVANCED_FACE('',(#247,#47),#100,.F.);
#2549=ADVANCED_FACE('',(#248),#101,.F.);
#2550=ADVANCED_FACE('',(#249,#48,#49),#102,.F.);
#2551=ADVANCED_FACE('',(#250),#21,.F.);
#2552=ADVANCED_FACE('',(#251),#2405,.F.);
#2553=ADVANCED_FACE('',(#252),#2406,.F.);
#2554=ADVANCED_FACE('',(#253),#22,.F.);
#2555=ADVANCED_FACE('',(#254),#2407,.F.);
#2556=ADVANCED_FACE('',(#255),#103,.F.);
#2557=ADVANCED_FACE('',(#256),#104,.F.);
#2558=ADVANCED_FACE('',(#257),#105,.F.);
#2559=ADVANCED_FACE('',(#258),#106,.F.);
#2560=ADVANCED_FACE('',(#259),#107,.F.);
#2561=ADVANCED_FACE('',(#260),#108,.F.);
#2562=ADVANCED_FACE('',(#261),#109,.F.);
#2563=ADVANCED_FACE('',(#262),#110,.F.);
#2564=ADVANCED_FACE('',(#263),#2408,.T.);
#2565=ADVANCED_FACE('',(#264),#2409,.T.);
#2566=ADVANCED_FACE('',(#265),#2410,.T.);
#2567=ADVANCED_FACE('',(#266),#2411,.T.);
#2568=CLOSED_SHELL('',(#2412,#2413,#2414,#2415,#2416,#2417,#2418,#2419,
#2420,#2421,#2422,#2423,#2424,#2425,#2426,#2427,#2428,#2429,#2430,#2431,
#2432,#2433,#2434,#2435,#2436,#2437,#2438,#2439,#2440,#2441,#2442,#2443,
#2444,#2445,#2446,#2447,#2448,#2449,#2450,#2451,#2452,#2453,#2454,#2455,
#2456,#2457,#2458,#2459,#2460,#2461,#2462,#2463,#2464,#2465,#2466,#2467,
#2468,#2469,#2470,#2471,#2472,#2473,#2474,#2475,#2476,#2477,#2478,#2479,
#2480,#2481,#2482,#2483,#2484,#2485,#2486,#2487,#2488,#2489,#2490,#2491,
#2492,#2493,#2494,#2495,#2496,#2497,#2498,#2499,#2500,#2501,#2502,#2503,
#2504,#2505,#2506,#2507,#2508,#2509,#2510,#2511,#2512,#2513,#2514,#2515,
#2516,#2517,#2518,#2519,#2520,#2521,#2522,#2523,#2524,#2525,#2526,#2527,
#2528,#2529,#2530,#2531,#2532,#2533,#2534,#2535));
#2569=CLOSED_SHELL('',(#2536,#2537,#2538,#2539,#2540,#2541,#2542,#2543,
#2544,#2545,#2546,#2547,#2548,#2549,#2550,#2551,#2552,#2553,#2554,#2555,
#2556,#2557,#2558,#2559,#2560,#2561,#2562,#2563,#2564,#2565,#2566,#2567));
#2570=DERIVED_UNIT_ELEMENT(#2572,1.);
#2571=DERIVED_UNIT_ELEMENT(#5136,-3.);
#2572=(
MASS_UNIT()
NAMED_UNIT(*)
SI_UNIT(.KILO.,.GRAM.)
);
#2573=DERIVED_UNIT((#2570,#2571));
#2574=MEASURE_REPRESENTATION_ITEM('density measure',
POSITIVE_RATIO_MEASURE(7850.),#2573);
#2575=PROPERTY_DEFINITION_REPRESENTATION(#2580,#2577);
#2576=PROPERTY_DEFINITION_REPRESENTATION(#2581,#2578);
#2577=REPRESENTATION('material name',(#2579),#5133);
#2578=REPRESENTATION('density',(#2574),#5133);
#2579=DESCRIPTIVE_REPRESENTATION_ITEM('Steel','Steel');
#2580=PROPERTY_DEFINITION('material property','material name',#5143);
#2581=PROPERTY_DEFINITION('material property','density of part',#5143);
#2582=AXIS2_PLACEMENT_3D('',#3664,#2871,#2872);
#2583=AXIS2_PLACEMENT_3D('',#3665,#2873,#2874);
#2584=AXIS2_PLACEMENT_3D('',#3668,#2875,#2876);
#2585=AXIS2_PLACEMENT_3D('',#3672,#2878,#2879);
#2586=AXIS2_PLACEMENT_3D('',#3683,#2881,#2882);
#2587=AXIS2_PLACEMENT_3D('',#3687,#2885,#2886);
#2588=AXIS2_PLACEMENT_3D('',#3691,#2888,#2889);
#2589=AXIS2_PLACEMENT_3D('',#3696,#2892,#2893);
#2590=AXIS2_PLACEMENT_3D('',#3698,#2894,#2895);
#2591=AXIS2_PLACEMENT_3D('',#3699,#2896,#2897);
#2592=AXIS2_PLACEMENT_3D('',#3703,#2899,#2900);
#2593=AXIS2_PLACEMENT_3D('',#3711,#2904,#2905);
#2594=AXIS2_PLACEMENT_3D('',#3716,#2908,#2909);
#2595=AXIS2_PLACEMENT_3D('',#3718,#2910,#2911);
#2596=AXIS2_PLACEMENT_3D('',#3719,#2912,#2913);
#2597=AXIS2_PLACEMENT_3D('',#3730,#2914,#2915);
#2598=AXIS2_PLACEMENT_3D('',#3732,#2917,#2918);
#2599=AXIS2_PLACEMENT_3D('',#3735,#2920,#2921);
#2600=AXIS2_PLACEMENT_3D('',#3736,#2922,#2923);
#2601=AXIS2_PLACEMENT_3D('',#3737,#2924,#2925);
#2602=AXIS2_PLACEMENT_3D('',#3740,#2927,#2928);
#2603=AXIS2_PLACEMENT_3D('',#3741,#2929,#2930);
#2604=AXIS2_PLACEMENT_3D('',#3742,#2931,#2932);
#2605=AXIS2_PLACEMENT_3D('',#3745,#2933,#2934);
#2606=AXIS2_PLACEMENT_3D('',#3751,#2937,#2938);
#2607=AXIS2_PLACEMENT_3D('',#3760,#2943,#2944);
#2608=AXIS2_PLACEMENT_3D('',#3766,#2947,#2948);
#2609=AXIS2_PLACEMENT_3D('',#3770,#2950,#2951);
#2610=AXIS2_PLACEMENT_3D('',#3774,#2953,#2954);
#2611=AXIS2_PLACEMENT_3D('',#3776,#2956,#2957);
#2612=AXIS2_PLACEMENT_3D('',#3782,#2961,#2962);
#2613=AXIS2_PLACEMENT_3D('',#3788,#2966,#2967);
#2614=AXIS2_PLACEMENT_3D('',#3794,#2971,#2972);
#2615=AXIS2_PLACEMENT_3D('',#3796,#2973,#2974);
#2616=AXIS2_PLACEMENT_3D('',#3799,#2976,#2977);
#2617=AXIS2_PLACEMENT_3D('',#3800,#2978,#2979);
#2618=AXIS2_PLACEMENT_3D('',#3806,#2982,#2983);
#2619=AXIS2_PLACEMENT_3D('',#3808,#2985,#2986);
#2620=AXIS2_PLACEMENT_3D('',#3821,#2987,#2988);
#2621=AXIS2_PLACEMENT_3D('',#3824,#2990,#2991);
#2622=AXIS2_PLACEMENT_3D('',#3826,#2993,#2994);
#2623=AXIS2_PLACEMENT_3D('',#3828,#2996,#2997);
#2624=AXIS2_PLACEMENT_3D('',#3842,#2998,#2999);
#2625=AXIS2_PLACEMENT_3D('',#3845,#3001,#3002);
#2626=AXIS2_PLACEMENT_3D('',#3848,#3004,#3005);
#2627=AXIS2_PLACEMENT_3D('',#3849,#3006,#3007);
#2628=AXIS2_PLACEMENT_3D('',#3853,#3009,#3010);
#2629=AXIS2_PLACEMENT_3D('',#3859,#3014,#3015);
#2630=AXIS2_PLACEMENT_3D('',#3861,#3016,#3017);
#2631=AXIS2_PLACEMENT_3D('',#3863,#3018,#3019);
#2632=AXIS2_PLACEMENT_3D('',#3864,#3020,#3021);
#2633=AXIS2_PLACEMENT_3D('',#3865,#3022,#3023);
#2634=AXIS2_PLACEMENT_3D('',#3867,#3024,#3025);
#2635=AXIS2_PLACEMENT_3D('',#3869,#3027,#3028);
#2636=AXIS2_PLACEMENT_3D('',#3883,#3036,#3037);
#2637=AXIS2_PLACEMENT_3D('',#3884,#3038,#3039);
#2638=AXIS2_PLACEMENT_3D('',#3885,#3040,#3041);
#2639=AXIS2_PLACEMENT_3D('',#3889,#3044,#3045);
#2640=AXIS2_PLACEMENT_3D('',#3891,#3046,#3047);
#2641=AXIS2_PLACEMENT_3D('',#3893,#3049,#3050);
#2642=AXIS2_PLACEMENT_3D('',#3905,#3057,#3058);
#2643=AXIS2_PLACEMENT_3D('',#3907,#3059,#3060);
#2644=AXIS2_PLACEMENT_3D('',#3910,#3062,#3063);
#2645=AXIS2_PLACEMENT_3D('',#3911,#3064,#3065);
#2646=AXIS2_PLACEMENT_3D('',#3913,#3066,#3067);
#2647=AXIS2_PLACEMENT_3D('',#3914,#3068,#3069);
#2648=AXIS2_PLACEMENT_3D('',#3915,#3070,#3071);
#2649=AXIS2_PLACEMENT_3D('',#3918,#3073,#3074);
#2650=AXIS2_PLACEMENT_3D('',#3919,#3075,#3076);
#2651=AXIS2_PLACEMENT_3D('',#3921,#3077,#3078);
#2652=AXIS2_PLACEMENT_3D('',#3922,#3079,#3080);
#2653=AXIS2_PLACEMENT_3D('',#3923,#3081,#3082);
#2654=AXIS2_PLACEMENT_3D('',#3926,#3084,#3085);
#2655=AXIS2_PLACEMENT_3D('',#3927,#3086,#3087);
#2656=AXIS2_PLACEMENT_3D('',#3929,#3088,#3089);
#2657=AXIS2_PLACEMENT_3D('',#3930,#3090,#3091);
#2658=AXIS2_PLACEMENT_3D('',#3931,#3092,#3093);
#2659=AXIS2_PLACEMENT_3D('',#3933,#3095,#3096);
#2660=AXIS2_PLACEMENT_3D('',#3934,#3097,#3098);
#2661=AXIS2_PLACEMENT_3D('',#3935,#3099,#3100);
#2662=AXIS2_PLACEMENT_3D('',#3936,#3101,#3102);
#2663=AXIS2_PLACEMENT_3D('',#3937,#3103,#3104);
#2664=AXIS2_PLACEMENT_3D('',#3938,#3105,#3106);
#2665=AXIS2_PLACEMENT_3D('',#3939,#3107,#3108);
#2666=AXIS2_PLACEMENT_3D('',#3940,#3109,#3110);
#2667=AXIS2_PLACEMENT_3D('',#3941,#3111,#3112);
#2668=AXIS2_PLACEMENT_3D('',#3946,#3114,#3115);
#2669=AXIS2_PLACEMENT_3D('',#3957,#3116,#3117);
#2670=AXIS2_PLACEMENT_3D('',#4139,#3118,#3119);
#2671=AXIS2_PLACEMENT_3D('',#4141,#3120,#3121);
#2672=AXIS2_PLACEMENT_3D('',#4142,#3122,#3123);
#2673=AXIS2_PLACEMENT_3D('',#4143,#3124,#3125);
#2674=AXIS2_PLACEMENT_3D('',#4158,#3127,#3128);
#2675=AXIS2_PLACEMENT_3D('',#4161,#3130,#3131);
#2676=AXIS2_PLACEMENT_3D('',#4162,#3132,#3133);
#2677=AXIS2_PLACEMENT_3D('',#4347,#3136,#3137);
#2678=AXIS2_PLACEMENT_3D('',#4349,#3138,#3139);
#2679=AXIS2_PLACEMENT_3D('',#4350,#3140,#3141);
#2680=AXIS2_PLACEMENT_3D('',#4351,#3142,#3143);
#2681=AXIS2_PLACEMENT_3D('',#4353,#3144,#3145);
#2682=AXIS2_PLACEMENT_3D('',#4355,#3147,#3148);
#2683=AXIS2_PLACEMENT_3D('',#4359,#3151,#3152);
#2684=AXIS2_PLACEMENT_3D('',#4361,#3154,#3155);
#2685=AXIS2_PLACEMENT_3D('',#4364,#3156,#3157);
#2686=AXIS2_PLACEMENT_3D('',#4367,#3160,#3161);
#2687=AXIS2_PLACEMENT_3D('',#4369,#3162,#3163);
#2688=AXIS2_PLACEMENT_3D('',#4371,#3165,#3166);
#2689=AXIS2_PLACEMENT_3D('',#4377,#3170,#3171);
#2690=AXIS2_PLACEMENT_3D('',#4379,#3172,#3173);
#2691=AXIS2_PLACEMENT_3D('',#4381,#3175,#3176);
#2692=AXIS2_PLACEMENT_3D('',#4383,#3178,#3179);
#2693=AXIS2_PLACEMENT_3D('',#4384,#3180,#3181);
#2694=AXIS2_PLACEMENT_3D('',#4385,#3182,#3183);
#2695=AXIS2_PLACEMENT_3D('',#4386,#3184,#3185);
#2696=AXIS2_PLACEMENT_3D('',#4388,#3186,#3187);
#2697=AXIS2_PLACEMENT_3D('',#4391,#3189,#3190);
#2698=AXIS2_PLACEMENT_3D('',#4392,#3191,#3192);
#2699=AXIS2_PLACEMENT_3D('',#4394,#3194,#3195);
#2700=AXIS2_PLACEMENT_3D('',#4395,#3196,#3197);
#2701=AXIS2_PLACEMENT_3D('',#4396,#3198,#3199);
#2702=AXIS2_PLACEMENT_3D('',#4397,#3200,#3201);
#2703=AXIS2_PLACEMENT_3D('',#4398,#3202,#3203);
#2704=AXIS2_PLACEMENT_3D('',#4399,#3204,#3205);
#2705=AXIS2_PLACEMENT_3D('',#4400,#3206,#3207);
#2706=AXIS2_PLACEMENT_3D('',#4402,#3209,#3210);
#2707=AXIS2_PLACEMENT_3D('',#4410,#3215,#3216);
#2708=AXIS2_PLACEMENT_3D('',#4412,#3217,#3218);
#2709=AXIS2_PLACEMENT_3D('',#4414,#3220,#3221);
#2710=AXIS2_PLACEMENT_3D('',#4418,#3224,#3225);
#2711=AXIS2_PLACEMENT_3D('',#4420,#3226,#3227);
#2712=AXIS2_PLACEMENT_3D('',#4422,#3229,#3230);
#2713=AXIS2_PLACEMENT_3D('',#4426,#3233,#3234);
#2714=AXIS2_PLACEMENT_3D('',#4428,#3235,#3236);
#2715=AXIS2_PLACEMENT_3D('',#4430,#3238,#3239);
#2716=AXIS2_PLACEMENT_3D('',#4432,#3241,#3242);
#2717=AXIS2_PLACEMENT_3D('',#4433,#3243,#3244);
#2718=AXIS2_PLACEMENT_3D('',#4440,#3249,#3250);
#2719=AXIS2_PLACEMENT_3D('',#4441,#3251,#3252);
#2720=AXIS2_PLACEMENT_3D('',#4443,#3253,#3254);
#2721=AXIS2_PLACEMENT_3D('',#4445,#3256,#3257);
#2722=AXIS2_PLACEMENT_3D('',#4449,#3259,#3260);
#2723=AXIS2_PLACEMENT_3D('',#4452,#3262,#3263);
#2724=AXIS2_PLACEMENT_3D('',#4453,#3264,#3265);
#2725=AXIS2_PLACEMENT_3D('',#4460,#3270,#3271);
#2726=AXIS2_PLACEMENT_3D('',#4465,#3273,#3274);
#2727=AXIS2_PLACEMENT_3D('',#4468,#3276,#3277);
#2728=AXIS2_PLACEMENT_3D('',#4469,#3278,#3279);
#2729=AXIS2_PLACEMENT_3D('',#4471,#3280,#3281);
#2730=AXIS2_PLACEMENT_3D('',#4474,#3284,#3285);
#2731=AXIS2_PLACEMENT_3D('',#4481,#3290,#3291);
#2732=AXIS2_PLACEMENT_3D('',#4483,#3293,#3294);
#2733=AXIS2_PLACEMENT_3D('',#4487,#3297,#3298);
#2734=AXIS2_PLACEMENT_3D('',#4488,#3299,#3300);
#2735=AXIS2_PLACEMENT_3D('',#4489,#3301,#3302);
#2736=AXIS2_PLACEMENT_3D('',#4491,#3303,#3304);
#2737=AXIS2_PLACEMENT_3D('',#4494,#3306,#3307);
#2738=AXIS2_PLACEMENT_3D('',#4495,#3308,#3309);
#2739=AXIS2_PLACEMENT_3D('',#4497,#3311,#3312);
#2740=AXIS2_PLACEMENT_3D('',#4499,#3314,#3315);
#2741=AXIS2_PLACEMENT_3D('',#4501,#3316,#3317);
#2742=AXIS2_PLACEMENT_3D('',#4503,#3318,#3319);
#2743=AXIS2_PLACEMENT_3D('',#4505,#3321,#3322);
#2744=AXIS2_PLACEMENT_3D('',#4508,#3324,#3325);
#2745=AXIS2_PLACEMENT_3D('',#4509,#3326,#3327);
#2746=AXIS2_PLACEMENT_3D('',#4570,#3328,#3329);
#2747=AXIS2_PLACEMENT_3D('',#4581,#3336,#3337);
#2748=AXIS2_PLACEMENT_3D('',#4583,#3339,#3340);
#2749=AXIS2_PLACEMENT_3D('',#4586,#3343,#3344);
#2750=AXIS2_PLACEMENT_3D('',#4659,#3352,#3353);
#2751=AXIS2_PLACEMENT_3D('',#4660,#3354,#3355);
#2752=AXIS2_PLACEMENT_3D('',#4662,#3357,#3358);
#2753=AXIS2_PLACEMENT_3D('',#4663,#3359,#3360);
#2754=AXIS2_PLACEMENT_3D('',#4664,#3361,#3362);
#2755=AXIS2_PLACEMENT_3D('',#4674,#3367,#3368);
#2756=AXIS2_PLACEMENT_3D('',#4675,#3369,#3370);
#2757=AXIS2_PLACEMENT_3D('',#4676,#3371,#3372);
#2758=AXIS2_PLACEMENT_3D('',#4677,#3373,#3374);
#2759=AXIS2_PLACEMENT_3D('',#4680,#3377,#3378);
#2760=AXIS2_PLACEMENT_3D('',#4682,#3380,#3381);
#2761=AXIS2_PLACEMENT_3D('',#4685,#3384,#3385);
#2762=AXIS2_PLACEMENT_3D('',#4687,#3387,#3388);
#2763=AXIS2_PLACEMENT_3D('',#4689,#3390,#3391);
#2764=AXIS2_PLACEMENT_3D('',#4690,#3392,#3393);
#2765=AXIS2_PLACEMENT_3D('',#4691,#3394,#3395);
#2766=AXIS2_PLACEMENT_3D('',#4695,#3397,#3398);
#2767=AXIS2_PLACEMENT_3D('',#4696,#3399,#3400);
#2768=AXIS2_PLACEMENT_3D('',#4697,#3401,#3402);
#2769=AXIS2_PLACEMENT_3D('',#4701,#3404,#3405);
#2770=AXIS2_PLACEMENT_3D('',#4702,#3406,#3407);
#2771=AXIS2_PLACEMENT_3D('',#4703,#3408,#3409);
#2772=AXIS2_PLACEMENT_3D('',#4705,#3411,#3412);
#2773=AXIS2_PLACEMENT_3D('',#4708,#3414,#3415);
#2774=AXIS2_PLACEMENT_3D('',#4709,#3416,#3417);
#2775=AXIS2_PLACEMENT_3D('',#4711,#3418,#3419);
#2776=AXIS2_PLACEMENT_3D('',#4713,#3421,#3422);
#2777=AXIS2_PLACEMENT_3D('',#4720,#3425,#3426);
#2778=AXIS2_PLACEMENT_3D('',#4724,#3428,#3429);
#2779=AXIS2_PLACEMENT_3D('',#4728,#3431,#3432);
#2780=AXIS2_PLACEMENT_3D('',#4732,#3434,#3435);
#2781=AXIS2_PLACEMENT_3D('',#4737,#3439,#3440);
#2782=AXIS2_PLACEMENT_3D('',#4738,#3441,#3442);
#2783=AXIS2_PLACEMENT_3D('',#4739,#3443,#3444);
#2784=AXIS2_PLACEMENT_3D('',#4740,#3445,#3446);
#2785=AXIS2_PLACEMENT_3D('',#4741,#3447,#3448);
#2786=AXIS2_PLACEMENT_3D('',#4742,#3449,#3450);
#2787=AXIS2_PLACEMENT_3D('',#4743,#3451,#3452);
#2788=AXIS2_PLACEMENT_3D('',#4753,#3453,#3454);
#2789=AXIS2_PLACEMENT_3D('',#4754,#3455,#3456);
#2790=AXIS2_PLACEMENT_3D('',#4755,#3457,#3458);
#2791=AXIS2_PLACEMENT_3D('',#4756,#3459,#3460);
#2792=AXIS2_PLACEMENT_3D('',#4757,#3461,#3462);
#2793=AXIS2_PLACEMENT_3D('',#4758,#3463,#3464);
#2794=AXIS2_PLACEMENT_3D('',#4759,#3465,#3466);
#2795=AXIS2_PLACEMENT_3D('',#4760,#3467,#3468);
#2796=AXIS2_PLACEMENT_3D('',#4761,#3469,#3470);
#2797=AXIS2_PLACEMENT_3D('',#4762,#3471,#3472);
#2798=AXIS2_PLACEMENT_3D('',#4763,#3473,#3474);
#2799=AXIS2_PLACEMENT_3D('',#4773,#3475,#3476);
#2800=AXIS2_PLACEMENT_3D('',#4774,#3477,#3478);
#2801=AXIS2_PLACEMENT_3D('',#4775,#3479,#3480);
#2802=AXIS2_PLACEMENT_3D('',#4806,#3481,#3482);
#2803=AXIS2_PLACEMENT_3D('',#4807,#3483,#3484);
#2804=AXIS2_PLACEMENT_3D('',#4838,#3485,#3486);
#2805=AXIS2_PLACEMENT_3D('',#4840,#3488,#3489);
#2806=AXIS2_PLACEMENT_3D('',#4842,#3491,#3492);
#2807=AXIS2_PLACEMENT_3D('',#4843,#3493,#3494);
#2808=AXIS2_PLACEMENT_3D('',#4844,#3495,#3496);
#2809=AXIS2_PLACEMENT_3D('',#4845,#3497,#3498);
#2810=AXIS2_PLACEMENT_3D('',#4850,#3500,#3501);
#2811=AXIS2_PLACEMENT_3D('',#4852,#3502,#3503);
#2812=AXIS2_PLACEMENT_3D('',#4869,#3504,#3505);
#2813=AXIS2_PLACEMENT_3D('',#4888,#3506,#3507);
#2814=AXIS2_PLACEMENT_3D('',#4889,#3508,#3509);
#2815=AXIS2_PLACEMENT_3D('',#4894,#3511,#3512);
#2816=AXIS2_PLACEMENT_3D('',#4895,#3513,#3514);
#2817=AXIS2_PLACEMENT_3D('',#4933,#3515,#3516);
#2818=AXIS2_PLACEMENT_3D('',#4935,#3517,#3518);
#2819=AXIS2_PLACEMENT_3D('',#4936,#3519,#3520);
#2820=AXIS2_PLACEMENT_3D('',#4937,#3521,#3522);
#2821=AXIS2_PLACEMENT_3D('',#4959,#3525,#3526);
#2822=AXIS2_PLACEMENT_3D('',#4961,#3528,#3529);
#2823=AXIS2_PLACEMENT_3D('',#4965,#3531,#3532);
#2824=AXIS2_PLACEMENT_3D('',#4967,#3534,#3535);
#2825=AXIS2_PLACEMENT_3D('',#4991,#3538,#3539);
#2826=AXIS2_PLACEMENT_3D('',#4993,#3541,#3542);
#2827=AXIS2_PLACEMENT_3D('',#4997,#3545,#3546);
#2828=AXIS2_PLACEMENT_3D('',#4998,#3547,#3548);
#2829=AXIS2_PLACEMENT_3D('',#4999,#3549,#3550);
#2830=AXIS2_PLACEMENT_3D('',#5000,#3551,#3552);
#2831=AXIS2_PLACEMENT_3D('',#5001,#3553,#3554);
#2832=AXIS2_PLACEMENT_3D('',#5002,#3555,#3556);
#2833=AXIS2_PLACEMENT_3D('',#5039,#3557,#3558);
#2834=AXIS2_PLACEMENT_3D('',#5040,#3559,#3560);
#2835=AXIS2_PLACEMENT_3D('',#5041,#3561,#3562);
#2836=AXIS2_PLACEMENT_3D('',#5044,#3563,#3564);
#2837=AXIS2_PLACEMENT_3D('',#5048,#3568,#3569);
#2838=AXIS2_PLACEMENT_3D('',#5052,#3571,#3572);
#2839=AXIS2_PLACEMENT_3D('',#5055,#3575,#3576);
#2840=AXIS2_PLACEMENT_3D('',#5065,#3582,#3583);
#2841=AXIS2_PLACEMENT_3D('',#5066,#3584,#3585);
#2842=AXIS2_PLACEMENT_3D('',#5070,#3588,#3589);
#2843=AXIS2_PLACEMENT_3D('',#5073,#3591,#3592);
#2844=AXIS2_PLACEMENT_3D('',#5075,#3593,#3594);
#2845=AXIS2_PLACEMENT_3D('',#5076,#3595,#3596);
#2846=AXIS2_PLACEMENT_3D('',#5080,#3598,#3599);
#2847=AXIS2_PLACEMENT_3D('',#5081,#3600,#3601);
#2848=AXIS2_PLACEMENT_3D('',#5082,#3602,#3603);
#2849=AXIS2_PLACEMENT_3D('',#5084,#3605,#3606);
#2850=AXIS2_PLACEMENT_3D('',#5087,#3607,#3608);
#2851=AXIS2_PLACEMENT_3D('',#5088,#3609,#3610);
#2852=AXIS2_PLACEMENT_3D('',#5090,#3612,#3613);
#2853=AXIS2_PLACEMENT_3D('',#5092,#3615,#3616);
#2854=AXIS2_PLACEMENT_3D('',#5093,#3617,#3618);
#2855=AXIS2_PLACEMENT_3D('',#5094,#3619,#3620);
#2856=AXIS2_PLACEMENT_3D('',#5095,#3621,#3622);
#2857=AXIS2_PLACEMENT_3D('',#5097,#3624,#3625);
#2858=AXIS2_PLACEMENT_3D('',#5106,#3630,#3631);
#2859=AXIS2_PLACEMENT_3D('',#5107,#3632,#3633);
#2860=AXIS2_PLACEMENT_3D('',#5113,#3637,#3638);
#2861=AXIS2_PLACEMENT_3D('',#5117,#3641,#3642);
#2862=AXIS2_PLACEMENT_3D('',#5121,#3645,#3646);
#2863=AXIS2_PLACEMENT_3D('',#5123,#3648,#3649);
#2864=AXIS2_PLACEMENT_3D('',#5124,#3650,#3651);
#2865=AXIS2_PLACEMENT_3D('',#5125,#3652,#3653);
#2866=AXIS2_PLACEMENT_3D('',#5126,#3654,#3655);
#2867=AXIS2_PLACEMENT_3D('',#5127,#3656,#3657);
#2868=AXIS2_PLACEMENT_3D('',#5128,#3658,#3659);
#2869=AXIS2_PLACEMENT_3D('',#5129,#3660,#3661);
#2870=AXIS2_PLACEMENT_3D('',#5130,#3662,#3663);
#2871=DIRECTION('axis',(0.,0.,1.));
#2872=DIRECTION('refdir',(1.,0.,0.));
#2873=DIRECTION('center_axis',(0.,0.,-1.));
#2874=DIRECTION('ref_axis',(-0.707106781186547,-0.707106781186548,0.));
#2875=DIRECTION('center_axis',(0.,0.,-1.));
#2876=DIRECTION('ref_axis',(-0.707106781186547,-0.707106781186548,0.));
#2877=DIRECTION('',(0.,0.,-1.));
#2878=DIRECTION('center_axis',(0.,0.640184399074316,-0.768221280089179));
#2879=DIRECTION('ref_axis',(8.52896953162018E-17,-0.768221280089179,-0.640184399074316));
#2880=DIRECTION('',(0.,0.,1.));
#2881=DIRECTION('center_axis',(1.,0.,0.));
#2882=DIRECTION('ref_axis',(0.,1.,0.));
#2883=DIRECTION('',(0.,-1.,0.));
#2884=DIRECTION('',(0.,0.768221280089179,0.640184399074316));
#2885=DIRECTION('center_axis',(0.,0.,1.));
#2886=DIRECTION('ref_axis',(1.,0.,0.));
#2887=DIRECTION('',(1.,0.,0.));
#2888=DIRECTION('center_axis',(0.,0.,-1.));
#2889=DIRECTION('ref_axis',(0.707106781186547,-0.707106781186547,0.));
#2890=DIRECTION('',(0.,1.,0.));
#2891=DIRECTION('',(-1.,0.,0.));
#2892=DIRECTION('center_axis',(0.,0.,-1.));
#2893=DIRECTION('ref_axis',(1.,0.,-5.60747306672777E-17));
#2894=DIRECTION('center_axis',(0.,0.,-1.));
#2895=DIRECTION('ref_axis',(-1.,0.,-5.60747306672777E-17));
#2896=DIRECTION('center_axis',(0.,1.,0.));
#2897=DIRECTION('ref_axis',(-1.,0.,0.));
#2898=DIRECTION('',(-1.,0.,0.));
#2899=DIRECTION('center_axis',(0.,1.,0.));
#2900=DIRECTION('ref_axis',(0.,0.,1.));
#2901=DIRECTION('',(0.,0.,-1.));
#2902=DIRECTION('',(1.,0.,0.));
#2903=DIRECTION('',(0.,0.,-1.));
#2904=DIRECTION('center_axis',(0.,1.,0.));
#2905=DIRECTION('ref_axis',(0.,0.,-1.));
#2906=DIRECTION('',(1.,0.,0.));
#2907=DIRECTION('',(0.,0.,-1.));
#2908=DIRECTION('center_axis',(0.,1.,0.));
#2909=DIRECTION('ref_axis',(1.,0.,0.));
#2910=DIRECTION('center_axis',(0.,1.,0.));
#2911=DIRECTION('ref_axis',(1.,0.,0.));
#2912=DIRECTION('center_axis',(0.,0.,-1.));
#2913=DIRECTION('ref_axis',(0.707106781186547,-0.707106781186547,0.));
#2914=DIRECTION('center_axis',(0.,0.640184399074316,-0.768221280089179));
#2915=DIRECTION('ref_axis',(0.,-0.768221280089179,-0.640184399074316));
#2916=DIRECTION('',(0.,0.,1.));
#2917=DIRECTION('center_axis',(0.707106781186548,0.,0.707106781186547));
#2918=DIRECTION('ref_axis',(-0.707106781186547,0.,0.707106781186548));
#2919=DIRECTION('',(-0.707106781186548,0.,-0.707106781186547));
#2920=DIRECTION('center_axis',(0.707106781186548,0.,0.707106781186548));
#2921=DIRECTION('ref_axis',(-0.707106781186548,0.,0.707106781186548));
#2922=DIRECTION('center_axis',(-0.707106781186548,0.,-0.707106781186548));
#2923=DIRECTION('ref_axis',(-0.707106781186548,0.,0.707106781186548));
#2924=DIRECTION('center_axis',(0.707106781186548,0.,-0.707106781186547));
#2925=DIRECTION('ref_axis',(0.707106781186547,0.,0.707106781186548));
#2926=DIRECTION('',(0.707106781186548,0.,-0.707106781186547));
#2927=DIRECTION('center_axis',(0.707106781186548,0.,-0.707106781186548));
#2928=DIRECTION('ref_axis',(0.707106781186548,0.,0.707106781186548));
#2929=DIRECTION('center_axis',(-0.707106781186548,0.,0.707106781186548));
#2930=DIRECTION('ref_axis',(0.707106781186548,0.,0.707106781186548));
#2931=DIRECTION('center_axis',(0.,0.,1.));
#2932=DIRECTION('ref_axis',(1.,0.,0.));
#2933=DIRECTION('center_axis',(0.,0.,1.));
#2934=DIRECTION('ref_axis',(0.,-1.,0.));
#2935=DIRECTION('',(1.,0.,0.));
#2936=DIRECTION('',(0.,1.,0.));
#2937=DIRECTION('center_axis',(0.,0.,-1.));
#2938=DIRECTION('ref_axis',(0.,-1.,0.));
#2939=DIRECTION('',(1.,0.,0.));
#2940=DIRECTION('',(0.,-1.,0.));
#2941=DIRECTION('',(0.,-1.,0.));
#2942=DIRECTION('',(-1.,0.,0.));
#2943=DIRECTION('center_axis',(0.,0.,-1.));
#2944=DIRECTION('ref_axis',(0.,-1.,0.));
#2945=DIRECTION('',(0.,-1.,0.));
#2946=DIRECTION('',(1.,0.,0.));
#2947=DIRECTION('center_axis',(0.,0.,1.));
#2948=DIRECTION('ref_axis',(0.,-1.,0.));
#2949=DIRECTION('',(0.,1.,0.));
#2950=DIRECTION('center_axis',(0.,0.,-1.));
#2951=DIRECTION('ref_axis',(0.,-1.,0.));
#2952=DIRECTION('',(1.,0.,0.));
#2953=DIRECTION('center_axis',(0.,0.,-1.));
#2954=DIRECTION('ref_axis',(0.,-1.,0.));
#2955=DIRECTION('',(0.,-1.,0.));
#2956=DIRECTION('center_axis',(0.,-1.,0.));
#2957=DIRECTION('ref_axis',(1.,0.,0.));
#2958=DIRECTION('',(0.,0.,1.));
#2959=DIRECTION('',(1.,0.,0.));
#2960=DIRECTION('',(0.,0.,1.));
#2961=DIRECTION('center_axis',(0.,-1.,0.));
#2962=DIRECTION('ref_axis',(1.,0.,0.));
#2963=DIRECTION('',(0.,0.,1.));
#2964=DIRECTION('',(1.,0.,0.));
#2965=DIRECTION('',(0.,0.,1.));
#2966=DIRECTION('center_axis',(0.,-1.,0.));
#2967=DIRECTION('ref_axis',(1.,0.,0.));
#2968=DIRECTION('',(0.,0.,1.));
#2969=DIRECTION('',(1.,0.,0.));
#2970=DIRECTION('',(0.,0.,1.));
#2971=DIRECTION('center_axis',(-1.,0.,0.));
#2972=DIRECTION('ref_axis',(0.,-1.,0.));
#2973=DIRECTION('center_axis',(1.,0.,0.));
#2974=DIRECTION('ref_axis',(0.,-1.,0.));
#2975=DIRECTION('',(-1.,0.,0.));
#2976=DIRECTION('center_axis',(1.,0.,0.));
#2977=DIRECTION('ref_axis',(0.,1.,0.));
#2978=DIRECTION('center_axis',(0.,0.,1.));
#2979=DIRECTION('ref_axis',(0.,-1.,0.));
#2980=DIRECTION('',(0.,-1.,0.));
#2981=DIRECTION('',(1.,0.,0.));
#2982=DIRECTION('center_axis',(0.,0.,-1.));
#2983=DIRECTION('ref_axis',(0.,-1.,0.));
#2984=DIRECTION('',(0.,-1.,0.));
#2985=DIRECTION('center_axis',(0.,-0.768221280089179,-0.640184399074316));
#2986=DIRECTION('ref_axis',(0.,0.640184399074316,-0.768221280089179));
#2987=DIRECTION('center_axis',(0.,0.955352104082674,0.295469723025569));
#2988=DIRECTION('ref_axis',(0.,0.295469723025569,-0.955352104082674));
#2989=DIRECTION('',(0.,-0.768221280089179,-0.640184399074316));
#2990=DIRECTION('center_axis',(0.707106780875203,-0.543214476904129,-0.452678729920107));
#2991=DIRECTION('ref_axis',(0.707106781497892,0.543214476425766,0.452678729521472));
#2992=DIRECTION('',(0.,0.768221280089179,0.640184399074316));
#2993=DIRECTION('center_axis',(1.,0.,0.));
#2994=DIRECTION('ref_axis',(0.,1.,0.));
#2995=DIRECTION('',(1.,0.,0.));
#2996=DIRECTION('center_axis',(0.,0.768221280089179,0.640184399074316));
#2997=DIRECTION('ref_axis',(0.,-0.640184399074316,0.768221280089179));
#2998=DIRECTION('center_axis',(0.,0.,1.));
#2999=DIRECTION('ref_axis',(0.,1.,0.));
#3000=DIRECTION('',(0.,-0.768221280089179,-0.640184399074316));
#3001=DIRECTION('center_axis',(-0.707106780875203,-0.543214476904129,-0.452678729920107));
#3002=DIRECTION('ref_axis',(-0.707106781497892,0.543214476425766,0.452678729521472));
#3003=DIRECTION('',(0.,0.768221280089179,0.640184399074316));
#3004=DIRECTION('center_axis',(0.,0.955352104082674,0.295469723025569));
#3005=DIRECTION('ref_axis',(0.,-0.295469723025569,0.955352104082674));
#3006=DIRECTION('center_axis',(1.,0.,0.));
#3007=DIRECTION('ref_axis',(0.,1.,0.));
#3008=DIRECTION('',(0.,-1.,0.));
#3009=DIRECTION('center_axis',(-1.,0.,0.));
#3010=DIRECTION('ref_axis',(0.,1.,0.));
#3011=DIRECTION('',(0.,0.,1.));
#3012=DIRECTION('',(0.,0.,1.));
#3013=DIRECTION('',(0.,0.,1.));
#3014=DIRECTION('center_axis',(0.,0.,1.));
#3015=DIRECTION('ref_axis',(0.,-1.,0.));
#3016=DIRECTION('center_axis',(0.,-1.,0.));
#3017=DIRECTION('ref_axis',(1.,0.,0.));
#3018=DIRECTION('center_axis',(0.,0.,-1.));
#3019=DIRECTION('ref_axis',(0.,-1.,0.));
#3020=DIRECTION('center_axis',(1.,0.,0.));
#3021=DIRECTION('ref_axis',(0.,0.,-1.));
#3022=DIRECTION('center_axis',(1.,0.,0.));
#3023=DIRECTION('ref_axis',(0.,1.,0.));
#3024=DIRECTION('center_axis',(0.707106781186548,0.,0.707106781186548));
#3025=DIRECTION('ref_axis',(0.707106781186548,0.,-0.707106781186548));
#3026=DIRECTION('',(-1.,0.,0.));
#3027=DIRECTION('center_axis',(-1.,0.,0.));
#3028=DIRECTION('ref_axis',(0.,-1.,0.));
#3029=DIRECTION('',(0.,0.,1.));
#3030=DIRECTION('',(0.,0.,1.));
#3031=DIRECTION('',(0.,1.,0.));
#3032=DIRECTION('',(0.,0.,-1.));
#3033=DIRECTION('',(0.,0.,-1.));
#3034=DIRECTION('',(0.,0.,-1.));
#3035=DIRECTION('',(0.,0.,1.));
#3036=DIRECTION('center_axis',(0.,0.,-1.));
#3037=DIRECTION('ref_axis',(0.,1.,0.));
#3038=DIRECTION('center_axis',(0.,0.,-1.));
#3039=DIRECTION('ref_axis',(0.,-1.,0.));
#3040=DIRECTION('center_axis',(0.,1.,0.));
#3041=DIRECTION('ref_axis',(-1.,0.,0.));
#3042=DIRECTION('',(-1.,0.,0.));
#3043=DIRECTION('',(0.,0.,-1.));
#3044=DIRECTION('center_axis',(0.,0.,-1.));
#3045=DIRECTION('ref_axis',(0.,1.,0.));
#3046=DIRECTION('center_axis',(0.,0.,-1.));
#3047=DIRECTION('ref_axis',(0.,-1.,0.));
#3048=DIRECTION('',(0.,0.,1.));
#3049=DIRECTION('center_axis',(-1.,0.,0.));
#3050=DIRECTION('ref_axis',(0.,-1.,0.));
#3051=DIRECTION('',(0.,0.,-1.));
#3052=DIRECTION('',(0.,0.,-1.));
#3053=DIRECTION('',(0.,0.,1.));
#3054=DIRECTION('',(0.,0.,1.));
#3055=DIRECTION('',(0.,-1.,0.));
#3056=DIRECTION('',(0.,0.,-1.));
#3057=DIRECTION('center_axis',(1.,0.,0.));
#3058=DIRECTION('ref_axis',(0.,1.,0.));
#3059=DIRECTION('center_axis',(-0.707106781186548,0.,0.707106781186548));
#3060=DIRECTION('ref_axis',(0.707106781186548,0.,0.707106781186548));
#3061=DIRECTION('',(-1.,0.,0.));
#3062=DIRECTION('center_axis',(1.,0.,0.));
#3063=DIRECTION('ref_axis',(0.,1.,0.));
#3064=DIRECTION('center_axis',(0.,0.,1.));
#3065=DIRECTION('ref_axis',(0.,-1.,0.));
#3066=DIRECTION('center_axis',(0.,0.,-1.));
#3067=DIRECTION('ref_axis',(0.,-1.,0.));
#3068=DIRECTION('center_axis',(0.,1.,0.));
#3069=DIRECTION('ref_axis',(-1.,0.,0.));
#3070=DIRECTION('center_axis',(0.,-1.,0.));
#3071=DIRECTION('ref_axis',(0.,0.,-1.));
#3072=DIRECTION('',(0.,-1.,0.));
#3073=DIRECTION('center_axis',(0.,1.,0.));
#3074=DIRECTION('ref_axis',(-1.,0.,0.));
#3075=DIRECTION('center_axis',(0.,0.,1.));
#3076=DIRECTION('ref_axis',(0.,-1.,0.));
#3077=DIRECTION('center_axis',(0.,0.,1.));
#3078=DIRECTION('ref_axis',(0.,-1.,0.));
#3079=DIRECTION('center_axis',(1.,0.,0.));
#3080=DIRECTION('ref_axis',(0.,0.,-1.));
#3081=DIRECTION('center_axis',(-1.,0.,0.));
#3082=DIRECTION('ref_axis',(0.,-1.,0.));
#3083=DIRECTION('',(-1.,0.,0.));
#3084=DIRECTION('center_axis',(1.,0.,0.));
#3085=DIRECTION('ref_axis',(0.,0.,-1.));
#3086=DIRECTION('center_axis',(0.,0.,1.));
#3087=DIRECTION('ref_axis',(0.,-1.,0.));
#3088=DIRECTION('center_axis',(0.,0.,1.));
#3089=DIRECTION('ref_axis',(0.,-1.,0.));
#3090=DIRECTION('center_axis',(0.,-1.,0.));
#3091=DIRECTION('ref_axis',(0.,0.,-1.));
#3092=DIRECTION('center_axis',(0.,1.,0.));
#3093=DIRECTION('ref_axis',(0.,0.,1.));
#3094=DIRECTION('',(0.,1.,0.));
#3095=DIRECTION('center_axis',(0.,0.,1.));
#3096=DIRECTION('ref_axis',(0.,-1.,0.));
#3097=DIRECTION('center_axis',(0.,0.,-1.));
#3098=DIRECTION('ref_axis',(0.,-1.,0.));
#3099=DIRECTION('center_axis',(0.,0.,1.));
#3100=DIRECTION('ref_axis',(0.,-1.,0.));
#3101=DIRECTION('center_axis',(0.,0.,1.));
#3102=DIRECTION('ref_axis',(0.,-1.,0.));
#3103=DIRECTION('center_axis',(0.,0.,1.));
#3104=DIRECTION('ref_axis',(1.,0.,0.));
#3105=DIRECTION('center_axis',(0.,-1.,0.));
#3106=DIRECTION('ref_axis',(0.,0.,1.));
#3107=DIRECTION('center_axis',(0.,1.,0.));
#3108=DIRECTION('ref_axis',(0.,0.,1.));
#3109=DIRECTION('center_axis',(0.,1.,0.));
#3110=DIRECTION('ref_axis',(0.,0.,1.));
#3111=DIRECTION('center_axis',(-1.,0.,0.));
#3112=DIRECTION('ref_axis',(0.,-1.,0.));
#3113=DIRECTION('',(-1.,0.,0.));
#3114=DIRECTION('center_axis',(-0.707106781186548,0.,-0.707106781186548));
#3115=DIRECTION('ref_axis',(0.707106781186548,0.,-0.707106781186548));
#3116=DIRECTION('center_axis',(-1.,0.,0.));
#3117=DIRECTION('ref_axis',(0.,-1.,0.));
#3118=DIRECTION('center_axis',(0.,0.,1.));
#3119=DIRECTION('ref_axis',(1.,0.,0.));
#3120=DIRECTION('center_axis',(0.,-1.,0.));
#3121=DIRECTION('ref_axis',(0.,0.,-1.));
#3122=DIRECTION('center_axis',(-1.,0.,0.));
#3123=DIRECTION('ref_axis',(0.,0.,1.));
#3124=DIRECTION('center_axis',(1.,0.,0.));
#3125=DIRECTION('ref_axis',(0.,1.,0.));
#3126=DIRECTION('',(1.,0.,0.));
#3127=DIRECTION('center_axis',(0.707106781186548,0.,-0.707106781186548));
#3128=DIRECTION('ref_axis',(-0.707106781186548,0.,-0.707106781186548));
#3129=DIRECTION('',(-1.,0.,0.));
#3130=DIRECTION('center_axis',(1.,0.,0.));
#3131=DIRECTION('ref_axis',(0.,1.,0.));
#3132=DIRECTION('center_axis',(0.,0.,-1.));
#3133=DIRECTION('ref_axis',(0.,-1.,0.));
#3134=DIRECTION('',(0.,1.,0.));
#3135=DIRECTION('',(-1.,0.,0.));
#3136=DIRECTION('center_axis',(1.,0.,0.));
#3137=DIRECTION('ref_axis',(0.,0.,-1.));
#3138=DIRECTION('center_axis',(0.,-1.,0.));
#3139=DIRECTION('ref_axis',(0.,0.,1.));
#3140=DIRECTION('center_axis',(0.,0.,1.));
#3141=DIRECTION('ref_axis',(1.,0.,0.));
#3142=DIRECTION('center_axis',(1.,0.,0.));
#3143=DIRECTION('ref_axis',(0.,1.,0.));
#3144=DIRECTION('center_axis',(-1.,0.,0.));
#3145=DIRECTION('ref_axis',(0.,1.,0.));
#3146=DIRECTION('',(1.,0.,0.));
#3147=DIRECTION('center_axis',(0.,1.,0.));
#3148=DIRECTION('ref_axis',(-1.,0.,0.));
#3149=DIRECTION('',(0.,0.,-1.));
#3150=DIRECTION('',(-1.,0.,0.));
#3151=DIRECTION('center_axis',(0.,1.,0.));
#3152=DIRECTION('ref_axis',(-1.,0.,0.));
#3153=DIRECTION('',(0.,0.,-1.));
#3154=DIRECTION('center_axis',(0.,0.,-1.));
#3155=DIRECTION('ref_axis',(-0.707106781186548,-0.707106781186548,0.));
#3156=DIRECTION('center_axis',(0.,0.,-1.));
#3157=DIRECTION('ref_axis',(-0.707106781186548,-0.707106781186547,0.));
#3158=DIRECTION('',(0.,0.,1.));
#3159=DIRECTION('',(0.,0.,-1.));
#3160=DIRECTION('center_axis',(0.,0.,-1.));
#3161=DIRECTION('ref_axis',(0.,1.,0.));
#3162=DIRECTION('center_axis',(0.,0.,1.));
#3163=DIRECTION('ref_axis',(0.,1.,0.));
#3164=DIRECTION('',(0.,0.,-1.));
#3165=DIRECTION('center_axis',(0.,1.,0.));
#3166=DIRECTION('ref_axis',(-1.,0.,0.));
#3167=DIRECTION('',(-1.,0.,0.));
#3168=DIRECTION('',(0.,0.,1.));
#3169=DIRECTION('',(-1.,0.,0.));
#3170=DIRECTION('center_axis',(0.,0.,-1.));
#3171=DIRECTION('ref_axis',(0.,1.,0.));
#3172=DIRECTION('center_axis',(0.,0.,1.));
#3173=DIRECTION('ref_axis',(0.,1.,0.));
#3174=DIRECTION('',(0.,0.,-1.));
#3175=DIRECTION('center_axis',(0.,0.,1.));
#3176=DIRECTION('ref_axis',(0.,-1.,0.));
#3177=DIRECTION('',(0.,0.,-1.));
#3178=DIRECTION('center_axis',(0.,0.,1.));
#3179=DIRECTION('ref_axis',(0.,-1.,0.));
#3180=DIRECTION('center_axis',(0.,0.,1.));
#3181=DIRECTION('ref_axis',(0.,-1.,0.));
#3182=DIRECTION('center_axis',(0.,0.,-1.));
#3183=DIRECTION('ref_axis',(0.,1.,0.));
#3184=DIRECTION('center_axis',(0.,0.,-1.));
#3185=DIRECTION('ref_axis',(0.,1.,0.));
#3186=DIRECTION('center_axis',(0.,0.,1.));
#3187=DIRECTION('ref_axis',(0.,1.,0.));
#3188=DIRECTION('',(0.,0.,1.));
#3189=DIRECTION('center_axis',(0.,0.,-1.));
#3190=DIRECTION('ref_axis',(0.,1.,0.));
#3191=DIRECTION('center_axis',(0.,0.,-1.));
#3192=DIRECTION('ref_axis',(0.,1.,0.));
#3193=DIRECTION('',(0.,0.,1.));
#3194=DIRECTION('center_axis',(0.,0.,1.));
#3195=DIRECTION('ref_axis',(0.,-1.,0.));
#3196=DIRECTION('center_axis',(0.,0.,1.));
#3197=DIRECTION('ref_axis',(0.,-1.,0.));
#3198=DIRECTION('center_axis',(0.,1.,0.));
#3199=DIRECTION('ref_axis',(0.,0.,1.));
#3200=DIRECTION('center_axis',(0.,1.,0.));
#3201=DIRECTION('ref_axis',(0.,0.,1.));
#3202=DIRECTION('center_axis',(0.,-1.,0.));
#3203=DIRECTION('ref_axis',(0.,0.,1.));
#3204=DIRECTION('center_axis',(0.,0.,1.));
#3205=DIRECTION('ref_axis',(0.,-1.,0.));
#3206=DIRECTION('center_axis',(0.,0.,1.));
#3207=DIRECTION('ref_axis',(0.,-1.,0.));
#3208=DIRECTION('',(0.,0.,1.));
#3209=DIRECTION('center_axis',(0.,-1.,0.));
#3210=DIRECTION('ref_axis',(1.,0.,0.));
#3211=DIRECTION('',(-1.,0.,0.));
#3212=DIRECTION('',(0.,0.,1.));
#3213=DIRECTION('',(1.,0.,0.));
#3214=DIRECTION('',(0.,0.,-1.));
#3215=DIRECTION('center_axis',(0.,0.,1.));
#3216=DIRECTION('ref_axis',(0.707106781186548,-0.707106781186548,0.));
#3217=DIRECTION('center_axis',(0.,0.,-1.));
#3218=DIRECTION('ref_axis',(0.707106781186548,-0.707106781186547,0.));
#3219=DIRECTION('',(0.,0.,-1.));
#3220=DIRECTION('center_axis',(1.,0.,0.));
#3221=DIRECTION('ref_axis',(0.,0.,-1.));
#3222=DIRECTION('',(0.,-1.,0.));
#3223=DIRECTION('',(0.,0.,1.));
#3224=DIRECTION('center_axis',(0.,0.,1.));
#3225=DIRECTION('ref_axis',(-0.707106781186548,0.707106781186548,0.));
#3226=DIRECTION('center_axis',(0.,0.,1.));
#3227=DIRECTION('ref_axis',(-0.707106781186548,0.707106781186548,0.));
#3228=DIRECTION('',(0.,0.,1.));
#3229=DIRECTION('center_axis',(0.,1.,0.));
#3230=DIRECTION('ref_axis',(-1.,0.,0.));
#3231=DIRECTION('',(-1.,0.,0.));
#3232=DIRECTION('',(0.,0.,-1.));
#3233=DIRECTION('center_axis',(0.,0.,-1.));
#3234=DIRECTION('ref_axis',(0.707106781186548,0.707106781186548,0.));
#3235=DIRECTION('center_axis',(0.,0.,1.));
#3236=DIRECTION('ref_axis',(0.707106781186548,0.707106781186547,0.));
#3237=DIRECTION('',(0.,0.,1.));
#3238=DIRECTION('center_axis',(1.,0.,0.));
#3239=DIRECTION('ref_axis',(0.,0.,-1.));
#3240=DIRECTION('',(0.,1.,0.));
#3241=DIRECTION('center_axis',(0.,0.,1.));
#3242=DIRECTION('ref_axis',(1.,0.,0.));
#3243=DIRECTION('center_axis',(0.,1.,0.));
#3244=DIRECTION('ref_axis',(-1.,0.,0.));
#3245=DIRECTION('',(0.,0.,-1.));
#3246=DIRECTION('',(-1.,0.,0.));
#3247=DIRECTION('',(0.,0.,1.));
#3248=DIRECTION('',(-1.,0.,0.));
#3249=DIRECTION('center_axis',(0.,0.,-1.));
#3250=DIRECTION('ref_axis',(0.,1.,0.));
#3251=DIRECTION('center_axis',(1.,0.,0.));
#3252=DIRECTION('ref_axis',(0.,-0.905589421305682,0.424155396074647));
#3253=DIRECTION('center_axis',(-1.,0.,0.));
#3254=DIRECTION('ref_axis',(0.,0.,1.));
#3255=DIRECTION('',(1.,0.,0.));
#3256=DIRECTION('center_axis',(0.,0.768221280089179,0.640184399074316));
#3257=DIRECTION('ref_axis',(0.,-0.640184399074316,0.768221280089179));
#3258=DIRECTION('',(0.,0.768221280089179,0.640184399074316));
#3259=DIRECTION('center_axis',(0.,0.66027385921797,0.751024920247929));
#3260=DIRECTION('ref_axis',(0.,0.751024920247929,-0.66027385921797));
#3261=DIRECTION('',(0.,-0.768221280089179,-0.640184399074316));
#3262=DIRECTION('center_axis',(0.,1.,0.));
#3263=DIRECTION('ref_axis',(0.,0.,1.));
#3264=DIRECTION('center_axis',(0.,1.,0.));
#3265=DIRECTION('ref_axis',(0.,0.,1.));
#3266=DIRECTION('',(0.,0.,-1.));
#3267=DIRECTION('',(-1.,0.,0.));
#3268=DIRECTION('',(0.,0.,1.));
#3269=DIRECTION('',(-1.,0.,0.));
#3270=DIRECTION('center_axis',(0.,-0.768221280089179,-0.640184399074316));
#3271=DIRECTION('ref_axis',(0.,0.640184399074316,-0.768221280089179));
#3272=DIRECTION('',(0.,0.768221280089179,0.640184399074316));
#3273=DIRECTION('center_axis',(0.,0.66027385921797,0.751024920247929));
#3274=DIRECTION('ref_axis',(0.,-0.751024920247929,0.66027385921797));
#3275=DIRECTION('',(0.,-0.768221280089179,-0.640184399074316));
#3276=DIRECTION('center_axis',(0.,1.,0.));
#3277=DIRECTION('ref_axis',(0.,0.,-1.));
#3278=DIRECTION('center_axis',(-1.,0.,0.));
#3279=DIRECTION('ref_axis',(0.,-1.,0.));
#3280=DIRECTION('center_axis',(1.,0.,0.));
#3281=DIRECTION('ref_axis',(0.,0.,-1.));
#3282=DIRECTION('',(-1.,0.,0.));
#3283=DIRECTION('',(1.,0.,0.));
#3284=DIRECTION('center_axis',(0.,1.,0.));
#3285=DIRECTION('ref_axis',(0.,0.,1.));
#3286=DIRECTION('',(0.,0.,1.));
#3287=DIRECTION('',(-1.,0.,0.));
#3288=DIRECTION('',(0.,0.,-1.));
#3289=DIRECTION('',(1.,0.,0.));
#3290=DIRECTION('center_axis',(0.,0.,-1.));
#3291=DIRECTION('ref_axis',(0.,1.,0.));
#3292=DIRECTION('',(0.,0.,1.));
#3293=DIRECTION('center_axis',(0.,-1.,0.));
#3294=DIRECTION('ref_axis',(1.,0.,0.));
#3295=DIRECTION('',(0.,0.,-1.));
#3296=DIRECTION('',(1.,0.,0.));
#3297=DIRECTION('center_axis',(0.,0.,1.));
#3298=DIRECTION('ref_axis',(1.,0.,0.));
#3299=DIRECTION('center_axis',(0.,0.,1.));
#3300=DIRECTION('ref_axis',(1.,0.,0.));
#3301=DIRECTION('center_axis',(0.,0.,-1.));
#3302=DIRECTION('ref_axis',(0.,1.,0.));
#3303=DIRECTION('center_axis',(-1.85037170770859E-16,1.85037170770858E-16,
-1.));
#3304=DIRECTION('ref_axis',(1.,0.,-1.85037170770859E-16));
#3305=DIRECTION('',(0.,0.,-1.));
#3306=DIRECTION('center_axis',(0.,0.,1.));
#3307=DIRECTION('ref_axis',(0.,1.,0.));
#3308=DIRECTION('center_axis',(0.,1.,0.));
#3309=DIRECTION('ref_axis',(-1.,0.,0.));
#3310=DIRECTION('',(0.,0.,1.));
#3311=DIRECTION('center_axis',(0.,-1.,0.));
#3312=DIRECTION('ref_axis',(1.,0.,0.));
#3313=DIRECTION('',(0.,0.,-1.));
#3314=DIRECTION('center_axis',(0.,0.,1.));
#3315=DIRECTION('ref_axis',(0.,-1.,0.));
#3316=DIRECTION('center_axis',(1.8503717077086E-16,1.8503717077086E-16,
-1.));
#3317=DIRECTION('ref_axis',(1.48029736616687E-15,-1.,-1.85037170770859E-16));
#3318=DIRECTION('center_axis',(0.,0.,1.));
#3319=DIRECTION('ref_axis',(0.,-1.,0.));
#3320=DIRECTION('',(0.,0.,1.));
#3321=DIRECTION('center_axis',(0.,0.,-1.));
#3322=DIRECTION('ref_axis',(0.,1.,0.));
#3323=DIRECTION('',(0.,0.,-1.));
#3324=DIRECTION('center_axis',(0.,-0.154256300958121,-0.988030866731762));
#3325=DIRECTION('ref_axis',(0.,0.988030866731762,-0.154256300958121));
#3326=DIRECTION('center_axis',(0.,0.,1.));
#3327=DIRECTION('ref_axis',(0.,1.,0.));
#3328=DIRECTION('center_axis',(1.,0.,0.));
#3329=DIRECTION('ref_axis',(0.,0.,-1.));
#3330=DIRECTION('',(0.,0.,-1.));
#3331=DIRECTION('',(0.,-1.,0.));
#3332=DIRECTION('',(0.,0.,-1.));
#3333=DIRECTION('',(0.,1.,0.));
#3334=DIRECTION('',(0.,0.,-1.));
#3335=DIRECTION('',(0.,1.,0.));
#3336=DIRECTION('center_axis',(0.,0.,-1.));
#3337=DIRECTION('ref_axis',(0.,1.,0.));
#3338=DIRECTION('',(-1.,0.,0.));
#3339=DIRECTION('center_axis',(0.,0.,-1.));
#3340=DIRECTION('ref_axis',(0.,1.,0.));
#3341=DIRECTION('',(1.,0.,0.));
#3342=DIRECTION('',(1.,0.,0.));
#3343=DIRECTION('center_axis',(-1.,0.,0.));
#3344=DIRECTION('ref_axis',(0.,0.,1.));
#3345=DIRECTION('',(0.,0.,1.));
#3346=DIRECTION('',(0.,-1.,0.));
#3347=DIRECTION('',(0.,0.,-1.));
#3348=DIRECTION('',(0.,-1.,0.));
#3349=DIRECTION('',(0.,0.,-1.));
#3350=DIRECTION('',(0.,1.,0.));
#3351=DIRECTION('',(0.,0.,1.));
#3352=DIRECTION('center_axis',(0.,-0.154256300958121,-0.988030866731762));
#3353=DIRECTION('ref_axis',(0.,-0.988030866731762,0.154256300958121));
#3354=DIRECTION('center_axis',(0.,0.,-1.));
#3355=DIRECTION('ref_axis',(0.,1.,0.));
#3356=DIRECTION('',(-1.,0.,0.));
#3357=DIRECTION('center_axis',(0.,0.,1.));
#3358=DIRECTION('ref_axis',(0.,-1.,0.));
#3359=DIRECTION('center_axis',(0.,0.,1.));
#3360=DIRECTION('ref_axis',(0.,1.,0.));
#3361=DIRECTION('center_axis',(0.,-1.,0.));
#3362=DIRECTION('ref_axis',(1.,0.,0.));
#3363=DIRECTION('',(0.,0.,1.));
#3364=DIRECTION('',(1.,0.,0.));
#3365=DIRECTION('',(0.,0.,1.));
#3366=DIRECTION('',(1.,0.,0.));
#3367=DIRECTION('center_axis',(0.,-1.,0.));
#3368=DIRECTION('ref_axis',(-1.,0.,0.));
#3369=DIRECTION('center_axis',(0.,0.,-1.));
#3370=DIRECTION('ref_axis',(0.,1.,0.));
#3371=DIRECTION('center_axis',(0.,0.,1.));
#3372=DIRECTION('ref_axis',(0.,-1.,0.));
#3373=DIRECTION('center_axis',(0.,0.,-1.));
#3374=DIRECTION('ref_axis',(0.,1.,0.));
#3375=DIRECTION('',(-1.,0.,0.));
#3376=DIRECTION('',(-1.,0.,0.));
#3377=DIRECTION('center_axis',(0.,1.,0.));
#3378=DIRECTION('ref_axis',(0.,0.,1.));
#3379=DIRECTION('',(0.,0.,1.));
#3380=DIRECTION('center_axis',(0.,-1.,0.));
#3381=DIRECTION('ref_axis',(1.,0.,0.));
#3382=DIRECTION('',(0.,0.,1.));
#3383=DIRECTION('',(1.,0.,0.));
#3384=DIRECTION('center_axis',(0.,1.,0.));
#3385=DIRECTION('ref_axis',(0.,0.,1.));
#3386=DIRECTION('',(-1.,0.,0.));
#3387=DIRECTION('center_axis',(0.,0.,-1.));
#3388=DIRECTION('ref_axis',(0.,1.,0.));
#3389=DIRECTION('',(-1.,0.,0.));
#3390=DIRECTION('center_axis',(0.,0.,-1.));
#3391=DIRECTION('ref_axis',(0.,1.,0.));
#3392=DIRECTION('center_axis',(1.,0.,0.));
#3393=DIRECTION('ref_axis',(0.,1.,0.));
#3394=DIRECTION('center_axis',(0.,-1.,0.));
#3395=DIRECTION('ref_axis',(1.,0.,0.));
#3396=DIRECTION('',(0.371390676354103,0.928476690885259,-4.54822403030223E-17));
#3397=DIRECTION('center_axis',(0.,-1.,0.));
#3398=DIRECTION('ref_axis',(-1.,0.,0.));
#3399=DIRECTION('center_axis',(0.,-1.,0.));
#3400=DIRECTION('ref_axis',(-1.,0.,0.));
#3401=DIRECTION('center_axis',(0.,-1.,0.));
#3402=DIRECTION('ref_axis',(1.,0.,0.));
#3403=DIRECTION('',(0.371390676354103,0.928476690885259,-4.54822403030223E-17));
#3404=DIRECTION('center_axis',(0.,-1.,0.));
#3405=DIRECTION('ref_axis',(-1.,0.,0.));
#3406=DIRECTION('center_axis',(0.,-1.,0.));
#3407=DIRECTION('ref_axis',(-1.,0.,0.));
#3408=DIRECTION('center_axis',(0.,1.,0.));
#3409=DIRECTION('ref_axis',(-1.,0.,0.));
#3410=DIRECTION('',(0.,1.,0.));
#3411=DIRECTION('center_axis',(0.,1.,0.));
#3412=DIRECTION('ref_axis',(-1.,0.,0.));
#3413=DIRECTION('',(0.,1.,0.));
#3414=DIRECTION('center_axis',(0.,-1.,0.));
#3415=DIRECTION('ref_axis',(-1.,0.,0.));
#3416=DIRECTION('center_axis',(0.,1.,0.));
#3417=DIRECTION('ref_axis',(0.,0.,1.));
#3418=DIRECTION('center_axis',(0.,-1.,0.));
#3419=DIRECTION('ref_axis',(-0.707106781186548,0.,-0.707106781186547));
#3420=DIRECTION('',(1.,0.,0.));
#3421=DIRECTION('center_axis',(0.,0.,-1.));
#3422=DIRECTION('ref_axis',(0.,-1.,0.));
#3423=DIRECTION('',(0.,1.,0.));
#3424=DIRECTION('',(1.,0.,0.));
#3425=DIRECTION('center_axis',(0.,0.,1.));
#3426=DIRECTION('ref_axis',(-0.707106781186548,-0.707106781186547,0.));
#3427=DIRECTION('',(0.,-1.,0.));
#3428=DIRECTION('center_axis',(0.,0.,-1.));
#3429=DIRECTION('ref_axis',(0.707106781186548,0.707106781186547,0.));
#3430=DIRECTION('',(1.,0.,0.));
#3431=DIRECTION('center_axis',(0.,0.,-1.));
#3432=DIRECTION('ref_axis',(-0.707106781186548,0.707106781186548,0.));
#3433=DIRECTION('',(0.,1.,0.));
#3434=DIRECTION('center_axis',(0.,0.,1.));
#3435=DIRECTION('ref_axis',(0.707106781186548,-0.707106781186547,0.));
#3436=DIRECTION('',(1.,0.,0.));
#3437=DIRECTION('',(0.,-1.,0.));
#3438=DIRECTION('',(1.,0.,0.));
#3439=DIRECTION('center_axis',(0.,1.,0.));
#3440=DIRECTION('ref_axis',(0.,0.,1.));
#3441=DIRECTION('center_axis',(0.,-1.,0.));
#3442=DIRECTION('ref_axis',(0.707106781186549,0.,-0.707106781186546));
#3443=DIRECTION('center_axis',(0.,1.,0.));
#3444=DIRECTION('ref_axis',(-0.707106781186548,0.,-0.707106781186547));
#3445=DIRECTION('center_axis',(0.242535625036333,-0.970142500145332,5.38537270414381E-16));
#3446=DIRECTION('ref_axis',(-0.970142500145332,-0.242535625036333,0.));
#3447=DIRECTION('center_axis',(1.,0.,0.));
#3448=DIRECTION('ref_axis',(0.,-0.707106781186547,-0.707106781186548));
#3449=DIRECTION('center_axis',(0.970142500145332,0.242535625036332,-4.30829816331505E-15));
#3450=DIRECTION('ref_axis',(0.242535625036332,-0.970142500145332,0.));
#3451=DIRECTION('center_axis',(-1.,0.,0.));
#3452=DIRECTION('ref_axis',(0.,0.,-1.));
#3453=DIRECTION('center_axis',(0.,1.,0.));
#3454=DIRECTION('ref_axis',(0.,0.,-1.));
#3455=DIRECTION('center_axis',(0.,-1.,0.));
#3456=DIRECTION('ref_axis',(-0.707106781186548,0.,-0.707106781186547));
#3457=DIRECTION('center_axis',(2.77555756156289E-16,1.,0.));
#3458=DIRECTION('ref_axis',(0.,0.,-1.));
#3459=DIRECTION('center_axis',(0.,0.,-1.));
#3460=DIRECTION('ref_axis',(-1.,0.,0.));
#3461=DIRECTION('center_axis',(-1.,2.22044604925031E-15,0.));
#3462=DIRECTION('ref_axis',(0.,0.,-1.));
#3463=DIRECTION('center_axis',(1.,0.,0.));
#3464=DIRECTION('ref_axis',(0.,-0.707106781186548,-0.707106781186547));
#3465=DIRECTION('center_axis',(-1.,0.,0.));
#3466=DIRECTION('ref_axis',(0.,0.,-1.));
#3467=DIRECTION('center_axis',(0.,0.,1.));
#3468=DIRECTION('ref_axis',(1.,0.,0.));
#3469=DIRECTION('center_axis',(0.,-1.,0.));
#3470=DIRECTION('ref_axis',(0.,0.,-1.));
#3471=DIRECTION('center_axis',(0.,-1.,0.));
#3472=DIRECTION('ref_axis',(0.707106781186547,0.,-0.707106781186548));
#3473=DIRECTION('center_axis',(2.77555756156289E-16,-1.,0.));
#3474=DIRECTION('ref_axis',(0.,0.,-1.));
#3475=DIRECTION('center_axis',(-1.,-9.71445146547012E-16,0.));
#3476=DIRECTION('ref_axis',(0.,0.,-1.));
#3477=DIRECTION('center_axis',(-1.,0.,0.));
#3478=DIRECTION('ref_axis',(0.,-0.707106781186547,-0.707106781186548));
#3479=DIRECTION('center_axis',(-0.970142500145332,0.242535625036332,0.));
#3480=DIRECTION('ref_axis',(-0.242535625036332,-0.970142500145332,0.));
#3481=DIRECTION('center_axis',(0.,1.,0.));
#3482=DIRECTION('ref_axis',(0.707106781186549,0.,-0.707106781186546));
#3483=DIRECTION('center_axis',(-0.242535625036333,-0.970142500145332,0.));
#3484=DIRECTION('ref_axis',(0.970142500145332,-0.242535625036333,0.));
#3485=DIRECTION('center_axis',(0.,-0.640184399074316,0.768221280089179));
#3486=DIRECTION('ref_axis',(0.,-0.768221280089179,-0.640184399074316));
#3487=DIRECTION('',(0.,-0.768221280089179,-0.640184399074316));
#3488=DIRECTION('center_axis',(0.,0.640184399074316,-0.768221280089179));
#3489=DIRECTION('ref_axis',(0.,-0.768221280089179,-0.640184399074316));
#3490=DIRECTION('',(-1.,0.,0.));
#3491=DIRECTION('center_axis',(-1.,0.,0.));
#3492=DIRECTION('ref_axis',(0.,-1.,0.));
#3493=DIRECTION('center_axis',(1.,0.,0.));
#3494=DIRECTION('ref_axis',(0.,1.,0.));
#3495=DIRECTION('center_axis',(0.,-1.,0.));
#3496=DIRECTION('ref_axis',(1.,0.,0.));
#3497=DIRECTION('center_axis',(-0.707106781186548,0.,0.707106781186547));
#3498=DIRECTION('ref_axis',(0.,-1.,0.));
#3499=DIRECTION('',(-0.707106781186548,0.,0.707106781186547));
#3500=DIRECTION('center_axis',(-0.707106781186548,0.,0.707106781186548));
#3501=DIRECTION('ref_axis',(0.,-1.,0.));
#3502=DIRECTION('center_axis',(1.,0.,0.));
#3503=DIRECTION('ref_axis',(0.,0.,1.));
#3504=DIRECTION('center_axis',(1.,0.,0.));
#3505=DIRECTION('ref_axis',(0.,0.,1.));
#3506=DIRECTION('center_axis',(1.,0.,0.));
#3507=DIRECTION('ref_axis',(0.,0.,1.));
#3508=DIRECTION('center_axis',(-0.707106781186548,0.,-0.707106781186547));
#3509=DIRECTION('ref_axis',(0.,-1.,0.));
#3510=DIRECTION('',(0.707106781186548,0.,0.707106781186547));
#3511=DIRECTION('center_axis',(-0.707106781186548,0.,-0.707106781186548));
#3512=DIRECTION('ref_axis',(0.,-1.,0.));
#3513=DIRECTION('center_axis',(-1.,0.,0.));
#3514=DIRECTION('ref_axis',(0.,0.,1.));
#3515=DIRECTION('center_axis',(0.,0.,1.));
#3516=DIRECTION('ref_axis',(0.,-1.,0.));
#3517=DIRECTION('center_axis',(-0.503871025524086,-0.863778900898433,0.));
#3518=DIRECTION('ref_axis',(0.863778900898433,-0.503871025524086,0.));
#3519=DIRECTION('center_axis',(0.863778900898433,0.503871025524086,0.));
#3520=DIRECTION('ref_axis',(0.503871025524086,-0.863778900898433,0.));
#3521=DIRECTION('center_axis',(0.,0.,-1.));
#3522=DIRECTION('ref_axis',(0.707106781186547,-0.707106781186547,0.));
#3523=DIRECTION('',(0.,0.,1.));
#3524=DIRECTION('',(0.,0.,-1.));
#3525=DIRECTION('center_axis',(0.,0.,1.));
#3526=DIRECTION('ref_axis',(0.707106781186547,-0.707106781186547,0.));
#3527=DIRECTION('',(0.,0.,1.));
#3528=DIRECTION('center_axis',(-1.,0.,0.));
#3529=DIRECTION('ref_axis',(0.,-1.,0.));
#3530=DIRECTION('',(1.,0.,0.));
#3531=DIRECTION('center_axis',(-0.863778900898433,0.503871025524087,0.));
#3532=DIRECTION('ref_axis',(-0.503871025524087,-0.863778900898433,0.));
#3533=DIRECTION('',(-1.,0.,0.));
#3534=DIRECTION('center_axis',(0.,-1.,0.));
#3535=DIRECTION('ref_axis',(0.,0.,-1.));
#3536=DIRECTION('',(0.,-1.,0.));
#3537=DIRECTION('',(0.,-1.,0.));
#3538=DIRECTION('center_axis',(0.,1.,0.));
#3539=DIRECTION('ref_axis',(1.,0.,0.));
#3540=DIRECTION('',(0.,1.,0.));
#3541=DIRECTION('center_axis',(1.,0.,0.));
#3542=DIRECTION('ref_axis',(0.,1.,0.));
#3543=DIRECTION('',(0.,1.,0.));
#3544=DIRECTION('',(0.,0.,1.));
#3545=DIRECTION('center_axis',(-1.,0.,0.));
#3546=DIRECTION('ref_axis',(0.,0.,1.));
#3547=DIRECTION('center_axis',(-1.,0.,0.));
#3548=DIRECTION('ref_axis',(0.,0.,1.));
#3549=DIRECTION('center_axis',(1.,0.,0.));
#3550=DIRECTION('ref_axis',(0.,1.,0.));
#3551=DIRECTION('center_axis',(-1.,0.,0.));
#3552=DIRECTION('ref_axis',(0.,0.,1.));
#3553=DIRECTION('center_axis',(-0.707106781186548,0.,-0.707106781186547));
#3554=DIRECTION('ref_axis',(0.,-1.,0.));
#3555=DIRECTION('center_axis',(-0.707106781186548,0.,-0.707106781186548));
#3556=DIRECTION('ref_axis',(0.,-1.,0.));
#3557=DIRECTION('center_axis',(0.,0.,1.));
#3558=DIRECTION('ref_axis',(-1.,4.44089209850063E-16,0.));
#3559=DIRECTION('center_axis',(0.503871025524086,-0.863778900898433,-2.06448638492003E-16));
#3560=DIRECTION('ref_axis',(-0.863778900898433,-0.503871025524086,0.));
#3561=DIRECTION('center_axis',(0.,0.,-1.));
#3562=DIRECTION('ref_axis',(-0.707106781186547,-0.707106781186548,0.));
#3563=DIRECTION('center_axis',(0.,0.,1.));
#3564=DIRECTION('ref_axis',(-0.707106781186547,-0.707106781186548,0.));
#3565=DIRECTION('',(0.,0.,1.));
#3566=DIRECTION('',(0.,0.,-1.));
#3567=DIRECTION('',(0.,0.,-1.));
#3568=DIRECTION('center_axis',(0.,1.,0.));
#3569=DIRECTION('ref_axis',(0.,0.,1.));
#3570=DIRECTION('',(0.,-1.,0.));
#3571=DIRECTION('center_axis',(0.,1.,0.));
#3572=DIRECTION('ref_axis',(1.,0.,0.));
#3573=DIRECTION('',(0.,1.,0.));
#3574=DIRECTION('',(0.,1.,0.));
#3575=DIRECTION('center_axis',(0.,1.,0.));
#3576=DIRECTION('ref_axis',(-1.,0.,0.));
#3577=DIRECTION('',(1.,0.,0.));
#3578=DIRECTION('',(0.,0.,1.));
#3579=DIRECTION('',(1.,0.,0.));
#3580=DIRECTION('',(0.,0.,-1.));
#3581=DIRECTION('',(-1.,0.,0.));
#3582=DIRECTION('center_axis',(1.,0.,0.));
#3583=DIRECTION('ref_axis',(0.,1.,0.));
#3584=DIRECTION('center_axis',(1.,0.,0.));
#3585=DIRECTION('ref_axis',(0.,0.,1.));
#3586=DIRECTION('',(0.,0.,1.));
#3587=DIRECTION('',(0.,-1.,0.));
#3588=DIRECTION('center_axis',(0.,0.,1.));
#3589=DIRECTION('ref_axis',(1.,0.,0.));
#3590=DIRECTION('',(-1.,0.,0.));
#3591=DIRECTION('center_axis',(0.,0.,1.));
#3592=DIRECTION('ref_axis',(1.,0.,-5.60747306672777E-17));
#3593=DIRECTION('center_axis',(0.,0.,1.));
#3594=DIRECTION('ref_axis',(-1.,0.,-5.60747306672777E-17));
#3595=DIRECTION('center_axis',(0.707106781186548,0.,0.707106781186548));
#3596=DIRECTION('ref_axis',(0.,-1.,0.));
#3597=DIRECTION('',(-0.639214934102999,-0.427561148889136,-0.639214934102999));
#3598=DIRECTION('center_axis',(-0.707106781186548,0.,-0.707106781186548));
#3599=DIRECTION('ref_axis',(-0.707106781186548,0.,0.707106781186548));
#3600=DIRECTION('center_axis',(-0.707106781186548,0.,-0.707106781186548));
#3601=DIRECTION('ref_axis',(-0.707106781186548,0.,0.707106781186548));
#3602=DIRECTION('center_axis',(0.707106781186548,0.,0.707106781186547));
#3603=DIRECTION('ref_axis',(-0.707106781186547,0.,0.707106781186548));
#3604=DIRECTION('',(-0.707106781186548,0.,-0.707106781186547));
#3605=DIRECTION('center_axis',(0.707106781186548,0.,-0.707106781186547));
#3606=DIRECTION('ref_axis',(0.707106781186547,0.,0.707106781186548));
#3607=DIRECTION('center_axis',(-0.707106781186548,0.,0.707106781186548));
#3608=DIRECTION('ref_axis',(0.707106781186548,0.,0.707106781186548));
#3609=DIRECTION('center_axis',(-0.707106781186548,0.,0.707106781186548));
#3610=DIRECTION('ref_axis',(0.707106781186548,0.,0.707106781186548));
#3611=DIRECTION('',(0.707106781186548,0.,-0.707106781186547));
#3612=DIRECTION('center_axis',(-0.707106781186548,0.,0.707106781186548));
#3613=DIRECTION('ref_axis',(0.,-1.,0.));
#3614=DIRECTION('',(0.639214934102999,-0.427561148889136,-0.639214934102999));
#3615=DIRECTION('center_axis',(-0.707106781186548,0.,0.707106781186548));
#3616=DIRECTION('ref_axis',(0.,-1.,0.));
#3617=DIRECTION('center_axis',(-0.707106781186548,0.,0.707106781186547));
#3618=DIRECTION('ref_axis',(0.,-1.,0.));
#3619=DIRECTION('center_axis',(1.,0.,0.));
#3620=DIRECTION('ref_axis',(0.,1.,0.));
#3621=DIRECTION('center_axis',(0.,-1.,0.));
#3622=DIRECTION('ref_axis',(1.,0.,0.));
#3623=DIRECTION('',(1.,0.,0.));
#3624=DIRECTION('center_axis',(0.,1.,0.));
#3625=DIRECTION('ref_axis',(0.,0.,1.));
#3626=DIRECTION('',(0.,0.,1.));
#3627=DIRECTION('',(-1.,0.,0.));
#3628=DIRECTION('',(0.,0.,-1.));
#3629=DIRECTION('',(1.,0.,0.));
#3630=DIRECTION('center_axis',(0.,0.,-1.));
#3631=DIRECTION('ref_axis',(0.,1.,0.));
#3632=DIRECTION('center_axis',(0.,0.,-1.));
#3633=DIRECTION('ref_axis',(-1.,0.,0.));
#3634=DIRECTION('',(0.,-1.,0.));
#3635=DIRECTION('',(1.,0.,0.));
#3636=DIRECTION('',(0.,-1.,0.));
#3637=DIRECTION('center_axis',(1.,0.,0.));
#3638=DIRECTION('ref_axis',(0.,0.,-1.));
#3639=DIRECTION('',(0.,0.,1.));
#3640=DIRECTION('',(0.,-1.,0.));
#3641=DIRECTION('center_axis',(0.,0.,1.));
#3642=DIRECTION('ref_axis',(1.,0.,0.));
#3643=DIRECTION('',(-1.,0.,0.));
#3644=DIRECTION('',(0.,-1.,0.));
#3645=DIRECTION('center_axis',(-1.,0.,0.));
#3646=DIRECTION('ref_axis',(0.,0.,1.));
#3647=DIRECTION('',(0.,0.,-1.));
#3648=DIRECTION('center_axis',(-1.,0.,0.));
#3649=DIRECTION('ref_axis',(0.,0.,1.));
#3650=DIRECTION('center_axis',(0.707106781186548,0.,-0.707106781186548));
#3651=DIRECTION('ref_axis',(0.707106781186548,0.,0.707106781186548));
#3652=DIRECTION('center_axis',(0.707106781186548,0.,0.707106781186548));
#3653=DIRECTION('ref_axis',(-0.707106781186548,0.,0.707106781186548));
#3654=DIRECTION('center_axis',(0.,0.,1.));
#3655=DIRECTION('ref_axis',(0.,-1.,0.));
#3656=DIRECTION('center_axis',(-0.707106781186548,0.,0.707106781186548));
#3657=DIRECTION('ref_axis',(0.707106781186548,0.,0.707106781186548));
#3658=DIRECTION('center_axis',(-1.,0.,0.));
#3659=DIRECTION('ref_axis',(0.,0.,1.));
#3660=DIRECTION('center_axis',(0.707106781186548,0.,0.707106781186548));
#3661=DIRECTION('ref_axis',(-0.707106781186548,0.,0.707106781186548));
#3662=DIRECTION('center_axis',(0.,0.,1.));
#3663=DIRECTION('ref_axis',(0.,-1.,0.));
#3664=CARTESIAN_POINT('',(0.,0.,0.));
#3665=CARTESIAN_POINT('Origin',(-6.013341737,5.828122741,6.991877274));
#3666=CARTESIAN_POINT('',(-6.013341737,3.328122741,58.2361826029119));
#3667=CARTESIAN_POINT('',(-8.513341737,5.828122741,58.2361826029119));
#3668=CARTESIAN_POINT('Origin',(-6.013341737,5.828122741,58.2361826029119));
#3669=CARTESIAN_POINT('',(-8.513341737,5.828122741,52.6752106078893));
#3670=CARTESIAN_POINT('',(-8.513341737,5.828122741,6.991877274));
#3671=CARTESIAN_POINT('',(-7.76841636278841,4.04775394271306,51.1915699433443));
#3672=CARTESIAN_POINT('Origin',(-6.013341737,5.828122741,52.6752106062659));
#3673=CARTESIAN_POINT('',(-6.013341737,3.328122741,49.655127383));
#3674=CARTESIAN_POINT('Ctrl Pts',(-6.01334173700001,3.328122741,49.655127383));
#3675=CARTESIAN_POINT('Ctrl Pts',(-6.3000278170923,3.328122741,49.9115472083157));
#3676=CARTESIAN_POINT('Ctrl Pts',(-6.61113771828354,3.37976694164982,50.1899731763489));
#3677=CARTESIAN_POINT('Ctrl Pts',(-7.20691804574683,3.60839699452086,50.715642919616));
#3678=CARTESIAN_POINT('Ctrl Pts',(-7.49166519585934,3.7852634458739,50.9628516590297));
#3679=CARTESIAN_POINT('Ctrl Pts',(-7.74361666563705,4.02356179173877,51.1711628659091));
#3680=CARTESIAN_POINT('Ctrl Pts',(-7.75602377844612,4.0355374231076,51.1813895100737));
#3681=CARTESIAN_POINT('Ctrl Pts',(-7.76841636287569,4.0477539427991,51.1915699431348));
#3682=CARTESIAN_POINT('',(-6.013341737,3.328122741,6.991877274));
#3683=CARTESIAN_POINT('Origin',(-8.513341737,-1.491877289,6.991877274));
#3684=CARTESIAN_POINT('',(-8.513341737,12.5078599104939,58.2389204223147));
#3685=CARTESIAN_POINT('',(-8.513341737,0.640781332220748,58.2361826029119));
#3686=CARTESIAN_POINT('',(-8.513341737,9.328122741,55.59187727));
#3687=CARTESIAN_POINT('Origin',(16.9866248948486,2.7734399534415,58.2361826029119));
#3688=CARTESIAN_POINT('',(39.986658263,3.328122741,58.2361826029119));
#3689=CARTESIAN_POINT('',(30.7366415789243,3.328122741,58.2361826029119));
#3690=CARTESIAN_POINT('',(42.486658263,5.828122741,58.2361826029119));
#3691=CARTESIAN_POINT('Origin',(39.986658263,5.828122741,58.2361826029119));
#3692=CARTESIAN_POINT('',(42.486658263,12.507906514974,58.2356419982217));
#3693=CARTESIAN_POINT('',(42.486658263,0.640781332220748,58.2361826029119));
#3694=CARTESIAN_POINT('',(16.9866415789243,12.508122741,58.2361826029119));
#3695=CARTESIAN_POINT('',(-0.3513945342177,7.918014627987,58.2361826029119));
#3696=CARTESIAN_POINT('Origin',(2.12347919993521,7.918014627987,58.2361826029119));
#3697=CARTESIAN_POINT('',(34.3247110602177,7.918014627987,58.2361826029119));
#3698=CARTESIAN_POINT('Origin',(31.8498373260648,7.918014627987,58.2361826029119));
#3699=CARTESIAN_POINT('Origin',(44.486658263,3.328122741,6.991877274));
#3700=CARTESIAN_POINT('',(-8.97689917618967,3.32812274113793,49.655127383));
#3701=CARTESIAN_POINT('',(44.486658263,3.328122741,49.655127383));
#3702=CARTESIAN_POINT('',(-8.513341737,3.328122741,47.9884607191667));
#3703=CARTESIAN_POINT('Origin',(-10.513341737,3.328122741,47.988460719));
#3704=CARTESIAN_POINT('',(-8.513341737,3.328122741,6.991877274));
#3705=CARTESIAN_POINT('',(-8.513341737,3.328122741,24.991877274));
#3706=CARTESIAN_POINT('',(42.486658263,3.328122741,6.991877274));
#3707=CARTESIAN_POINT('',(-8.513341737,3.328122741,6.991877274));
#3708=CARTESIAN_POINT('',(42.486658263,3.328122741,47.9884607164043));
#3709=CARTESIAN_POINT('',(42.486658263,3.328122741,47.988463255));
#3710=CARTESIAN_POINT('',(42.9502157021897,3.32812274113793,49.655127383));
#3711=CARTESIAN_POINT('Origin',(44.486658263,3.328122741,47.988460719));
#3712=CARTESIAN_POINT('',(39.986658263,3.328122741,49.655127383));
#3713=CARTESIAN_POINT('',(44.486658263,3.328122741,49.655127383));
#3714=CARTESIAN_POINT('',(39.986658263,3.328122741,6.991877274));
#3715=CARTESIAN_POINT('',(13.586658263,3.328122741,43.991877274));
#3716=CARTESIAN_POINT('Origin',(16.986658263,3.328122741,43.991877274));
#3717=CARTESIAN_POINT('',(13.586658263,3.328122741,15.991877274));
#3718=CARTESIAN_POINT('Origin',(16.986658263,3.328122741,15.991877274));
#3719=CARTESIAN_POINT('Origin',(39.986658263,5.828122741,6.991877274));
#3720=CARTESIAN_POINT('',(41.7417328887884,4.04775394271306,51.1915699433443));
#3721=CARTESIAN_POINT('Ctrl Pts',(41.741732888875,4.04775394279838,51.1915699431342));
#3722=CARTESIAN_POINT('Ctrl Pts',(41.7293403044456,4.03553742310713,51.1813895100734));
#3723=CARTESIAN_POINT('Ctrl Pts',(41.7169331916368,4.02356179173853,51.1711628659089));
#3724=CARTESIAN_POINT('Ctrl Pts',(41.4649817218593,3.7852634458739,50.9628516590297));
#3725=CARTESIAN_POINT('Ctrl Pts',(41.1802345717468,3.60839699452086,50.715642919616));
#3726=CARTESIAN_POINT('Ctrl Pts',(40.5844542442835,3.37976694164981,50.1899731763489));
#3727=CARTESIAN_POINT('Ctrl Pts',(40.2733443430923,3.328122741,49.9115472083157));
#3728=CARTESIAN_POINT('Ctrl Pts',(39.986658263,3.328122741,49.655127383));
#3729=CARTESIAN_POINT('',(42.486658263,5.828122741,52.6752106093532));
#3730=CARTESIAN_POINT('Origin',(39.986658263,5.828122741,52.6752106062659));
#3731=CARTESIAN_POINT('',(42.486658263,5.828122741,6.991877274));
#3732=CARTESIAN_POINT('Origin',(37.3954894384568,7.918014627987,63.781834715304));
#3733=CARTESIAN_POINT('',(24.4907906818023,7.918014627987,48.4022622244966));
#3734=CARTESIAN_POINT('',(38.6329263055333,7.918014627987,62.5443978482275));
#3735=CARTESIAN_POINT('Origin',(23.2533538147259,7.918014627987,49.639699091573));
#3736=CARTESIAN_POINT('Origin',(23.2533538147259,7.918014627987,49.639699091573));
#3737=CARTESIAN_POINT('Origin',(-3.42217291245685,7.918014627987,63.781834715304));
#3738=CARTESIAN_POINT('',(9.48252584419765,7.918014627987,48.4022622244966));
#3739=CARTESIAN_POINT('',(-4.6596097795333,7.918014627987,62.5443978482275));
#3740=CARTESIAN_POINT('Origin',(10.7199627112741,7.918014627987,49.639699091573));
#3741=CARTESIAN_POINT('Origin',(10.7199627112741,7.918014627987,49.639699091573));
#3742=CARTESIAN_POINT('Origin',(16.986658248,5.008122733,6.991877274));
#3743=CARTESIAN_POINT('',(30.486658293,-4.471877274,6.991877274));
#3744=CARTESIAN_POINT('',(31.986658293,-5.971877274,6.991877274));
#3745=CARTESIAN_POINT('Origin',(31.986658293,-4.471877274,6.991877274));
#3746=CARTESIAN_POINT('',(34.486658263,-5.971877274,6.991877274));
#3747=CARTESIAN_POINT('',(31.986658293,-5.971877274,6.991877274));
#3748=CARTESIAN_POINT('',(34.486658263,-2.171877274,6.991877274));
#3749=CARTESIAN_POINT('',(34.486658263,-5.971877274,6.991877274));
#3750=CARTESIAN_POINT('',(35.486658263,-1.171877274,6.991877274));
#3751=CARTESIAN_POINT('Origin',(35.486658263,-2.171877274,6.991877274));
#3752=CARTESIAN_POINT('',(42.486658263,-1.171877274,6.991877274));
#3753=CARTESIAN_POINT('',(35.486658263,-1.171877274,6.991877274));
#3754=CARTESIAN_POINT('',(42.486658263,3.328122741,6.991877274));
#3755=CARTESIAN_POINT('',(-8.513341737,-1.171877274,6.991877274));
#3756=CARTESIAN_POINT('',(-8.513341737,3.328122741,6.991877274));
#3757=CARTESIAN_POINT('',(-1.513341737,-1.171877274,6.991877274));
#3758=CARTESIAN_POINT('',(-1.513341737,-1.171877274,6.991877274));
#3759=CARTESIAN_POINT('',(-0.513341737,-2.171877274,6.991877274));
#3760=CARTESIAN_POINT('Origin',(-1.513341737,-2.171877274,6.991877274));
#3761=CARTESIAN_POINT('',(-0.513341737,-5.971877274,6.991877274));
#3762=CARTESIAN_POINT('',(-0.513341737,-2.171877274,6.991877274));
#3763=CARTESIAN_POINT('',(1.986658233,-5.971877274,6.991877274));
#3764=CARTESIAN_POINT('',(-0.513341737,-5.971877274,6.991877274));
#3765=CARTESIAN_POINT('',(3.486658233,-4.471877274,6.991877274));
#3766=CARTESIAN_POINT('Origin',(1.986658233,-4.471877274,6.991877274));
#3767=CARTESIAN_POINT('',(3.486658233,-2.991877274,6.991877274));
#3768=CARTESIAN_POINT('',(3.486658233,-4.471877274,6.991877274));
#3769=CARTESIAN_POINT('',(6.486658233,0.008122726,6.991877274));
#3770=CARTESIAN_POINT('Origin',(6.486658233,-2.991877274,6.991877274));
#3771=CARTESIAN_POINT('',(27.486658293,0.008122726,6.991877274));
#3772=CARTESIAN_POINT('',(6.486658233,0.008122726,6.991877274));
#3773=CARTESIAN_POINT('',(30.486658293,-2.991877274,6.991877274));
#3774=CARTESIAN_POINT('Origin',(27.486658293,-2.991877274,6.991877274));
#3775=CARTESIAN_POINT('',(30.486658293,-2.991877274,6.991877274));
#3776=CARTESIAN_POINT('Origin',(35.986658263,-1.171877274,6.991877274));
#3777=CARTESIAN_POINT('',(35.486658263,-1.172337484,24.991877274));
#3778=CARTESIAN_POINT('',(35.486658263,-1.171877274,6.991877274));
#3779=CARTESIAN_POINT('',(42.486658263,-1.172337484,24.991877274));
#3780=CARTESIAN_POINT('',(35.486658263,-1.172337484,24.991877274));
#3781=CARTESIAN_POINT('',(42.486658263,-1.171877274,6.991877274));
#3782=CARTESIAN_POINT('Origin',(35.986658263,-1.172337484,6.991877274));
#3783=CARTESIAN_POINT('',(35.486658263,-1.172337484,27.991877274));
#3784=CARTESIAN_POINT('',(35.486658263,-1.172337484,24.991877274));
#3785=CARTESIAN_POINT('',(42.486658263,-1.172337484,27.991877274));
#3786=CARTESIAN_POINT('',(35.486658263,-1.172337484,27.991877274));
#3787=CARTESIAN_POINT('',(42.486658263,-1.172337484,24.991877274));
#3788=CARTESIAN_POINT('Origin',(35.986658263,-1.171877274,6.991877274));
#3789=CARTESIAN_POINT('',(35.486658263,-1.171877274,39.991877274));
#3790=CARTESIAN_POINT('',(35.486658263,-1.171877274,27.991877274));
#3791=CARTESIAN_POINT('',(42.486658263,-1.171877274,39.991877274));
#3792=CARTESIAN_POINT('',(35.486658263,-1.171877274,39.991877274));
#3793=CARTESIAN_POINT('',(42.486658263,-1.171877274,27.991877274));
#3794=CARTESIAN_POINT('Origin',(35.986658263,-2.171877274,39.991877274));
#3795=CARTESIAN_POINT('',(35.486658263,-2.171877274,40.991877274));
#3796=CARTESIAN_POINT('Origin',(35.486658263,-2.171877274,39.991877274));
#3797=CARTESIAN_POINT('',(42.486658263,-2.171877274,40.991877274));
#3798=CARTESIAN_POINT('',(42.486658263,-2.171877274,40.991877274));
#3799=CARTESIAN_POINT('Origin',(42.486658263,-2.171877274,39.991877274));
#3800=CARTESIAN_POINT('Origin',(40.236658263,-2.991877289,40.991877274));
#3801=CARTESIAN_POINT('',(35.486658263,-5.971877274,40.991877274));
#3802=CARTESIAN_POINT('',(35.486658263,-2.171877274,40.991877274));
#3803=CARTESIAN_POINT('',(42.572238925,-5.971877274,40.991877274));
#3804=CARTESIAN_POINT('',(35.486658263,-5.971877274,40.991877274));
#3805=CARTESIAN_POINT('',(42.486658263,-5.067777403,40.991877274));
#3806=CARTESIAN_POINT('Origin',(44.486658263,-5.067777403,40.991877274));
#3807=CARTESIAN_POINT('',(42.486658263,-2.171877274,40.991877274));
#3808=CARTESIAN_POINT('Origin',(44.486658263,-19.678721592,28.816090465));
#3809=CARTESIAN_POINT('',(42.6143473290569,-6.19695735234533,40.9662196357039));
#3810=CARTESIAN_POINT('Ctrl Pts',(42.61434662,-6.19695674796874,40.9662176818647));
#3811=CARTESIAN_POINT('Ctrl Pts',(42.6088704142074,-6.16544453346585,40.9734972246268));
#3812=CARTESIAN_POINT('Ctrl Pts',(42.6030933015722,-6.13375223154161,40.9792125027516));
#3813=CARTESIAN_POINT('Ctrl Pts',(42.597125263348,-6.10186369360204,40.9833930483168));
#3814=CARTESIAN_POINT('Ctrl Pts',(42.5911663503442,-6.07002391371725,40.9875672017648));
#3815=CARTESIAN_POINT('Ctrl Pts',(42.5850170951611,-6.03798753316556,40.99021142515));
#3816=CARTESIAN_POINT('Ctrl Pts',(42.5787869753344,-6.00573152782414,40.9913040544587));
#3817=CARTESIAN_POINT('Ctrl Pts',(42.5766125905453,-5.99447380416497,40.9916853948847));
#3818=CARTESIAN_POINT('Ctrl Pts',(42.5744283557005,-5.9831893338321,40.991877274));
#3819=CARTESIAN_POINT('Ctrl Pts',(42.572238925,-5.971877274,40.991877274));
#3820=CARTESIAN_POINT('',(44.486658263,-6.61206167406971,42.3083902749784));
#3821=CARTESIAN_POINT('Origin',(44.486658263,-5.971877274,40.238460716));
#3822=CARTESIAN_POINT('',(44.4866582628263,4.04775394222055,51.1915699430067));
#3823=CARTESIAN_POINT('',(44.486658263,4.047753942,51.191569943));
#3824=CARTESIAN_POINT('Origin',(44.486658263,5.328122741,49.655127383));
#3825=CARTESIAN_POINT('',(42.486658263,-5.067777403,40.991877274));
#3826=CARTESIAN_POINT('Origin',(44.486658263,5.328122741,49.655127383));
#3827=CARTESIAN_POINT('',(39.335819784,4.047753942,51.191569943));
#3828=CARTESIAN_POINT('Origin',(-10.513341737,-19.678721592,28.816090465));
#3829=CARTESIAN_POINT('',(-8.59892239842843,-5.97187727391708,40.9918772739005));
#3830=CARTESIAN_POINT('',(-8.641030094,-6.19695674796874,40.9662176818647));
#3831=CARTESIAN_POINT('Ctrl Pts',(-8.598922398,-5.971877274,40.991877274));
#3832=CARTESIAN_POINT('Ctrl Pts',(-8.60519055368365,-6.00426274708308,40.991877274));
#3833=CARTESIAN_POINT('Ctrl Pts',(-8.61141091589207,-6.03639749448669,40.9903083814977));
#3834=CARTESIAN_POINT('Ctrl Pts',(-8.61747557836177,-6.0683033131917,40.987217426393));
#3835=CARTESIAN_POINT('Ctrl Pts',(-8.62357172654092,-6.10037477629041,40.984110424078));
#3836=CARTESIAN_POINT('Ctrl Pts',(-8.62951055410224,-6.13221590157101,40.9794654579307));
#3837=CARTESIAN_POINT('Ctrl Pts',(-8.63518246540156,-6.16384832476706,40.9732778627849));
#3838=CARTESIAN_POINT('Ctrl Pts',(-8.63716587644079,-6.1749098689369,40.9711141222271));
#3839=CARTESIAN_POINT('Ctrl Pts',(-8.6391166481207,-6.18594581931463,40.9687612836792));
#3840=CARTESIAN_POINT('Ctrl Pts',(-8.641030094,-6.19695674796874,40.9662176818647));
#3841=CARTESIAN_POINT('',(-8.513341737,-5.06777740345285,40.9918772745434));
#3842=CARTESIAN_POINT('Origin',(-10.513341737,-5.067777403,40.991877274));
#3843=CARTESIAN_POINT('',(-8.513341737,3.32812399,47.98846176));
#3844=CARTESIAN_POINT('',(-10.5133417368263,4.04775394252808,51.1915699426377));
#3845=CARTESIAN_POINT('Origin',(-10.513341737,5.328122741,49.655127383));
#3846=CARTESIAN_POINT('',(-10.513341737,-6.61206167349637,42.3083902743956));
#3847=CARTESIAN_POINT('',(-10.513341737,-6.612061674,42.308390275));
#3848=CARTESIAN_POINT('Origin',(-10.513341737,-5.971877274,40.238460716));
#3849=CARTESIAN_POINT('Origin',(-8.513341737,-1.472337499,6.991877274));
#3850=CARTESIAN_POINT('',(-8.513341737,-2.171877274,40.991877274));
#3851=CARTESIAN_POINT('',(-8.513341737,-2.171877274,40.991877274));
#3852=CARTESIAN_POINT('',(-8.513341737,-1.171877274,39.991877274));
#3853=CARTESIAN_POINT('Origin',(-8.513341737,-2.171877274,39.991877274));
#3854=CARTESIAN_POINT('',(-8.513341737,-1.172337484,27.991877274));
#3855=CARTESIAN_POINT('',(-8.513341737,-1.171877274,27.991877274));
#3856=CARTESIAN_POINT('',(-8.513341737,-1.172337484,24.991877274));
#3857=CARTESIAN_POINT('',(-8.513341737,-1.172337484,24.991877274));
#3858=CARTESIAN_POINT('',(-8.513341737,-1.171877274,6.991877274));
#3859=CARTESIAN_POINT('Origin',(31.986658293,-4.471877274,5.991877274));
#3860=CARTESIAN_POINT('',(29.486658293,-4.471877274,5.991877274));
#3861=CARTESIAN_POINT('Origin',(30.486658293,-4.471877274,5.991877274));
#3862=CARTESIAN_POINT('',(31.986658293,-6.971877274,5.991877274));
#3863=CARTESIAN_POINT('Origin',(31.986658293,-4.471877274,5.991877274));
#3864=CARTESIAN_POINT('Origin',(31.986658293,-5.971877274,5.991877274));
#3865=CARTESIAN_POINT('Origin',(55.986658263,-5.971877274,5.991877274));
#3866=CARTESIAN_POINT('',(35.486658263,-6.971877274,5.991877274));
#3867=CARTESIAN_POINT('Origin',(35.486658263,-5.971877274,5.991877274));
#3868=CARTESIAN_POINT('',(35.486658263,-6.971877274,5.991877274));
#3869=CARTESIAN_POINT('Origin',(34.486658263,-6.972337484,6.991877274));
#3870=CARTESIAN_POINT('',(34.4866582806494,-5.972107379,24.991877274));
#3871=CARTESIAN_POINT('',(34.4866582762371,-5.972107379,27.991877274));
#3872=CARTESIAN_POINT('',(34.486658263,-5.972337484,24.991877274));
#3873=CARTESIAN_POINT('',(34.486658263,-5.971877274,39.991877274));
#3874=CARTESIAN_POINT('',(34.486658263,-5.971877274,27.991877274));
#3875=CARTESIAN_POINT('',(34.486658263,-2.171877274,39.991877274));
#3876=CARTESIAN_POINT('',(34.486658263,-5.971877274,39.991877274));
#3877=CARTESIAN_POINT('',(34.4866582806494,-2.172107379,27.991877274));
#3878=CARTESIAN_POINT('',(34.486658263,-2.171877274,39.991877274));
#3879=CARTESIAN_POINT('',(34.4866582806494,-2.172107379,24.991877274));
#3880=CARTESIAN_POINT('',(34.486658263,-2.172337484,27.991877274));
#3881=CARTESIAN_POINT('',(34.486658263,-2.171877274,24.991877274));
#3882=CARTESIAN_POINT('',(34.486658263,-5.971877274,6.991877274));
#3883=CARTESIAN_POINT('Origin',(35.486658263,-2.171877274,6.991877274));
#3884=CARTESIAN_POINT('Origin',(35.486658263,-2.172337484,24.991877274));
#3885=CARTESIAN_POINT('Origin',(-2.013341737,-1.171877274,6.991877274));
#3886=CARTESIAN_POINT('',(-1.513341737,-1.172337484,24.991877274));
#3887=CARTESIAN_POINT('',(-1.513341737,-1.172337484,24.991877274));
#3888=CARTESIAN_POINT('',(-1.513341737,-1.171877274,24.991877274));
#3889=CARTESIAN_POINT('Origin',(-1.513341737,-2.171877274,6.991877274));
#3890=CARTESIAN_POINT('',(-0.513341754649436,-2.172107379,24.991877274));
#3891=CARTESIAN_POINT('Origin',(-1.513341737,-2.172337484,24.991877274));
#3892=CARTESIAN_POINT('',(-0.513341737,-2.171877274,6.991877274));
#3893=CARTESIAN_POINT('Origin',(-0.513341737,-6.972337484,6.991877274));
#3894=CARTESIAN_POINT('',(-0.513341750237078,-5.972107379,27.991877274));
#3895=CARTESIAN_POINT('',(-0.513341754649436,-5.972107379,24.991877274));
#3896=CARTESIAN_POINT('',(-0.513341737,-5.972337484,27.991877274));
#3897=CARTESIAN_POINT('',(-0.513341737,-5.971877274,24.991877274));
#3898=CARTESIAN_POINT('',(-0.513341750237078,-2.172107379,27.991877274));
#3899=CARTESIAN_POINT('',(-0.513341737,-2.172337484,24.991877274));
#3900=CARTESIAN_POINT('',(-0.513341737,-2.171877274,39.991877274));
#3901=CARTESIAN_POINT('',(-0.513341737,-2.171877274,27.991877274));
#3902=CARTESIAN_POINT('',(-0.513341737,-5.971877274,39.991877274));
#3903=CARTESIAN_POINT('',(-0.513341737,-2.171877274,39.991877274));
#3904=CARTESIAN_POINT('',(-0.513341737,-5.971877274,39.991877274));
#3905=CARTESIAN_POINT('Origin',(16.986658248,-5.971877274,5.991877274));
#3906=CARTESIAN_POINT('',(-1.513341737,-6.971877274,5.991877274));
#3907=CARTESIAN_POINT('Origin',(-1.513341737,-5.971877274,5.991877274));
#3908=CARTESIAN_POINT('',(1.986658233,-6.971877274,5.991877274));
#3909=CARTESIAN_POINT('',(1.986658233,-6.971877274,5.991877274));
#3910=CARTESIAN_POINT('Origin',(1.986658233,-5.971877274,5.991877274));
#3911=CARTESIAN_POINT('Origin',(1.986658233,-4.471877274,5.991877274));
#3912=CARTESIAN_POINT('',(4.486658233,-4.471877274,5.991877274));
#3913=CARTESIAN_POINT('Origin',(1.986658233,-4.471877274,5.991877274));
#3914=CARTESIAN_POINT('Origin',(3.486658233,-4.471877274,5.991877274));
#3915=CARTESIAN_POINT('Origin',(3.486658233,-6.991877274,5.991877274));
#3916=CARTESIAN_POINT('',(4.486658233,-2.991877274,5.991877274));
#3917=CARTESIAN_POINT('',(4.486658233,-2.991877274,5.991877274));
#3918=CARTESIAN_POINT('Origin',(3.486658233,-2.991877274,5.991877274));
#3919=CARTESIAN_POINT('Origin',(6.486658233,-2.991877274,5.991877274));
#3920=CARTESIAN_POINT('',(6.486658233,-0.991877274,5.991877274));
#3921=CARTESIAN_POINT('Origin',(6.486658233,-2.991877274,5.991877274));
#3922=CARTESIAN_POINT('Origin',(6.486658233,0.008122726,5.991877274));
#3923=CARTESIAN_POINT('Origin',(16.986658248,0.008122726,5.991877274));
#3924=CARTESIAN_POINT('',(27.486658293,-0.991877274,5.991877274));
#3925=CARTESIAN_POINT('',(27.486658293,-0.991877274,5.991877274));
#3926=CARTESIAN_POINT('Origin',(27.486658293,0.008122726,5.991877274));
#3927=CARTESIAN_POINT('Origin',(27.486658293,-2.991877274,5.991877274));
#3928=CARTESIAN_POINT('',(29.486658293,-2.991877274,5.991877274));
#3929=CARTESIAN_POINT('Origin',(27.486658293,-2.991877274,5.991877274));
#3930=CARTESIAN_POINT('Origin',(30.486658293,-2.991877274,5.991877274));
#3931=CARTESIAN_POINT('Origin',(30.486658293,5.008122733,5.991877274));
#3932=CARTESIAN_POINT('',(29.486658293,-4.471877274,5.991877274));
#3933=CARTESIAN_POINT('Origin',(35.486658263,-2.172337484,6.991877274));
#3934=CARTESIAN_POINT('Origin',(35.486658263,-2.172337484,27.991877274));
#3935=CARTESIAN_POINT('Origin',(35.486658263,-2.171877274,6.991877274));
#3936=CARTESIAN_POINT('Origin',(35.486658263,-2.171877274,39.991877274));
#3937=CARTESIAN_POINT('Origin',(35.486658263,-2.171877274,39.991877274));
#3938=CARTESIAN_POINT('Origin',(35.486658263,-2.171877274,39.991877274));
#3939=CARTESIAN_POINT('Origin',(35.486658263,-6.991877274,39.991877274));
#3940=CARTESIAN_POINT('Origin',(35.486658263,-5.971877274,39.991877274));
#3941=CARTESIAN_POINT('Origin',(40.236658263,-5.971877274,39.991877274));
#3942=CARTESIAN_POINT('',(43.486658263,-6.971877274,39.991877274));
#3943=CARTESIAN_POINT('',(35.486658263,-6.971877274,39.991877274));
#3944=CARTESIAN_POINT('',(43.486658263,-6.971877274,39.991877274));
#3945=CARTESIAN_POINT('',(43.2400795698296,-6.94099922439675,40.2384607154549));
#3946=CARTESIAN_POINT('Origin',(43.486658263,-5.971877274,39.991877274));
#3947=CARTESIAN_POINT('Ctrl Pts',(43.2400821672729,-6.94099824119729,40.2384630621926));
#3948=CARTESIAN_POINT('Ctrl Pts',(43.1619980410205,-6.92112618973945,40.3165633528467));
#3949=CARTESIAN_POINT('Ctrl Pts',(43.0876555115192,-6.890959459139,40.3956669875129));
#3950=CARTESIAN_POINT('Ctrl Pts',(42.9559250451857,-6.8104021957312,40.542494555544));
#3951=CARTESIAN_POINT('Ctrl Pts',(42.897837415337,-6.76242775224639,40.6103125220782));
#3952=CARTESIAN_POINT('Ctrl Pts',(42.7883495144151,-6.63951681401894,40.7422899732599));
#3953=CARTESIAN_POINT('Ctrl Pts',(42.7385622348605,-6.563058048204,40.8048833267451));
#3954=CARTESIAN_POINT('Ctrl Pts',(42.6603926669407,-6.39050657389129,40.9052284704121));
#3955=CARTESIAN_POINT('Ctrl Pts',(42.6317711111245,-6.29713006248331,40.9430769463193));
#3956=CARTESIAN_POINT('Ctrl Pts',(42.6143593116154,-6.19695671738598,40.9662176889295));
#3957=CARTESIAN_POINT('Origin',(35.486658263,-5.971877274,39.991877274));
#3958=CARTESIAN_POINT('Ctrl Pts',(43.4875695496291,-6.97187685759211,40.2377062638561));
#3959=CARTESIAN_POINT('Ctrl Pts',(43.4218005471312,-6.97193697536332,40.2376769644173));
#3960=CARTESIAN_POINT('Ctrl Pts',(43.3560273031356,-6.96548739383818,40.2376476630852));
#3961=CARTESIAN_POINT('Ctrl Pts',(43.2273157986017,-6.93987887142311,40.237590323382));
#3962=CARTESIAN_POINT('Ctrl Pts',(43.1643690280401,-6.92077939072047,40.237562281214));
#3963=CARTESIAN_POINT('Ctrl Pts',(43.0434095607373,-6.87066318115487,40.237508394945));
#3964=CARTESIAN_POINT('Ctrl Pts',(42.9853998574086,-6.83964769202951,40.2374825521835));
#3965=CARTESIAN_POINT('Ctrl Pts',(42.8765451548824,-6.76689137642153,40.2374340584527));
#3966=CARTESIAN_POINT('Ctrl Pts',(42.8257028506186,-6.72515234943445,40.2374114086853));
#3967=CARTESIAN_POINT('Ctrl Pts',(42.7331381090169,-6.63255322921137,40.2373701719562));
#3968=CARTESIAN_POINT('Ctrl Pts',(42.6914179649699,-6.58169542710475,40.2373515860189));
#3969=CARTESIAN_POINT('Ctrl Pts',(42.6187020723728,-6.47281371215016,40.2373191917697));
#3970=CARTESIAN_POINT('Ctrl Pts',(42.5877081253291,-6.41479249289247,40.2373053842559));
#3971=CARTESIAN_POINT('Ctrl Pts',(42.5376368299726,-6.29381441692711,40.2372830779882));
#3972=CARTESIAN_POINT('Ctrl Pts',(42.5185607202841,-6.23086055409331,40.237274579784));
#3973=CARTESIAN_POINT('Ctrl Pts',(42.4930557215414,-6.10242021191734,40.2372632176451));
#3974=CARTESIAN_POINT('Ctrl Pts',(42.4866308548548,-6.03693623771326,40.2372603554965));
#3975=CARTESIAN_POINT('Ctrl Pts',(42.486658624489,-5.97145337499027,40.2372603679794));
#3976=CARTESIAN_POINT('Ctrl Pts',(43.4874439354985,-6.97187690221981,40.4082594894238));
#3977=CARTESIAN_POINT('Ctrl Pts',(43.4251851032386,-6.97193057689197,40.4148552572673));
#3978=CARTESIAN_POINT('Ctrl Pts',(43.3629225314427,-6.96617225753787,40.4214514514359));
#3979=CARTESIAN_POINT('Ctrl Pts',(43.2408118570686,-6.94328186912332,40.4343594086466));
#3980=CARTESIAN_POINT('Ctrl Pts',(43.1809562705355,-6.92620287444694,40.4406720267042));
#3981=CARTESIAN_POINT('Ctrl Pts',(43.0654010260243,-6.88130148344058,40.4528022158964));
#3982=CARTESIAN_POINT('Ctrl Pts',(43.0097035897478,-6.8534799338196,40.4586194852615));
#3983=CARTESIAN_POINT('Ctrl Pts',(42.9043687570447,-6.78803572907187,40.4695351811961));
#3984=CARTESIAN_POINT('Ctrl Pts',(42.8547333921306,-6.75041430897316,40.4746333369962));
#3985=CARTESIAN_POINT('Ctrl Pts',(42.7632231521968,-6.66664558004721,40.483914658476));
#3986=CARTESIAN_POINT('Ctrl Pts',(42.7213500524383,-6.62049985451978,40.4880975933803));
#3987=CARTESIAN_POINT('Ctrl Pts',(42.6468037628253,-6.52124818106591,40.4953875174417));
#3988=CARTESIAN_POINT('Ctrl Pts',(42.6141320339278,-6.46814411466379,40.4984943268233));
#3989=CARTESIAN_POINT('Ctrl Pts',(42.559118098508,-6.35677969270299,40.5035124291256));
#3990=CARTESIAN_POINT('Ctrl Pts',(42.536776989594,-6.29852145483699,40.5054235982649));
#3991=CARTESIAN_POINT('Ctrl Pts',(42.5032010558998,-6.17881461189251,40.5079771748685));
#3992=CARTESIAN_POINT('Ctrl Pts',(42.4919699071248,-6.11736744162162,40.5086191801967));
#3993=CARTESIAN_POINT('Ctrl Pts',(42.4865002304119,-6.05537995877064,40.5086138964069));
#3994=CARTESIAN_POINT('Ctrl Pts',(43.5134119801637,-6.97187694314358,40.5787792330958));
#3995=CARTESIAN_POINT('Ctrl Pts',(43.4556375299889,-6.97192470949947,40.5909355653414));
#3996=CARTESIAN_POINT('Ctrl Pts',(43.3978598912006,-6.96680026704998,40.6030925950254));
#3997=CARTESIAN_POINT('Ctrl Pts',(43.2843246427365,-6.94641093026416,40.6269628799547));
#3998=CARTESIAN_POINT('Ctrl Pts',(43.2285606597234,-6.9311932794839,40.6386775272321));
#3999=CARTESIAN_POINT('Ctrl Pts',(43.1204643806058,-6.89112406192293,40.6613485226398));
#4000=CARTESIAN_POINT('Ctrl Pts',(43.0681337291017,-6.86627310137924,40.6723044907938));
#4001=CARTESIAN_POINT('Ctrl Pts',(42.968491715581,-6.80768856651764,40.6931084437366));
#4002=CARTESIAN_POINT('Ctrl Pts',(42.9211818721055,-6.77395587854308,40.702956079552));
#4003=CARTESIAN_POINT('Ctrl Pts',(42.8330184109485,-6.69862813802067,40.7212282714944));
#4004=CARTESIAN_POINT('Ctrl Pts',(42.7921661407299,-6.65703422791214,40.7296525206539));
#4005=CARTESIAN_POINT('Ctrl Pts',(42.718160898926,-6.56724266547428,40.7448072979718));
#4006=CARTESIAN_POINT('Ctrl Pts',(42.6850090637077,-6.51904637766399,40.7515375701686));
#4007=CARTESIAN_POINT('Ctrl Pts',(42.62741648672,-6.41750933488224,40.7630867022271));
#4008=CARTESIAN_POINT('Ctrl Pts',(42.6029766362084,-6.36417012348964,40.7679053641317));
#4009=CARTESIAN_POINT('Ctrl Pts',(42.5635527275487,-6.25394862554179,40.7754744196254));
#4010=CARTESIAN_POINT('Ctrl Pts',(42.548571825899,-6.19706707137451,40.7782241243036));
#4011=CARTESIAN_POINT('Ctrl Pts',(42.5385569107133,-6.13928339259736,40.7798920817067));
#4012=CARTESIAN_POINT('Ctrl Pts',(43.6135340980183,-6.97187701459214,40.8937288373782));
#4013=CARTESIAN_POINT('Ctrl Pts',(43.5657314781138,-6.97191446569109,40.9151587549019));
#4014=CARTESIAN_POINT('Ctrl Pts',(43.5179266636853,-6.96789668992425,40.9365896880109));
#4015=CARTESIAN_POINT('Ctrl Pts',(43.423670964,-6.951883571,40.978822005));
#4016=CARTESIAN_POINT('Ctrl Pts',(43.377215705,-6.939925296,40.999625412));
#4017=CARTESIAN_POINT('Ctrl Pts',(43.286530715,-6.90834961,41.040190853));
#4018=CARTESIAN_POINT('Ctrl Pts',(43.242301815,-6.888732484,41.059952475));
#4019=CARTESIAN_POINT('Ctrl Pts',(43.157118278,-6.842301397,41.097945354));
#4020=CARTESIAN_POINT('Ctrl Pts',(43.116164426,-6.815487857,41.116176226));
#4021=CARTESIAN_POINT('Ctrl Pts',(43.038503968,-6.755296282,41.150656054));
#4022=CARTESIAN_POINT('Ctrl Pts',(43.001798082,-6.721918794,41.166904659));
#4023=CARTESIAN_POINT('Ctrl Pts',(42.933508185,-6.649387153,41.197016909));
#4024=CARTESIAN_POINT('Ctrl Pts',(42.901924813,-6.610233661,41.210880246));
#4025=CARTESIAN_POINT('Ctrl Pts',(42.844635823,-6.527075189,41.235877316));
#4026=CARTESIAN_POINT('Ctrl Pts',(42.818930747,-6.483070968,41.247010793));
#4027=CARTESIAN_POINT('Ctrl Pts',(42.7740117310012,-6.39123991785578,41.2662729659248));
#4028=CARTESIAN_POINT('Ctrl Pts',(42.7547999654745,-6.34341290841459,41.2744006563056));
#4029=CARTESIAN_POINT('Ctrl Pts',(42.7390728384462,-6.29424675284501,41.2809217742343));
#4030=CARTESIAN_POINT('Ctrl Pts',(43.6875775016911,-6.97187704516161,41.0380728613303));
#4031=CARTESIAN_POINT('Ctrl Pts',(43.6452712211026,-6.97191008286662,41.0632226961881));
#4032=CARTESIAN_POINT('Ctrl Pts',(43.6029631925874,-6.96836578939587,41.088373596034));
#4033=CARTESIAN_POINT('Ctrl Pts',(43.519427333,-6.954230419,41.138018759));
#4034=CARTESIAN_POINT('Ctrl Pts',(43.478196017,-6.943672061,41.162515142));
#4035=CARTESIAN_POINT('Ctrl Pts',(43.39747322,-6.915762142,41.210445378));
#4036=CARTESIAN_POINT('Ctrl Pts',(43.357982321,-6.898410785,41.233878866));
#4037=CARTESIAN_POINT('Ctrl Pts',(43.281565475,-6.857278272,41.279180012));
#4038=CARTESIAN_POINT('Ctrl Pts',(43.244640081,-6.833497416,41.301047325));
#4039=CARTESIAN_POINT('Ctrl Pts',(43.174126271,-6.780004112,41.342745958));
#4040=CARTESIAN_POINT('Ctrl Pts',(43.140538366,-6.750292054,41.36257696));
#4041=CARTESIAN_POINT('Ctrl Pts',(43.077402472,-6.685559013,41.399775905));
#4042=CARTESIAN_POINT('Ctrl Pts',(43.047854942,-6.650538501,41.417143563));
#4043=CARTESIAN_POINT('Ctrl Pts',(42.993419076,-6.575922759,41.449040913));
#4044=CARTESIAN_POINT('Ctrl Pts',(42.968531137,-6.536328071,41.463570359));
#4045=CARTESIAN_POINT('Ctrl Pts',(42.9239312397762,-6.45338334898987,41.4894799719556));
#4046=CARTESIAN_POINT('Ctrl Pts',(42.9042209972918,-6.41003291627343,41.50085909338));
#4047=CARTESIAN_POINT('Ctrl Pts',(42.8873109793845,-6.36526449725531,41.5105369196883));
#4048=CARTESIAN_POINT('Ctrl Pts',(43.8725381119756,-6.9718770945281,41.2789641336614));
#4049=CARTESIAN_POINT('Ctrl Pts',(43.8417461964549,-6.97190300508115,41.309969887507));
#4050=CARTESIAN_POINT('Ctrl Pts',(43.8109532514768,-6.96912332931845,41.3409767119853));
#4051=CARTESIAN_POINT('Ctrl Pts',(43.750009474,-6.958024433,41.402323881));
#4052=CARTESIAN_POINT('Ctrl Pts',(43.719856592,-6.949730902,41.432666357));
#4053=CARTESIAN_POINT('Ctrl Pts',(43.660536183,-6.927765204,41.492320292));
#4054=CARTESIAN_POINT('Ctrl Pts',(43.63136891,-6.914093132,41.521631474));
#4055=CARTESIAN_POINT('Ctrl Pts',(43.574493086,-6.881593516,41.578728593));
#4056=CARTESIAN_POINT('Ctrl Pts',(43.54678478,-6.862766112,41.606514264));
#4057=CARTESIAN_POINT('Ctrl Pts',(43.493277258,-6.820263287,41.660091458));
#4058=CARTESIAN_POINT('Ctrl Pts',(43.467478272,-6.796588052,41.685882729));
#4059=CARTESIAN_POINT('Ctrl Pts',(43.418209632,-6.744776421,41.735035339));
#4060=CARTESIAN_POINT('Ctrl Pts',(43.394740191,-6.716640252,41.758396446));
#4061=CARTESIAN_POINT('Ctrl Pts',(43.350514089,-6.656366845,41.802293319));
#4062=CARTESIAN_POINT('Ctrl Pts',(43.329757621,-6.624229871,41.822828878));
#4063=CARTESIAN_POINT('Ctrl Pts',(43.2912928551366,-6.55647175562086,41.860731306487));
#4064=CARTESIAN_POINT('Ctrl Pts',(43.2735855461268,-6.52084997954207,41.8780971448175));
#4065=CARTESIAN_POINT('Ctrl Pts',(43.257551929376,-6.48378170324973,41.8937273192134));
#4066=CARTESIAN_POINT('Ctrl Pts',(43.9833824087828,-6.97187711333867,41.3754165661436));
#4067=CARTESIAN_POINT('Ctrl Pts',(43.9586138465864,-6.97190030817544,41.4085586029146));
#4068=CARTESIAN_POINT('Ctrl Pts',(43.933844531043,-6.96941197798797,41.441701669473));
#4069=CARTESIAN_POINT('Ctrl Pts',(43.884782684,-6.959472577,41.507338621));
#4070=CARTESIAN_POINT('Ctrl Pts',(43.860488653,-6.952044512,41.539834555));
#4071=CARTESIAN_POINT('Ctrl Pts',(43.812615323,-6.932358499,41.603848091));
#4072=CARTESIAN_POINT('Ctrl Pts',(43.789036194,-6.920100622,41.635365456));
#4073=CARTESIAN_POINT('Ctrl Pts',(43.742937103,-6.890936404,41.696950746));
#4074=CARTESIAN_POINT('Ctrl Pts',(43.720417303,-6.874030169,41.727018443));
#4075=CARTESIAN_POINT('Ctrl Pts',(43.67676589,-6.835819488,41.785254808));
#4076=CARTESIAN_POINT('Ctrl Pts',(43.655634431,-6.814515181,41.81342326));
#4077=CARTESIAN_POINT('Ctrl Pts',(43.615068513,-6.767823754,41.86743974));
#4078=CARTESIAN_POINT('Ctrl Pts',(43.595634198,-6.742436804,41.893287569));
#4079=CARTESIAN_POINT('Ctrl Pts',(43.558746684,-6.687955991,41.942275865));
#4080=CARTESIAN_POINT('Ctrl Pts',(43.541293615,-6.658862326,41.965416152));
#4081=CARTESIAN_POINT('Ctrl Pts',(43.508619489321,-6.59739070927068,42.0086484319067));
#4082=CARTESIAN_POINT('Ctrl Pts',(43.4933991484022,-6.56501210317546,42.0287394457606));
#4083=CARTESIAN_POINT('Ctrl Pts',(43.4794090517467,-6.53123452642069,42.047151795458));
#4084=CARTESIAN_POINT('Ctrl Pts',(44.2252619825693,-6.97187713850346,41.5058868997602));
#4085=CARTESIAN_POINT('Ctrl Pts',(44.2127726379411,-6.97189670025709,41.5418641421772));
#4086=CARTESIAN_POINT('Ctrl Pts',(44.2002829737815,-6.96979813111515,41.5778423461757));
#4087=CARTESIAN_POINT('Ctrl Pts',(44.175511383777,-6.96141062389862,41.6491780376789));
#4088=CARTESIAN_POINT('Ctrl Pts',(44.1632288228868,-6.95514110267677,41.6845374373552));
#4089=CARTESIAN_POINT('Ctrl Pts',(44.1389600594288,-6.93850915397741,41.7543588374201));
#4090=CARTESIAN_POINT('Ctrl Pts',(44.1269739137774,-6.92814676847849,41.7888206528472));
#4091=CARTESIAN_POINT('Ctrl Pts',(44.1034418348076,-6.90345817160934,41.856412141244));
#4092=CARTESIAN_POINT('Ctrl Pts',(44.09189595641,-6.88913202320737,41.8895416372513));
#4093=CARTESIAN_POINT('Ctrl Pts',(44.0693830935154,-6.85669438758293,41.9540504140614));
#4094=CARTESIAN_POINT('Ctrl Pts',(44.0584161629444,-6.83858298331912,41.9854295248981));
#4095=CARTESIAN_POINT('Ctrl Pts',(44.0371930781627,-6.79880052878615,42.0460413689836));
#4096=CARTESIAN_POINT('Ctrl Pts',(44.0269369728819,-6.77712958046679,42.0752739402597));
#4097=CARTESIAN_POINT('Ctrl Pts',(44.0072590631956,-6.73049815577632,42.1312234062383));
#4098=CARTESIAN_POINT('Ctrl Pts',(43.9978373047281,-6.70553779834689,42.1579401519636));
#4099=CARTESIAN_POINT('Ctrl Pts',(43.9799393991633,-6.65263167055029,42.2085269481422));
#4100=CARTESIAN_POINT('Ctrl Pts',(43.9714635482469,-6.62468523754143,42.2323960973684));
#4101=CARTESIAN_POINT('Ctrl Pts',(43.9635132711672,-6.59542321252161,42.2546865916926));
#4102=CARTESIAN_POINT('Ctrl Pts',(44.3562313451054,-6.97187714484455,41.539760935149));
#4103=CARTESIAN_POINT('Ctrl Pts',(44.3500011855013,-6.97189579112595,41.5764347463524));
#4104=CARTESIAN_POINT('Ctrl Pts',(44.3437708661876,-6.96989543422564,41.6131094936473));
#4105=CARTESIAN_POINT('Ctrl Pts',(44.3314137777019,-6.96189949173628,41.6858495092095));
#4106=CARTESIAN_POINT('Ctrl Pts',(44.3252866921283,-6.95592241779953,41.7219166359011));
#4107=CARTESIAN_POINT('Ctrl Pts',(44.3131801843419,-6.94006309895849,41.7931817977917));
#4108=CARTESIAN_POINT('Ctrl Pts',(44.3072007910464,-6.93018089103945,41.828379661029));
#4109=CARTESIAN_POINT('Ctrl Pts',(44.2954612997694,-6.90662966057455,41.8974846907663));
#4110=CARTESIAN_POINT('Ctrl Pts',(44.289701229708,-6.89296069200213,41.9313916902957));
#4111=CARTESIAN_POINT('Ctrl Pts',(44.2784693913691,-6.86199965461937,41.9975088457955));
#4112=CARTESIAN_POINT('Ctrl Pts',(44.2729976480058,-6.84470765777657,42.0297188427983));
#4113=CARTESIAN_POINT('Ctrl Pts',(44.2624080144015,-6.80670767499775,42.0920561717456));
#4114=CARTESIAN_POINT('Ctrl Pts',(44.2572901480866,-6.78599978002929,42.1221833547284));
#4115=CARTESIAN_POINT('Ctrl Pts',(44.2474695780652,-6.74141603079324,42.1799941824847));
#4116=CARTESIAN_POINT('Ctrl Pts',(44.2427668982936,-6.71754028349027,42.2076776892906));
#4117=CARTESIAN_POINT('Ctrl Pts',(44.2338318394658,-6.66690001922614,42.260276608374));
#4118=CARTESIAN_POINT('Ctrl Pts',(44.2295996087967,-6.64013485046985,42.2851911524534));
#4119=CARTESIAN_POINT('Ctrl Pts',(44.2256286176607,-6.61208829765232,42.3085680783441));
#4120=CARTESIAN_POINT('Ctrl Pts',(44.4872377775216,-6.97187714482579,41.5396607493919));
#4121=CARTESIAN_POINT('Ctrl Pts',(44.4872654594666,-6.97189579381491,41.5763325002592));
#4122=CARTESIAN_POINT('Ctrl Pts',(44.4872931421213,-6.96989514642981,41.6130051872933));
#4123=CARTESIAN_POINT('Ctrl Pts',(44.4873480473338,-6.96189804580193,41.6857410491141));
#4124=CARTESIAN_POINT('Ctrl Pts',(44.4873752712976,-6.9559201068888,41.7218060824841));
#4125=CARTESIAN_POINT('Ctrl Pts',(44.4874290631224,-6.94005850283444,41.7930669740391));
#4126=CARTESIAN_POINT('Ctrl Pts',(44.487455630855,-6.93017487469325,41.8282626602239));
#4127=CARTESIAN_POINT('Ctrl Pts',(44.4875077919395,-6.90662028025293,41.8973632133226));
#4128=CARTESIAN_POINT('Ctrl Pts',(44.4875333851673,-6.89294936795388,41.9312679132364));
#4129=CARTESIAN_POINT('Ctrl Pts',(44.4875832906294,-6.86198396329454,41.9973803117151));
#4130=CARTESIAN_POINT('Ctrl Pts',(44.4876076027528,-6.84468954293432,42.0295878512798));
#4131=CARTESIAN_POINT('Ctrl Pts',(44.487654654744,-6.80668428827426,42.0919200769929));
#4132=CARTESIAN_POINT('Ctrl Pts',(44.4876773945055,-6.78597354497449,42.122044614141));
#4133=CARTESIAN_POINT('Ctrl Pts',(44.4877210293574,-6.74138373957988,42.1798499369657));
#4134=CARTESIAN_POINT('Ctrl Pts',(44.4877419243415,-6.71750478448511,42.2075305846422));
#4135=CARTESIAN_POINT('Ctrl Pts',(44.487781624643,-6.66685781888554,42.2601235531077));
#4136=CARTESIAN_POINT('Ctrl Pts',(44.4878004293011,-6.64008915655358,42.285035005601));
#4137=CARTESIAN_POINT('Ctrl Pts',(44.4878180732029,-6.61203900903982,42.308408718599));
#4138=CARTESIAN_POINT('',(43.486658263,-6.971877274,40.238460716));
#4139=CARTESIAN_POINT('Origin',(43.486658263,-5.971877274,40.238460716));
#4140=CARTESIAN_POINT('',(44.486658263,-6.971877274,41.540168995));
#4141=CARTESIAN_POINT('Origin',(44.486658263,-6.971877274,40.238460716));
#4142=CARTESIAN_POINT('Origin',(44.486658263,-5.971877274,41.540168995));
#4143=CARTESIAN_POINT('Origin',(-22.013341737,-5.971877274,39.991877274));
#4144=CARTESIAN_POINT('',(-1.513341737,-5.971877274,40.991877274));
#4145=CARTESIAN_POINT('',(-8.598922398,-5.971877274,40.991877274));
#4146=CARTESIAN_POINT('',(-9.26676304333968,-6.9409992243569,40.2384607154549));
#4147=CARTESIAN_POINT('Ctrl Pts',(-8.64104278921468,-6.19695674147308,40.9662176833652));
#4148=CARTESIAN_POINT('Ctrl Pts',(-8.65844219434794,-6.29705877246388,40.9430934122052));
#4149=CARTESIAN_POINT('Ctrl Pts',(-8.68703559800428,-6.39037448632364,40.9052821992636));
#4150=CARTESIAN_POINT('Ctrl Pts',(-8.76512084166953,-6.56282713678847,40.8050418478685));
#4151=CARTESIAN_POINT('Ctrl Pts',(-8.81485040476556,-6.6392523463674,40.7425175229469));
#4152=CARTESIAN_POINT('Ctrl Pts',(-8.92429170542207,-6.76222479526468,40.6105819682187));
#4153=CARTESIAN_POINT('Ctrl Pts',(-8.98240864097229,-6.81025819851158,40.5427226284591));
#4154=CARTESIAN_POINT('Ctrl Pts',(-9.11422156225911,-6.89091174056248,40.3957920153285));
#4155=CARTESIAN_POINT('Ctrl Pts',(-9.18861960956196,-6.92111043529752,40.3166252703654));
#4156=CARTESIAN_POINT('Ctrl Pts',(-9.26676564051498,-6.94099824125889,40.2384630619505));
#4157=CARTESIAN_POINT('',(-9.513341737,-6.971877274,39.991877274));
#4158=CARTESIAN_POINT('Origin',(-9.513341737,-5.971877274,39.991877274));
#4159=CARTESIAN_POINT('',(-1.513341737,-6.971877274,39.991877274));
#4160=CARTESIAN_POINT('',(-1.513341737,-6.971877274,39.991877274));
#4161=CARTESIAN_POINT('Origin',(-1.513341737,-5.971877274,39.991877274));
#4162=CARTESIAN_POINT('Origin',(-6.263341737,-2.991877289,40.991877274));
#4163=CARTESIAN_POINT('',(-1.513341737,-2.171877274,40.991877274));
#4164=CARTESIAN_POINT('',(-1.513341737,-5.971877274,40.991877274));
#4165=CARTESIAN_POINT('',(-1.513341737,-2.171877274,40.991877274));
#4166=CARTESIAN_POINT('Ctrl Pts',(-8.51334209848899,-5.97145337505573,40.2372603679825));
#4167=CARTESIAN_POINT('Ctrl Pts',(-8.51331432886347,-6.03693623775718,40.2372603554996));
#4168=CARTESIAN_POINT('Ctrl Pts',(-8.51973919555017,-6.10242021193929,40.2372632176482));
#4169=CARTESIAN_POINT('Ctrl Pts',(-8.54524419428877,-6.23086055409407,40.237274579787));
#4170=CARTESIAN_POINT('Ctrl Pts',(-8.56432030297287,-6.29381441692783,40.2372830779912));
#4171=CARTESIAN_POINT('Ctrl Pts',(-8.61439159832937,-6.41479249289308,40.2373053842589));
#4172=CARTESIAN_POINT('Ctrl Pts',(-8.64538554637311,-6.4728137121507,40.2373191917726));
#4173=CARTESIAN_POINT('Ctrl Pts',(-8.7181014379658,-6.58169542710519,40.2373515860217));
#4174=CARTESIAN_POINT('Ctrl Pts',(-8.75982158302172,-6.63255322921176,40.237370171959));
#4175=CARTESIAN_POINT('Ctrl Pts',(-8.85238632361896,-6.72515234943474,40.237411408688));
#4176=CARTESIAN_POINT('Ctrl Pts',(-8.9032286288871,-6.76689137642176,40.2374340584553));
#4177=CARTESIAN_POINT('Ctrl Pts',(-9.01208333140881,-6.83964769202967,40.237482552186));
#4178=CARTESIAN_POINT('Ctrl Pts',(-9.07009303373313,-6.87066318115499,40.2375083949475));
#4179=CARTESIAN_POINT('Ctrl Pts',(-9.19105250104031,-6.92077939072053,40.2375622812163));
#4180=CARTESIAN_POINT('Ctrl Pts',(-9.2539992715974,-6.93987887142315,40.2375903233843));
#4181=CARTESIAN_POINT('Ctrl Pts',(-9.38271077613571,-6.96548739383819,40.2376476630873));
#4182=CARTESIAN_POINT('Ctrl Pts',(-9.44848402114054,-6.97193697536332,40.2376769644193));
#4183=CARTESIAN_POINT('Ctrl Pts',(-9.51425302362897,-6.97187685759211,40.2377062638581));
#4184=CARTESIAN_POINT('Ctrl Pts',(-8.51318370442143,-6.05537995883235,40.5086138964089));
#4185=CARTESIAN_POINT('Ctrl Pts',(-8.51865338013262,-6.11736744166258,40.5086191801983));
#4186=CARTESIAN_POINT('Ctrl Pts',(-8.5298845289058,-6.17881461191273,40.5079771748701));
#4187=CARTESIAN_POINT('Ctrl Pts',(-8.56346046259454,-6.29852145483748,40.5054235982669));
#4188=CARTESIAN_POINT('Ctrl Pts',(-8.58580157150552,-6.35677969270344,40.5035124291275));
#4189=CARTESIAN_POINT('Ctrl Pts',(-8.64081550692542,-6.46814411466418,40.4984943268252));
#4190=CARTESIAN_POINT('Ctrl Pts',(-8.67348723682588,-6.52124818106626,40.4953875174436));
#4191=CARTESIAN_POINT('Ctrl Pts',(-8.74803352643886,-6.62049985452006,40.4880975933822));
#4192=CARTESIAN_POINT('Ctrl Pts',(-8.78990662519434,-6.66664558004746,40.4839146584778));
#4193=CARTESIAN_POINT('Ctrl Pts',(-8.88141686512819,-6.75041430897334,40.4746333369979));
#4194=CARTESIAN_POINT('Ctrl Pts',(-8.93105223004522,-6.78803572907202,40.4695351811978));
#4195=CARTESIAN_POINT('Ctrl Pts',(-9.03638706375119,-6.85347993381969,40.4586194852631));
#4196=CARTESIAN_POINT('Ctrl Pts',(-9.09208450002769,-6.88130148344066,40.452802215898));
#4197=CARTESIAN_POINT('Ctrl Pts',(-9.20763974353286,-6.92620287444698,40.4406720267057));
#4198=CARTESIAN_POINT('Ctrl Pts',(-9.26749533107184,-6.94328186912335,40.434359408648));
#4199=CARTESIAN_POINT('Ctrl Pts',(-9.38960600443765,-6.96617225753788,40.4214514514373));
#4200=CARTESIAN_POINT('Ctrl Pts',(-9.45186857724815,-6.97193057689197,40.4148552572687));
#4201=CARTESIAN_POINT('Ctrl Pts',(-9.5141274095016,-6.97187690221981,40.4082594894251));
#4202=CARTESIAN_POINT('Ctrl Pts',(-8.56524038372255,-6.13928339265444,40.7798920817055));
#4203=CARTESIAN_POINT('Ctrl Pts',(-8.57525529890903,-6.19706707141201,40.7782241243022));
#4204=CARTESIAN_POINT('Ctrl Pts',(-8.59023620055532,-6.25394862556002,40.7754744196246));
#4205=CARTESIAN_POINT('Ctrl Pts',(-8.62966010920782,-6.36417012348975,40.7679053641321));
#4206=CARTESIAN_POINT('Ctrl Pts',(-8.65409996072023,-6.41750933488234,40.7630867022275));
#4207=CARTESIAN_POINT('Ctrl Pts',(-8.71169253770864,-6.51904637766408,40.751537570169));
#4208=CARTESIAN_POINT('Ctrl Pts',(-8.74484437292622,-6.56724266547435,40.7448072979722));
#4209=CARTESIAN_POINT('Ctrl Pts',(-8.81884961473081,-6.65703422791221,40.7296525206544));
#4210=CARTESIAN_POINT('Ctrl Pts',(-8.85970188494864,-6.69862813802072,40.7212282714948));
#4211=CARTESIAN_POINT('Ctrl Pts',(-8.94786534610638,-6.77395587854311,40.7029560795524));
#4212=CARTESIAN_POINT('Ctrl Pts',(-8.99517518858038,-6.80768856651767,40.693108443737));
#4213=CARTESIAN_POINT('Ctrl Pts',(-9.09481720210191,-6.86627310137926,40.6723044907942));
#4214=CARTESIAN_POINT('Ctrl Pts',(-9.147147853606,-6.89112406192295,40.6613485226402));
#4215=CARTESIAN_POINT('Ctrl Pts',(-9.25524413372352,-6.9311932794839,40.6386775272324));
#4216=CARTESIAN_POINT('Ctrl Pts',(-9.31100811573593,-6.94641093026416,40.6269628799551));
#4217=CARTESIAN_POINT('Ctrl Pts',(-9.42454336520299,-6.96680026704997,40.6030925950257));
#4218=CARTESIAN_POINT('Ctrl Pts',(-9.48232100398973,-6.97192470949947,40.5909355653417));
#4219=CARTESIAN_POINT('Ctrl Pts',(-9.54009545314984,-6.97187694314358,40.578779233096));
#4220=CARTESIAN_POINT('Ctrl Pts',(-8.76575631246245,-6.29424675289345,41.2809217742278));
#4221=CARTESIAN_POINT('Ctrl Pts',(-8.78148343848711,-6.343412908446,41.2744006563002));
#4222=CARTESIAN_POINT('Ctrl Pts',(-8.8006952040084,-6.39123991787086,41.2662729659216));
#4223=CARTESIAN_POINT('Ctrl Pts',(-8.845614221,-6.483070968,41.247010793));
#4224=CARTESIAN_POINT('Ctrl Pts',(-8.871319297,-6.527075189,41.235877316));
#4225=CARTESIAN_POINT('Ctrl Pts',(-8.928608286,-6.610233661,41.210880246));
#4226=CARTESIAN_POINT('Ctrl Pts',(-8.960191659,-6.649387153,41.197016909));
#4227=CARTESIAN_POINT('Ctrl Pts',(-9.028481555,-6.721918794,41.166904659));
#4228=CARTESIAN_POINT('Ctrl Pts',(-9.065187442,-6.755296282,41.150656054));
#4229=CARTESIAN_POINT('Ctrl Pts',(-9.142847899,-6.815487857,41.116176226));
#4230=CARTESIAN_POINT('Ctrl Pts',(-9.183801752,-6.842301397,41.097945354));
#4231=CARTESIAN_POINT('Ctrl Pts',(-9.268985288,-6.888732484,41.059952475));
#4232=CARTESIAN_POINT('Ctrl Pts',(-9.313214188,-6.90834961,41.040190853));
#4233=CARTESIAN_POINT('Ctrl Pts',(-9.403899179,-6.939925296,40.999625412));
#4234=CARTESIAN_POINT('Ctrl Pts',(-9.450354438,-6.951883571,40.978822005));
#4235=CARTESIAN_POINT('Ctrl Pts',(-9.54461013768533,-6.96789668992425,40.9365896880109));
#4236=CARTESIAN_POINT('Ctrl Pts',(-9.59241495110453,-6.97191446569109,40.9151587549019));
#4237=CARTESIAN_POINT('Ctrl Pts',(-9.64021757101831,-6.97187701459214,40.8937288373782));
#4238=CARTESIAN_POINT('Ctrl Pts',(-8.91399445340115,-6.36526449729941,41.5105369196788));
#4239=CARTESIAN_POINT('Ctrl Pts',(-8.93090447130474,-6.4100329163019,41.5008590933726));
#4240=CARTESIAN_POINT('Ctrl Pts',(-8.95061471378355,-6.45338334900349,41.4894799719514));
#4241=CARTESIAN_POINT('Ctrl Pts',(-8.995214611,-6.536328071,41.463570359));
#4242=CARTESIAN_POINT('Ctrl Pts',(-9.02010255,-6.575922759,41.449040913));
#4243=CARTESIAN_POINT('Ctrl Pts',(-9.074538415,-6.650538501,41.417143563));
#4244=CARTESIAN_POINT('Ctrl Pts',(-9.104085946,-6.685559013,41.399775905));
#4245=CARTESIAN_POINT('Ctrl Pts',(-9.16722184,-6.750292054,41.36257696));
#4246=CARTESIAN_POINT('Ctrl Pts',(-9.200809745,-6.780004112,41.342745958));
#4247=CARTESIAN_POINT('Ctrl Pts',(-9.271323555,-6.833497416,41.301047325));
#4248=CARTESIAN_POINT('Ctrl Pts',(-9.308248949,-6.857278272,41.279180012));
#4249=CARTESIAN_POINT('Ctrl Pts',(-9.384665795,-6.898410785,41.233878866));
#4250=CARTESIAN_POINT('Ctrl Pts',(-9.424156694,-6.915762142,41.210445378));
#4251=CARTESIAN_POINT('Ctrl Pts',(-9.504879491,-6.943672061,41.162515142));
#4252=CARTESIAN_POINT('Ctrl Pts',(-9.546110806,-6.954230419,41.138018759));
#4253=CARTESIAN_POINT('Ctrl Pts',(-9.62964666658972,-6.96836578939587,41.088373596034));
#4254=CARTESIAN_POINT('Ctrl Pts',(-9.67195469510263,-6.97191008286662,41.0632226961881));
#4255=CARTESIAN_POINT('Ctrl Pts',(-9.71426097467706,-6.97187704516161,41.0380728613303));
#4256=CARTESIAN_POINT('Ctrl Pts',(-9.28423540339263,-6.48378170328625,41.893727319198));
#4257=CARTESIAN_POINT('Ctrl Pts',(-9.30026901913791,-6.52084997956546,41.8780971448061));
#4258=CARTESIAN_POINT('Ctrl Pts',(-9.31797632914292,-6.55647175563199,41.8607313064808));
#4259=CARTESIAN_POINT('Ctrl Pts',(-9.356441095,-6.624229871,41.822828878));
#4260=CARTESIAN_POINT('Ctrl Pts',(-9.377197563,-6.656366845,41.802293319));
#4261=CARTESIAN_POINT('Ctrl Pts',(-9.421423665,-6.716640252,41.758396446));
#4262=CARTESIAN_POINT('Ctrl Pts',(-9.444893106,-6.744776421,41.735035339));
#4263=CARTESIAN_POINT('Ctrl Pts',(-9.494161746,-6.796588052,41.685882729));
#4264=CARTESIAN_POINT('Ctrl Pts',(-9.519960731,-6.820263287,41.660091458));
#4265=CARTESIAN_POINT('Ctrl Pts',(-9.573468254,-6.862766112,41.606514264));
#4266=CARTESIAN_POINT('Ctrl Pts',(-9.60117656,-6.881593516,41.578728593));
#4267=CARTESIAN_POINT('Ctrl Pts',(-9.658052383,-6.914093132,41.521631474));
#4268=CARTESIAN_POINT('Ctrl Pts',(-9.687219657,-6.927765204,41.492320292));
#4269=CARTESIAN_POINT('Ctrl Pts',(-9.746540066,-6.949730902,41.432666357));
#4270=CARTESIAN_POINT('Ctrl Pts',(-9.776692948,-6.958024433,41.402323881));
#4271=CARTESIAN_POINT('Ctrl Pts',(-9.83763672547682,-6.96912332931845,41.3409767119853));
#4272=CARTESIAN_POINT('Ctrl Pts',(-9.86842967045486,-6.97190300508115,41.309969887507));
#4273=CARTESIAN_POINT('Ctrl Pts',(-9.8992215859756,-6.9718770945281,41.2789641336614));
#4274=CARTESIAN_POINT('Ctrl Pts',(-9.50609252576045,-6.53123452645397,42.0471517954398));
#4275=CARTESIAN_POINT('Ctrl Pts',(-9.52008262241223,-6.56501210319673,42.0287394457474));
#4276=CARTESIAN_POINT('Ctrl Pts',(-9.53530296332633,-6.59739070928078,42.0086484318996));
#4277=CARTESIAN_POINT('Ctrl Pts',(-9.567977089,-6.658862326,41.965416152));
#4278=CARTESIAN_POINT('Ctrl Pts',(-9.585430157,-6.687955991,41.942275865));
#4279=CARTESIAN_POINT('Ctrl Pts',(-9.622317672,-6.742436804,41.893287569));
#4280=CARTESIAN_POINT('Ctrl Pts',(-9.641751987,-6.767823754,41.86743974));
#4281=CARTESIAN_POINT('Ctrl Pts',(-9.682317905,-6.814515181,41.81342326));
#4282=CARTESIAN_POINT('Ctrl Pts',(-9.703449364,-6.835819488,41.785254808));
#4283=CARTESIAN_POINT('Ctrl Pts',(-9.747100777,-6.874030169,41.727018443));
#4284=CARTESIAN_POINT('Ctrl Pts',(-9.769620576,-6.890936404,41.696950746));
#4285=CARTESIAN_POINT('Ctrl Pts',(-9.815719668,-6.920100622,41.635365456));
#4286=CARTESIAN_POINT('Ctrl Pts',(-9.839298797,-6.932358499,41.603848091));
#4287=CARTESIAN_POINT('Ctrl Pts',(-9.887172126,-6.952044512,41.539834555));
#4288=CARTESIAN_POINT('Ctrl Pts',(-9.911466158,-6.959472577,41.507338621));
#4289=CARTESIAN_POINT('Ctrl Pts',(-9.960528005043,-6.96941197798797,41.441701669473));
#4290=CARTESIAN_POINT('Ctrl Pts',(-9.9852973205864,-6.97190030817544,41.4085586029146));
#4291=CARTESIAN_POINT('Ctrl Pts',(-10.0100658817688,-6.97187711333867,41.3754165661436));
#4292=CARTESIAN_POINT('Ctrl Pts',(-9.99019674517628,-6.59542321255049,42.2546865916708));
#4293=CARTESIAN_POINT('Ctrl Pts',(-9.99814702125218,-6.62468523755984,42.2323960973529));
#4294=CARTESIAN_POINT('Ctrl Pts',(-10.0066228721658,-6.65263167055903,42.2085269481341));
#4295=CARTESIAN_POINT('Ctrl Pts',(-10.0245207787285,-6.70553779834693,42.1579401519638));
#4296=CARTESIAN_POINT('Ctrl Pts',(-10.0339425371968,-6.73049815577636,42.1312234062385));
#4297=CARTESIAN_POINT('Ctrl Pts',(-10.0536204468823,-6.77712958046682,42.0752739402599));
#4298=CARTESIAN_POINT('Ctrl Pts',(-10.0638765511624,-6.79880052878618,42.0460413689838));
#4299=CARTESIAN_POINT('Ctrl Pts',(-10.0850996369448,-6.83858298331914,41.9854295248982));
#4300=CARTESIAN_POINT('Ctrl Pts',(-10.0960665675157,-6.85669438758295,41.9540504140615));
#4301=CARTESIAN_POINT('Ctrl Pts',(-10.1185794294097,-6.88913202320738,41.8895416372514));
#4302=CARTESIAN_POINT('Ctrl Pts',(-10.1301253078079,-6.90345817160935,41.8564121412441));
#4303=CARTESIAN_POINT('Ctrl Pts',(-10.1536573877777,-6.92814676847849,41.7888206528473));
#4304=CARTESIAN_POINT('Ctrl Pts',(-10.1656435334291,-6.93850915397741,41.7543588374202));
#4305=CARTESIAN_POINT('Ctrl Pts',(-10.1899122968878,-6.95514110267677,41.6845374373553));
#4306=CARTESIAN_POINT('Ctrl Pts',(-10.2021948577773,-6.96141062389862,41.6491780376791));
#4307=CARTESIAN_POINT('Ctrl Pts',(-10.2269664477817,-6.96979813111515,41.5778423461758));
#4308=CARTESIAN_POINT('Ctrl Pts',(-10.2394561119413,-6.97189670025709,41.5418641421774));
#4309=CARTESIAN_POINT('Ctrl Pts',(-10.2519454555555,-6.97187713850346,41.5058868997603));
#4310=CARTESIAN_POINT('Ctrl Pts',(-10.2523120916654,-6.61208829767995,42.3085680783211));
#4311=CARTESIAN_POINT('Ctrl Pts',(-10.2562830817994,-6.64013485048743,42.2851911524371));
#4312=CARTESIAN_POINT('Ctrl Pts',(-10.2605153124673,-6.66690001923445,42.2602766083653));
#4313=CARTESIAN_POINT('Ctrl Pts',(-10.2694503712906,-6.71754028349027,42.2076776892906));
#4314=CARTESIAN_POINT('Ctrl Pts',(-10.2741530520652,-6.74141603079324,42.1799941824847));
#4315=CARTESIAN_POINT('Ctrl Pts',(-10.2839736220866,-6.78599978002929,42.1221833547284));
#4316=CARTESIAN_POINT('Ctrl Pts',(-10.2890914884044,-6.80670767499775,42.0920561717456));
#4317=CARTESIAN_POINT('Ctrl Pts',(-10.2996811220058,-6.84470765777657,42.0297188427983));
#4318=CARTESIAN_POINT('Ctrl Pts',(-10.3051528643661,-6.86199965461937,41.9975088457955));
#4319=CARTESIAN_POINT('Ctrl Pts',(-10.316384703711,-6.89296069200213,41.9313916902957));
#4320=CARTESIAN_POINT('Ctrl Pts',(-10.3221447737723,-6.90662966057455,41.8974846907663));
#4321=CARTESIAN_POINT('Ctrl Pts',(-10.3338842650464,-6.93018089103945,41.828379661029));
#4322=CARTESIAN_POINT('Ctrl Pts',(-10.3398636583419,-6.94006309895849,41.7931817977917));
#4323=CARTESIAN_POINT('Ctrl Pts',(-10.3519701661283,-6.95592241779953,41.7219166359011));
#4324=CARTESIAN_POINT('Ctrl Pts',(-10.3580972517019,-6.96189949173627,41.6858495092095));
#4325=CARTESIAN_POINT('Ctrl Pts',(-10.3704543401875,-6.96989543422564,41.6131094936473));
#4326=CARTESIAN_POINT('Ctrl Pts',(-10.376684658489,-6.97189579112595,41.5764347463524));
#4327=CARTESIAN_POINT('Ctrl Pts',(-10.3829148191225,-6.97187714484455,41.539760935149));
#4328=CARTESIAN_POINT('Ctrl Pts',(-10.5145015472029,-6.61203900906746,42.3084087185759));
#4329=CARTESIAN_POINT('Ctrl Pts',(-10.5144839033055,-6.64008915657117,42.2850350055847));
#4330=CARTESIAN_POINT('Ctrl Pts',(-10.5144650986474,-6.66685781889386,42.260123553099));
#4331=CARTESIAN_POINT('Ctrl Pts',(-10.514425398346,-6.71750478448511,42.2075305846422));
#4332=CARTESIAN_POINT('Ctrl Pts',(-10.5144045033574,-6.74138373957988,42.1798499369657));
#4333=CARTESIAN_POINT('Ctrl Pts',(-10.5143608685055,-6.78597354497449,42.122044614141));
#4334=CARTESIAN_POINT('Ctrl Pts',(-10.514338128744,-6.80668428827426,42.0919200769929));
#4335=CARTESIAN_POINT('Ctrl Pts',(-10.5142910767528,-6.84468954293432,42.0295878512798));
#4336=CARTESIAN_POINT('Ctrl Pts',(-10.5142667646338,-6.86198396329453,41.9973803117151));
#4337=CARTESIAN_POINT('Ctrl Pts',(-10.5142168591673,-6.89294936795388,41.9312679132364));
#4338=CARTESIAN_POINT('Ctrl Pts',(-10.5141912659395,-6.90662028025293,41.8973632133226));
#4339=CARTESIAN_POINT('Ctrl Pts',(-10.514139104855,-6.93017487469325,41.8282626602239));
#4340=CARTESIAN_POINT('Ctrl Pts',(-10.5141125371224,-6.94005850283444,41.7930669740391));
#4341=CARTESIAN_POINT('Ctrl Pts',(-10.5140587452976,-6.9559201068888,41.7218060824842));
#4342=CARTESIAN_POINT('Ctrl Pts',(-10.5140315213338,-6.96189804580193,41.6857410491141));
#4343=CARTESIAN_POINT('Ctrl Pts',(-10.5139766161213,-6.96989514642981,41.6130051872933));
#4344=CARTESIAN_POINT('Ctrl Pts',(-10.5139489334711,-6.97189579381491,41.5763325002592));
#4345=CARTESIAN_POINT('Ctrl Pts',(-10.5139212515215,-6.97187714482579,41.5396607493919));
#4346=CARTESIAN_POINT('',(-10.513341737,-6.971877274,41.540168995));
#4347=CARTESIAN_POINT('Origin',(-10.513341737,-5.971877274,41.540168995));
#4348=CARTESIAN_POINT('',(-9.513341737,-6.971877274,40.238460716));
#4349=CARTESIAN_POINT('Origin',(-10.513341737,-6.971877274,40.238460716));
#4350=CARTESIAN_POINT('Origin',(-9.513341737,-5.971877274,40.238460716));
#4351=CARTESIAN_POINT('Origin',(-6.263341737,-2.171877274,39.991877274));
#4352=CARTESIAN_POINT('',(-1.513341737,-1.171877274,39.991877274));
#4353=CARTESIAN_POINT('Origin',(-1.513341737,-2.171877274,39.991877274));
#4354=CARTESIAN_POINT('',(-8.513341737,-1.171877274,39.991877274));
#4355=CARTESIAN_POINT('Origin',(-2.013341737,-1.171877274,6.991877274));
#4356=CARTESIAN_POINT('',(-1.513341737,-1.172107379,27.991877274));
#4357=CARTESIAN_POINT('',(-1.513341737,-1.171877274,39.991877274));
#4358=CARTESIAN_POINT('',(-1.513341737,-1.172337484,27.991877274));
#4359=CARTESIAN_POINT('Origin',(-2.013341737,-1.172337484,6.991877274));
#4360=CARTESIAN_POINT('',(-1.513341737,-1.172337484,27.991877274));
#4361=CARTESIAN_POINT('Origin',(31.986658293,-4.471877274,6.991877274));
#4362=CARTESIAN_POINT('',(31.986658293,-6.971877274,1.991877274));
#4363=CARTESIAN_POINT('',(29.486658293,-4.471877274,1.991877274));
#4364=CARTESIAN_POINT('Origin',(31.986658293,-4.471877274,1.991877274));
#4365=CARTESIAN_POINT('',(31.986658293,-6.971877274,-0.008122726));
#4366=CARTESIAN_POINT('',(29.486658293,-4.471877274,5.991877274));
#4367=CARTESIAN_POINT('Origin',(35.486658263,-5.971877274,6.991877274));
#4368=CARTESIAN_POINT('',(35.486658263,-6.972337484,24.991877274));
#4369=CARTESIAN_POINT('Origin',(35.486658263,-5.972337484,24.991877274));
#4370=CARTESIAN_POINT('',(35.486658263,-6.971877274,24.991877274));
#4371=CARTESIAN_POINT('Origin',(55.986658263,-6.971877274,6.991877274));
#4372=CARTESIAN_POINT('',(47.986658263,-6.971877274,1.991877274));
#4373=CARTESIAN_POINT('',(-5.5133417295,-6.971877274,1.991877274));
#4374=CARTESIAN_POINT('',(47.986658263,-6.972337484,24.991877274));
#4375=CARTESIAN_POINT('',(47.986658263,-6.971877274,-0.008122726));
#4376=CARTESIAN_POINT('',(47.986658263,-6.972337484,24.991877274));
#4377=CARTESIAN_POINT('Origin',(35.486658263,-5.972337484,6.991877274));
#4378=CARTESIAN_POINT('',(35.486658263,-6.972337484,27.991877274));
#4379=CARTESIAN_POINT('Origin',(35.486658263,-5.972337484,27.991877274));
#4380=CARTESIAN_POINT('',(35.486658263,-6.972337484,27.991877274));
#4381=CARTESIAN_POINT('Origin',(35.486658263,-5.971877274,6.991877274));
#4382=CARTESIAN_POINT('',(35.486658263,-6.971877274,39.991877274));
#4383=CARTESIAN_POINT('Origin',(35.486658263,-5.971877274,39.991877274));
#4384=CARTESIAN_POINT('Origin',(-1.513341737,-2.172337484,6.991877274));
#4385=CARTESIAN_POINT('Origin',(-1.513341737,-2.171877274,27.991877274));
#4386=CARTESIAN_POINT('Origin',(-1.513341737,-5.972337484,6.991877274));
#4387=CARTESIAN_POINT('',(-1.513341737,-6.972337484,27.991877274));
#4388=CARTESIAN_POINT('Origin',(-1.513341737,-5.972337484,27.991877274));
#4389=CARTESIAN_POINT('',(-1.513341737,-6.972337484,24.991877274));
#4390=CARTESIAN_POINT('',(-1.513341737,-6.972337484,24.991877274));
#4391=CARTESIAN_POINT('Origin',(-1.513341737,-5.972337484,24.991877274));
#4392=CARTESIAN_POINT('Origin',(-1.513341737,-5.971877274,6.991877274));
#4393=CARTESIAN_POINT('',(-1.513341737,-6.971877274,5.991877274));
#4394=CARTESIAN_POINT('Origin',(-1.513341737,-2.171877274,6.991877274));
#4395=CARTESIAN_POINT('Origin',(-1.513341737,-2.171877274,39.991877274));
#4396=CARTESIAN_POINT('Origin',(-1.513341737,-2.991877289,39.991877274));
#4397=CARTESIAN_POINT('Origin',(-1.513341737,-5.971877274,39.991877274));
#4398=CARTESIAN_POINT('Origin',(-1.513341737,-2.171877274,39.991877274));
#4399=CARTESIAN_POINT('Origin',(-1.513341737,-5.971877274,6.991877274));
#4400=CARTESIAN_POINT('Origin',(-1.513341737,-5.971877274,39.991877274));
#4401=CARTESIAN_POINT('',(-1.513341737,-6.971877274,27.991877274));
#4402=CARTESIAN_POINT('Origin',(-22.013341737,-6.971877274,6.991877274));
#4403=CARTESIAN_POINT('',(1.986658233,-6.971877274,1.991877274));
#4404=CARTESIAN_POINT('',(-14.013341737,-6.971877274,1.991877274));
#4405=CARTESIAN_POINT('',(-44.5133417295,-6.971877274,1.991877274));
#4406=CARTESIAN_POINT('',(1.986658233,-6.971877274,-0.008122726));
#4407=CARTESIAN_POINT('',(-14.013341737,-6.972337484,24.991877274));
#4408=CARTESIAN_POINT('',(-14.013341737,-6.972337484,24.991877274));
#4409=CARTESIAN_POINT('',(-14.013341737,-6.971877274,24.991877274));
#4410=CARTESIAN_POINT('Origin',(1.986658233,-4.471877274,6.991877274));
#4411=CARTESIAN_POINT('',(4.486658233,-4.471877274,1.991877274));
#4412=CARTESIAN_POINT('Origin',(1.986658233,-4.471877274,1.991877274));
#4413=CARTESIAN_POINT('',(4.486658233,-4.471877274,5.991877274));
#4414=CARTESIAN_POINT('Origin',(4.486658233,-6.991877274,6.991877274));
#4415=CARTESIAN_POINT('',(4.486658233,-2.991877274,1.991877274));
#4416=CARTESIAN_POINT('',(4.486658233,-0.9918772705,1.991877274));
#4417=CARTESIAN_POINT('',(4.486658233,-2.991877274,-0.008122726));
#4418=CARTESIAN_POINT('Origin',(6.486658233,-2.991877274,3.241877274));
#4419=CARTESIAN_POINT('',(6.486658233,-0.991877274,1.991877274));
#4420=CARTESIAN_POINT('Origin',(6.486658233,-2.991877274,1.991877274));
#4421=CARTESIAN_POINT('',(6.486658233,-0.991877274,-0.008122726));
#4422=CARTESIAN_POINT('Origin',(16.986658263,-0.991877274,21.991877274));
#4423=CARTESIAN_POINT('',(27.486658293,-0.991877274,1.991877274));
#4424=CARTESIAN_POINT('',(-25.0133417295,-0.991877274,1.991877274));
#4425=CARTESIAN_POINT('',(27.486658293,-0.991877274,5.991877274));
#4426=CARTESIAN_POINT('Origin',(27.486658293,-2.991877274,3.241877274));
#4427=CARTESIAN_POINT('',(29.486658293,-2.991877274,1.991877274));
#4428=CARTESIAN_POINT('Origin',(27.486658293,-2.991877274,1.991877274));
#4429=CARTESIAN_POINT('',(29.486658293,-2.991877274,-0.008122726));
#4430=CARTESIAN_POINT('Origin',(29.486658293,-6.991877274,6.991877274));
#4431=CARTESIAN_POINT('',(29.486658293,-0.9918772705,1.991877274));
#4432=CARTESIAN_POINT('Origin',(35.486658263,-5.971877274,39.991877274));
#4433=CARTESIAN_POINT('Origin',(55.986658263,-6.971877274,6.991877274));
#4434=CARTESIAN_POINT('',(43.486658263,-6.971877274,40.238460716));
#4435=CARTESIAN_POINT('',(47.986658263,-6.972107379,27.991877274));
#4436=CARTESIAN_POINT('',(47.986658263,-6.972337484,27.991877274));
#4437=CARTESIAN_POINT('',(47.986658263,-6.97187727391675,41.5401689946133));
#4438=CARTESIAN_POINT('',(47.986658263,-6.971877274,27.991877274));
#4439=CARTESIAN_POINT('',(47.986658263,-6.971877274,41.540168995));
#4440=CARTESIAN_POINT('Origin',(43.486658263,-5.971877274,6.991877274));
#4441=CARTESIAN_POINT('Origin',(55.986658263,-5.971877274,41.540168995));
#4442=CARTESIAN_POINT('',(47.986658263,-6.61206167372826,42.3083902745168));
#4443=CARTESIAN_POINT('Origin',(47.986658263,-5.971877274,41.540168995));
#4444=CARTESIAN_POINT('',(44.486658263,-6.612061674,42.308390275));
#4445=CARTESIAN_POINT('Origin',(47.986658263,5.968399339,50.839545354));
#4446=CARTESIAN_POINT('',(47.986658263,12.5012891459068,58.2361826029119));
#4447=CARTESIAN_POINT('',(47.986658263,-6.612061674,42.308390275));
#4448=CARTESIAN_POINT('',(49.486658263,-5.47187727472489,41.3059815220873));
#4449=CARTESIAN_POINT('Origin',(47.986658263,-5.471877274,41.305981521));
#4450=CARTESIAN_POINT('',(49.486658263,12.501289145,56.283620186));
#4451=CARTESIAN_POINT('',(49.486658263,12.501289505,56.283620486));
#4452=CARTESIAN_POINT('Origin',(47.986658263,12.501289145,56.283620186));
#4453=CARTESIAN_POINT('Origin',(16.986658263,12.501289145,84.));
#4454=CARTESIAN_POINT('',(49.486658263,12.501289145,27.991877274));
#4455=CARTESIAN_POINT('',(49.486658263,12.501289145,56.283620918));
#4456=CARTESIAN_POINT('',(42.486658263,12.514475838,27.991877274));
#4457=CARTESIAN_POINT('',(49.486658263,12.501289145,27.991877274));
#4458=CARTESIAN_POINT('',(42.486658263,12.508122741,27.991877274));
#4459=CARTESIAN_POINT('',(47.986658263,12.501289145,58.236182604));
#4460=CARTESIAN_POINT('Origin',(-14.013341737,-6.812112519,40.189118819));
#4461=CARTESIAN_POINT('',(-15.513341737,-5.471877274,41.305981521));
#4462=CARTESIAN_POINT('',(-15.513341737,12.501289145,56.2836201801042));
#4463=CARTESIAN_POINT('',(-15.513341737,-5.471877274,41.305981521));
#4464=CARTESIAN_POINT('',(-14.013341737,-6.61206167428201,42.3083902752337));
#4465=CARTESIAN_POINT('Origin',(-14.013341737,-5.471877274,41.305981521));
#4466=CARTESIAN_POINT('',(-14.013341737,12.501289144905,58.2361826039209));
#4467=CARTESIAN_POINT('',(-14.013341737,12.501289145,58.236182604));
#4468=CARTESIAN_POINT('Origin',(-14.013341737,12.501289145,56.283620186));
#4469=CARTESIAN_POINT('Origin',(55.986658293,-5.971877274,41.540168995));
#4470=CARTESIAN_POINT('',(-14.013341737,-6.97187727391675,41.5401689946133));
#4471=CARTESIAN_POINT('Origin',(-14.013341737,-5.971877274,41.540168995));
#4472=CARTESIAN_POINT('',(-10.513341737,-6.971877274,41.540168995));
#4473=CARTESIAN_POINT('',(-14.013341737,-6.612061674,42.308390275));
#4474=CARTESIAN_POINT('Origin',(16.986658263,12.501289145,84.));
#4475=CARTESIAN_POINT('',(-8.513341737,12.514475838,27.991877274));
#4476=CARTESIAN_POINT('',(-8.513341737,12.508122741,27.991877274));
#4477=CARTESIAN_POINT('',(-15.513341737,12.501289145,27.991877274));
#4478=CARTESIAN_POINT('',(-8.513341737,12.501289145,27.991877274));
#4479=CARTESIAN_POINT('',(-15.513341737,12.501289145,56.283620939));
#4480=CARTESIAN_POINT('',(-14.013341737,12.501289145,58.236182604));
#4481=CARTESIAN_POINT('Origin',(-9.513341737,-5.971877274,6.991877274));
#4482=CARTESIAN_POINT('',(-9.513341737,-6.971877274,39.991877274));
#4483=CARTESIAN_POINT('Origin',(-22.013341737,-6.971877274,6.991877274));
#4484=CARTESIAN_POINT('',(-14.013341737,-6.972107379,27.991877274));
#4485=CARTESIAN_POINT('',(-14.013341737,-6.971877274,41.540168995));
#4486=CARTESIAN_POINT('',(-14.013341737,-6.972337484,27.991877274));
#4487=CARTESIAN_POINT('Origin',(-1.513341737,-5.971877274,39.991877274));
#4488=CARTESIAN_POINT('Origin',(-1.513341737,-2.171877274,39.991877274));
#4489=CARTESIAN_POINT('Origin',(47.986658263,-5.471877274,6.991877274));
#4490=CARTESIAN_POINT('',(49.486658263,-5.471877274,1.991877274));
#4491=CARTESIAN_POINT('Origin',(47.986658263,-5.471877274,1.991877274));
#4492=CARTESIAN_POINT('',(49.4866582512337,-5.472107379,24.991877274));
#4493=CARTESIAN_POINT('',(49.486658263,-5.471877274,24.991877274));
#4494=CARTESIAN_POINT('Origin',(47.986658263,-5.472337484,24.991877274));
#4495=CARTESIAN_POINT('Origin',(55.986658263,-6.972337484,6.991877274));
#4496=CARTESIAN_POINT('',(47.986658263,-6.972337484,24.991877274));
#4497=CARTESIAN_POINT('Origin',(-22.013341737,-6.972337484,6.991877274));
#4498=CARTESIAN_POINT('',(-14.013341737,-6.972337484,27.991877274));
#4499=CARTESIAN_POINT('Origin',(-14.013341737,-5.471877274,25.270439785));
#4500=CARTESIAN_POINT('',(-15.513341737,-5.471877274,1.991877274));
#4501=CARTESIAN_POINT('Origin',(-14.013341737,-5.471877274,1.991877274));
#4502=CARTESIAN_POINT('',(-15.5133417252337,-5.472107379,24.991877274));
#4503=CARTESIAN_POINT('Origin',(-14.013341737,-5.472337484,24.991877274));
#4504=CARTESIAN_POINT('',(-15.513341737,-5.471877274,-0.008122726));
#4505=CARTESIAN_POINT('Origin',(47.986658263,-5.471877274,6.991877274));
#4506=CARTESIAN_POINT('',(49.4866581571034,-5.47233748397352,27.991877274));
#4507=CARTESIAN_POINT('',(49.486658263,-5.471877274,41.305981521));
#4508=CARTESIAN_POINT('Origin',(47.986658263,-5.471877274,41.305981521));
#4509=CARTESIAN_POINT('Origin',(47.986658263,-5.471877274,27.991877274));
#4510=CARTESIAN_POINT('Ctrl Pts',(47.9864965567966,-6.97187726064367,41.5400745504059));
#4511=CARTESIAN_POINT('Ctrl Pts',(47.9864891809833,-6.97189126881129,41.6861157429946));
#4512=CARTESIAN_POINT('Ctrl Pts',(47.9864853126713,-6.93941082990418,41.832071061434));
#4513=CARTESIAN_POINT('Ctrl Pts',(47.9864853126713,-6.81552254164083,42.0965777122825));
#4514=CARTESIAN_POINT('Ctrl Pts',(47.9864891809833,-6.72419002945633,42.214968195216));
#4515=CARTESIAN_POINT('Ctrl Pts',(47.9864965567967,-6.61198910937291,42.308450728137));
#4516=CARTESIAN_POINT('Ctrl Pts',(48.1828942501527,-6.97189870111763,41.5400778962357));
#4517=CARTESIAN_POINT('Ctrl Pts',(48.191845127657,-6.97191487636597,41.6861218452408));
#4518=CARTESIAN_POINT('Ctrl Pts',(48.1965395004789,-6.93943502541078,41.8320799123662));
#4519=CARTESIAN_POINT('Ctrl Pts',(48.1965395004789,-6.81554483070102,42.0965906335567));
#4520=CARTESIAN_POINT('Ctrl Pts',(48.1918451276087,-6.7242098305199,42.2149824244788));
#4521=CARTESIAN_POINT('Ctrl Pts',(48.1828942500147,-6.61200540556746,42.3084650572174));
#4522=CARTESIAN_POINT('Ctrl Pts',(48.3792188919289,-6.93285946266908,41.533985743312));
#4523=CARTESIAN_POINT('Ctrl Pts',(48.3968452342669,-6.92892943502408,41.6750106475595));
#4524=CARTESIAN_POINT('Ctrl Pts',(48.4060742106224,-6.89537885756809,41.8159637472885));
#4525=CARTESIAN_POINT('Ctrl Pts',(48.4060742106224,-6.77495997862323,42.0730630657108));
#4526=CARTESIAN_POINT('Ctrl Pts',(48.396845234172,-6.68815536320014,42.1890733093638));
#4527=CARTESIAN_POINT('Ctrl Pts',(48.3792188916571,-6.58233297268974,42.2823743845281));
#4528=CARTESIAN_POINT('Ctrl Pts',(48.7420698272195,-6.78256602655723,41.5105316340397));
#4529=CARTESIAN_POINT('Ctrl Pts',(48.7682161448476,-6.76839131271258,41.6337964024064));
#4530=CARTESIAN_POINT('Ctrl Pts',(48.781775482,-6.73322559971933,41.7570225520326));
#4531=CARTESIAN_POINT('Ctrl Pts',(48.781775482,-6.62587211200482,41.9862267165563));
#4532=CARTESIAN_POINT('Ctrl Pts',(48.7682161447082,-6.55371970233889,42.0921292238146));
#4533=CARTESIAN_POINT('Ctrl Pts',(48.7420698268164,-6.46809951392655,42.1819307232678));
#4534=CARTESIAN_POINT('Ctrl Pts',(48.9084615788316,-6.67139047576358,41.4931819020942));
#4535=CARTESIAN_POINT('Ctrl Pts',(48.9343873700007,-6.65138764819059,41.6038640267932));
#4536=CARTESIAN_POINT('Ctrl Pts',(48.947725975,-6.6159210623385,41.7145242519385));
#4537=CARTESIAN_POINT('Ctrl Pts',(48.947725975,-6.51812747941021,41.923317622598));
#4538=CARTESIAN_POINT('Ctrl Pts',(48.9343873698636,-6.4558210930811,42.021406759076));
#4539=CARTESIAN_POINT('Ctrl Pts',(48.9084615784319,-6.38359822753885,42.1076303268132));
#4540=CARTESIAN_POINT('Ctrl Pts',(49.186146086385,-6.39371361487359,41.4498475481712));
#4541=CARTESIAN_POINT('Ctrl Pts',(49.2053855281083,-6.36857021916172,41.5319841425182));
#4542=CARTESIAN_POINT('Ctrl Pts',(49.215158416,-6.33684885423551,41.614116984978));
#4543=CARTESIAN_POINT('Ctrl Pts',(49.215158416,-6.26233480557302,41.7732075794308));
#4544=CARTESIAN_POINT('Ctrl Pts',(49.2053855280078,-6.21954613050795,41.8501567727076));
#4545=CARTESIAN_POINT('Ctrl Pts',(49.1861460860883,-6.17254346075499,41.9220550306226));
#4546=CARTESIAN_POINT('Ctrl Pts',(49.2973293549524,-6.22732146630776,41.4238799537534));
#4547=CARTESIAN_POINT('Ctrl Pts',(49.3104607902017,-6.20301172031435,41.4901007321001));
#4548=CARTESIAN_POINT('Ctrl Pts',(49.31708787,-6.17537899576884,41.5563202632958));
#4549=CARTESIAN_POINT('Ctrl Pts',(49.31708787,-6.11456365007489,41.6861635570379));
#4550=CARTESIAN_POINT('Ctrl Pts',(49.3104607901336,-6.08138243650474,41.7497843162763));
#4551=CARTESIAN_POINT('Ctrl Pts',(49.29732935475,-6.0460729444935,41.8108530897992));
#4552=CARTESIAN_POINT('Ctrl Pts',(49.4476150831107,-5.86450917459006,41.367257897818));
#4553=CARTESIAN_POINT('Ctrl Pts',(49.4510094920834,-5.84893201166362,41.4008121767253));
#4554=CARTESIAN_POINT('Ctrl Pts',(49.452700402,-5.83327844035894,41.4343668141177));
#4555=CARTESIAN_POINT('Ctrl Pts',(49.452700402,-5.80186897656035,41.5014273270546));
#4556=CARTESIAN_POINT('Ctrl Pts',(49.451009492066,-5.78611276192703,41.5349338888947));
#4557=CARTESIAN_POINT('Ctrl Pts',(49.4476150830583,-5.77030790793845,41.5683815227396));
#4558=CARTESIAN_POINT('Ctrl Pts',(49.486658263,-5.66822681171521,41.3366365970132));
#4559=CARTESIAN_POINT('Ctrl Pts',(49.486658263,-5.66823697124718,41.3366149059897));
#4560=CARTESIAN_POINT('Ctrl Pts',(49.486658263,-5.644676939,41.386916555));
#4561=CARTESIAN_POINT('Ctrl Pts',(49.486658263,-5.644676939,41.386916555));
#4562=CARTESIAN_POINT('Ctrl Pts',(49.486658263,-5.62111690651066,41.4372182045273));
#4563=CARTESIAN_POINT('Ctrl Pts',(49.486658263,-5.62112706628495,41.4371965129865));
#4564=CARTESIAN_POINT('Ctrl Pts',(49.486658263,-5.471877274,41.305981521));
#4565=CARTESIAN_POINT('Ctrl Pts',(49.486658263,-5.471877274,41.305981521));
#4566=CARTESIAN_POINT('Ctrl Pts',(49.486658263,-5.471877274,41.305981521));
#4567=CARTESIAN_POINT('Ctrl Pts',(49.486658263,-5.471877274,41.305981521));
#4568=CARTESIAN_POINT('Ctrl Pts',(49.486658263,-5.471877274,41.305981521));
#4569=CARTESIAN_POINT('Ctrl Pts',(49.486658263,-5.471877274,41.305981521));
#4570=CARTESIAN_POINT('Origin',(49.486658263,5.639659785,25.270439785));
#4571=CARTESIAN_POINT('',(49.486658263,-5.472337484,27.991877274));
#4572=CARTESIAN_POINT('',(49.486658263,12.501289145,1.991877274));
#4573=CARTESIAN_POINT('',(49.486658263,5.323891259,1.991877274));
#4574=CARTESIAN_POINT('',(49.486658263,12.501289145,24.991877274));
#4575=CARTESIAN_POINT('',(49.486658263,12.501289145,24.991877274));
#4576=CARTESIAN_POINT('',(49.486658263,12.520828936,24.991877274));
#4577=CARTESIAN_POINT('',(49.486658263,12.501289145,24.991877274));
#4578=CARTESIAN_POINT('',(49.486658263,12.520828936,27.991877274));
#4579=CARTESIAN_POINT('',(49.486658263,12.520828936,27.991877274));
#4580=CARTESIAN_POINT('',(49.486658263,12.501289145,27.991877274));
#4581=CARTESIAN_POINT('Origin',(16.986658263,6.97568271,27.991877274));
#4582=CARTESIAN_POINT('',(49.486658263,12.520828936,27.991877274));
#4583=CARTESIAN_POINT('Origin',(16.986658263,6.97568271,27.991877274));
#4584=CARTESIAN_POINT('',(-8.513341737,12.527662531,27.991877274));
#4585=CARTESIAN_POINT('',(-8.513341737,12.508122741,27.991877274));
#4586=CARTESIAN_POINT('Origin',(-15.513341737,5.639659785,25.270439785));
#4587=CARTESIAN_POINT('',(-15.5133417017011,-5.47233748398014,27.991877274));
#4588=CARTESIAN_POINT('',(-15.513341737,-5.471877274,27.991877274));
#4589=CARTESIAN_POINT('',(-15.513341737,12.520828936,27.991877274));
#4590=CARTESIAN_POINT('',(-15.513341737,12.520828936,27.991877274));
#4591=CARTESIAN_POINT('',(-15.513341737,12.520828936,24.991877274));
#4592=CARTESIAN_POINT('',(-15.513341737,12.520828936,27.991877274));
#4593=CARTESIAN_POINT('',(-15.513341737,12.501289145,24.991877274));
#4594=CARTESIAN_POINT('',(-15.513341737,12.520828936,24.991877274));
#4595=CARTESIAN_POINT('',(-15.513341737,12.501289145,1.991877274));
#4596=CARTESIAN_POINT('',(-15.513341737,12.501289145,24.991877274));
#4597=CARTESIAN_POINT('',(-15.513341737,5.323891259,1.991877274));
#4598=CARTESIAN_POINT('',(-15.513341737,-5.472337484,24.991877274));
#4599=CARTESIAN_POINT('Ctrl Pts',(-14.0131800305733,-6.61198910927247,42.3084507282206));
#4600=CARTESIAN_POINT('Ctrl Pts',(-14.0131726547498,-6.72419002940182,42.2149681952866));
#4601=CARTESIAN_POINT('Ctrl Pts',(-14.0131687864332,-6.81552254162232,42.096577712322));
#4602=CARTESIAN_POINT('Ctrl Pts',(-14.0131687864332,-6.93941082993392,41.8320710613704));
#4603=CARTESIAN_POINT('Ctrl Pts',(-14.0131726547497,-6.97189126884248,41.6861157428543));
#4604=CARTESIAN_POINT('Ctrl Pts',(-14.0131800305732,-6.97187726064362,41.5400745501954));
#4605=CARTESIAN_POINT('Ctrl Pts',(-14.2095777238584,-6.61200540548954,42.3084650573209));
#4606=CARTESIAN_POINT('Ctrl Pts',(-14.2185286014515,-6.72420983049275,42.2149824245691));
#4607=CARTESIAN_POINT('Ctrl Pts',(-14.22322297332,-6.81554483071331,42.096590633614));
#4608=CARTESIAN_POINT('Ctrl Pts',(-14.22322297332,-6.93943502547395,41.8320799123149));
#4609=CARTESIAN_POINT('Ctrl Pts',(-14.218528601498,-6.97191487642978,41.686121845109));
#4610=CARTESIAN_POINT('Ctrl Pts',(-14.2095777239915,-6.9718987011472,41.5400778960298));
#4611=CARTESIAN_POINT('Ctrl Pts',(-14.4059023645724,-6.58233297261673,42.2823743846306));
#4612=CARTESIAN_POINT('Ctrl Pts',(-14.423528707096,-6.68815536317388,42.1890733094514));
#4613=CARTESIAN_POINT('Ctrl Pts',(-14.432757683551,-6.77495997863358,42.0730630657656));
#4614=CARTESIAN_POINT('Ctrl Pts',(-14.432757683551,-6.89537885762782,41.8159637472379));
#4615=CARTESIAN_POINT('Ctrl Pts',(-14.4235287071875,-6.92892943508681,41.6750106474318));
#4616=CARTESIAN_POINT('Ctrl Pts',(-14.4059023648346,-6.93285946270328,41.5339857431131));
#4617=CARTESIAN_POINT('Ctrl Pts',(-14.768753299793,-6.46809951384992,42.1819307233481));
#4618=CARTESIAN_POINT('Ctrl Pts',(-14.7948996177001,-6.55371970229584,42.0921292238778));
#4619=CARTESIAN_POINT('Ctrl Pts',(-14.808458955,-6.6258721119888,41.9862267165905));
#4620=CARTESIAN_POINT('Ctrl Pts',(-14.808458955,-6.73322559974512,41.7570225519776));
#4621=CARTESIAN_POINT('Ctrl Pts',(-14.7948996178345,-6.76839131274638,41.633796402288));
#4622=CARTESIAN_POINT('Ctrl Pts',(-14.7687533001818,-6.78256602657766,41.510531633862));
#4623=CARTESIAN_POINT('Ctrl Pts',(-14.9351450524086,-6.38359822747422,42.1076303268904));
#4624=CARTESIAN_POINT('Ctrl Pts',(-14.9610708438556,-6.45582109304392,42.0214067591346));
#4625=CARTESIAN_POINT('Ctrl Pts',(-14.974409449,-6.51812747939562,41.9233176226292));
#4626=CARTESIAN_POINT('Ctrl Pts',(-14.974409449,-6.615921062362,41.7145242518883));
#4627=CARTESIAN_POINT('Ctrl Pts',(-14.9610708439879,-6.65138764822468,41.6038640266869));
#4628=CARTESIAN_POINT('Ctrl Pts',(-14.9351450527942,-6.67139047579241,41.4931819019346));
#4629=CARTESIAN_POINT('Ctrl Pts',(-15.2128295590705,-6.17254346071292,41.9220550306869));
#4630=CARTESIAN_POINT('Ctrl Pts',(-15.232069002002,-6.21954613048242,41.8501567727536));
#4631=CARTESIAN_POINT('Ctrl Pts',(-15.24184189,-6.2623348055619,41.7732075794545));
#4632=CARTESIAN_POINT('Ctrl Pts',(-15.24184189,-6.33684885425342,41.6141169849398));
#4633=CARTESIAN_POINT('Ctrl Pts',(-15.2320690020989,-6.3685702191922,41.5319841424392));
#4634=CARTESIAN_POINT('Ctrl Pts',(-15.2128295593566,-6.39371361490984,41.4498475480527));
#4635=CARTESIAN_POINT('Ctrl Pts',(-15.3240128277382,-6.0460729444619,41.8108530898539));
#4636=CARTESIAN_POINT('Ctrl Pts',(-15.3371442631292,-6.08138243648495,41.7497843163143));
#4637=CARTESIAN_POINT('Ctrl Pts',(-15.343771344,-6.11456365006582,41.6861635570572));
#4638=CARTESIAN_POINT('Ctrl Pts',(-15.343771344,-6.17537899578345,41.5563202632646));
#4639=CARTESIAN_POINT('Ctrl Pts',(-15.3371442631949,-6.20301172034091,41.4901007320365));
#4640=CARTESIAN_POINT('Ctrl Pts',(-15.3240128279335,-6.22732146634281,41.4238799536579));
#4641=CARTESIAN_POINT('Ctrl Pts',(-15.4742985570553,-5.7703079079243,41.5683815227695));
#4642=CARTESIAN_POINT('Ctrl Pts',(-15.477692966065,-5.78611276191763,41.5349338889147));
#4643=CARTESIAN_POINT('Ctrl Pts',(-15.479383876,-5.80186897655566,41.5014273270646));
#4644=CARTESIAN_POINT('Ctrl Pts',(-15.479383876,-5.83327844036649,41.4343668141016));
#4645=CARTESIAN_POINT('Ctrl Pts',(-15.4776929660818,-5.84893201167867,41.400812176693));
#4646=CARTESIAN_POINT('Ctrl Pts',(-15.4742985571057,-5.86450917461252,41.3672578977696));
#4647=CARTESIAN_POINT('Ctrl Pts',(-15.513341737,-5.62112706628496,41.4371965129865));
#4648=CARTESIAN_POINT('Ctrl Pts',(-15.513341737,-5.6211169064966,41.4372182045573));
#4649=CARTESIAN_POINT('Ctrl Pts',(-15.513341737,-5.644676939,41.386916555));
#4650=CARTESIAN_POINT('Ctrl Pts',(-15.513341737,-5.644676939,41.386916555));
#4651=CARTESIAN_POINT('Ctrl Pts',(-15.513341737,-5.66823697126982,41.3366149059414));
#4652=CARTESIAN_POINT('Ctrl Pts',(-15.513341737,-5.66822681171519,41.3366365970132));
#4653=CARTESIAN_POINT('Ctrl Pts',(-15.513341737,-5.471877274,41.305981521));
#4654=CARTESIAN_POINT('Ctrl Pts',(-15.513341737,-5.471877274,41.305981521));
#4655=CARTESIAN_POINT('Ctrl Pts',(-15.513341737,-5.471877274,41.305981521));
#4656=CARTESIAN_POINT('Ctrl Pts',(-15.513341737,-5.471877274,41.305981521));
#4657=CARTESIAN_POINT('Ctrl Pts',(-15.513341737,-5.471877274,41.305981521));
#4658=CARTESIAN_POINT('Ctrl Pts',(-15.513341737,-5.471877274,41.305981521));
#4659=CARTESIAN_POINT('Origin',(-14.013341737,-5.471877274,41.305981521));
#4660=CARTESIAN_POINT('Origin',(16.986658263,6.97568271,27.991877274));
#4661=CARTESIAN_POINT('',(-8.513341737,12.520828936,27.991877274));
#4662=CARTESIAN_POINT('Origin',(-14.013341737,-5.471877274,25.270439785));
#4663=CARTESIAN_POINT('Origin',(-14.013341737,-5.471877274,27.991877274));
#4664=CARTESIAN_POINT('Origin',(16.986658263,12.508122741,-4.008122726));
#4665=CARTESIAN_POINT('',(42.486658263,12.501289145,-0.008122726));
#4666=CARTESIAN_POINT('',(42.486658263,12.51105904,24.991877274));
#4667=CARTESIAN_POINT('',(42.486658263,12.501289145,-0.008122726));
#4668=CARTESIAN_POINT('',(-8.513341737,12.501289145,-0.008122726));
#4669=CARTESIAN_POINT('',(-8.513341737,12.508122741,-0.008122726));
#4670=CARTESIAN_POINT('',(-8.513341737,12.51105904,24.991877274));
#4671=CARTESIAN_POINT('',(-8.513341737,12.501289145,-0.008122726));
#4672=CARTESIAN_POINT('',(-8.513341737,12.508122741,24.991877274));
#4673=CARTESIAN_POINT('',(18.986658263,12.508122741,15.991877274));
#4674=CARTESIAN_POINT('Origin',(16.986658263,12.508122741,15.991877274));
#4675=CARTESIAN_POINT('Origin',(47.986658263,-5.472337484,6.991877274));
#4676=CARTESIAN_POINT('Origin',(-14.013341737,-5.472337484,25.270439785));
#4677=CARTESIAN_POINT('Origin',(16.986658263,5.243622866,24.991877274));
#4678=CARTESIAN_POINT('',(49.486658263,12.501289145,24.991877274));
#4679=CARTESIAN_POINT('',(49.486658263,12.520828936,24.991877274));
#4680=CARTESIAN_POINT('Origin',(16.986658263,12.520828936,84.));
#4681=CARTESIAN_POINT('',(42.486658263,12.520828936,24.991877274));
#4682=CARTESIAN_POINT('Origin',(16.986658263,12.527662531,-4.008122726));
#4683=CARTESIAN_POINT('',(-8.513341737,12.520828936,24.991877274));
#4684=CARTESIAN_POINT('',(-8.513341737,12.527662531,24.991877274));
#4685=CARTESIAN_POINT('Origin',(16.986658263,12.520828936,84.));
#4686=CARTESIAN_POINT('',(-8.513341737,12.520828936,24.991877274));
#4687=CARTESIAN_POINT('Origin',(16.986658263,5.243622866,24.991877274));
#4688=CARTESIAN_POINT('',(-8.513341737,12.501289145,24.991877274));
#4689=CARTESIAN_POINT('Origin',(16.986658263,5.243622866,24.991877274));
#4690=CARTESIAN_POINT('Origin',(42.486658263,-1.472337499,6.991877274));
#4691=CARTESIAN_POINT('Origin',(16.986658263,3.328122741,43.991877274));
#4692=CARTESIAN_POINT('',(14.986658263,6.828122741,43.991877274));
#4693=CARTESIAN_POINT('',(13.586658263,3.328122741,43.991877274));
#4694=CARTESIAN_POINT('',(18.986658263,6.828122741,43.991877274));
#4695=CARTESIAN_POINT('Origin',(16.986658263,6.828122741,43.991877274));
#4696=CARTESIAN_POINT('Origin',(16.986658263,6.828122741,43.991877274));
#4697=CARTESIAN_POINT('Origin',(16.986658263,3.328122741,15.991877274));
#4698=CARTESIAN_POINT('',(14.986658263,6.828122741,15.991877274));
#4699=CARTESIAN_POINT('',(13.586658263,3.328122741,15.991877274));
#4700=CARTESIAN_POINT('',(18.986658263,6.828122741,15.991877274));
#4701=CARTESIAN_POINT('Origin',(16.986658263,6.828122741,15.991877274));
#4702=CARTESIAN_POINT('Origin',(16.986658263,6.828122741,15.991877274));
#4703=CARTESIAN_POINT('Origin',(16.986658263,6.828122741,15.991877274));
#4704=CARTESIAN_POINT('',(18.986658263,6.828122741,15.991877274));
#4705=CARTESIAN_POINT('Origin',(16.986658263,6.828122741,43.991877274));
#4706=CARTESIAN_POINT('',(18.986658263,12.508122741,43.991877274));
#4707=CARTESIAN_POINT('',(18.986658263,6.828122741,43.991877274));
#4708=CARTESIAN_POINT('Origin',(16.986658263,12.508122741,43.991877274));
#4709=CARTESIAN_POINT('Origin',(16.986658263,12.501289145,84.));
#4710=CARTESIAN_POINT('',(-13.513341737,12.501289145,-0.008122726));
#4711=CARTESIAN_POINT('Origin',(-13.513341737,12.501289145,1.991877274));
#4712=CARTESIAN_POINT('',(-15.513341737,12.501289145,-0.008122726));
#4713=CARTESIAN_POINT('Origin',(-67.013341722,5.008122733,-0.008122726));
#4714=CARTESIAN_POINT('',(47.486658263,-4.971877274,-0.00812272599999969));
#4715=CARTESIAN_POINT('',(47.486658263,12.501289145,-0.008122726));
#4716=CARTESIAN_POINT('',(47.486658263,5.323891259,-0.00812272599999997));
#4717=CARTESIAN_POINT('',(31.986658293,-4.971877274,-0.00812272599999997));
#4718=CARTESIAN_POINT('',(-5.5133417295,-4.971877274,-0.00812272599999997));
#4719=CARTESIAN_POINT('',(31.486658293,-4.471877274,-0.00812272599999997));
#4720=CARTESIAN_POINT('Origin',(31.986658293,-4.471877274,-0.00812272599999997));
#4721=CARTESIAN_POINT('',(31.486658293,-2.991877274,-0.00812272599999997));
#4722=CARTESIAN_POINT('',(31.486658293,-0.9918772705,-0.00812272599999997));
#4723=CARTESIAN_POINT('',(27.486658293,1.008122726,-0.00812272599999997));
#4724=CARTESIAN_POINT('Origin',(27.486658293,-2.991877274,-0.00812272599999997));
#4725=CARTESIAN_POINT('',(6.486658233,1.008122726,-0.00812272599999997));
#4726=CARTESIAN_POINT('',(-25.0133417295,1.008122726,-0.00812272599999997));
#4727=CARTESIAN_POINT('',(2.486658233,-2.991877274,-0.00812272599999997));
#4728=CARTESIAN_POINT('Origin',(6.486658233,-2.991877274,-0.00812272599999997));
#4729=CARTESIAN_POINT('',(2.486658233,-4.471877274,-0.00812272599999997));
#4730=CARTESIAN_POINT('',(2.486658233,-0.9918772705,-0.00812272599999997));
#4731=CARTESIAN_POINT('',(1.986658233,-4.971877274,-0.00812272599999997));
#4732=CARTESIAN_POINT('Origin',(1.986658233,-4.471877274,-0.00812272599999997));
#4733=CARTESIAN_POINT('',(-13.513341737,-4.971877274,-0.00812272600000025));
#4734=CARTESIAN_POINT('',(-44.5133417295,-4.971877274,-0.00812272599999997));
#4735=CARTESIAN_POINT('',(-13.513341737,5.323891259,-0.00812272599999997));
#4736=CARTESIAN_POINT('',(42.486658263,12.501289145,-0.008122726));
#4737=CARTESIAN_POINT('Origin',(16.986658263,12.501289145,84.));
#4738=CARTESIAN_POINT('Origin',(47.486658263,12.501289145,1.991877274));
#4739=CARTESIAN_POINT('Origin',(-13.513341737,5.323891259,1.991877274));
#4740=CARTESIAN_POINT('Origin',(-13.513341737,-4.971877274,1.991877274));
#4741=CARTESIAN_POINT('Origin',(-5.5133417295,-4.971877274,1.991877274));
#4742=CARTESIAN_POINT('Origin',(47.486658263,-4.971877274,1.991877274));
#4743=CARTESIAN_POINT('Origin',(31.986658293,-4.971877274,1.991877274));
#4744=CARTESIAN_POINT('Ctrl Pts',(31.486658293,-4.471877274,-0.00812272599999997));
#4745=CARTESIAN_POINT('Ctrl Pts',(31.486658293,-4.971877274,-0.00812272599999997));
#4746=CARTESIAN_POINT('Ctrl Pts',(31.986658293,-4.971877274,-0.00812272599999997));
#4747=CARTESIAN_POINT('Ctrl Pts',(29.486658293,-4.471877274,-0.00812272600000164));
#4748=CARTESIAN_POINT('Ctrl Pts',(29.486658293,-6.971877274,-0.00812272600000164));
#4749=CARTESIAN_POINT('Ctrl Pts',(31.986658293,-6.971877274,-0.00812272600000163));
#4750=CARTESIAN_POINT('Ctrl Pts',(29.486658293,-4.471877274,1.991877274));
#4751=CARTESIAN_POINT('Ctrl Pts',(29.486658293,-6.971877274,1.991877274));
#4752=CARTESIAN_POINT('Ctrl Pts',(31.986658293,-6.971877274,1.991877274));
#4753=CARTESIAN_POINT('Origin',(31.486658293,-4.471877274,1.991877274));
#4754=CARTESIAN_POINT('Origin',(31.486658293,-0.9918772705,1.991877274));
#4755=CARTESIAN_POINT('Origin',(31.486658293,-2.991877274,1.991877274));
#4756=CARTESIAN_POINT('Origin',(27.486658293,-2.991877274,1.991877274));
#4757=CARTESIAN_POINT('Origin',(27.486658293,1.008122726,1.991877274));
#4758=CARTESIAN_POINT('Origin',(-25.0133417295,1.008122726,1.991877274));
#4759=CARTESIAN_POINT('Origin',(6.486658233,1.008122726,1.991877274));
#4760=CARTESIAN_POINT('Origin',(6.486658233,-2.991877274,1.991877274));
#4761=CARTESIAN_POINT('Origin',(2.486658233,-2.991877274,1.991877274));
#4762=CARTESIAN_POINT('Origin',(2.486658233,-0.9918772705,1.991877274));
#4763=CARTESIAN_POINT('Origin',(2.486658233,-4.471877274,1.991877274));
#4764=CARTESIAN_POINT('Ctrl Pts',(4.486658233,-4.471877274,1.991877274));
#4765=CARTESIAN_POINT('Ctrl Pts',(4.48665823300001,-6.971877274,1.991877274));
#4766=CARTESIAN_POINT('Ctrl Pts',(1.986658233,-6.971877274,1.991877274));
#4767=CARTESIAN_POINT('Ctrl Pts',(4.486658233,-4.471877274,-0.00812272600000083));
#4768=CARTESIAN_POINT('Ctrl Pts',(4.48665823300001,-6.971877274,-0.00812272600000083));
#4769=CARTESIAN_POINT('Ctrl Pts',(1.986658233,-6.971877274,-0.0081227260000008));
#4770=CARTESIAN_POINT('Ctrl Pts',(2.486658233,-4.471877274,-0.00812272599999997));
#4771=CARTESIAN_POINT('Ctrl Pts',(2.486658233,-4.971877274,-0.00812272599999997));
#4772=CARTESIAN_POINT('Ctrl Pts',(1.986658233,-4.971877274,-0.00812272599999997));
#4773=CARTESIAN_POINT('Origin',(1.986658233,-4.971877274,1.991877274));
#4774=CARTESIAN_POINT('Origin',(-44.5133417295,-4.971877274,1.991877274));
#4775=CARTESIAN_POINT('Origin',(-13.513341737,-4.971877274,1.991877274));
#4776=CARTESIAN_POINT('Ctrl Pts',(-15.513341737,-5.471877274,1.991877274));
#4777=CARTESIAN_POINT('Ctrl Pts',(-15.513341737,-5.471877274,1.69267797365812));
#4778=CARTESIAN_POINT('Ctrl Pts',(-15.3765937991492,-5.43769028953731,1.09520316244986));
#4779=CARTESIAN_POINT('Ctrl Pts',(-14.7075529897976,-5.27043008719939,0.253757632739457));
#4780=CARTESIAN_POINT('Ctrl Pts',(-13.9621406875128,-5.08407701162821,-0.008122726));
#4781=CARTESIAN_POINT('Ctrl Pts',(-13.513341737,-4.971877274,-0.00812272599999997));
#4782=CARTESIAN_POINT('Ctrl Pts',(-15.513341737,-5.92067622451283,1.991877274));
#4783=CARTESIAN_POINT('Ctrl Pts',(-15.513341737,-5.92067622451283,1.62450838379245));
#4784=CARTESIAN_POINT('Ctrl Pts',(-15.3016546750424,-5.80764569404241,0.909625862255116));
#4785=CARTESIAN_POINT('Ctrl Pts',(-14.5394365193919,-5.44057371102776,0.164428845424581));
#4786=CARTESIAN_POINT('Ctrl Pts',(-13.8980265517253,-5.14819114741575,-0.008122726));
#4787=CARTESIAN_POINT('Ctrl Pts',(-13.513341737,-4.971877274,-0.00812272599999997));
#4788=CARTESIAN_POINT('Ctrl Pts',(-15.1372762013946,-6.69811282141576,1.991877274));
#4789=CARTESIAN_POINT('Ctrl Pts',(-15.1372762013946,-6.69811282141576,1.5659354078712));
#4790=CARTESIAN_POINT('Ctrl Pts',(-14.9054344730555,-6.45248141764307,0.752088070847688));
#4791=CARTESIAN_POINT('Ctrl Pts',(-14.2394648955722,-5.74139149893032,0.0981770652535734));
#4792=CARTESIAN_POINT('Ctrl Pts',(-13.7858268140971,-5.26039088504396,-0.008122726));
#4793=CARTESIAN_POINT('Ctrl Pts',(-13.513341737,-4.971877274,-0.00812272599999997));
#4794=CARTESIAN_POINT('Ctrl Pts',(-14.3499409498846,-6.971877274,1.991877274));
#4795=CARTESIAN_POINT('Ctrl Pts',(-14.3499409498846,-6.971877274,1.64227577438359));
#4796=CARTESIAN_POINT('Ctrl Pts',(-14.2567541480119,-6.77906122629907,0.956936105494923));
#4797=CARTESIAN_POINT('Ctrl Pts',(-13.9403385438438,-6.04089945153624,0.186343860403556));
#4798=CARTESIAN_POINT('Ctrl Pts',(-13.6736270764689,-5.37259062267217,-0.008122726));
#4799=CARTESIAN_POINT('Ctrl Pts',(-13.513341737,-4.971877274,-0.00812272599999997));
#4800=CARTESIAN_POINT('Ctrl Pts',(-14.013341737,-6.971877274,1.991877274));
#4801=CARTESIAN_POINT('Ctrl Pts',(-14.013341737,-6.971877274,1.69267797365812));
#4802=CARTESIAN_POINT('Ctrl Pts',(-13.9791547525373,-6.83512933614925,1.09520316244986));
#4803=CARTESIAN_POINT('Ctrl Pts',(-13.8118945501994,-6.16608852679757,0.253757632739457));
#4804=CARTESIAN_POINT('Ctrl Pts',(-13.6255414746282,-5.42067622451283,-0.008122726));
#4805=CARTESIAN_POINT('Ctrl Pts',(-13.513341737,-4.971877274,-0.00812272599999997));
#4806=CARTESIAN_POINT('Origin',(47.486658263,5.323891259,1.991877274));
#4807=CARTESIAN_POINT('Origin',(47.486658263,-4.971877274,1.991877274));
#4808=CARTESIAN_POINT('Ctrl Pts',(47.986658263,-6.971877274,1.991877274));
#4809=CARTESIAN_POINT('Ctrl Pts',(47.986658263,-6.971877274,1.69267797365812));
#4810=CARTESIAN_POINT('Ctrl Pts',(47.9524526910735,-6.83505498629416,1.09529488037251));
#4811=CARTESIAN_POINT('Ctrl Pts',(47.7851865257173,-6.16599032486921,0.254020731670569));
#4812=CARTESIAN_POINT('Ctrl Pts',(47.5988580006282,-5.42067622451283,-0.00812272599999997));
#4813=CARTESIAN_POINT('Ctrl Pts',(47.486658263,-4.971877274,-0.00812272599999997));
#4814=CARTESIAN_POINT('Ctrl Pts',(48.4354572135128,-6.971877274,1.991877274));
#4815=CARTESIAN_POINT('Ctrl Pts',(48.4354572135128,-6.971877274,1.62450838379245));
#4816=CARTESIAN_POINT('Ctrl Pts',(48.3220092007381,-6.75947523617642,0.909649653223901));
#4817=CARTESIAN_POINT('Ctrl Pts',(47.9548535181837,-5.99706688519199,0.164403024124508));
#4818=CARTESIAN_POINT('Ctrl Pts',(47.6629721364158,-5.35656208872528,-0.00812272599999997));
#4819=CARTESIAN_POINT('Ctrl Pts',(47.486658263,-4.971877274,-0.00812272599999997));
#4820=CARTESIAN_POINT('Ctrl Pts',(49.2126204218574,-6.59548354057671,1.991877274));
#4821=CARTESIAN_POINT('Ctrl Pts',(49.2126204218574,-6.59548354057671,1.56593540787121));
#4822=CARTESIAN_POINT('Ctrl Pts',(48.9664875864622,-6.36323105977835,0.753243456151959));
#4823=CARTESIAN_POINT('Ctrl Pts',(48.25568264617,-5.69757345369801,0.0983084330461866));
#4824=CARTESIAN_POINT('Ctrl Pts',(47.7751718740439,-5.24436235109707,-0.00812272599999997));
#4825=CARTESIAN_POINT('Ctrl Pts',(47.486658263,-4.971877274,-0.00812272599999997));
#4826=CARTESIAN_POINT('Ctrl Pts',(49.486658263,-5.80847648688462,1.991877274));
#4827=CARTESIAN_POINT('Ctrl Pts',(49.486658263,-5.80847648688462,1.64227577438358));
#4828=CARTESIAN_POINT('Ctrl Pts',(49.2934504816107,-5.71512543783105,0.957261073337996));
#4829=CARTESIAN_POINT('Ctrl Pts',(48.5553179223428,-5.39881067175383,0.186437324814574));
#4830=CARTESIAN_POINT('Ctrl Pts',(47.8873716116722,-5.13216261346887,-0.00812272599999997));
#4831=CARTESIAN_POINT('Ctrl Pts',(47.486658263,-4.971877274,-0.00812272599999997));
#4832=CARTESIAN_POINT('Ctrl Pts',(49.486658263,-5.471877274,1.991877274));
#4833=CARTESIAN_POINT('Ctrl Pts',(49.486658263,-5.471877274,1.69267797365812));
#4834=CARTESIAN_POINT('Ctrl Pts',(49.3498359752941,-5.43767170207354,1.09529488037251));
#4835=CARTESIAN_POINT('Ctrl Pts',(48.6807713138692,-5.2704055367173,0.25402073167057));
#4836=CARTESIAN_POINT('Ctrl Pts',(47.9354572135128,-5.08407701162821,-0.00812272599999997));
#4837=CARTESIAN_POINT('Ctrl Pts',(47.486658263,-4.971877274,-0.00812272599999997));
#4838=CARTESIAN_POINT('Origin',(-22.013341767,5.008122741,51.991877274));
#4839=CARTESIAN_POINT('',(42.486658263,12.501289145,58.236182604));
#4840=CARTESIAN_POINT('Origin',(55.986658293,5.008122741,51.991877274));
#4841=CARTESIAN_POINT('',(-10.513341737,4.047753942,51.191569943));
#4842=CARTESIAN_POINT('Origin',(44.486658263,5.328122741,49.655127383));
#4843=CARTESIAN_POINT('Origin',(42.486658263,-1.491877289,6.991877274));
#4844=CARTESIAN_POINT('Origin',(16.986658263,12.508122741,-4.008122726));
#4845=CARTESIAN_POINT('Origin',(-9.75077860407646,7.918014627987,70.1104404069236));
#4846=CARTESIAN_POINT('',(-6.03846800284707,11.418014627987,66.3981298056942));
#4847=CARTESIAN_POINT('',(-8.513341737,11.418014627987,68.8730035398471));
#4848=CARTESIAN_POINT('',(-9.75077860407646,11.418014627987,70.1104404069236));
#4849=CARTESIAN_POINT('',(-8.513341737,7.918014627987,63.9232560715413));
#4850=CARTESIAN_POINT('Origin',(-6.03846800284707,7.918014627987,66.3981298056942));
#4851=CARTESIAN_POINT('',(-8.513341737,5.828122741,64.9025245005608));
#4852=CARTESIAN_POINT('Origin',(-8.513341737,7.918014627987,68.8730035398471));
#4853=CARTESIAN_POINT('',(-8.513341737,5.828122741,72.8434825791334));
#4854=CARTESIAN_POINT('Ctrl Pts',(-8.513341737,5.828122741,72.8434825791334));
#4855=CARTESIAN_POINT('Ctrl Pts',(-8.513341737,5.59327286533472,72.5962525371378));
#4856=CARTESIAN_POINT('Ctrl Pts',(-8.48358706142712,5.41014503754721,72.313447478197));
#4857=CARTESIAN_POINT('Ctrl Pts',(-8.4018077120322,5.06557807234131,71.65817259777));
#4858=CARTESIAN_POINT('Ctrl Pts',(-8.34489855163565,4.91610826663091,71.2781212617066));
#4859=CARTESIAN_POINT('Ctrl Pts',(-8.17892478199042,4.55071623804853,70.0895655420799));
#4860=CARTESIAN_POINT('Ctrl Pts',(-8.07770486145628,4.418014627987,69.2406707503589));
#4861=CARTESIAN_POINT('Ctrl Pts',(-8.07770486145628,4.418014627987,68.1062948053594));
#4862=CARTESIAN_POINT('Ctrl Pts',(-8.09481332564783,4.44167917994119,67.7635827897576));
#4863=CARTESIAN_POINT('Ctrl Pts',(-8.16803377093513,4.55845678573416,67.0875961604631));
#4864=CARTESIAN_POINT('Ctrl Pts',(-8.22441168932987,4.65232669441401,66.7544813472916));
#4865=CARTESIAN_POINT('Ctrl Pts',(-8.39626735673499,5.02665752583239,65.8630411221395));
#4866=CARTESIAN_POINT('Ctrl Pts',(-8.513341737,5.40757872017874,65.3452375981689));
#4867=CARTESIAN_POINT('Ctrl Pts',(-8.513341737,5.828122741,64.9025245005608));
#4868=CARTESIAN_POINT('',(-8.513341737,5.977025297503,72.991877274));
#4869=CARTESIAN_POINT('Origin',(-8.513341737,7.918014627987,68.8730035398471));
#4870=CARTESIAN_POINT('',(-8.4624306035051,7.918014627987,73.7718398746581));
#4871=CARTESIAN_POINT('Ctrl Pts',(-8.46243060350509,7.918014627987,73.771839874658));
#4872=CARTESIAN_POINT('Ctrl Pts',(-8.46243060350509,7.59021243597774,73.771839874658));
#4873=CARTESIAN_POINT('Ctrl Pts',(-8.47146236781968,7.23934733087623,73.7107374982495));
#4874=CARTESIAN_POINT('Ctrl Pts',(-8.49644260891662,6.58712469153166,73.4592838927424));
#4875=CARTESIAN_POINT('Ctrl Pts',(-8.51092608325336,6.28591346912044,73.2684100471106));
#4876=CARTESIAN_POINT('Ctrl Pts',(-8.51324122904042,6.01965347011602,73.0314764863626));
#4877=CARTESIAN_POINT('Ctrl Pts',(-8.513341737,5.99829877469502,73.011927217221));
#4878=CARTESIAN_POINT('Ctrl Pts',(-8.513341737,5.977025297503,72.991877274));
#4879=CARTESIAN_POINT('',(-8.513341737,9.859003958471,72.991877274));
#4880=CARTESIAN_POINT('Ctrl Pts',(-8.513341737,9.859003958471,72.991877274));
#4881=CARTESIAN_POINT('Ctrl Pts',(-8.513341737,9.83773048127897,73.011927217221));
#4882=CARTESIAN_POINT('Ctrl Pts',(-8.51324122904042,9.81637578585797,73.0314764863626));
#4883=CARTESIAN_POINT('Ctrl Pts',(-8.51092608325336,9.55011578685355,73.2684100471106));
#4884=CARTESIAN_POINT('Ctrl Pts',(-8.49644260891662,9.24890456444234,73.4592838927424));
#4885=CARTESIAN_POINT('Ctrl Pts',(-8.47146236781968,8.59668192509777,73.7107374982495));
#4886=CARTESIAN_POINT('Ctrl Pts',(-8.46243060350509,8.24581681999625,73.771839874658));
#4887=CARTESIAN_POINT('Ctrl Pts',(-8.46243060350509,7.918014627987,73.771839874658));
#4888=CARTESIAN_POINT('Origin',(-8.513341737,7.918014627987,68.8730035398471));
#4889=CARTESIAN_POINT('Origin',(43.7240951300765,7.918014627987,70.1104404069236));
#4890=CARTESIAN_POINT('',(40.0117845288471,11.418014627987,66.3981298056942));
#4891=CARTESIAN_POINT('',(42.486658263,11.418014627987,68.8730035398471));
#4892=CARTESIAN_POINT('',(43.7240951300765,11.418014627987,70.1104404069236));
#4893=CARTESIAN_POINT('',(42.486658263,7.918014627987,63.9232560715412));
#4894=CARTESIAN_POINT('Origin',(40.0117845288471,7.918014627987,66.3981298056942));
#4895=CARTESIAN_POINT('Origin',(42.486658263,7.918014627987,68.8730035398471));
#4896=CARTESIAN_POINT('Ctrl Pts',(36.486658263,9.328122741,78.991877274));
#4897=CARTESIAN_POINT('Ctrl Pts',(37.2720564263974,7.98172588946152,78.991877274));
#4898=CARTESIAN_POINT('Ctrl Pts',(38.5766035838323,5.74535933385891,78.2054299726632));
#4899=CARTESIAN_POINT('Ctrl Pts',(39.5798980633566,4.02542594038869,76.0423549893335));
#4900=CARTESIAN_POINT('Ctrl Pts',(39.9274425000152,3.42963547754529,74.3381364111673));
#4901=CARTESIAN_POINT('Ctrl Pts',(39.986658263,3.328122741,73.4406762245128));
#4902=CARTESIAN_POINT('Ctrl Pts',(39.986658263,3.328122741,72.991877274));
#4903=CARTESIAN_POINT('Ctrl Pts',(36.486658263,9.328122741,78.991877274));
#4904=CARTESIAN_POINT('Ctrl Pts',(37.3789133193767,8.08858278244076,78.991877274));
#4905=CARTESIAN_POINT('Ctrl Pts',(38.8611239038138,6.0242436275567,78.358156510947));
#4906=CARTESIAN_POINT('Ctrl Pts',(40.147647333085,4.17505883479084,76.3285401760309));
#4907=CARTESIAN_POINT('Ctrl Pts',(40.6462501091917,3.45533770334611,74.5068265793551));
#4908=CARTESIAN_POINT('Ctrl Pts',(40.7346565138547,3.328122741,73.4974807185501));
#4909=CARTESIAN_POINT('Ctrl Pts',(40.7346565138547,3.328122741,72.991877274));
#4910=CARTESIAN_POINT('Ctrl Pts',(36.486658263,9.328122741,78.991877274));
#4911=CARTESIAN_POINT('Ctrl Pts',(37.5659128820904,8.27558234515444,78.991877274));
#4912=CARTESIAN_POINT('Ctrl Pts',(39.3651842559051,6.52242921076158,78.4720512165674));
#4913=CARTESIAN_POINT('Ctrl Pts',(41.1403279409968,4.81149868484007,76.5665158875606));
#4914=CARTESIAN_POINT('Ctrl Pts',(41.8913569302169,4.08936984470872,74.6527497085178));
#4915=CARTESIAN_POINT('Ctrl Pts',(42.0293220084008,3.9567519667368,73.5463085156475));
#4916=CARTESIAN_POINT('Ctrl Pts',(42.0293220084008,3.9567519667368,72.991877274));
#4917=CARTESIAN_POINT('Ctrl Pts',(36.486658263,9.328122741,78.991877274));
#4918=CARTESIAN_POINT('Ctrl Pts',(37.7529124448041,8.46258190786812,78.991877274));
#4919=CARTESIAN_POINT('Ctrl Pts',(39.8623235664811,7.02281201883322,78.320495237654));
#4920=CARTESIAN_POINT('Ctrl Pts',(41.6785601280655,5.80769514127017,76.2550746002391));
#4921=CARTESIAN_POINT('Ctrl Pts',(42.3657059385658,5.34838677134445,74.4631081391641));
#4922=CARTESIAN_POINT('Ctrl Pts',(42.486658263,5.26712405285896,73.4826713670631));
#4923=CARTESIAN_POINT('Ctrl Pts',(42.486658263,5.26712405285896,72.991877274));
#4924=CARTESIAN_POINT('Ctrl Pts',(36.486658263,9.328122741,78.991877274));
#4925=CARTESIAN_POINT('Ctrl Pts',(37.8330551145385,8.54272457760255,78.991877274));
#4926=CARTESIAN_POINT('Ctrl Pts',(40.0694216701411,7.2381774201677,78.2054299726632));
#4927=CARTESIAN_POINT('Ctrl Pts',(41.7893550636113,6.2348829406434,76.0423549893335));
#4928=CARTESIAN_POINT('Ctrl Pts',(42.3851455264547,5.88733850398475,74.3381364111673));
#4929=CARTESIAN_POINT('Ctrl Pts',(42.486658263,5.828122741,73.4406762245128));
#4930=CARTESIAN_POINT('Ctrl Pts',(42.486658263,5.828122741,72.991877274));
#4931=CARTESIAN_POINT('',(39.986658263,3.328122741,72.991877274));
#4932=CARTESIAN_POINT('',(42.486658263,5.82812274099999,72.991877274));
#4933=CARTESIAN_POINT('Origin',(39.986658263,5.828122741,72.991877274));
#4934=CARTESIAN_POINT('',(36.486658263,9.328122741,78.991877274));
#4935=CARTESIAN_POINT('Origin',(36.486658263,9.328122741,72.991877274));
#4936=CARTESIAN_POINT('Origin',(36.486658263,9.328122741,72.991877274));
#4937=CARTESIAN_POINT('Origin',(39.986658263,5.828122741,6.991877274));
#4938=CARTESIAN_POINT('',(42.486658263,5.828122741,64.9025245005608));
#4939=CARTESIAN_POINT('',(42.486658263,5.828122741,72.8434825791334));
#4940=CARTESIAN_POINT('Ctrl Pts',(42.486658263,5.828122741,64.9025245005608));
#4941=CARTESIAN_POINT('Ctrl Pts',(42.486658263,5.40757872017874,65.3452375981689));
#4942=CARTESIAN_POINT('Ctrl Pts',(42.369583882735,5.02665752583238,65.8630411221395));
#4943=CARTESIAN_POINT('Ctrl Pts',(42.1977282153299,4.652326694414,66.7544813472916));
#4944=CARTESIAN_POINT('Ctrl Pts',(42.1413502969351,4.55845678573416,67.0875961604631));
#4945=CARTESIAN_POINT('Ctrl Pts',(42.0681298516478,4.44167917994119,67.7635827897576));
#4946=CARTESIAN_POINT('Ctrl Pts',(42.0510213874563,4.418014627987,68.1062948053594));
#4947=CARTESIAN_POINT('Ctrl Pts',(42.0510213874563,4.418014627987,68.4373666643034));
#4948=CARTESIAN_POINT('Ctrl Pts',(42.0510213874563,4.418014627987,69.2406707503589));
#4949=CARTESIAN_POINT('Ctrl Pts',(42.1522413079904,4.55071623804853,70.0895655420799));
#4950=CARTESIAN_POINT('Ctrl Pts',(42.3182150776357,4.91610826663091,71.2781212617066));
#4951=CARTESIAN_POINT('Ctrl Pts',(42.3751242380322,5.06557807234131,71.65817259777));
#4952=CARTESIAN_POINT('Ctrl Pts',(42.4569035874271,5.41014503754721,72.313447478197));
#4953=CARTESIAN_POINT('Ctrl Pts',(42.486658263,5.59327286533472,72.5962525371378));
#4954=CARTESIAN_POINT('Ctrl Pts',(42.486658263,5.828122741,72.8434825791334));
#4955=CARTESIAN_POINT('',(42.486658263,5.828122741,6.991877274));
#4956=CARTESIAN_POINT('',(39.986658263,3.328122741,58.2361826029119));
#4957=CARTESIAN_POINT('',(39.986658263,3.328122741,6.991877274));
#4958=CARTESIAN_POINT('',(42.486658263,5.828122741,58.2361826029119));
#4959=CARTESIAN_POINT('Origin',(39.986658263,5.828122741,58.2361826029119));
#4960=CARTESIAN_POINT('',(42.486658263,5.828122741,6.991877274));
#4961=CARTESIAN_POINT('Origin',(44.486658263,9.328122741,72.991877274));
#4962=CARTESIAN_POINT('',(-2.513341737,9.328122741,78.991877274));
#4963=CARTESIAN_POINT('',(-2.513341737,9.328122741,78.991877274));
#4964=CARTESIAN_POINT('',(-6.01334173700001,3.328122741,72.991877274));
#4965=CARTESIAN_POINT('Origin',(-2.513341737,9.328122741,72.991877274));
#4966=CARTESIAN_POINT('',(36.486658263,3.328122741,72.991877274));
#4967=CARTESIAN_POINT('Origin',(36.486658263,5.008122733,72.991877274));
#4968=CARTESIAN_POINT('',(42.486658263,5.97702529750299,72.991877274));
#4969=CARTESIAN_POINT('',(42.486658263,12.508122741,72.991877274));
#4970=CARTESIAN_POINT('',(42.4357471295051,7.918014627987,73.7718398746581));
#4971=CARTESIAN_POINT('Ctrl Pts',(42.486658263,5.977025297503,72.991877274));
#4972=CARTESIAN_POINT('Ctrl Pts',(42.486658263,5.99829877469503,73.0119272172209));
#4973=CARTESIAN_POINT('Ctrl Pts',(42.4865577550404,6.01965347011602,73.0314764863626));
#4974=CARTESIAN_POINT('Ctrl Pts',(42.4842426092534,6.28591346912044,73.2684100471106));
#4975=CARTESIAN_POINT('Ctrl Pts',(42.4697591349166,6.58712469153166,73.4592838927424));
#4976=CARTESIAN_POINT('Ctrl Pts',(42.4447788938197,7.23934733087622,73.7107374982495));
#4977=CARTESIAN_POINT('Ctrl Pts',(42.4357471295051,7.59021243597774,73.771839874658));
#4978=CARTESIAN_POINT('Ctrl Pts',(42.4357471295051,7.918014627987,73.771839874658));
#4979=CARTESIAN_POINT('',(42.486658263,9.859003958471,72.991877274));
#4980=CARTESIAN_POINT('Ctrl Pts',(42.4357471295051,7.918014627987,73.771839874658));
#4981=CARTESIAN_POINT('Ctrl Pts',(42.4357471295051,8.24581681999625,73.771839874658));
#4982=CARTESIAN_POINT('Ctrl Pts',(42.4447788938197,8.59668192509777,73.7107374982495));
#4983=CARTESIAN_POINT('Ctrl Pts',(42.4697591349166,9.24890456444234,73.4592838927424));
#4984=CARTESIAN_POINT('Ctrl Pts',(42.4842426092534,9.55011578685356,73.2684100471106));
#4985=CARTESIAN_POINT('Ctrl Pts',(42.4865577550404,9.81637578585797,73.0314764863626));
#4986=CARTESIAN_POINT('Ctrl Pts',(42.486658263,9.83773048127897,73.0119272172209));
#4987=CARTESIAN_POINT('Ctrl Pts',(42.486658263,9.859003958471,72.991877274));
#4988=CARTESIAN_POINT('',(42.486658263,12.508122741,72.991877274));
#4989=CARTESIAN_POINT('',(42.486658263,12.508122741,72.991877274));
#4990=CARTESIAN_POINT('',(36.486658263,12.508122741,78.991877274));
#4991=CARTESIAN_POINT('Origin',(36.486658263,12.508122741,72.991877274));
#4992=CARTESIAN_POINT('',(36.486658263,9.328122741,78.991877274));
#4993=CARTESIAN_POINT('Origin',(42.486658263,-1.491877289,6.991877274));
#4994=CARTESIAN_POINT('',(42.486658263,12.507906514974,58.2356419982217));
#4995=CARTESIAN_POINT('',(42.486658263,0.640781332220748,58.2361826029119));
#4996=CARTESIAN_POINT('',(42.486658263,12.508122741,58.236182604));
#4997=CARTESIAN_POINT('Origin',(42.486658263,7.918014627987,68.8730035398471));
#4998=CARTESIAN_POINT('Origin',(42.486658263,7.918014627987,68.8730035398471));
#4999=CARTESIAN_POINT('Origin',(42.486658263,-1.491877289,6.991877274));
#5000=CARTESIAN_POINT('Origin',(42.486658263,7.918014627987,68.8730035398471));
#5001=CARTESIAN_POINT('Origin',(43.7240951300765,7.918014627987,70.1104404069236));
#5002=CARTESIAN_POINT('Origin',(40.0117845288471,7.918014627987,66.3981298056942));
#5003=CARTESIAN_POINT('Ctrl Pts',(-2.513341737,9.328122741,78.991877274));
#5004=CARTESIAN_POINT('Ctrl Pts',(-3.85973858853848,8.54272457760255,78.991877274));
#5005=CARTESIAN_POINT('Ctrl Pts',(-6.09616608142283,7.23814187342002,78.2056323640606));
#5006=CARTESIAN_POINT('Ctrl Pts',(-7.81605848042472,6.23487130733558,76.0424016224164));
#5007=CARTESIAN_POINT('Ctrl Pts',(-8.41184631665534,5.88732840286772,74.3381864743484));
#5008=CARTESIAN_POINT('Ctrl Pts',(-8.513341737,5.828122741,73.4406762245128));
#5009=CARTESIAN_POINT('Ctrl Pts',(-8.513341737,5.828122741,72.991877274));
#5010=CARTESIAN_POINT('Ctrl Pts',(-2.513341737,9.328122741,78.991877274));
#5011=CARTESIAN_POINT('Ctrl Pts',(-3.75288169555924,8.43586768462331,78.991877274));
#5012=CARTESIAN_POINT('Ctrl Pts',(-5.81755705367792,6.95347866383872,78.3580032024653));
#5013=CARTESIAN_POINT('Ctrl Pts',(-7.66653230914224,5.66707207230443,76.3284255036839));
#5014=CARTESIAN_POINT('Ctrl Pts',(-8.38621442354888,5.16848295218215,74.5067072266258));
#5015=CARTESIAN_POINT('Ctrl Pts',(-8.513341737,5.08012449014529,73.4974807185501));
#5016=CARTESIAN_POINT('Ctrl Pts',(-8.513341737,5.08012449014529,72.991877274));
#5017=CARTESIAN_POINT('Ctrl Pts',(-2.513341737,9.328122741,78.991877274));
#5018=CARTESIAN_POINT('Ctrl Pts',(-3.56588213284556,8.24886812190963,78.991877274));
#5019=CARTESIAN_POINT('Ctrl Pts',(-5.31906906715037,6.44958866354198,78.4718709891494));
#5020=CARTESIAN_POINT('Ctrl Pts',(-7.03003460040256,4.67441925932045,76.5665051153876));
#5021=CARTESIAN_POINT('Ctrl Pts',(-7.75221347263031,3.92334856407728,74.6527284192383));
#5022=CARTESIAN_POINT('Ctrl Pts',(-7.88486714114386,3.78535420260413,73.5463085156475));
#5023=CARTESIAN_POINT('Ctrl Pts',(-7.88486714114386,3.78535420260413,72.991877274));
#5024=CARTESIAN_POINT('Ctrl Pts',(-2.513341737,9.328122741,78.991877274));
#5025=CARTESIAN_POINT('Ctrl Pts',(-3.37888257013188,8.06186855919595,78.991877274));
#5026=CARTESIAN_POINT('Ctrl Pts',(-4.8186192924118,5.95237349996264,78.3205136376257));
#5027=CARTESIAN_POINT('Ctrl Pts',(-6.03374760295822,4.13619464166877,76.2550811258429));
#5028=CARTESIAN_POINT('Ctrl Pts',(-6.49306901364914,3.44905408162665,74.4631110296429));
#5029=CARTESIAN_POINT('Ctrl Pts',(-6.57434042514104,3.328122741,73.4826713670631));
#5030=CARTESIAN_POINT('Ctrl Pts',(-6.57434042514104,3.328122741,72.991877274));
#5031=CARTESIAN_POINT('Ctrl Pts',(-2.513341737,9.328122741,78.991877274));
#5032=CARTESIAN_POINT('Ctrl Pts',(-3.29873990039745,7.98172588946152,78.991877274));
#5033=CARTESIAN_POINT('Ctrl Pts',(-4.60332260457998,5.74529839657717,78.2056323640606));
#5034=CARTESIAN_POINT('Ctrl Pts',(-5.60659317066442,4.02540599757528,76.0424016224164));
#5035=CARTESIAN_POINT('Ctrl Pts',(-5.95413607513228,3.42961816134466,74.3381864743484));
#5036=CARTESIAN_POINT('Ctrl Pts',(-6.01334173700001,3.328122741,73.4406762245128));
#5037=CARTESIAN_POINT('Ctrl Pts',(-6.01334173700001,3.328122741,72.991877274));
#5038=CARTESIAN_POINT('',(-8.513341737,5.828122741,72.991877274));
#5039=CARTESIAN_POINT('Origin',(-6.013341737,5.828122741,72.991877274));
#5040=CARTESIAN_POINT('Origin',(-2.513341737,9.328122741,72.991877274));
#5041=CARTESIAN_POINT('Origin',(-6.013341737,5.828122741,6.991877274));
#5042=CARTESIAN_POINT('',(-8.513341737,5.828122741,58.2361826029119));
#5043=CARTESIAN_POINT('',(-6.013341737,3.328122741,58.2361826029119));
#5044=CARTESIAN_POINT('Origin',(-6.013341737,5.828122741,58.2361826029119));
#5045=CARTESIAN_POINT('',(-6.013341737,3.328122741,6.991877274));
#5046=CARTESIAN_POINT('',(-8.513341737,5.828122741,6.991877274));
#5047=CARTESIAN_POINT('',(-8.513341737,5.828122741,6.991877274));
#5048=CARTESIAN_POINT('Origin',(-2.513341737,-1.491877289,72.991877274));
#5049=CARTESIAN_POINT('',(-2.513341737,12.508122741,78.991877274));
#5050=CARTESIAN_POINT('',(-2.513341737,12.508122741,78.991877274));
#5051=CARTESIAN_POINT('',(-8.513341737,12.508122741,72.991877274));
#5052=CARTESIAN_POINT('Origin',(-2.513341737,12.508122741,72.991877274));
#5053=CARTESIAN_POINT('',(-8.513341737,9.328122741,72.991877274));
#5054=CARTESIAN_POINT('',(-8.513341737,9.328122741,72.991877274));
#5055=CARTESIAN_POINT('Origin',(44.486658263,3.328122741,6.991877274));
#5056=CARTESIAN_POINT('',(30.7366415789243,3.328122741,58.2361826029119));
#5057=CARTESIAN_POINT('',(3.486658263,3.328122741,59.347877274));
#5058=CARTESIAN_POINT('',(3.486658263,3.328122741,66.947647491));
#5059=CARTESIAN_POINT('',(3.486658263,3.328122741,59.347877274));
#5060=CARTESIAN_POINT('',(30.486658263,3.328122741,66.947647491));
#5061=CARTESIAN_POINT('',(3.486658263,3.328122741,66.947647491));
#5062=CARTESIAN_POINT('',(30.486658263,3.328122741,59.347877274));
#5063=CARTESIAN_POINT('',(30.486658263,3.328122741,66.947647491));
#5064=CARTESIAN_POINT('',(30.486658263,3.328122741,59.347877274));
#5065=CARTESIAN_POINT('Origin',(-8.513341737,-1.491877289,6.991877274));
#5066=CARTESIAN_POINT('Origin',(-8.513341737,7.918014627987,68.8730035398471));
#5067=CARTESIAN_POINT('',(-8.513341737,12.5078599104939,58.2389204223147));
#5068=CARTESIAN_POINT('',(-8.513341737,12.508122741,58.239029935));
#5069=CARTESIAN_POINT('',(-8.513341737,0.640781332220748,58.2361826029119));
#5070=CARTESIAN_POINT('Origin',(16.9866248948486,2.7734399534415,58.2361826029119));
#5071=CARTESIAN_POINT('',(16.9866415789243,12.508122741,58.2361826029119));
#5072=CARTESIAN_POINT('',(-0.3513945342177,7.918014627987,58.2361826029119));
#5073=CARTESIAN_POINT('Origin',(2.12347919993521,7.918014627987,58.2361826029119));
#5074=CARTESIAN_POINT('',(34.3247110602177,7.918014627987,58.2361826029119));
#5075=CARTESIAN_POINT('Origin',(31.8498373260648,7.918014627987,58.2361826029119));
#5076=CARTESIAN_POINT('Origin',(40.0117845288471,7.918014627987,66.3981298056942));
#5077=CARTESIAN_POINT('',(37.3954894384568,9.668014627987,63.781834715304));
#5078=CARTESIAN_POINT('',(40.0117845288471,11.418014627987,66.3981298056942));
#5079=CARTESIAN_POINT('',(38.6329263055333,7.918014627987,62.5443978482275));
#5080=CARTESIAN_POINT('Origin',(37.3954894384568,7.918014627987,63.781834715304));
#5081=CARTESIAN_POINT('Origin',(37.3954894384568,7.918014627987,63.781834715304));
#5082=CARTESIAN_POINT('Origin',(37.3954894384568,7.918014627987,63.781834715304));
#5083=CARTESIAN_POINT('',(38.6329263055333,7.918014627987,62.5443978482275));
#5084=CARTESIAN_POINT('Origin',(-3.42217291245685,7.918014627987,63.781834715304));
#5085=CARTESIAN_POINT('',(-4.6596097795333,7.918014627987,62.5443978482275));
#5086=CARTESIAN_POINT('',(-3.42217291245684,9.66801462798699,63.781834715304));
#5087=CARTESIAN_POINT('Origin',(-3.42217291245685,7.918014627987,63.781834715304));
#5088=CARTESIAN_POINT('Origin',(-3.42217291245685,7.918014627987,63.781834715304));
#5089=CARTESIAN_POINT('',(-4.6596097795333,7.918014627987,62.5443978482275));
#5090=CARTESIAN_POINT('Origin',(-6.03846800284707,7.918014627987,66.3981298056942));
#5091=CARTESIAN_POINT('',(-6.03846800284707,11.418014627987,66.3981298056942));
#5092=CARTESIAN_POINT('Origin',(-6.03846800284707,7.918014627987,66.3981298056942));
#5093=CARTESIAN_POINT('Origin',(-9.75077860407646,7.918014627987,70.1104404069236));
#5094=CARTESIAN_POINT('Origin',(-8.513341737,-1.491877289,6.991877274));
#5095=CARTESIAN_POINT('Origin',(16.986658263,12.508122741,-4.008122726));
#5096=CARTESIAN_POINT('',(-2.513341737,12.508122741,78.991877274));
#5097=CARTESIAN_POINT('Origin',(0.,10.508122741,0.));
#5098=CARTESIAN_POINT('',(29.236658263,10.508122741,60.597877274));
#5099=CARTESIAN_POINT('',(29.236658263,10.508122741,65.697647491));
#5100=CARTESIAN_POINT('',(29.236658263,10.508122741,60.597877274));
#5101=CARTESIAN_POINT('',(4.736658263,10.508122741,65.697647491));
#5102=CARTESIAN_POINT('',(29.236658263,10.508122741,65.697647491));
#5103=CARTESIAN_POINT('',(4.736658263,10.508122741,60.597877274));
#5104=CARTESIAN_POINT('',(4.736658263,10.508122741,65.697647491));
#5105=CARTESIAN_POINT('',(4.736658263,10.508122741,60.597877274));
#5106=CARTESIAN_POINT('Origin',(16.986658248,5.008122733,78.991877274));
#5107=CARTESIAN_POINT('Origin',(16.986658263,10.508122741,60.597877274));
#5108=CARTESIAN_POINT('',(4.736658263,4.578122741,60.597877274));
#5109=CARTESIAN_POINT('',(4.736658263,10.508122741,60.597877274));
#5110=CARTESIAN_POINT('',(29.236658263,4.578122741,60.597877274));
#5111=CARTESIAN_POINT('',(4.736658263,4.578122741,60.597877274));
#5112=CARTESIAN_POINT('',(29.236658263,10.508122741,60.597877274));
#5113=CARTESIAN_POINT('Origin',(29.236658263,10.508122741,66.997647491));
#5114=CARTESIAN_POINT('',(29.236658263,4.578122741,65.697647491));
#5115=CARTESIAN_POINT('',(29.236658263,4.578122741,60.597877274));
#5116=CARTESIAN_POINT('',(29.236658263,10.508122741,65.697647491));
#5117=CARTESIAN_POINT('Origin',(16.986658263,10.508122741,65.697647491));
#5118=CARTESIAN_POINT('',(4.736658263,4.578122741,65.697647491));
#5119=CARTESIAN_POINT('',(29.236658263,4.578122741,65.697647491));
#5120=CARTESIAN_POINT('',(4.736658263,10.508122741,65.697647491));
#5121=CARTESIAN_POINT('Origin',(4.736658263,10.508122741,66.997647491));
#5122=CARTESIAN_POINT('',(4.736658263,4.578122741,65.697647491));
#5123=CARTESIAN_POINT('Origin',(44.486658263,4.578122741,59.347877274));
#5124=CARTESIAN_POINT('Origin',(3.486658263,4.578122741,59.347877274));
#5125=CARTESIAN_POINT('Origin',(30.486658263,4.578122741,59.347877274));
#5126=CARTESIAN_POINT('Origin',(30.486658263,4.578122741,66.997647491));
#5127=CARTESIAN_POINT('Origin',(30.486658263,4.578122741,66.947647491));
#5128=CARTESIAN_POINT('Origin',(16.986658263,4.578122741,66.947647491));
#5129=CARTESIAN_POINT('Origin',(3.486658263,4.578122741,66.947647491));
#5130=CARTESIAN_POINT('Origin',(3.486658263,4.578122741,6.991877274));
#5131=UNCERTAINTY_MEASURE_WITH_UNIT(LENGTH_MEASURE(0.01),#5135,
'DISTANCE_ACCURACY_VALUE',
'Maximum model space distance between geometric entities at asserted c
onnectivities');
#5132=UNCERTAINTY_MEASURE_WITH_UNIT(LENGTH_MEASURE(0.01),#5135,
'DISTANCE_ACCURACY_VALUE',
'Maximum model space distance between geometric entities at asserted c
onnectivities');
#5133=(
GEOMETRIC_REPRESENTATION_CONTEXT(3)
GLOBAL_UNCERTAINTY_ASSIGNED_CONTEXT((#5131))
GLOBAL_UNIT_ASSIGNED_CONTEXT((#5135,#5137,#5138))
REPRESENTATION_CONTEXT('','3D')
);
#5134=(
GEOMETRIC_REPRESENTATION_CONTEXT(3)
GLOBAL_UNCERTAINTY_ASSIGNED_CONTEXT((#5132))
GLOBAL_UNIT_ASSIGNED_CONTEXT((#5135,#5137,#5138))
REPRESENTATION_CONTEXT('','3D')
);
#5135=(
LENGTH_UNIT()
NAMED_UNIT(*)
SI_UNIT(.MILLI.,.METRE.)
);
#5136=(
LENGTH_UNIT()
NAMED_UNIT(*)
SI_UNIT($,.METRE.)
);
#5137=(
NAMED_UNIT(*)
PLANE_ANGLE_UNIT()
SI_UNIT($,.RADIAN.)
);
#5138=(
NAMED_UNIT(*)
SI_UNIT($,.STERADIAN.)
SOLID_ANGLE_UNIT()
);
#5139=SHAPE_DEFINITION_REPRESENTATION(#5140,#5141);
#5140=PRODUCT_DEFINITION_SHAPE('',$,#5143);
#5141=SHAPE_REPRESENTATION('',(#2582),#5133);
#5142=PRODUCT_DEFINITION_CONTEXT('part definition',#5147,'design');
#5143=PRODUCT_DEFINITION('root','Bauer_Type_Battery_Holder v2',#5144,#5142);
#5144=PRODUCT_DEFINITION_FORMATION('',$,#5149);
#5145=PRODUCT_RELATED_PRODUCT_CATEGORY('Bauer_Type_Battery_Holder v2',
'Bauer_Type_Battery_Holder v2',(#5149));
#5146=APPLICATION_PROTOCOL_DEFINITION('international standard',
'automotive_design',2009,#5147);
#5147=APPLICATION_CONTEXT(
'Core Data for Automotive Mechanical Design Process');
#5148=PRODUCT_CONTEXT('part definition',#5147,'mechanical');
#5149=PRODUCT('root','Bauer_Type_Battery_Holder v2',
'HOOPS Exchange Step',(#5148));
#5150=PRESENTATION_STYLE_ASSIGNMENT((#5152));
#5151=PRESENTATION_STYLE_ASSIGNMENT((#5153));
#5152=SURFACE_STYLE_USAGE(.BOTH.,#5154);
#5153=SURFACE_STYLE_USAGE(.BOTH.,#5155);
#5154=SURFACE_SIDE_STYLE('',(#5156));
#5155=SURFACE_SIDE_STYLE('',(#5157));
#5156=SURFACE_STYLE_FILL_AREA(#5158);
#5157=SURFACE_STYLE_FILL_AREA(#5159);
#5158=FILL_AREA_STYLE('Steel - Satin',(#5160));
#5159=FILL_AREA_STYLE('Opaque(229,46,46)',(#5161));
#5160=FILL_AREA_STYLE_COLOUR('Steel - Satin',#5162);
#5161=FILL_AREA_STYLE_COLOUR('Opaque(229,46,46)',#5163);
#5162=COLOUR_RGB('Steel - Satin',0.627450980392157,0.627450980392157,0.627450980392157);
#5163=COLOUR_RGB('Opaque(229,46,46)',0.898039215686275,0.180392156862745,
0.180392156862745);
ENDSEC;
END-ISO-10303-21;
