ISO-10303-21;
HEADER;
/* Generated by software containing ST-Developer
 * from STEP Tools, Inc. (www.steptools.com) 
 */

FILE_DESCRIPTION(
/* description */ (''),
/* implementation_level */ '2;1');

FILE_NAME(
/* name */ 'Drawer Catch.step',
/* time_stamp */ '2026-06-27T15:40:28-04:00',
/* author */ (''),
/* organization */ (''),
/* preprocessor_version */ 'ST-DEVELOPER v20.1',
/* originating_system */ 'Autodesk Translation Framework v15.8.0.0',
/* authorisation */ '');

FILE_SCHEMA (('AUTOMOTIVE_DESIGN { 1 0 10303 214 3 1 1 }'));
ENDSEC;

DATA;
#10=MECHANICAL_DESIGN_GEOMETRIC_PRESENTATION_REPRESENTATION('',(#53,#54),
#2899);
#11=SHAPE_REPRESENTATION_RELATIONSHIP('SRR','None',#2906,#12);
#12=ADVANCED_BREP_SHAPE_REPRESENTATION('',(#55,#56),#2898);
#13=SPHERICAL_SURFACE('',#1430,2.);
#14=SPHERICAL_SURFACE('',#1436,2.);
#15=SPHERICAL_SURFACE('',#1444,2.);
#16=SPHERICAL_SURFACE('',#1448,2.);
#17=SPHERICAL_SURFACE('',#1452,2.);
#18=SPHERICAL_SURFACE('',#1455,2.);
#19=SPHERICAL_SURFACE('',#1459,2.);
#20=SPHERICAL_SURFACE('',#1464,2.);
#21=SPHERICAL_SURFACE('',#1469,2.);
#22=SPHERICAL_SURFACE('',#1474,2.);
#23=SPHERICAL_SURFACE('',#1478,2.);
#24=B_SPLINE_SURFACE_WITH_KNOTS('',3,3,((#2120,#2121,#2122,#2123,#2124,
#2125,#2126,#2127,#2128,#2129,#2130),(#2131,#2132,#2133,#2134,#2135,#2136,
#2137,#2138,#2139,#2140,#2141),(#2142,#2143,#2144,#2145,#2146,#2147,#2148,
#2149,#2150,#2151,#2152),(#2153,#2154,#2155,#2156,#2157,#2158,#2159,#2160,
#2161,#2162,#2163),(#2164,#2165,#2166,#2167,#2168,#2169,#2170,#2171,#2172,
#2173,#2174)),.UNSPECIFIED.,.F.,.F.,.F.,(4,1,4),(4,1,1,1,1,1,1,1,4),(0.,
0.571428571428571,1.),(-3.13520086073777,-3.05900955115593,-2.98281824157408,
-2.96377041417862,-2.94472258678316,-2.92567475938769,-2.90662693199223,
-2.75424431282854,-2.60186169366484),.UNSPECIFIED.);
#25=B_SPLINE_SURFACE_WITH_KNOTS('',3,3,((#2192,#2193,#2194,#2195),(#2196,
#2197,#2198,#2199),(#2200,#2201,#2202,#2203),(#2204,#2205,#2206,#2207)),
 .UNSPECIFIED.,.F.,.F.,.F.,(4,4),(4,4),(0.,1.),(-0.111581728173945,0.),
 .UNSPECIFIED.);
#26=B_SPLINE_SURFACE_WITH_KNOTS('',3,3,((#2219,#2220,#2221,#2222),(#2223,
#2224,#2225,#2226),(#2227,#2228,#2229,#2230),(#2231,#2232,#2233,#2234)),
 .UNSPECIFIED.,.F.,.F.,.F.,(4,4),(4,4),(0.,1.),(-0.154445407894085,0.),
 .UNSPECIFIED.);
#27=B_SPLINE_SURFACE_WITH_KNOTS('',3,3,((#2252,#2253,#2254,#2255),(#2256,
#2257,#2258,#2259),(#2260,#2261,#2262,#2263),(#2264,#2265,#2266,#2267)),
 .UNSPECIFIED.,.F.,.F.,.F.,(4,4),(4,4),(0.,1.),(-0.154465403527612,0.),
 .UNSPECIFIED.);
#28=B_SPLINE_SURFACE_WITH_KNOTS('',3,3,((#2279,#2280,#2281,#2282),(#2283,
#2284,#2285,#2286),(#2287,#2288,#2289,#2290),(#2291,#2292,#2293,#2294)),
 .UNSPECIFIED.,.F.,.F.,.F.,(4,4),(4,4),(0.,1.),(-0.111665377607201,0.),
 .UNSPECIFIED.);
#29=B_SPLINE_SURFACE_WITH_KNOTS('',3,3,((#2395,#2396,#2397,#2398,#2399,
#2400,#2401,#2402,#2403),(#2404,#2405,#2406,#2407,#2408,#2409,#2410,#2411,
#2412),(#2413,#2414,#2415,#2416,#2417,#2418,#2419,#2420,#2421),(#2422,#2423,
#2424,#2425,#2426,#2427,#2428,#2429,#2430),(#2431,#2432,#2433,#2434,#2435,
#2436,#2437,#2438,#2439)),.UNSPECIFIED.,.F.,.F.,.F.,(4,1,4),(4,1,1,1,1,
1,4),(0.,0.571428571428571,1.),(-3.13520086073897,-3.05900955115713,-3.0209138963662,
-2.96377041417982,-2.90662693199343,-2.75424431282974,-2.60186169366605),
 .UNSPECIFIED.);
#30=B_SPLINE_SURFACE_WITH_KNOTS('',3,3,((#2453,#2454,#2455,#2456),(#2457,
#2458,#2459,#2460),(#2461,#2462,#2463,#2464),(#2465,#2466,#2467,#2468)),
 .UNSPECIFIED.,.F.,.F.,.F.,(4,4),(4,4),(0.,1.),(-0.111581728173943,0.),
 .UNSPECIFIED.);
#31=B_SPLINE_SURFACE_WITH_KNOTS('',3,3,((#2480,#2481,#2482,#2483),(#2484,
#2485,#2486,#2487),(#2488,#2489,#2490,#2491),(#2492,#2493,#2494,#2495)),
 .UNSPECIFIED.,.F.,.F.,.F.,(4,4),(4,4),(0.,1.),(-0.154445407894087,0.),
 .UNSPECIFIED.);
#32=B_SPLINE_SURFACE_WITH_KNOTS('',3,3,((#2513,#2514,#2515,#2516),(#2517,
#2518,#2519,#2520),(#2521,#2522,#2523,#2524),(#2525,#2526,#2527,#2528)),
 .UNSPECIFIED.,.F.,.F.,.F.,(4,4),(4,4),(0.,1.),(-0.15446540352761,0.),
 .UNSPECIFIED.);
#33=B_SPLINE_SURFACE_WITH_KNOTS('',3,3,((#2540,#2541,#2542,#2543),(#2544,
#2545,#2546,#2547),(#2548,#2549,#2550,#2551),(#2552,#2553,#2554,#2555)),
 .UNSPECIFIED.,.F.,.F.,.F.,(4,4),(4,4),(0.,1.),(-0.111665377607202,0.),
 .UNSPECIFIED.);
#34=B_SPLINE_SURFACE_WITH_KNOTS('',3,3,((#2567,#2568,#2569,#2570,#2571,
#2572,#2573,#2574,#2575,#2576),(#2577,#2578,#2579,#2580,#2581,#2582,#2583,
#2584,#2585,#2586),(#2587,#2588,#2589,#2590,#2591,#2592,#2593,#2594,#2595,
#2596),(#2597,#2598,#2599,#2600,#2601,#2602,#2603,#2604,#2605,#2606),(#2607,
#2608,#2609,#2610,#2611,#2612,#2613,#2614,#2615,#2616)),.UNSPECIFIED.,.F.,
 .F.,.F.,(4,1,4),(4,1,1,1,1,1,1,4),(0.,0.571428571428571,1.),(-3.1347189049202,
-2.9823758966291,-2.83003288833799,-2.79194713626522,-2.77290426022883,
-2.75386138419244,-2.67768988004689,-2.60151837590134),.UNSPECIFIED.);
#35=B_SPLINE_SURFACE_WITH_KNOTS('',3,3,((#2630,#2631,#2632,#2633,#2634,
#2635,#2636,#2637,#2638,#2639,#2640),(#2641,#2642,#2643,#2644,#2645,#2646,
#2647,#2648,#2649,#2650,#2651),(#2652,#2653,#2654,#2655,#2656,#2657,#2658,
#2659,#2660,#2661,#2662),(#2663,#2664,#2665,#2666,#2667,#2668,#2669,#2670,
#2671,#2672,#2673),(#2674,#2675,#2676,#2677,#2678,#2679,#2680,#2681,#2682,
#2683,#2684)),.UNSPECIFIED.,.F.,.F.,.F.,(4,1,4),(4,1,1,1,1,1,1,1,4),(0.,
0.571428571428571,1.),(-3.1347189049202,-2.9823758966291,-2.90620439248354,
-2.83003288833799,-2.79194713626522,-2.77290426022883,-2.75386138419244,
-2.67768988004689,-2.60151837590134),.UNSPECIFIED.);
#36=TOROIDAL_SURFACE('',#1350,17.,1.);
#37=TOROIDAL_SURFACE('',#1358,17.,1.);
#38=TOROIDAL_SURFACE('',#1382,17.,1.);
#39=TOROIDAL_SURFACE('',#1394,17.,1.);
#40=TOROIDAL_SURFACE('',#1441,16.,2.);
#41=TOROIDAL_SURFACE('',#1467,16.,2.);
#42=TOROIDAL_SURFACE('',#1481,16.,2.);
#43=TOROIDAL_SURFACE('',#1489,16.,2.);
#44=TOROIDAL_SURFACE('',#1505,7.,2.);
#45=TOROIDAL_SURFACE('',#1509,7.,2.);
#46=(
BOUNDED_SURFACE()
B_SPLINE_SURFACE(2,2,((#2041,#2042,#2043),(#2044,#2045,#2046),(#2047,#2048,
#2049)),.UNSPECIFIED.,.F.,.F.,.F.)
B_SPLINE_SURFACE_WITH_KNOTS((3,3),(3,3),(-1.5707963267949,0.),(2.02361292153982,
3.14159265358979),.UNSPECIFIED.)
GEOMETRIC_REPRESENTATION_ITEM()
RATIONAL_B_SPLINE_SURFACE(((1.,0.847791247890658,1.),(0.707106781186547,
0.599478940414089,0.707106781186547),(1.,0.847791247890658,1.)))
REPRESENTATION_ITEM('')
SURFACE()
);
#47=(
BOUNDED_SURFACE()
B_SPLINE_SURFACE(2,2,((#2061,#2062,#2063),(#2064,#2065,#2066),(#2067,#2068,
#2069)),.UNSPECIFIED.,.F.,.F.,.F.)
B_SPLINE_SURFACE_WITH_KNOTS((3,3),(3,3),(-1.5707963267949,3.0017543685339E-15),
(1.5707963267949,1.82145198913103),.UNSPECIFIED.)
GEOMETRIC_REPRESENTATION_ITEM()
RATIONAL_B_SPLINE_SURFACE(((1.,0.992156741649221,1.),(0.707106781186548,
0.701560760020115,0.707106781186548),(1.,0.992156741649221,1.)))
REPRESENTATION_ITEM('')
SURFACE()
);
#48=(
BOUNDED_SURFACE()
B_SPLINE_SURFACE(2,2,((#2100,#2101,#2102),(#2103,#2104,#2105),(#2106,#2107,
#2108)),.UNSPECIFIED.,.F.,.F.,.F.)
B_SPLINE_SURFACE_WITH_KNOTS((3,3),(3,3),(-1.5707963267949,1.91513904685839E-15),
(-1.69762428563394E-16,1.11797973204997),.UNSPECIFIED.)
GEOMETRIC_REPRESENTATION_ITEM()
RATIONAL_B_SPLINE_SURFACE(((1.,0.847791247890658,1.),(0.707106781186547,
0.599478940414089,0.707106781186547),(1.,0.847791247890658,1.)))
REPRESENTATION_ITEM('')
SURFACE()
);
#49=(
BOUNDED_SURFACE()
B_SPLINE_SURFACE(2,2,((#2315,#2316,#2317),(#2318,#2319,#2320),(#2321,#2322,
#2323)),.UNSPECIFIED.,.F.,.F.,.F.)
B_SPLINE_SURFACE_WITH_KNOTS((3,3),(3,3),(-1.5707963267949,4.44089209850063E-15),
(2.02361292153982,3.14159265358979),.UNSPECIFIED.)
GEOMETRIC_REPRESENTATION_ITEM()
RATIONAL_B_SPLINE_SURFACE(((1.,0.847791247890658,1.),(0.707106781186543,
0.599478940414086,0.707106781186543),(1.,0.847791247890658,1.)))
REPRESENTATION_ITEM('')
SURFACE()
);
#50=(
BOUNDED_SURFACE()
B_SPLINE_SURFACE(2,2,((#2335,#2336,#2337),(#2338,#2339,#2340),(#2341,#2342,
#2343)),.UNSPECIFIED.,.F.,.F.,.F.)
B_SPLINE_SURFACE_WITH_KNOTS((3,3),(3,3),(-1.5707963267949,6.02398789287355E-15),
(1.5707963267949,1.82145198913103),.UNSPECIFIED.)
GEOMETRIC_REPRESENTATION_ITEM()
RATIONAL_B_SPLINE_SURFACE(((1.,0.992156741649221,1.),(0.707106781186546,
0.701560760020112,0.707106781186546),(1.,0.992156741649221,1.)))
REPRESENTATION_ITEM('')
SURFACE()
);
#51=(
BOUNDED_SURFACE()
B_SPLINE_SURFACE(2,2,((#2355,#2356,#2357),(#2358,#2359,#2360),(#2361,#2362,
#2363)),.UNSPECIFIED.,.F.,.F.,.F.)
B_SPLINE_SURFACE_WITH_KNOTS((3,3),(3,3),(-1.5707963267949,6.00342820723232E-15),
(1.32014066445876,1.5707963267949),.UNSPECIFIED.)
GEOMETRIC_REPRESENTATION_ITEM()
RATIONAL_B_SPLINE_SURFACE(((1.,0.992156741649221,1.),(0.707106781186539,
0.701560760020106,0.707106781186539),(1.,0.992156741649221,1.)))
REPRESENTATION_ITEM('')
SURFACE()
);
#52=(
BOUNDED_SURFACE()
B_SPLINE_SURFACE(2,2,((#2375,#2376,#2377),(#2378,#2379,#2380),(#2381,#2382,
#2383)),.UNSPECIFIED.,.F.,.F.,.F.)
B_SPLINE_SURFACE_WITH_KNOTS((3,3),(3,3),(-1.5707963267949,3.84928736745563E-15),
(-3.28954970259306E-16,1.11797973204997),.UNSPECIFIED.)
GEOMETRIC_REPRESENTATION_ITEM()
RATIONAL_B_SPLINE_SURFACE(((1.,0.847791247890658,1.),(0.707106781186546,
0.599478940414088,0.707106781186546),(1.,0.847791247890658,1.)))
REPRESENTATION_ITEM('')
SURFACE()
);
#53=STYLED_ITEM('',(#2915),#55);
#54=STYLED_ITEM('',(#2915),#56);
#55=MANIFOLD_SOLID_BREP('Body1',#1323);
#56=MANIFOLD_SOLID_BREP('Body2',#1324);
#57=PLANE('',#1342);
#58=PLANE('',#1343);
#59=PLANE('',#1414);
#60=PLANE('',#1421);
#61=PLANE('',#1428);
#62=PLANE('',#1493);
#63=PLANE('',#1494);
#64=PLANE('',#1496);
#65=PLANE('',#1497);
#66=PLANE('',#1498);
#67=PLANE('',#1501);
#68=PLANE('',#1503);
#69=PLANE('',#1513);
#70=PLANE('',#1516);
#71=PLANE('',#1519);
#72=FACE_BOUND('',#280,.T.);
#73=FACE_BOUND('',#281,.T.);
#74=FACE_BOUND('',#364,.T.);
#75=FACE_BOUND('',#367,.T.);
#76=CIRCLE('',#1340,5.);
#77=CIRCLE('',#1341,5.);
#78=CIRCLE('',#1345,1.);
#79=CIRCLE('',#1346,0.999999999999998);
#80=CIRCLE('',#1347,1.);
#81=CIRCLE('',#1348,1.);
#82=CIRCLE('',#1349,2.);
#83=CIRCLE('',#1351,1.);
#84=CIRCLE('',#1352,17.);
#85=CIRCLE('',#1353,18.);
#86=CIRCLE('',#1354,1.);
#87=CIRCLE('',#1355,1.);
#88=CIRCLE('',#1356,2.);
#89=CIRCLE('',#1359,18.);
#90=CIRCLE('',#1360,1.);
#91=CIRCLE('',#1361,17.);
#92=CIRCLE('',#1362,1.);
#93=CIRCLE('',#1363,1.);
#94=CIRCLE('',#1364,2.);
#95=CIRCLE('',#1366,1.);
#96=CIRCLE('',#1367,1.);
#97=CIRCLE('',#1368,8.98431348329844);
#98=CIRCLE('',#1369,8.98431348329844);
#99=CIRCLE('',#1370,1.);
#100=CIRCLE('',#1371,1.);
#101=CIRCLE('',#1373,1.);
#102=CIRCLE('',#1374,1.);
#103=CIRCLE('',#1375,1.);
#104=CIRCLE('',#1377,1.);
#105=CIRCLE('',#1378,0.999999999999999);
#106=CIRCLE('',#1379,1.);
#107=CIRCLE('',#1380,1.);
#108=CIRCLE('',#1381,2.);
#109=CIRCLE('',#1383,1.);
#110=CIRCLE('',#1384,17.);
#111=CIRCLE('',#1385,18.);
#112=CIRCLE('',#1386,1.);
#113=CIRCLE('',#1387,1.);
#114=CIRCLE('',#1388,2.);
#115=CIRCLE('',#1390,1.);
#116=CIRCLE('',#1391,0.999999999999998);
#117=CIRCLE('',#1392,1.);
#118=CIRCLE('',#1393,2.);
#119=CIRCLE('',#1395,1.00000000000001);
#120=CIRCLE('',#1396,17.);
#121=CIRCLE('',#1397,18.);
#122=CIRCLE('',#1398,0.999999999999994);
#123=CIRCLE('',#1399,1.);
#124=CIRCLE('',#1400,2.);
#125=CIRCLE('',#1402,1.);
#126=CIRCLE('',#1403,1.);
#127=CIRCLE('',#1404,8.98431348329844);
#128=CIRCLE('',#1405,1.);
#129=CIRCLE('',#1406,1.);
#130=CIRCLE('',#1408,1.);
#131=CIRCLE('',#1409,1.);
#132=CIRCLE('',#1410,1.);
#133=CIRCLE('',#1411,8.98431348329844);
#134=CIRCLE('',#1412,8.98431348329844);
#135=CIRCLE('',#1413,8.98431348329844);
#136=CIRCLE('',#1416,2.);
#137=CIRCLE('',#1418,18.);
#138=CIRCLE('',#1420,2.);
#139=CIRCLE('',#1423,2.);
#140=CIRCLE('',#1425,18.);
#141=CIRCLE('',#1427,2.);
#142=CIRCLE('',#1429,8.98431348329844);
#143=CIRCLE('',#1431,2.);
#144=CIRCLE('',#1432,2.);
#145=CIRCLE('',#1433,2.);
#146=CIRCLE('',#1437,2.);
#147=CIRCLE('',#1438,2.);
#148=CIRCLE('',#1439,2.);
#149=CIRCLE('',#1442,16.);
#150=CIRCLE('',#1443,18.);
#151=CIRCLE('',#1445,2.);
#152=CIRCLE('',#1446,2.);
#153=CIRCLE('',#1447,2.);
#154=CIRCLE('',#1449,2.);
#155=CIRCLE('',#1450,2.);
#156=CIRCLE('',#1451,2.);
#157=CIRCLE('',#1453,2.);
#158=CIRCLE('',#1454,2.);
#159=CIRCLE('',#1456,2.);
#160=CIRCLE('',#1457,2.);
#161=CIRCLE('',#1458,2.);
#162=CIRCLE('',#1460,2.);
#163=CIRCLE('',#1461,2.);
#164=CIRCLE('',#1462,2.);
#165=CIRCLE('',#1465,2.);
#166=CIRCLE('',#1466,2.);
#167=CIRCLE('',#1468,16.);
#168=CIRCLE('',#1470,2.);
#169=CIRCLE('',#1471,2.);
#170=CIRCLE('',#1472,2.);
#171=CIRCLE('',#1475,2.);
#172=CIRCLE('',#1476,2.);
#173=CIRCLE('',#1479,2.);
#174=CIRCLE('',#1480,2.);
#175=CIRCLE('',#1482,16.);
#176=CIRCLE('',#1490,16.);
#177=CIRCLE('',#1491,18.);
#178=CIRCLE('',#1495,8.98431348329844);
#179=CIRCLE('',#1502,5.5);
#180=CIRCLE('',#1504,5.5);
#181=CIRCLE('',#1506,7.);
#182=CIRCLE('',#1507,2.);
#183=CIRCLE('',#1508,9.);
#184=CIRCLE('',#1510,2.);
#185=CIRCLE('',#1511,7.);
#186=CIRCLE('',#1512,9.);
#187=CIRCLE('',#1514,5.5);
#188=CIRCLE('',#1517,5.5);
#189=FACE_OUTER_BOUND('',#278,.T.);
#190=FACE_OUTER_BOUND('',#279,.T.);
#191=FACE_OUTER_BOUND('',#282,.T.);
#192=FACE_OUTER_BOUND('',#283,.T.);
#193=FACE_OUTER_BOUND('',#284,.T.);
#194=FACE_OUTER_BOUND('',#285,.T.);
#195=FACE_OUTER_BOUND('',#286,.T.);
#196=FACE_OUTER_BOUND('',#287,.T.);
#197=FACE_OUTER_BOUND('',#288,.T.);
#198=FACE_OUTER_BOUND('',#289,.T.);
#199=FACE_OUTER_BOUND('',#290,.T.);
#200=FACE_OUTER_BOUND('',#291,.T.);
#201=FACE_OUTER_BOUND('',#292,.T.);
#202=FACE_OUTER_BOUND('',#293,.T.);
#203=FACE_OUTER_BOUND('',#294,.T.);
#204=FACE_OUTER_BOUND('',#295,.T.);
#205=FACE_OUTER_BOUND('',#296,.T.);
#206=FACE_OUTER_BOUND('',#297,.T.);
#207=FACE_OUTER_BOUND('',#298,.T.);
#208=FACE_OUTER_BOUND('',#299,.T.);
#209=FACE_OUTER_BOUND('',#300,.T.);
#210=FACE_OUTER_BOUND('',#301,.T.);
#211=FACE_OUTER_BOUND('',#302,.T.);
#212=FACE_OUTER_BOUND('',#303,.T.);
#213=FACE_OUTER_BOUND('',#304,.T.);
#214=FACE_OUTER_BOUND('',#305,.T.);
#215=FACE_OUTER_BOUND('',#306,.T.);
#216=FACE_OUTER_BOUND('',#307,.T.);
#217=FACE_OUTER_BOUND('',#308,.T.);
#218=FACE_OUTER_BOUND('',#309,.T.);
#219=FACE_OUTER_BOUND('',#310,.T.);
#220=FACE_OUTER_BOUND('',#311,.T.);
#221=FACE_OUTER_BOUND('',#312,.T.);
#222=FACE_OUTER_BOUND('',#313,.T.);
#223=FACE_OUTER_BOUND('',#314,.T.);
#224=FACE_OUTER_BOUND('',#315,.T.);
#225=FACE_OUTER_BOUND('',#316,.T.);
#226=FACE_OUTER_BOUND('',#317,.T.);
#227=FACE_OUTER_BOUND('',#318,.T.);
#228=FACE_OUTER_BOUND('',#319,.T.);
#229=FACE_OUTER_BOUND('',#320,.T.);
#230=FACE_OUTER_BOUND('',#321,.T.);
#231=FACE_OUTER_BOUND('',#322,.T.);
#232=FACE_OUTER_BOUND('',#323,.T.);
#233=FACE_OUTER_BOUND('',#324,.T.);
#234=FACE_OUTER_BOUND('',#325,.T.);
#235=FACE_OUTER_BOUND('',#326,.T.);
#236=FACE_OUTER_BOUND('',#327,.T.);
#237=FACE_OUTER_BOUND('',#328,.T.);
#238=FACE_OUTER_BOUND('',#329,.T.);
#239=FACE_OUTER_BOUND('',#330,.T.);
#240=FACE_OUTER_BOUND('',#331,.T.);
#241=FACE_OUTER_BOUND('',#332,.T.);
#242=FACE_OUTER_BOUND('',#333,.T.);
#243=FACE_OUTER_BOUND('',#334,.T.);
#244=FACE_OUTER_BOUND('',#335,.T.);
#245=FACE_OUTER_BOUND('',#336,.T.);
#246=FACE_OUTER_BOUND('',#337,.T.);
#247=FACE_OUTER_BOUND('',#338,.T.);
#248=FACE_OUTER_BOUND('',#339,.T.);
#249=FACE_OUTER_BOUND('',#340,.T.);
#250=FACE_OUTER_BOUND('',#341,.T.);
#251=FACE_OUTER_BOUND('',#342,.T.);
#252=FACE_OUTER_BOUND('',#343,.T.);
#253=FACE_OUTER_BOUND('',#344,.T.);
#254=FACE_OUTER_BOUND('',#345,.T.);
#255=FACE_OUTER_BOUND('',#346,.T.);
#256=FACE_OUTER_BOUND('',#347,.T.);
#257=FACE_OUTER_BOUND('',#348,.T.);
#258=FACE_OUTER_BOUND('',#349,.T.);
#259=FACE_OUTER_BOUND('',#350,.T.);
#260=FACE_OUTER_BOUND('',#351,.T.);
#261=FACE_OUTER_BOUND('',#352,.T.);
#262=FACE_OUTER_BOUND('',#353,.T.);
#263=FACE_OUTER_BOUND('',#354,.T.);
#264=FACE_OUTER_BOUND('',#355,.T.);
#265=FACE_OUTER_BOUND('',#356,.T.);
#266=FACE_OUTER_BOUND('',#357,.T.);
#267=FACE_OUTER_BOUND('',#358,.T.);
#268=FACE_OUTER_BOUND('',#359,.T.);
#269=FACE_OUTER_BOUND('',#360,.T.);
#270=FACE_OUTER_BOUND('',#361,.T.);
#271=FACE_OUTER_BOUND('',#362,.T.);
#272=FACE_OUTER_BOUND('',#363,.T.);
#273=FACE_OUTER_BOUND('',#365,.T.);
#274=FACE_OUTER_BOUND('',#366,.T.);
#275=FACE_OUTER_BOUND('',#368,.T.);
#276=FACE_OUTER_BOUND('',#369,.T.);
#277=FACE_OUTER_BOUND('',#370,.T.);
#278=EDGE_LOOP('',(#812,#813,#814,#815,#816,#817));
#279=EDGE_LOOP('',(#818,#819,#820,#821));
#280=EDGE_LOOP('',(#822,#823));
#281=EDGE_LOOP('',(#824,#825));
#282=EDGE_LOOP('',(#826));
#283=EDGE_LOOP('',(#827));
#284=EDGE_LOOP('',(#828,#829,#830,#831));
#285=EDGE_LOOP('',(#832,#833,#834,#835));
#286=EDGE_LOOP('',(#836,#837,#838,#839));
#287=EDGE_LOOP('',(#840,#841,#842,#843));
#288=EDGE_LOOP('',(#844,#845,#846,#847));
#289=EDGE_LOOP('',(#848,#849,#850,#851));
#290=EDGE_LOOP('',(#852,#853,#854,#855));
#291=EDGE_LOOP('',(#856,#857,#858,#859));
#292=EDGE_LOOP('',(#860,#861,#862,#863,#864));
#293=EDGE_LOOP('',(#865,#866,#867,#868));
#294=EDGE_LOOP('',(#869,#870,#871,#872));
#295=EDGE_LOOP('',(#873,#874,#875,#876));
#296=EDGE_LOOP('',(#877,#878,#879,#880));
#297=EDGE_LOOP('',(#881,#882,#883,#884));
#298=EDGE_LOOP('',(#885,#886,#887,#888));
#299=EDGE_LOOP('',(#889,#890,#891,#892));
#300=EDGE_LOOP('',(#893,#894,#895,#896));
#301=EDGE_LOOP('',(#897,#898,#899,#900));
#302=EDGE_LOOP('',(#901,#902,#903,#904));
#303=EDGE_LOOP('',(#905,#906,#907,#908));
#304=EDGE_LOOP('',(#909,#910,#911,#912));
#305=EDGE_LOOP('',(#913,#914,#915,#916));
#306=EDGE_LOOP('',(#917,#918,#919,#920));
#307=EDGE_LOOP('',(#921,#922,#923,#924));
#308=EDGE_LOOP('',(#925,#926,#927,#928));
#309=EDGE_LOOP('',(#929,#930,#931,#932));
#310=EDGE_LOOP('',(#933,#934,#935,#936));
#311=EDGE_LOOP('',(#937,#938,#939,#940));
#312=EDGE_LOOP('',(#941,#942,#943,#944));
#313=EDGE_LOOP('',(#945,#946,#947,#948,#949));
#314=EDGE_LOOP('',(#950,#951,#952,#953));
#315=EDGE_LOOP('',(#954,#955,#956,#957,#958,#959,#960,#961,#962,#963,#964,
#965,#966,#967));
#316=EDGE_LOOP('',(#968,#969,#970,#971));
#317=EDGE_LOOP('',(#972,#973,#974,#975));
#318=EDGE_LOOP('',(#976,#977,#978,#979));
#319=EDGE_LOOP('',(#980,#981,#982,#983));
#320=EDGE_LOOP('',(#984,#985,#986,#987));
#321=EDGE_LOOP('',(#988,#989,#990,#991));
#322=EDGE_LOOP('',(#992,#993,#994,#995));
#323=EDGE_LOOP('',(#996,#997,#998,#999,#1000,#1001,#1002,#1003,#1004));
#324=EDGE_LOOP('',(#1005,#1006,#1007));
#325=EDGE_LOOP('',(#1008,#1009,#1010,#1011));
#326=EDGE_LOOP('',(#1012,#1013,#1014,#1015));
#327=EDGE_LOOP('',(#1016,#1017,#1018));
#328=EDGE_LOOP('',(#1019,#1020,#1021,#1022));
#329=EDGE_LOOP('',(#1023,#1024,#1025,#1026));
#330=EDGE_LOOP('',(#1027,#1028,#1029));
#331=EDGE_LOOP('',(#1030,#1031,#1032));
#332=EDGE_LOOP('',(#1033,#1034,#1035));
#333=EDGE_LOOP('',(#1036,#1037,#1038));
#334=EDGE_LOOP('',(#1039,#1040,#1041));
#335=EDGE_LOOP('',(#1042,#1043,#1044,#1045));
#336=EDGE_LOOP('',(#1046,#1047,#1048));
#337=EDGE_LOOP('',(#1049,#1050,#1051,#1052));
#338=EDGE_LOOP('',(#1053,#1054,#1055));
#339=EDGE_LOOP('',(#1056,#1057,#1058,#1059));
#340=EDGE_LOOP('',(#1060,#1061,#1062));
#341=EDGE_LOOP('',(#1063,#1064,#1065,#1066));
#342=EDGE_LOOP('',(#1067,#1068,#1069));
#343=EDGE_LOOP('',(#1070,#1071,#1072,#1073));
#344=EDGE_LOOP('',(#1074,#1075,#1076,#1077));
#345=EDGE_LOOP('',(#1078,#1079,#1080,#1081));
#346=EDGE_LOOP('',(#1082,#1083,#1084,#1085));
#347=EDGE_LOOP('',(#1086,#1087,#1088,#1089));
#348=EDGE_LOOP('',(#1090,#1091,#1092,#1093));
#349=EDGE_LOOP('',(#1094,#1095,#1096,#1097));
#350=EDGE_LOOP('',(#1098,#1099,#1100,#1101));
#351=EDGE_LOOP('',(#1102,#1103,#1104,#1105));
#352=EDGE_LOOP('',(#1106,#1107,#1108,#1109,#1110,#1111,#1112,#1113,#1114,
#1115,#1116,#1117,#1118,#1119));
#353=EDGE_LOOP('',(#1120,#1121,#1122,#1123,#1124,#1125,#1126,#1127,#1128,
#1129));
#354=EDGE_LOOP('',(#1130,#1131,#1132,#1133,#1134,#1135));
#355=EDGE_LOOP('',(#1136,#1137,#1138,#1139));
#356=EDGE_LOOP('',(#1140,#1141,#1142,#1143,#1144,#1145));
#357=EDGE_LOOP('',(#1146,#1147,#1148,#1149));
#358=EDGE_LOOP('',(#1150,#1151,#1152,#1153));
#359=EDGE_LOOP('',(#1154));
#360=EDGE_LOOP('',(#1155));
#361=EDGE_LOOP('',(#1156,#1157,#1158,#1159,#1160,#1161,#1162,#1163,#1164,
#1165));
#362=EDGE_LOOP('',(#1166,#1167,#1168,#1169,#1170,#1171,#1172,#1173,#1174,
#1175));
#363=EDGE_LOOP('',(#1176));
#364=EDGE_LOOP('',(#1177));
#365=EDGE_LOOP('',(#1178,#1179,#1180,#1181,#1182,#1183,#1184,#1185));
#366=EDGE_LOOP('',(#1186));
#367=EDGE_LOOP('',(#1187));
#368=EDGE_LOOP('',(#1188,#1189,#1190,#1191));
#369=EDGE_LOOP('',(#1192,#1193,#1194,#1195));
#370=EDGE_LOOP('',(#1196,#1197,#1198,#1199));
#371=LINE('',#1967,#426);
#372=LINE('',#2028,#427);
#373=LINE('',#2037,#428);
#374=LINE('',#2040,#429);
#375=LINE('',#2077,#430);
#376=LINE('',#2079,#431);
#377=LINE('',#2118,#432);
#378=LINE('',#2119,#433);
#379=LINE('',#2250,#434);
#380=LINE('',#2251,#435);
#381=LINE('',#2311,#436);
#382=LINE('',#2314,#437);
#383=LINE('',#2353,#438);
#384=LINE('',#2354,#439);
#385=LINE('',#2393,#440);
#386=LINE('',#2394,#441);
#387=LINE('',#2511,#442);
#388=LINE('',#2512,#443);
#389=LINE('',#2699,#444);
#390=LINE('',#2701,#445);
#391=LINE('',#2703,#446);
#392=LINE('',#2705,#447);
#393=LINE('',#2706,#448);
#394=LINE('',#2709,#449);
#395=LINE('',#2713,#450);
#396=LINE('',#2717,#451);
#397=LINE('',#2721,#452);
#398=LINE('',#2722,#453);
#399=LINE('',#2725,#454);
#400=LINE('',#2729,#455);
#401=LINE('',#2733,#456);
#402=LINE('',#2745,#457);
#403=LINE('',#2746,#458);
#404=LINE('',#2749,#459);
#405=LINE('',#2751,#460);
#406=LINE('',#2774,#461);
#407=LINE('',#2775,#462);
#408=LINE('',#2810,#463);
#409=LINE('',#2811,#464);
#410=LINE('',#2825,#465);
#411=LINE('',#2831,#466);
#412=LINE('',#2839,#467);
#413=LINE('',#2841,#468);
#414=LINE('',#2842,#469);
#415=LINE('',#2844,#470);
#416=LINE('',#2845,#471);
#417=LINE('',#2847,#472);
#418=LINE('',#2848,#473);
#419=LINE('',#2850,#474);
#420=LINE('',#2852,#475);
#421=LINE('',#2853,#476);
#422=LINE('',#2858,#477);
#423=LINE('',#2867,#478);
#424=LINE('',#2892,#479);
#425=LINE('',#2895,#480);
#426=VECTOR('',#1525,2.5);
#427=VECTOR('',#1530,5.);
#428=VECTOR('',#1541,10.);
#429=VECTOR('',#1544,10.);
#430=VECTOR('',#1567,10.);
#431=VECTOR('',#1568,10.);
#432=VECTOR('',#1587,10.);
#433=VECTOR('',#1588,10.);
#434=VECTOR('',#1603,10.);
#435=VECTOR('',#1604,1.);
#436=VECTOR('',#1613,10.);
#437=VECTOR('',#1616,10.);
#438=VECTOR('',#1641,10.);
#439=VECTOR('',#1642,10.);
#440=VECTOR('',#1667,10.);
#441=VECTOR('',#1668,10.);
#442=VECTOR('',#1681,10.);
#443=VECTOR('',#1682,1.);
#444=VECTOR('',#1695,10.);
#445=VECTOR('',#1696,10.);
#446=VECTOR('',#1697,10.);
#447=VECTOR('',#1698,10.);
#448=VECTOR('',#1699,10.);
#449=VECTOR('',#1702,10.);
#450=VECTOR('',#1707,10.);
#451=VECTOR('',#1712,10.);
#452=VECTOR('',#1717,10.);
#453=VECTOR('',#1718,10.);
#454=VECTOR('',#1721,10.);
#455=VECTOR('',#1726,10.);
#456=VECTOR('',#1731,10.);
#457=VECTOR('',#1748,10.);
#458=VECTOR('',#1749,10.);
#459=VECTOR('',#1752,10.);
#460=VECTOR('',#1753,10.);
#461=VECTOR('',#1764,10.);
#462=VECTOR('',#1765,10.);
#463=VECTOR('',#1812,10.);
#464=VECTOR('',#1813,10.);
#465=VECTOR('',#1834,10.);
#466=VECTOR('',#1843,10.);
#467=VECTOR('',#1856,10.);
#468=VECTOR('',#1859,10.);
#469=VECTOR('',#1860,10.);
#470=VECTOR('',#1863,10.);
#471=VECTOR('',#1864,10.);
#472=VECTOR('',#1867,10.);
#473=VECTOR('',#1868,10.);
#474=VECTOR('',#1871,10.);
#475=VECTOR('',#1874,10.);
#476=VECTOR('',#1875,10.);
#477=VECTOR('',#1884,10.);
#478=VECTOR('',#1901,10.);
#479=VECTOR('',#1938,5.5);
#480=VECTOR('',#1943,5.5);
#481=B_SPLINE_CURVE_WITH_KNOTS('',3,(#1948,#1949,#1950,#1951,#1952,#1953,
#1954,#1955,#1956,#1957,#1958,#1959,#1960,#1961,#1962,#1963,#1964,#1965),
 .UNSPECIFIED.,.F.,.F.,(4,2,2,2,2,2,2,2,4),(0.38439055210377,0.480357027935287,
0.576323503766803,0.672552303987172,0.76878110420754,0.865009904427908,
0.961238704648276,1.05720518047979,1.15317165631131),.UNSPECIFIED.);
#482=B_SPLINE_CURVE_WITH_KNOTS('',3,(#1969,#1970,#1971,#1972,#1973,#1974,
#1975,#1976,#1977,#1978,#1979,#1980,#1981,#1982,#1983,#1984,#1985,#1986,
#1987,#1988,#1989,#1990,#1991,#1992,#1993,#1994),.UNSPECIFIED.,.F.,.F.,
(4,2,2,2,2,2,2,2,2,2,2,2,4),(0.,0.0962288002203683,0.192457600440737,0.288424076272253,
0.38439055210377,0.480357027935287,0.576323503766803,0.672552303987171,
0.76878110420754,0.865009904427908,0.961238704648276,1.05720518047979,1.15317165631131),
 .UNSPECIFIED.);
#483=B_SPLINE_CURVE_WITH_KNOTS('',3,(#1995,#1996,#1997,#1998,#1999,#2000,
#2001,#2002,#2003,#2004),.UNSPECIFIED.,.F.,.F.,(4,2,2,2,4),(1.15317165631131,
1.24913813214283,1.34510460797434,1.44133340819471,1.53756220841508),
 .UNSPECIFIED.);
#484=B_SPLINE_CURVE_WITH_KNOTS('',3,(#2005,#2006,#2007,#2008,#2009,#2010,
#2011,#2012,#2013,#2014,#2015,#2016,#2017,#2018,#2019,#2020,#2021,#2022,
#2023),.UNSPECIFIED.,.F.,.F.,(4,2,2,2,3,2,2,2,4),(1.15317165631131,1.24913813214283,
1.34510460797434,1.44133340819471,1.53756220841508,1.63379100863545,1.73001980885582,
1.82598628468733,1.92195276051885),.UNSPECIFIED.);
#485=B_SPLINE_CURVE_WITH_KNOTS('',3,(#2080,#2081,#2082,#2083,#2084,#2085,
#2086,#2087,#2088,#2089,#2090,#2091,#2092,#2093),.UNSPECIFIED.,.F.,.F.,
(4,2,2,2,2,2,4),(-0.157611977802291,-0.118792216179772,-0.0798317267224866,
-0.0405871917834211,-0.0203000670008895,0.,0.00046236078877629),
 .UNSPECIFIED.);
#486=B_SPLINE_CURVE_WITH_KNOTS('',3,(#2181,#2182,#2183,#2184,#2185,#2186,
#2187,#2188,#2189,#2190,#2191),.UNSPECIFIED.,.F.,.F.,(4,1,1,1,1,1,1,1,4),
(2.60186169366484,2.75424431282854,2.90662693199223,2.92567475938769,2.94472258678316,
2.96377041417862,2.98281824157408,3.05900955115593,3.13520086073777),
 .UNSPECIFIED.);
#487=B_SPLINE_CURVE_WITH_KNOTS('',3,(#2209,#2210,#2211,#2212),
 .UNSPECIFIED.,.F.,.F.,(4,4),(0.,0.111581728173945),.UNSPECIFIED.);
#488=B_SPLINE_CURVE_WITH_KNOTS('',3,(#2215,#2216,#2217,#2218),
 .UNSPECIFIED.,.F.,.F.,(4,4),(0.,0.0731972430533138),.UNSPECIFIED.);
#489=B_SPLINE_CURVE_WITH_KNOTS('',3,(#2236,#2237,#2238,#2239),
 .UNSPECIFIED.,.F.,.F.,(4,4),(0.,0.154445407894085),.UNSPECIFIED.);
#490=B_SPLINE_CURVE_WITH_KNOTS('',3,(#2242,#2243,#2244,#2245),
 .UNSPECIFIED.,.F.,.F.,(4,4),(0.,0.0820477488189401),.UNSPECIFIED.);
#491=B_SPLINE_CURVE_WITH_KNOTS('',3,(#2269,#2270,#2271,#2272),
 .UNSPECIFIED.,.F.,.F.,(4,4),(0.,0.154465403527612),.UNSPECIFIED.);
#492=B_SPLINE_CURVE_WITH_KNOTS('',3,(#2275,#2276,#2277,#2278),
 .UNSPECIFIED.,.F.,.F.,(4,4),(-0.0820477488126715,0.),.UNSPECIFIED.);
#493=B_SPLINE_CURVE_WITH_KNOTS('',3,(#2296,#2297,#2298,#2299),
 .UNSPECIFIED.,.F.,.F.,(4,4),(0.,0.111665377607201),.UNSPECIFIED.);
#494=B_SPLINE_CURVE_WITH_KNOTS('',3,(#2302,#2303,#2304,#2305),
 .UNSPECIFIED.,.F.,.F.,(4,4),(0.000173300369905177,0.0734179933979512),
 .UNSPECIFIED.);
#495=B_SPLINE_CURVE_WITH_KNOTS('',3,(#2444,#2445,#2446,#2447,#2448,#2449,
#2450,#2451,#2452),.UNSPECIFIED.,.F.,.F.,(4,1,1,1,1,1,4),(2.60186169366605,
2.75424431282974,2.90662693199343,2.96377041417982,3.0209138963662,3.05900955115713,
3.13520086073897),.UNSPECIFIED.);
#496=B_SPLINE_CURVE_WITH_KNOTS('',3,(#2470,#2471,#2472,#2473),
 .UNSPECIFIED.,.F.,.F.,(4,4),(0.,0.111581728173943),.UNSPECIFIED.);
#497=B_SPLINE_CURVE_WITH_KNOTS('',3,(#2476,#2477,#2478,#2479),
 .UNSPECIFIED.,.F.,.F.,(4,4),(0.,0.0731972430532968),.UNSPECIFIED.);
#498=B_SPLINE_CURVE_WITH_KNOTS('',3,(#2497,#2498,#2499,#2500),
 .UNSPECIFIED.,.F.,.F.,(4,4),(0.,0.154445407894087),.UNSPECIFIED.);
#499=B_SPLINE_CURVE_WITH_KNOTS('',3,(#2503,#2504,#2505,#2506),
 .UNSPECIFIED.,.F.,.F.,(4,4),(0.,0.082047748818941),.UNSPECIFIED.);
#500=B_SPLINE_CURVE_WITH_KNOTS('',3,(#2530,#2531,#2532,#2533),
 .UNSPECIFIED.,.F.,.F.,(4,4),(0.,0.15446540352761),.UNSPECIFIED.);
#501=B_SPLINE_CURVE_WITH_KNOTS('',3,(#2536,#2537,#2538,#2539),
 .UNSPECIFIED.,.F.,.F.,(4,4),(-0.0820477488126712,0.),.UNSPECIFIED.);
#502=B_SPLINE_CURVE_WITH_KNOTS('',3,(#2557,#2558,#2559,#2560),
 .UNSPECIFIED.,.F.,.F.,(4,4),(0.,0.111665377607202),.UNSPECIFIED.);
#503=B_SPLINE_CURVE_WITH_KNOTS('',3,(#2563,#2564,#2565,#2566),
 .UNSPECIFIED.,.F.,.F.,(4,4),(0.000173300369905429,0.0734179933979514),
 .UNSPECIFIED.);
#504=B_SPLINE_CURVE_WITH_KNOTS('',3,(#2620,#2621,#2622,#2623,#2624,#2625,
#2626,#2627,#2628,#2629),.UNSPECIFIED.,.F.,.F.,(4,1,1,1,1,1,1,4),(2.60151837590134,
2.67768988004689,2.75386138419244,2.77290426022883,2.79194713626522,2.83003288833799,
2.9823758966291,3.1347189049202),.UNSPECIFIED.);
#505=B_SPLINE_CURVE_WITH_KNOTS('',3,(#2686,#2687,#2688,#2689,#2690,#2691,
#2692,#2693,#2694,#2695,#2696),.UNSPECIFIED.,.F.,.F.,(4,1,1,1,1,1,1,1,4),
(2.60151837590134,2.67768988004689,2.75386138419244,2.77290426022883,2.79194713626522,
2.83003288833799,2.90620439248354,2.9823758966291,3.1347189049202),
 .UNSPECIFIED.);
#506=B_SPLINE_CURVE_WITH_KNOTS('',3,(#2752,#2753,#2754,#2755,#2756,#2757,
#2758,#2759,#2760,#2761,#2762,#2763,#2764,#2765),.UNSPECIFIED.,.F.,.F.,
(4,2,2,2,2,2,4),(-0.31610359795061,-0.315406571132506,-0.274677292054301,
-0.233978337032782,-0.155513714781451,-0.0776183025828038,0.),
 .UNSPECIFIED.);
#507=VERTEX_POINT('',#1946);
#508=VERTEX_POINT('',#1947);
#509=VERTEX_POINT('',#1966);
#510=VERTEX_POINT('',#1968);
#511=VERTEX_POINT('',#2025);
#512=VERTEX_POINT('',#2027);
#513=VERTEX_POINT('',#2033);
#514=VERTEX_POINT('',#2034);
#515=VERTEX_POINT('',#2036);
#516=VERTEX_POINT('',#2038);
#517=VERTEX_POINT('',#2050);
#518=VERTEX_POINT('',#2051);
#519=VERTEX_POINT('',#2056);
#520=VERTEX_POINT('',#2057);
#521=VERTEX_POINT('',#2070);
#522=VERTEX_POINT('',#2071);
#523=VERTEX_POINT('',#2076);
#524=VERTEX_POINT('',#2078);
#525=VERTEX_POINT('',#2095);
#526=VERTEX_POINT('',#2097);
#527=VERTEX_POINT('',#2109);
#528=VERTEX_POINT('',#2110);
#529=VERTEX_POINT('',#2115);
#530=VERTEX_POINT('',#2116);
#531=VERTEX_POINT('',#2175);
#532=VERTEX_POINT('',#2176);
#533=VERTEX_POINT('',#2178);
#534=VERTEX_POINT('',#2208);
#535=VERTEX_POINT('',#2213);
#536=VERTEX_POINT('',#2235);
#537=VERTEX_POINT('',#2240);
#538=VERTEX_POINT('',#2247);
#539=VERTEX_POINT('',#2248);
#540=VERTEX_POINT('',#2268);
#541=VERTEX_POINT('',#2273);
#542=VERTEX_POINT('',#2295);
#543=VERTEX_POINT('',#2300);
#544=VERTEX_POINT('',#2307);
#545=VERTEX_POINT('',#2308);
#546=VERTEX_POINT('',#2310);
#547=VERTEX_POINT('',#2312);
#548=VERTEX_POINT('',#2324);
#549=VERTEX_POINT('',#2325);
#550=VERTEX_POINT('',#2330);
#551=VERTEX_POINT('',#2331);
#552=VERTEX_POINT('',#2344);
#553=VERTEX_POINT('',#2345);
#554=VERTEX_POINT('',#2350);
#555=VERTEX_POINT('',#2351);
#556=VERTEX_POINT('',#2364);
#557=VERTEX_POINT('',#2365);
#558=VERTEX_POINT('',#2370);
#559=VERTEX_POINT('',#2371);
#560=VERTEX_POINT('',#2384);
#561=VERTEX_POINT('',#2385);
#562=VERTEX_POINT('',#2390);
#563=VERTEX_POINT('',#2391);
#564=VERTEX_POINT('',#2440);
#565=VERTEX_POINT('',#2441);
#566=VERTEX_POINT('',#2469);
#567=VERTEX_POINT('',#2474);
#568=VERTEX_POINT('',#2496);
#569=VERTEX_POINT('',#2501);
#570=VERTEX_POINT('',#2508);
#571=VERTEX_POINT('',#2509);
#572=VERTEX_POINT('',#2529);
#573=VERTEX_POINT('',#2534);
#574=VERTEX_POINT('',#2556);
#575=VERTEX_POINT('',#2561);
#576=VERTEX_POINT('',#2617);
#577=VERTEX_POINT('',#2698);
#578=VERTEX_POINT('',#2700);
#579=VERTEX_POINT('',#2702);
#580=VERTEX_POINT('',#2704);
#581=VERTEX_POINT('',#2708);
#582=VERTEX_POINT('',#2712);
#583=VERTEX_POINT('',#2716);
#584=VERTEX_POINT('',#2720);
#585=VERTEX_POINT('',#2724);
#586=VERTEX_POINT('',#2728);
#587=VERTEX_POINT('',#2732);
#588=VERTEX_POINT('',#2738);
#589=VERTEX_POINT('',#2739);
#590=VERTEX_POINT('',#2741);
#591=VERTEX_POINT('',#2748);
#592=VERTEX_POINT('',#2750);
#593=VERTEX_POINT('',#2767);
#594=VERTEX_POINT('',#2768);
#595=VERTEX_POINT('',#2770);
#596=VERTEX_POINT('',#2780);
#597=VERTEX_POINT('',#2782);
#598=VERTEX_POINT('',#2786);
#599=VERTEX_POINT('',#2787);
#600=VERTEX_POINT('',#2789);
#601=VERTEX_POINT('',#2793);
#602=VERTEX_POINT('',#2797);
#603=VERTEX_POINT('',#2799);
#604=VERTEX_POINT('',#2803);
#605=VERTEX_POINT('',#2804);
#606=VERTEX_POINT('',#2806);
#607=VERTEX_POINT('',#2813);
#608=VERTEX_POINT('',#2819);
#609=VERTEX_POINT('',#2820);
#610=VERTEX_POINT('',#2827);
#611=VERTEX_POINT('',#2833);
#612=VERTEX_POINT('',#2869);
#613=VERTEX_POINT('',#2872);
#614=VERTEX_POINT('',#2875);
#615=VERTEX_POINT('',#2880);
#616=VERTEX_POINT('',#2885);
#617=VERTEX_POINT('',#2889);
#618=EDGE_CURVE('',#507,#508,#481,.T.);
#619=EDGE_CURVE('',#507,#509,#371,.T.);
#620=EDGE_CURVE('',#510,#509,#482,.T.);
#621=EDGE_CURVE('',#509,#510,#483,.T.);
#622=EDGE_CURVE('',#508,#507,#484,.T.);
#623=EDGE_CURVE('',#511,#511,#76,.T.);
#624=EDGE_CURVE('',#511,#512,#372,.T.);
#625=EDGE_CURVE('',#512,#512,#77,.T.);
#626=EDGE_CURVE('',#513,#514,#78,.T.);
#627=EDGE_CURVE('',#514,#515,#373,.T.);
#628=EDGE_CURVE('',#515,#516,#79,.T.);
#629=EDGE_CURVE('',#516,#513,#374,.T.);
#630=EDGE_CURVE('',#517,#518,#80,.T.);
#631=EDGE_CURVE('',#518,#514,#81,.T.);
#632=EDGE_CURVE('',#513,#517,#82,.T.);
#633=EDGE_CURVE('',#519,#520,#83,.T.);
#634=EDGE_CURVE('',#520,#518,#84,.T.);
#635=EDGE_CURVE('',#517,#519,#85,.T.);
#636=EDGE_CURVE('',#521,#522,#86,.T.);
#637=EDGE_CURVE('',#522,#520,#87,.T.);
#638=EDGE_CURVE('',#519,#521,#88,.T.);
#639=EDGE_CURVE('',#523,#522,#375,.T.);
#640=EDGE_CURVE('',#521,#524,#376,.T.);
#641=EDGE_CURVE('',#524,#523,#485,.T.);
#642=EDGE_CURVE('',#524,#525,#89,.T.);
#643=EDGE_CURVE('',#525,#526,#90,.T.);
#644=EDGE_CURVE('',#526,#523,#91,.T.);
#645=EDGE_CURVE('',#527,#528,#92,.T.);
#646=EDGE_CURVE('',#528,#526,#93,.T.);
#647=EDGE_CURVE('',#525,#527,#94,.T.);
#648=EDGE_CURVE('',#529,#530,#95,.T.);
#649=EDGE_CURVE('',#530,#528,#377,.T.);
#650=EDGE_CURVE('',#527,#529,#378,.T.);
#651=EDGE_CURVE('',#531,#532,#96,.T.);
#652=EDGE_CURVE('',#532,#533,#97,.T.);
#653=EDGE_CURVE('',#533,#530,#98,.T.);
#654=EDGE_CURVE('',#529,#531,#486,.T.);
#655=EDGE_CURVE('',#531,#534,#487,.T.);
#656=EDGE_CURVE('',#534,#535,#99,.T.);
#657=EDGE_CURVE('',#535,#532,#488,.T.);
#658=EDGE_CURVE('',#534,#536,#489,.T.);
#659=EDGE_CURVE('',#536,#537,#100,.T.);
#660=EDGE_CURVE('',#537,#535,#490,.T.);
#661=EDGE_CURVE('',#538,#539,#101,.T.);
#662=EDGE_CURVE('',#539,#537,#379,.T.);
#663=EDGE_CURVE('',#536,#538,#380,.T.);
#664=EDGE_CURVE('',#538,#540,#491,.T.);
#665=EDGE_CURVE('',#540,#541,#102,.T.);
#666=EDGE_CURVE('',#541,#539,#492,.T.);
#667=EDGE_CURVE('',#540,#542,#493,.T.);
#668=EDGE_CURVE('',#542,#543,#103,.T.);
#669=EDGE_CURVE('',#543,#541,#494,.T.);
#670=EDGE_CURVE('',#544,#545,#104,.T.);
#671=EDGE_CURVE('',#545,#546,#381,.T.);
#672=EDGE_CURVE('',#546,#547,#105,.T.);
#673=EDGE_CURVE('',#547,#544,#382,.T.);
#674=EDGE_CURVE('',#548,#549,#106,.T.);
#675=EDGE_CURVE('',#549,#545,#107,.T.);
#676=EDGE_CURVE('',#544,#548,#108,.T.);
#677=EDGE_CURVE('',#550,#551,#109,.T.);
#678=EDGE_CURVE('',#551,#549,#110,.T.);
#679=EDGE_CURVE('',#548,#550,#111,.T.);
#680=EDGE_CURVE('',#552,#553,#112,.T.);
#681=EDGE_CURVE('',#553,#551,#113,.T.);
#682=EDGE_CURVE('',#550,#552,#114,.T.);
#683=EDGE_CURVE('',#554,#555,#115,.T.);
#684=EDGE_CURVE('',#555,#553,#383,.T.);
#685=EDGE_CURVE('',#552,#554,#384,.T.);
#686=EDGE_CURVE('',#556,#557,#116,.T.);
#687=EDGE_CURVE('',#557,#555,#117,.T.);
#688=EDGE_CURVE('',#554,#556,#118,.T.);
#689=EDGE_CURVE('',#558,#559,#119,.T.);
#690=EDGE_CURVE('',#559,#557,#120,.T.);
#691=EDGE_CURVE('',#556,#558,#121,.T.);
#692=EDGE_CURVE('',#560,#561,#122,.T.);
#693=EDGE_CURVE('',#561,#559,#123,.T.);
#694=EDGE_CURVE('',#558,#560,#124,.T.);
#695=EDGE_CURVE('',#562,#563,#125,.T.);
#696=EDGE_CURVE('',#563,#561,#385,.T.);
#697=EDGE_CURVE('',#560,#562,#386,.T.);
#698=EDGE_CURVE('',#564,#565,#126,.T.);
#699=EDGE_CURVE('',#565,#563,#127,.T.);
#700=EDGE_CURVE('',#562,#564,#495,.T.);
#701=EDGE_CURVE('',#564,#566,#496,.T.);
#702=EDGE_CURVE('',#566,#567,#128,.T.);
#703=EDGE_CURVE('',#567,#565,#497,.T.);
#704=EDGE_CURVE('',#566,#568,#498,.T.);
#705=EDGE_CURVE('',#568,#569,#129,.T.);
#706=EDGE_CURVE('',#569,#567,#499,.T.);
#707=EDGE_CURVE('',#570,#571,#130,.T.);
#708=EDGE_CURVE('',#571,#569,#387,.T.);
#709=EDGE_CURVE('',#568,#570,#388,.T.);
#710=EDGE_CURVE('',#570,#572,#500,.T.);
#711=EDGE_CURVE('',#572,#573,#131,.T.);
#712=EDGE_CURVE('',#573,#571,#501,.T.);
#713=EDGE_CURVE('',#572,#574,#502,.T.);
#714=EDGE_CURVE('',#574,#575,#132,.T.);
#715=EDGE_CURVE('',#575,#573,#503,.T.);
#716=EDGE_CURVE('',#546,#576,#133,.T.);
#717=EDGE_CURVE('',#576,#543,#134,.T.);
#718=EDGE_CURVE('',#542,#547,#504,.T.);
#719=EDGE_CURVE('',#515,#575,#135,.T.);
#720=EDGE_CURVE('',#574,#516,#505,.T.);
#721=EDGE_CURVE('',#577,#560,#389,.T.);
#722=EDGE_CURVE('',#578,#577,#390,.T.);
#723=EDGE_CURVE('',#579,#578,#391,.T.);
#724=EDGE_CURVE('',#580,#579,#392,.T.);
#725=EDGE_CURVE('',#513,#580,#393,.T.);
#726=EDGE_CURVE('',#558,#581,#394,.T.);
#727=EDGE_CURVE('',#581,#577,#136,.F.);
#728=EDGE_CURVE('',#582,#556,#395,.T.);
#729=EDGE_CURVE('',#581,#582,#137,.T.);
#730=EDGE_CURVE('',#554,#583,#396,.T.);
#731=EDGE_CURVE('',#583,#582,#138,.F.);
#732=EDGE_CURVE('',#584,#552,#397,.T.);
#733=EDGE_CURVE('',#583,#584,#398,.T.);
#734=EDGE_CURVE('',#550,#585,#399,.T.);
#735=EDGE_CURVE('',#585,#584,#139,.F.);
#736=EDGE_CURVE('',#586,#548,#400,.T.);
#737=EDGE_CURVE('',#585,#586,#140,.T.);
#738=EDGE_CURVE('',#544,#587,#401,.T.);
#739=EDGE_CURVE('',#587,#586,#141,.F.);
#740=EDGE_CURVE('',#530,#515,#142,.T.);
#741=EDGE_CURVE('',#588,#589,#143,.F.);
#742=EDGE_CURVE('',#590,#588,#144,.F.);
#743=EDGE_CURVE('',#589,#590,#145,.F.);
#744=EDGE_CURVE('',#519,#590,#402,.T.);
#745=EDGE_CURVE('',#588,#521,#403,.T.);
#746=EDGE_CURVE('',#591,#588,#404,.T.);
#747=EDGE_CURVE('',#589,#592,#405,.T.);
#748=EDGE_CURVE('',#592,#591,#506,.T.);
#749=EDGE_CURVE('',#593,#594,#146,.F.);
#750=EDGE_CURVE('',#595,#593,#147,.F.);
#751=EDGE_CURVE('',#594,#595,#148,.F.);
#752=EDGE_CURVE('',#525,#595,#406,.T.);
#753=EDGE_CURVE('',#593,#527,#407,.T.);
#754=EDGE_CURVE('',#592,#594,#149,.T.);
#755=EDGE_CURVE('',#595,#591,#150,.T.);
#756=EDGE_CURVE('',#580,#596,#151,.F.);
#757=EDGE_CURVE('',#597,#580,#152,.F.);
#758=EDGE_CURVE('',#596,#597,#153,.F.);
#759=EDGE_CURVE('',#598,#599,#154,.F.);
#760=EDGE_CURVE('',#600,#598,#155,.F.);
#761=EDGE_CURVE('',#599,#600,#156,.F.);
#762=EDGE_CURVE('',#601,#587,#157,.F.);
#763=EDGE_CURVE('',#586,#601,#158,.F.);
#764=EDGE_CURVE('',#579,#602,#159,.F.);
#765=EDGE_CURVE('',#603,#579,#160,.F.);
#766=EDGE_CURVE('',#602,#603,#161,.F.);
#767=EDGE_CURVE('',#604,#605,#162,.F.);
#768=EDGE_CURVE('',#606,#604,#163,.F.);
#769=EDGE_CURVE('',#605,#606,#164,.F.);
#770=EDGE_CURVE('',#604,#600,#408,.T.);
#771=EDGE_CURVE('',#598,#606,#409,.T.);
#772=EDGE_CURVE('',#607,#585,#165,.F.);
#773=EDGE_CURVE('',#584,#607,#166,.F.);
#774=EDGE_CURVE('',#601,#607,#167,.T.);
#775=EDGE_CURVE('',#608,#609,#168,.F.);
#776=EDGE_CURVE('',#578,#608,#169,.F.);
#777=EDGE_CURVE('',#609,#578,#170,.F.);
#778=EDGE_CURVE('',#608,#603,#410,.T.);
#779=EDGE_CURVE('',#610,#583,#171,.F.);
#780=EDGE_CURVE('',#582,#610,#172,.F.);
#781=EDGE_CURVE('',#607,#610,#411,.T.);
#782=EDGE_CURVE('',#611,#581,#173,.F.);
#783=EDGE_CURVE('',#577,#611,#174,.F.);
#784=EDGE_CURVE('',#610,#611,#175,.T.);
#785=EDGE_CURVE('',#611,#609,#412,.T.);
#786=EDGE_CURVE('',#609,#605,#413,.T.);
#787=EDGE_CURVE('',#606,#608,#414,.T.);
#788=EDGE_CURVE('',#605,#601,#415,.T.);
#789=EDGE_CURVE('',#587,#604,#416,.T.);
#790=EDGE_CURVE('',#599,#602,#417,.T.);
#791=EDGE_CURVE('',#603,#598,#418,.T.);
#792=EDGE_CURVE('',#602,#597,#419,.T.);
#793=EDGE_CURVE('',#594,#599,#420,.T.);
#794=EDGE_CURVE('',#600,#593,#421,.T.);
#795=EDGE_CURVE('',#597,#589,#176,.T.);
#796=EDGE_CURVE('',#590,#596,#177,.T.);
#797=EDGE_CURVE('',#596,#517,#422,.T.);
#798=EDGE_CURVE('',#563,#546,#178,.T.);
#799=EDGE_CURVE('',#591,#524,#423,.T.);
#800=EDGE_CURVE('',#612,#612,#179,.T.);
#801=EDGE_CURVE('',#613,#613,#180,.F.);
#802=EDGE_CURVE('',#614,#614,#181,.T.);
#803=EDGE_CURVE('',#614,#533,#182,.T.);
#804=EDGE_CURVE('',#535,#573,#183,.T.);
#805=EDGE_CURVE('',#576,#615,#184,.T.);
#806=EDGE_CURVE('',#615,#615,#185,.T.);
#807=EDGE_CURVE('',#541,#567,#186,.T.);
#808=EDGE_CURVE('',#616,#616,#187,.T.);
#809=EDGE_CURVE('',#617,#617,#188,.T.);
#810=EDGE_CURVE('',#613,#617,#424,.T.);
#811=EDGE_CURVE('',#616,#612,#425,.T.);
#812=ORIENTED_EDGE('',*,*,#618,.F.);
#813=ORIENTED_EDGE('',*,*,#619,.T.);
#814=ORIENTED_EDGE('',*,*,#620,.F.);
#815=ORIENTED_EDGE('',*,*,#621,.F.);
#816=ORIENTED_EDGE('',*,*,#619,.F.);
#817=ORIENTED_EDGE('',*,*,#622,.F.);
#818=ORIENTED_EDGE('',*,*,#623,.F.);
#819=ORIENTED_EDGE('',*,*,#624,.T.);
#820=ORIENTED_EDGE('',*,*,#625,.T.);
#821=ORIENTED_EDGE('',*,*,#624,.F.);
#822=ORIENTED_EDGE('',*,*,#620,.T.);
#823=ORIENTED_EDGE('',*,*,#621,.T.);
#824=ORIENTED_EDGE('',*,*,#618,.T.);
#825=ORIENTED_EDGE('',*,*,#622,.T.);
#826=ORIENTED_EDGE('',*,*,#623,.T.);
#827=ORIENTED_EDGE('',*,*,#625,.F.);
#828=ORIENTED_EDGE('',*,*,#626,.T.);
#829=ORIENTED_EDGE('',*,*,#627,.T.);
#830=ORIENTED_EDGE('',*,*,#628,.T.);
#831=ORIENTED_EDGE('',*,*,#629,.T.);
#832=ORIENTED_EDGE('',*,*,#630,.T.);
#833=ORIENTED_EDGE('',*,*,#631,.T.);
#834=ORIENTED_EDGE('',*,*,#626,.F.);
#835=ORIENTED_EDGE('',*,*,#632,.T.);
#836=ORIENTED_EDGE('',*,*,#633,.T.);
#837=ORIENTED_EDGE('',*,*,#634,.T.);
#838=ORIENTED_EDGE('',*,*,#630,.F.);
#839=ORIENTED_EDGE('',*,*,#635,.T.);
#840=ORIENTED_EDGE('',*,*,#636,.T.);
#841=ORIENTED_EDGE('',*,*,#637,.T.);
#842=ORIENTED_EDGE('',*,*,#633,.F.);
#843=ORIENTED_EDGE('',*,*,#638,.T.);
#844=ORIENTED_EDGE('',*,*,#639,.T.);
#845=ORIENTED_EDGE('',*,*,#636,.F.);
#846=ORIENTED_EDGE('',*,*,#640,.T.);
#847=ORIENTED_EDGE('',*,*,#641,.T.);
#848=ORIENTED_EDGE('',*,*,#642,.T.);
#849=ORIENTED_EDGE('',*,*,#643,.T.);
#850=ORIENTED_EDGE('',*,*,#644,.T.);
#851=ORIENTED_EDGE('',*,*,#641,.F.);
#852=ORIENTED_EDGE('',*,*,#645,.T.);
#853=ORIENTED_EDGE('',*,*,#646,.T.);
#854=ORIENTED_EDGE('',*,*,#643,.F.);
#855=ORIENTED_EDGE('',*,*,#647,.T.);
#856=ORIENTED_EDGE('',*,*,#648,.T.);
#857=ORIENTED_EDGE('',*,*,#649,.T.);
#858=ORIENTED_EDGE('',*,*,#645,.F.);
#859=ORIENTED_EDGE('',*,*,#650,.T.);
#860=ORIENTED_EDGE('',*,*,#651,.T.);
#861=ORIENTED_EDGE('',*,*,#652,.T.);
#862=ORIENTED_EDGE('',*,*,#653,.T.);
#863=ORIENTED_EDGE('',*,*,#648,.F.);
#864=ORIENTED_EDGE('',*,*,#654,.T.);
#865=ORIENTED_EDGE('',*,*,#651,.F.);
#866=ORIENTED_EDGE('',*,*,#655,.T.);
#867=ORIENTED_EDGE('',*,*,#656,.T.);
#868=ORIENTED_EDGE('',*,*,#657,.T.);
#869=ORIENTED_EDGE('',*,*,#656,.F.);
#870=ORIENTED_EDGE('',*,*,#658,.T.);
#871=ORIENTED_EDGE('',*,*,#659,.T.);
#872=ORIENTED_EDGE('',*,*,#660,.T.);
#873=ORIENTED_EDGE('',*,*,#661,.T.);
#874=ORIENTED_EDGE('',*,*,#662,.T.);
#875=ORIENTED_EDGE('',*,*,#659,.F.);
#876=ORIENTED_EDGE('',*,*,#663,.T.);
#877=ORIENTED_EDGE('',*,*,#661,.F.);
#878=ORIENTED_EDGE('',*,*,#664,.T.);
#879=ORIENTED_EDGE('',*,*,#665,.T.);
#880=ORIENTED_EDGE('',*,*,#666,.T.);
#881=ORIENTED_EDGE('',*,*,#665,.F.);
#882=ORIENTED_EDGE('',*,*,#667,.T.);
#883=ORIENTED_EDGE('',*,*,#668,.T.);
#884=ORIENTED_EDGE('',*,*,#669,.T.);
#885=ORIENTED_EDGE('',*,*,#670,.T.);
#886=ORIENTED_EDGE('',*,*,#671,.T.);
#887=ORIENTED_EDGE('',*,*,#672,.T.);
#888=ORIENTED_EDGE('',*,*,#673,.T.);
#889=ORIENTED_EDGE('',*,*,#674,.T.);
#890=ORIENTED_EDGE('',*,*,#675,.T.);
#891=ORIENTED_EDGE('',*,*,#670,.F.);
#892=ORIENTED_EDGE('',*,*,#676,.T.);
#893=ORIENTED_EDGE('',*,*,#677,.T.);
#894=ORIENTED_EDGE('',*,*,#678,.T.);
#895=ORIENTED_EDGE('',*,*,#674,.F.);
#896=ORIENTED_EDGE('',*,*,#679,.T.);
#897=ORIENTED_EDGE('',*,*,#680,.T.);
#898=ORIENTED_EDGE('',*,*,#681,.T.);
#899=ORIENTED_EDGE('',*,*,#677,.F.);
#900=ORIENTED_EDGE('',*,*,#682,.T.);
#901=ORIENTED_EDGE('',*,*,#683,.T.);
#902=ORIENTED_EDGE('',*,*,#684,.T.);
#903=ORIENTED_EDGE('',*,*,#680,.F.);
#904=ORIENTED_EDGE('',*,*,#685,.T.);
#905=ORIENTED_EDGE('',*,*,#686,.T.);
#906=ORIENTED_EDGE('',*,*,#687,.T.);
#907=ORIENTED_EDGE('',*,*,#683,.F.);
#908=ORIENTED_EDGE('',*,*,#688,.T.);
#909=ORIENTED_EDGE('',*,*,#689,.T.);
#910=ORIENTED_EDGE('',*,*,#690,.T.);
#911=ORIENTED_EDGE('',*,*,#686,.F.);
#912=ORIENTED_EDGE('',*,*,#691,.T.);
#913=ORIENTED_EDGE('',*,*,#692,.T.);
#914=ORIENTED_EDGE('',*,*,#693,.T.);
#915=ORIENTED_EDGE('',*,*,#689,.F.);
#916=ORIENTED_EDGE('',*,*,#694,.T.);
#917=ORIENTED_EDGE('',*,*,#695,.T.);
#918=ORIENTED_EDGE('',*,*,#696,.T.);
#919=ORIENTED_EDGE('',*,*,#692,.F.);
#920=ORIENTED_EDGE('',*,*,#697,.T.);
#921=ORIENTED_EDGE('',*,*,#698,.T.);
#922=ORIENTED_EDGE('',*,*,#699,.T.);
#923=ORIENTED_EDGE('',*,*,#695,.F.);
#924=ORIENTED_EDGE('',*,*,#700,.T.);
#925=ORIENTED_EDGE('',*,*,#698,.F.);
#926=ORIENTED_EDGE('',*,*,#701,.T.);
#927=ORIENTED_EDGE('',*,*,#702,.T.);
#928=ORIENTED_EDGE('',*,*,#703,.T.);
#929=ORIENTED_EDGE('',*,*,#702,.F.);
#930=ORIENTED_EDGE('',*,*,#704,.T.);
#931=ORIENTED_EDGE('',*,*,#705,.T.);
#932=ORIENTED_EDGE('',*,*,#706,.T.);
#933=ORIENTED_EDGE('',*,*,#707,.T.);
#934=ORIENTED_EDGE('',*,*,#708,.T.);
#935=ORIENTED_EDGE('',*,*,#705,.F.);
#936=ORIENTED_EDGE('',*,*,#709,.T.);
#937=ORIENTED_EDGE('',*,*,#707,.F.);
#938=ORIENTED_EDGE('',*,*,#710,.T.);
#939=ORIENTED_EDGE('',*,*,#711,.T.);
#940=ORIENTED_EDGE('',*,*,#712,.T.);
#941=ORIENTED_EDGE('',*,*,#711,.F.);
#942=ORIENTED_EDGE('',*,*,#713,.T.);
#943=ORIENTED_EDGE('',*,*,#714,.T.);
#944=ORIENTED_EDGE('',*,*,#715,.T.);
#945=ORIENTED_EDGE('',*,*,#672,.F.);
#946=ORIENTED_EDGE('',*,*,#716,.T.);
#947=ORIENTED_EDGE('',*,*,#717,.T.);
#948=ORIENTED_EDGE('',*,*,#668,.F.);
#949=ORIENTED_EDGE('',*,*,#718,.T.);
#950=ORIENTED_EDGE('',*,*,#628,.F.);
#951=ORIENTED_EDGE('',*,*,#719,.T.);
#952=ORIENTED_EDGE('',*,*,#714,.F.);
#953=ORIENTED_EDGE('',*,*,#720,.T.);
#954=ORIENTED_EDGE('',*,*,#629,.F.);
#955=ORIENTED_EDGE('',*,*,#720,.F.);
#956=ORIENTED_EDGE('',*,*,#713,.F.);
#957=ORIENTED_EDGE('',*,*,#710,.F.);
#958=ORIENTED_EDGE('',*,*,#709,.F.);
#959=ORIENTED_EDGE('',*,*,#704,.F.);
#960=ORIENTED_EDGE('',*,*,#701,.F.);
#961=ORIENTED_EDGE('',*,*,#700,.F.);
#962=ORIENTED_EDGE('',*,*,#697,.F.);
#963=ORIENTED_EDGE('',*,*,#721,.F.);
#964=ORIENTED_EDGE('',*,*,#722,.F.);
#965=ORIENTED_EDGE('',*,*,#723,.F.);
#966=ORIENTED_EDGE('',*,*,#724,.F.);
#967=ORIENTED_EDGE('',*,*,#725,.F.);
#968=ORIENTED_EDGE('',*,*,#694,.F.);
#969=ORIENTED_EDGE('',*,*,#726,.T.);
#970=ORIENTED_EDGE('',*,*,#727,.T.);
#971=ORIENTED_EDGE('',*,*,#721,.T.);
#972=ORIENTED_EDGE('',*,*,#691,.F.);
#973=ORIENTED_EDGE('',*,*,#728,.F.);
#974=ORIENTED_EDGE('',*,*,#729,.F.);
#975=ORIENTED_EDGE('',*,*,#726,.F.);
#976=ORIENTED_EDGE('',*,*,#688,.F.);
#977=ORIENTED_EDGE('',*,*,#730,.T.);
#978=ORIENTED_EDGE('',*,*,#731,.T.);
#979=ORIENTED_EDGE('',*,*,#728,.T.);
#980=ORIENTED_EDGE('',*,*,#685,.F.);
#981=ORIENTED_EDGE('',*,*,#732,.F.);
#982=ORIENTED_EDGE('',*,*,#733,.F.);
#983=ORIENTED_EDGE('',*,*,#730,.F.);
#984=ORIENTED_EDGE('',*,*,#682,.F.);
#985=ORIENTED_EDGE('',*,*,#734,.T.);
#986=ORIENTED_EDGE('',*,*,#735,.T.);
#987=ORIENTED_EDGE('',*,*,#732,.T.);
#988=ORIENTED_EDGE('',*,*,#679,.F.);
#989=ORIENTED_EDGE('',*,*,#736,.F.);
#990=ORIENTED_EDGE('',*,*,#737,.F.);
#991=ORIENTED_EDGE('',*,*,#734,.F.);
#992=ORIENTED_EDGE('',*,*,#676,.F.);
#993=ORIENTED_EDGE('',*,*,#738,.T.);
#994=ORIENTED_EDGE('',*,*,#739,.T.);
#995=ORIENTED_EDGE('',*,*,#736,.T.);
#996=ORIENTED_EDGE('',*,*,#627,.F.);
#997=ORIENTED_EDGE('',*,*,#631,.F.);
#998=ORIENTED_EDGE('',*,*,#634,.F.);
#999=ORIENTED_EDGE('',*,*,#637,.F.);
#1000=ORIENTED_EDGE('',*,*,#639,.F.);
#1001=ORIENTED_EDGE('',*,*,#644,.F.);
#1002=ORIENTED_EDGE('',*,*,#646,.F.);
#1003=ORIENTED_EDGE('',*,*,#649,.F.);
#1004=ORIENTED_EDGE('',*,*,#740,.T.);
#1005=ORIENTED_EDGE('',*,*,#741,.F.);
#1006=ORIENTED_EDGE('',*,*,#742,.F.);
#1007=ORIENTED_EDGE('',*,*,#743,.F.);
#1008=ORIENTED_EDGE('',*,*,#638,.F.);
#1009=ORIENTED_EDGE('',*,*,#744,.T.);
#1010=ORIENTED_EDGE('',*,*,#742,.T.);
#1011=ORIENTED_EDGE('',*,*,#745,.T.);
#1012=ORIENTED_EDGE('',*,*,#746,.T.);
#1013=ORIENTED_EDGE('',*,*,#741,.T.);
#1014=ORIENTED_EDGE('',*,*,#747,.T.);
#1015=ORIENTED_EDGE('',*,*,#748,.T.);
#1016=ORIENTED_EDGE('',*,*,#749,.F.);
#1017=ORIENTED_EDGE('',*,*,#750,.F.);
#1018=ORIENTED_EDGE('',*,*,#751,.F.);
#1019=ORIENTED_EDGE('',*,*,#647,.F.);
#1020=ORIENTED_EDGE('',*,*,#752,.T.);
#1021=ORIENTED_EDGE('',*,*,#750,.T.);
#1022=ORIENTED_EDGE('',*,*,#753,.T.);
#1023=ORIENTED_EDGE('',*,*,#754,.T.);
#1024=ORIENTED_EDGE('',*,*,#751,.T.);
#1025=ORIENTED_EDGE('',*,*,#755,.T.);
#1026=ORIENTED_EDGE('',*,*,#748,.F.);
#1027=ORIENTED_EDGE('',*,*,#756,.F.);
#1028=ORIENTED_EDGE('',*,*,#757,.F.);
#1029=ORIENTED_EDGE('',*,*,#758,.F.);
#1030=ORIENTED_EDGE('',*,*,#759,.F.);
#1031=ORIENTED_EDGE('',*,*,#760,.F.);
#1032=ORIENTED_EDGE('',*,*,#761,.F.);
#1033=ORIENTED_EDGE('',*,*,#739,.F.);
#1034=ORIENTED_EDGE('',*,*,#762,.F.);
#1035=ORIENTED_EDGE('',*,*,#763,.F.);
#1036=ORIENTED_EDGE('',*,*,#764,.F.);
#1037=ORIENTED_EDGE('',*,*,#765,.F.);
#1038=ORIENTED_EDGE('',*,*,#766,.F.);
#1039=ORIENTED_EDGE('',*,*,#767,.F.);
#1040=ORIENTED_EDGE('',*,*,#768,.F.);
#1041=ORIENTED_EDGE('',*,*,#769,.F.);
#1042=ORIENTED_EDGE('',*,*,#768,.T.);
#1043=ORIENTED_EDGE('',*,*,#770,.T.);
#1044=ORIENTED_EDGE('',*,*,#760,.T.);
#1045=ORIENTED_EDGE('',*,*,#771,.T.);
#1046=ORIENTED_EDGE('',*,*,#735,.F.);
#1047=ORIENTED_EDGE('',*,*,#772,.F.);
#1048=ORIENTED_EDGE('',*,*,#773,.F.);
#1049=ORIENTED_EDGE('',*,*,#763,.T.);
#1050=ORIENTED_EDGE('',*,*,#774,.T.);
#1051=ORIENTED_EDGE('',*,*,#772,.T.);
#1052=ORIENTED_EDGE('',*,*,#737,.T.);
#1053=ORIENTED_EDGE('',*,*,#775,.F.);
#1054=ORIENTED_EDGE('',*,*,#776,.F.);
#1055=ORIENTED_EDGE('',*,*,#777,.F.);
#1056=ORIENTED_EDGE('',*,*,#765,.T.);
#1057=ORIENTED_EDGE('',*,*,#723,.T.);
#1058=ORIENTED_EDGE('',*,*,#776,.T.);
#1059=ORIENTED_EDGE('',*,*,#778,.T.);
#1060=ORIENTED_EDGE('',*,*,#731,.F.);
#1061=ORIENTED_EDGE('',*,*,#779,.F.);
#1062=ORIENTED_EDGE('',*,*,#780,.F.);
#1063=ORIENTED_EDGE('',*,*,#773,.T.);
#1064=ORIENTED_EDGE('',*,*,#781,.T.);
#1065=ORIENTED_EDGE('',*,*,#779,.T.);
#1066=ORIENTED_EDGE('',*,*,#733,.T.);
#1067=ORIENTED_EDGE('',*,*,#727,.F.);
#1068=ORIENTED_EDGE('',*,*,#782,.F.);
#1069=ORIENTED_EDGE('',*,*,#783,.F.);
#1070=ORIENTED_EDGE('',*,*,#780,.T.);
#1071=ORIENTED_EDGE('',*,*,#784,.T.);
#1072=ORIENTED_EDGE('',*,*,#782,.T.);
#1073=ORIENTED_EDGE('',*,*,#729,.T.);
#1074=ORIENTED_EDGE('',*,*,#783,.T.);
#1075=ORIENTED_EDGE('',*,*,#785,.T.);
#1076=ORIENTED_EDGE('',*,*,#777,.T.);
#1077=ORIENTED_EDGE('',*,*,#722,.T.);
#1078=ORIENTED_EDGE('',*,*,#775,.T.);
#1079=ORIENTED_EDGE('',*,*,#786,.T.);
#1080=ORIENTED_EDGE('',*,*,#769,.T.);
#1081=ORIENTED_EDGE('',*,*,#787,.T.);
#1082=ORIENTED_EDGE('',*,*,#767,.T.);
#1083=ORIENTED_EDGE('',*,*,#788,.T.);
#1084=ORIENTED_EDGE('',*,*,#762,.T.);
#1085=ORIENTED_EDGE('',*,*,#789,.T.);
#1086=ORIENTED_EDGE('',*,*,#759,.T.);
#1087=ORIENTED_EDGE('',*,*,#790,.T.);
#1088=ORIENTED_EDGE('',*,*,#766,.T.);
#1089=ORIENTED_EDGE('',*,*,#791,.T.);
#1090=ORIENTED_EDGE('',*,*,#764,.T.);
#1091=ORIENTED_EDGE('',*,*,#792,.T.);
#1092=ORIENTED_EDGE('',*,*,#757,.T.);
#1093=ORIENTED_EDGE('',*,*,#724,.T.);
#1094=ORIENTED_EDGE('',*,*,#749,.T.);
#1095=ORIENTED_EDGE('',*,*,#793,.T.);
#1096=ORIENTED_EDGE('',*,*,#761,.T.);
#1097=ORIENTED_EDGE('',*,*,#794,.T.);
#1098=ORIENTED_EDGE('',*,*,#758,.T.);
#1099=ORIENTED_EDGE('',*,*,#795,.T.);
#1100=ORIENTED_EDGE('',*,*,#743,.T.);
#1101=ORIENTED_EDGE('',*,*,#796,.T.);
#1102=ORIENTED_EDGE('',*,*,#632,.F.);
#1103=ORIENTED_EDGE('',*,*,#725,.T.);
#1104=ORIENTED_EDGE('',*,*,#756,.T.);
#1105=ORIENTED_EDGE('',*,*,#797,.T.);
#1106=ORIENTED_EDGE('',*,*,#650,.F.);
#1107=ORIENTED_EDGE('',*,*,#753,.F.);
#1108=ORIENTED_EDGE('',*,*,#794,.F.);
#1109=ORIENTED_EDGE('',*,*,#770,.F.);
#1110=ORIENTED_EDGE('',*,*,#789,.F.);
#1111=ORIENTED_EDGE('',*,*,#738,.F.);
#1112=ORIENTED_EDGE('',*,*,#673,.F.);
#1113=ORIENTED_EDGE('',*,*,#718,.F.);
#1114=ORIENTED_EDGE('',*,*,#667,.F.);
#1115=ORIENTED_EDGE('',*,*,#664,.F.);
#1116=ORIENTED_EDGE('',*,*,#663,.F.);
#1117=ORIENTED_EDGE('',*,*,#658,.F.);
#1118=ORIENTED_EDGE('',*,*,#655,.F.);
#1119=ORIENTED_EDGE('',*,*,#654,.F.);
#1120=ORIENTED_EDGE('',*,*,#696,.F.);
#1121=ORIENTED_EDGE('',*,*,#798,.T.);
#1122=ORIENTED_EDGE('',*,*,#671,.F.);
#1123=ORIENTED_EDGE('',*,*,#675,.F.);
#1124=ORIENTED_EDGE('',*,*,#678,.F.);
#1125=ORIENTED_EDGE('',*,*,#681,.F.);
#1126=ORIENTED_EDGE('',*,*,#684,.F.);
#1127=ORIENTED_EDGE('',*,*,#687,.F.);
#1128=ORIENTED_EDGE('',*,*,#690,.F.);
#1129=ORIENTED_EDGE('',*,*,#693,.F.);
#1130=ORIENTED_EDGE('',*,*,#774,.F.);
#1131=ORIENTED_EDGE('',*,*,#788,.F.);
#1132=ORIENTED_EDGE('',*,*,#786,.F.);
#1133=ORIENTED_EDGE('',*,*,#785,.F.);
#1134=ORIENTED_EDGE('',*,*,#784,.F.);
#1135=ORIENTED_EDGE('',*,*,#781,.F.);
#1136=ORIENTED_EDGE('',*,*,#778,.F.);
#1137=ORIENTED_EDGE('',*,*,#787,.F.);
#1138=ORIENTED_EDGE('',*,*,#771,.F.);
#1139=ORIENTED_EDGE('',*,*,#791,.F.);
#1140=ORIENTED_EDGE('',*,*,#790,.F.);
#1141=ORIENTED_EDGE('',*,*,#793,.F.);
#1142=ORIENTED_EDGE('',*,*,#754,.F.);
#1143=ORIENTED_EDGE('',*,*,#747,.F.);
#1144=ORIENTED_EDGE('',*,*,#795,.F.);
#1145=ORIENTED_EDGE('',*,*,#792,.F.);
#1146=ORIENTED_EDGE('',*,*,#635,.F.);
#1147=ORIENTED_EDGE('',*,*,#797,.F.);
#1148=ORIENTED_EDGE('',*,*,#796,.F.);
#1149=ORIENTED_EDGE('',*,*,#744,.F.);
#1150=ORIENTED_EDGE('',*,*,#642,.F.);
#1151=ORIENTED_EDGE('',*,*,#799,.F.);
#1152=ORIENTED_EDGE('',*,*,#755,.F.);
#1153=ORIENTED_EDGE('',*,*,#752,.F.);
#1154=ORIENTED_EDGE('',*,*,#800,.F.);
#1155=ORIENTED_EDGE('',*,*,#801,.F.);
#1156=ORIENTED_EDGE('',*,*,#802,.F.);
#1157=ORIENTED_EDGE('',*,*,#803,.T.);
#1158=ORIENTED_EDGE('',*,*,#652,.F.);
#1159=ORIENTED_EDGE('',*,*,#657,.F.);
#1160=ORIENTED_EDGE('',*,*,#804,.T.);
#1161=ORIENTED_EDGE('',*,*,#715,.F.);
#1162=ORIENTED_EDGE('',*,*,#719,.F.);
#1163=ORIENTED_EDGE('',*,*,#740,.F.);
#1164=ORIENTED_EDGE('',*,*,#653,.F.);
#1165=ORIENTED_EDGE('',*,*,#803,.F.);
#1166=ORIENTED_EDGE('',*,*,#669,.F.);
#1167=ORIENTED_EDGE('',*,*,#717,.F.);
#1168=ORIENTED_EDGE('',*,*,#805,.T.);
#1169=ORIENTED_EDGE('',*,*,#806,.T.);
#1170=ORIENTED_EDGE('',*,*,#805,.F.);
#1171=ORIENTED_EDGE('',*,*,#716,.F.);
#1172=ORIENTED_EDGE('',*,*,#798,.F.);
#1173=ORIENTED_EDGE('',*,*,#699,.F.);
#1174=ORIENTED_EDGE('',*,*,#703,.F.);
#1175=ORIENTED_EDGE('',*,*,#807,.F.);
#1176=ORIENTED_EDGE('',*,*,#802,.T.);
#1177=ORIENTED_EDGE('',*,*,#808,.F.);
#1178=ORIENTED_EDGE('',*,*,#660,.F.);
#1179=ORIENTED_EDGE('',*,*,#662,.F.);
#1180=ORIENTED_EDGE('',*,*,#666,.F.);
#1181=ORIENTED_EDGE('',*,*,#807,.T.);
#1182=ORIENTED_EDGE('',*,*,#706,.F.);
#1183=ORIENTED_EDGE('',*,*,#708,.F.);
#1184=ORIENTED_EDGE('',*,*,#712,.F.);
#1185=ORIENTED_EDGE('',*,*,#804,.F.);
#1186=ORIENTED_EDGE('',*,*,#806,.F.);
#1187=ORIENTED_EDGE('',*,*,#809,.F.);
#1188=ORIENTED_EDGE('',*,*,#801,.T.);
#1189=ORIENTED_EDGE('',*,*,#810,.T.);
#1190=ORIENTED_EDGE('',*,*,#809,.T.);
#1191=ORIENTED_EDGE('',*,*,#810,.F.);
#1192=ORIENTED_EDGE('',*,*,#640,.F.);
#1193=ORIENTED_EDGE('',*,*,#745,.F.);
#1194=ORIENTED_EDGE('',*,*,#746,.F.);
#1195=ORIENTED_EDGE('',*,*,#799,.T.);
#1196=ORIENTED_EDGE('',*,*,#808,.T.);
#1197=ORIENTED_EDGE('',*,*,#811,.T.);
#1198=ORIENTED_EDGE('',*,*,#800,.T.);
#1199=ORIENTED_EDGE('',*,*,#811,.F.);
#1200=CYLINDRICAL_SURFACE('',#1338,2.5);
#1201=CYLINDRICAL_SURFACE('',#1339,5.);
#1202=CYLINDRICAL_SURFACE('',#1344,1.);
#1203=CYLINDRICAL_SURFACE('',#1357,1.);
#1204=CYLINDRICAL_SURFACE('',#1365,1.);
#1205=CYLINDRICAL_SURFACE('',#1372,1.);
#1206=CYLINDRICAL_SURFACE('',#1376,1.);
#1207=CYLINDRICAL_SURFACE('',#1389,1.);
#1208=CYLINDRICAL_SURFACE('',#1401,1.);
#1209=CYLINDRICAL_SURFACE('',#1407,1.);
#1210=CYLINDRICAL_SURFACE('',#1415,2.);
#1211=CYLINDRICAL_SURFACE('',#1417,18.);
#1212=CYLINDRICAL_SURFACE('',#1419,2.);
#1213=CYLINDRICAL_SURFACE('',#1422,2.);
#1214=CYLINDRICAL_SURFACE('',#1424,18.);
#1215=CYLINDRICAL_SURFACE('',#1426,2.);
#1216=CYLINDRICAL_SURFACE('',#1434,2.);
#1217=CYLINDRICAL_SURFACE('',#1435,2.);
#1218=CYLINDRICAL_SURFACE('',#1440,2.);
#1219=CYLINDRICAL_SURFACE('',#1463,2.);
#1220=CYLINDRICAL_SURFACE('',#1473,2.);
#1221=CYLINDRICAL_SURFACE('',#1477,2.);
#1222=CYLINDRICAL_SURFACE('',#1483,2.);
#1223=CYLINDRICAL_SURFACE('',#1484,2.);
#1224=CYLINDRICAL_SURFACE('',#1485,2.);
#1225=CYLINDRICAL_SURFACE('',#1486,2.);
#1226=CYLINDRICAL_SURFACE('',#1487,2.);
#1227=CYLINDRICAL_SURFACE('',#1488,2.);
#1228=CYLINDRICAL_SURFACE('',#1492,2.);
#1229=CYLINDRICAL_SURFACE('',#1499,18.);
#1230=CYLINDRICAL_SURFACE('',#1500,18.);
#1231=CYLINDRICAL_SURFACE('',#1515,9.);
#1232=CYLINDRICAL_SURFACE('',#1518,5.5);
#1233=CYLINDRICAL_SURFACE('',#1520,5.5);
#1234=ADVANCED_FACE('',(#189),#1200,.F.);
#1235=ADVANCED_FACE('',(#190,#72,#73),#1201,.T.);
#1236=ADVANCED_FACE('',(#191),#57,.T.);
#1237=ADVANCED_FACE('',(#192),#58,.F.);
#1238=ADVANCED_FACE('',(#193),#1202,.T.);
#1239=ADVANCED_FACE('',(#194),#46,.F.);
#1240=ADVANCED_FACE('',(#195),#36,.T.);
#1241=ADVANCED_FACE('',(#196),#47,.F.);
#1242=ADVANCED_FACE('',(#197),#1203,.T.);
#1243=ADVANCED_FACE('',(#198),#37,.T.);
#1244=ADVANCED_FACE('',(#199),#48,.F.);
#1245=ADVANCED_FACE('',(#200),#1204,.T.);
#1246=ADVANCED_FACE('',(#201),#24,.F.);
#1247=ADVANCED_FACE('',(#202),#25,.F.);
#1248=ADVANCED_FACE('',(#203),#26,.F.);
#1249=ADVANCED_FACE('',(#204),#1205,.T.);
#1250=ADVANCED_FACE('',(#205),#27,.F.);
#1251=ADVANCED_FACE('',(#206),#28,.F.);
#1252=ADVANCED_FACE('',(#207),#1206,.T.);
#1253=ADVANCED_FACE('',(#208),#49,.F.);
#1254=ADVANCED_FACE('',(#209),#38,.T.);
#1255=ADVANCED_FACE('',(#210),#50,.F.);
#1256=ADVANCED_FACE('',(#211),#1207,.T.);
#1257=ADVANCED_FACE('',(#212),#51,.F.);
#1258=ADVANCED_FACE('',(#213),#39,.T.);
#1259=ADVANCED_FACE('',(#214),#52,.F.);
#1260=ADVANCED_FACE('',(#215),#1208,.T.);
#1261=ADVANCED_FACE('',(#216),#29,.F.);
#1262=ADVANCED_FACE('',(#217),#30,.F.);
#1263=ADVANCED_FACE('',(#218),#31,.F.);
#1264=ADVANCED_FACE('',(#219),#1209,.T.);
#1265=ADVANCED_FACE('',(#220),#32,.F.);
#1266=ADVANCED_FACE('',(#221),#33,.F.);
#1267=ADVANCED_FACE('',(#222),#34,.F.);
#1268=ADVANCED_FACE('',(#223),#35,.F.);
#1269=ADVANCED_FACE('',(#224),#59,.T.);
#1270=ADVANCED_FACE('',(#225),#1210,.T.);
#1271=ADVANCED_FACE('',(#226),#1211,.T.);
#1272=ADVANCED_FACE('',(#227),#1212,.T.);
#1273=ADVANCED_FACE('',(#228),#60,.T.);
#1274=ADVANCED_FACE('',(#229),#1213,.T.);
#1275=ADVANCED_FACE('',(#230),#1214,.T.);
#1276=ADVANCED_FACE('',(#231),#1215,.T.);
#1277=ADVANCED_FACE('',(#232),#61,.F.);
#1278=ADVANCED_FACE('',(#233),#13,.T.);
#1279=ADVANCED_FACE('',(#234),#1216,.T.);
#1280=ADVANCED_FACE('',(#235),#1217,.T.);
#1281=ADVANCED_FACE('',(#236),#14,.T.);
#1282=ADVANCED_FACE('',(#237),#1218,.T.);
#1283=ADVANCED_FACE('',(#238),#40,.T.);
#1284=ADVANCED_FACE('',(#239),#15,.T.);
#1285=ADVANCED_FACE('',(#240),#16,.T.);
#1286=ADVANCED_FACE('',(#241),#17,.T.);
#1287=ADVANCED_FACE('',(#242),#18,.T.);
#1288=ADVANCED_FACE('',(#243),#19,.T.);
#1289=ADVANCED_FACE('',(#244),#1219,.T.);
#1290=ADVANCED_FACE('',(#245),#20,.T.);
#1291=ADVANCED_FACE('',(#246),#41,.T.);
#1292=ADVANCED_FACE('',(#247),#21,.T.);
#1293=ADVANCED_FACE('',(#248),#1220,.T.);
#1294=ADVANCED_FACE('',(#249),#22,.T.);
#1295=ADVANCED_FACE('',(#250),#1221,.T.);
#1296=ADVANCED_FACE('',(#251),#23,.T.);
#1297=ADVANCED_FACE('',(#252),#42,.T.);
#1298=ADVANCED_FACE('',(#253),#1222,.T.);
#1299=ADVANCED_FACE('',(#254),#1223,.T.);
#1300=ADVANCED_FACE('',(#255),#1224,.T.);
#1301=ADVANCED_FACE('',(#256),#1225,.T.);
#1302=ADVANCED_FACE('',(#257),#1226,.T.);
#1303=ADVANCED_FACE('',(#258),#1227,.T.);
#1304=ADVANCED_FACE('',(#259),#43,.T.);
#1305=ADVANCED_FACE('',(#260),#1228,.T.);
#1306=ADVANCED_FACE('',(#261),#62,.T.);
#1307=ADVANCED_FACE('',(#262),#63,.F.);
#1308=ADVANCED_FACE('',(#263),#64,.T.);
#1309=ADVANCED_FACE('',(#264),#65,.T.);
#1310=ADVANCED_FACE('',(#265),#66,.T.);
#1311=ADVANCED_FACE('',(#266),#1229,.T.);
#1312=ADVANCED_FACE('',(#267),#1230,.T.);
#1313=ADVANCED_FACE('',(#268),#67,.F.);
#1314=ADVANCED_FACE('',(#269),#68,.F.);
#1315=ADVANCED_FACE('',(#270),#44,.F.);
#1316=ADVANCED_FACE('',(#271),#45,.F.);
#1317=ADVANCED_FACE('',(#272,#74),#69,.F.);
#1318=ADVANCED_FACE('',(#273),#1231,.F.);
#1319=ADVANCED_FACE('',(#274,#75),#70,.F.);
#1320=ADVANCED_FACE('',(#275),#1232,.F.);
#1321=ADVANCED_FACE('',(#276),#71,.T.);
#1322=ADVANCED_FACE('',(#277),#1233,.F.);
#1323=CLOSED_SHELL('',(#1234,#1235,#1236,#1237));
#1324=CLOSED_SHELL('',(#1238,#1239,#1240,#1241,#1242,#1243,#1244,#1245,
#1246,#1247,#1248,#1249,#1250,#1251,#1252,#1253,#1254,#1255,#1256,#1257,
#1258,#1259,#1260,#1261,#1262,#1263,#1264,#1265,#1266,#1267,#1268,#1269,
#1270,#1271,#1272,#1273,#1274,#1275,#1276,#1277,#1278,#1279,#1280,#1281,
#1282,#1283,#1284,#1285,#1286,#1287,#1288,#1289,#1290,#1291,#1292,#1293,
#1294,#1295,#1296,#1297,#1298,#1299,#1300,#1301,#1302,#1303,#1304,#1305,
#1306,#1307,#1308,#1309,#1310,#1311,#1312,#1313,#1314,#1315,#1316,#1317,
#1318,#1319,#1320,#1321,#1322));
#1325=DERIVED_UNIT_ELEMENT(#1327,1.);
#1326=DERIVED_UNIT_ELEMENT(#2901,-3.);
#1327=(
MASS_UNIT()
NAMED_UNIT(*)
SI_UNIT(.KILO.,.GRAM.)
);
#1328=DERIVED_UNIT((#1325,#1326));
#1329=MEASURE_REPRESENTATION_ITEM('density measure',
POSITIVE_RATIO_MEASURE(7850.),#1328);
#1330=PROPERTY_DEFINITION_REPRESENTATION(#1335,#1332);
#1331=PROPERTY_DEFINITION_REPRESENTATION(#1336,#1333);
#1332=REPRESENTATION('material name',(#1334),#2898);
#1333=REPRESENTATION('density',(#1329),#2898);
#1334=DESCRIPTIVE_REPRESENTATION_ITEM('Steel','Steel');
#1335=PROPERTY_DEFINITION('material property','material name',#2908);
#1336=PROPERTY_DEFINITION('material property','density of part',#2908);
#1337=AXIS2_PLACEMENT_3D('',#1944,#1521,#1522);
#1338=AXIS2_PLACEMENT_3D('',#1945,#1523,#1524);
#1339=AXIS2_PLACEMENT_3D('',#2024,#1526,#1527);
#1340=AXIS2_PLACEMENT_3D('',#2026,#1528,#1529);
#1341=AXIS2_PLACEMENT_3D('',#2029,#1531,#1532);
#1342=AXIS2_PLACEMENT_3D('',#2030,#1533,#1534);
#1343=AXIS2_PLACEMENT_3D('',#2031,#1535,#1536);
#1344=AXIS2_PLACEMENT_3D('',#2032,#1537,#1538);
#1345=AXIS2_PLACEMENT_3D('',#2035,#1539,#1540);
#1346=AXIS2_PLACEMENT_3D('',#2039,#1542,#1543);
#1347=AXIS2_PLACEMENT_3D('',#2052,#1545,#1546);
#1348=AXIS2_PLACEMENT_3D('',#2053,#1547,#1548);
#1349=AXIS2_PLACEMENT_3D('',#2054,#1549,#1550);
#1350=AXIS2_PLACEMENT_3D('',#2055,#1551,#1552);
#1351=AXIS2_PLACEMENT_3D('',#2058,#1553,#1554);
#1352=AXIS2_PLACEMENT_3D('',#2059,#1555,#1556);
#1353=AXIS2_PLACEMENT_3D('',#2060,#1557,#1558);
#1354=AXIS2_PLACEMENT_3D('',#2072,#1559,#1560);
#1355=AXIS2_PLACEMENT_3D('',#2073,#1561,#1562);
#1356=AXIS2_PLACEMENT_3D('',#2074,#1563,#1564);
#1357=AXIS2_PLACEMENT_3D('',#2075,#1565,#1566);
#1358=AXIS2_PLACEMENT_3D('',#2094,#1569,#1570);
#1359=AXIS2_PLACEMENT_3D('',#2096,#1571,#1572);
#1360=AXIS2_PLACEMENT_3D('',#2098,#1573,#1574);
#1361=AXIS2_PLACEMENT_3D('',#2099,#1575,#1576);
#1362=AXIS2_PLACEMENT_3D('',#2111,#1577,#1578);
#1363=AXIS2_PLACEMENT_3D('',#2112,#1579,#1580);
#1364=AXIS2_PLACEMENT_3D('',#2113,#1581,#1582);
#1365=AXIS2_PLACEMENT_3D('',#2114,#1583,#1584);
#1366=AXIS2_PLACEMENT_3D('',#2117,#1585,#1586);
#1367=AXIS2_PLACEMENT_3D('',#2177,#1589,#1590);
#1368=AXIS2_PLACEMENT_3D('',#2179,#1591,#1592);
#1369=AXIS2_PLACEMENT_3D('',#2180,#1593,#1594);
#1370=AXIS2_PLACEMENT_3D('',#2214,#1595,#1596);
#1371=AXIS2_PLACEMENT_3D('',#2241,#1597,#1598);
#1372=AXIS2_PLACEMENT_3D('',#2246,#1599,#1600);
#1373=AXIS2_PLACEMENT_3D('',#2249,#1601,#1602);
#1374=AXIS2_PLACEMENT_3D('',#2274,#1605,#1606);
#1375=AXIS2_PLACEMENT_3D('',#2301,#1607,#1608);
#1376=AXIS2_PLACEMENT_3D('',#2306,#1609,#1610);
#1377=AXIS2_PLACEMENT_3D('',#2309,#1611,#1612);
#1378=AXIS2_PLACEMENT_3D('',#2313,#1614,#1615);
#1379=AXIS2_PLACEMENT_3D('',#2326,#1617,#1618);
#1380=AXIS2_PLACEMENT_3D('',#2327,#1619,#1620);
#1381=AXIS2_PLACEMENT_3D('',#2328,#1621,#1622);
#1382=AXIS2_PLACEMENT_3D('',#2329,#1623,#1624);
#1383=AXIS2_PLACEMENT_3D('',#2332,#1625,#1626);
#1384=AXIS2_PLACEMENT_3D('',#2333,#1627,#1628);
#1385=AXIS2_PLACEMENT_3D('',#2334,#1629,#1630);
#1386=AXIS2_PLACEMENT_3D('',#2346,#1631,#1632);
#1387=AXIS2_PLACEMENT_3D('',#2347,#1633,#1634);
#1388=AXIS2_PLACEMENT_3D('',#2348,#1635,#1636);
#1389=AXIS2_PLACEMENT_3D('',#2349,#1637,#1638);
#1390=AXIS2_PLACEMENT_3D('',#2352,#1639,#1640);
#1391=AXIS2_PLACEMENT_3D('',#2366,#1643,#1644);
#1392=AXIS2_PLACEMENT_3D('',#2367,#1645,#1646);
#1393=AXIS2_PLACEMENT_3D('',#2368,#1647,#1648);
#1394=AXIS2_PLACEMENT_3D('',#2369,#1649,#1650);
#1395=AXIS2_PLACEMENT_3D('',#2372,#1651,#1652);
#1396=AXIS2_PLACEMENT_3D('',#2373,#1653,#1654);
#1397=AXIS2_PLACEMENT_3D('',#2374,#1655,#1656);
#1398=AXIS2_PLACEMENT_3D('',#2386,#1657,#1658);
#1399=AXIS2_PLACEMENT_3D('',#2387,#1659,#1660);
#1400=AXIS2_PLACEMENT_3D('',#2388,#1661,#1662);
#1401=AXIS2_PLACEMENT_3D('',#2389,#1663,#1664);
#1402=AXIS2_PLACEMENT_3D('',#2392,#1665,#1666);
#1403=AXIS2_PLACEMENT_3D('',#2442,#1669,#1670);
#1404=AXIS2_PLACEMENT_3D('',#2443,#1671,#1672);
#1405=AXIS2_PLACEMENT_3D('',#2475,#1673,#1674);
#1406=AXIS2_PLACEMENT_3D('',#2502,#1675,#1676);
#1407=AXIS2_PLACEMENT_3D('',#2507,#1677,#1678);
#1408=AXIS2_PLACEMENT_3D('',#2510,#1679,#1680);
#1409=AXIS2_PLACEMENT_3D('',#2535,#1683,#1684);
#1410=AXIS2_PLACEMENT_3D('',#2562,#1685,#1686);
#1411=AXIS2_PLACEMENT_3D('',#2618,#1687,#1688);
#1412=AXIS2_PLACEMENT_3D('',#2619,#1689,#1690);
#1413=AXIS2_PLACEMENT_3D('',#2685,#1691,#1692);
#1414=AXIS2_PLACEMENT_3D('',#2697,#1693,#1694);
#1415=AXIS2_PLACEMENT_3D('',#2707,#1700,#1701);
#1416=AXIS2_PLACEMENT_3D('',#2710,#1703,#1704);
#1417=AXIS2_PLACEMENT_3D('',#2711,#1705,#1706);
#1418=AXIS2_PLACEMENT_3D('',#2714,#1708,#1709);
#1419=AXIS2_PLACEMENT_3D('',#2715,#1710,#1711);
#1420=AXIS2_PLACEMENT_3D('',#2718,#1713,#1714);
#1421=AXIS2_PLACEMENT_3D('',#2719,#1715,#1716);
#1422=AXIS2_PLACEMENT_3D('',#2723,#1719,#1720);
#1423=AXIS2_PLACEMENT_3D('',#2726,#1722,#1723);
#1424=AXIS2_PLACEMENT_3D('',#2727,#1724,#1725);
#1425=AXIS2_PLACEMENT_3D('',#2730,#1727,#1728);
#1426=AXIS2_PLACEMENT_3D('',#2731,#1729,#1730);
#1427=AXIS2_PLACEMENT_3D('',#2734,#1732,#1733);
#1428=AXIS2_PLACEMENT_3D('',#2735,#1734,#1735);
#1429=AXIS2_PLACEMENT_3D('',#2736,#1736,#1737);
#1430=AXIS2_PLACEMENT_3D('',#2737,#1738,#1739);
#1431=AXIS2_PLACEMENT_3D('',#2740,#1740,#1741);
#1432=AXIS2_PLACEMENT_3D('',#2742,#1742,#1743);
#1433=AXIS2_PLACEMENT_3D('',#2743,#1744,#1745);
#1434=AXIS2_PLACEMENT_3D('',#2744,#1746,#1747);
#1435=AXIS2_PLACEMENT_3D('',#2747,#1750,#1751);
#1436=AXIS2_PLACEMENT_3D('',#2766,#1754,#1755);
#1437=AXIS2_PLACEMENT_3D('',#2769,#1756,#1757);
#1438=AXIS2_PLACEMENT_3D('',#2771,#1758,#1759);
#1439=AXIS2_PLACEMENT_3D('',#2772,#1760,#1761);
#1440=AXIS2_PLACEMENT_3D('',#2773,#1762,#1763);
#1441=AXIS2_PLACEMENT_3D('',#2776,#1766,#1767);
#1442=AXIS2_PLACEMENT_3D('',#2777,#1768,#1769);
#1443=AXIS2_PLACEMENT_3D('',#2778,#1770,#1771);
#1444=AXIS2_PLACEMENT_3D('',#2779,#1772,#1773);
#1445=AXIS2_PLACEMENT_3D('',#2781,#1774,#1775);
#1446=AXIS2_PLACEMENT_3D('',#2783,#1776,#1777);
#1447=AXIS2_PLACEMENT_3D('',#2784,#1778,#1779);
#1448=AXIS2_PLACEMENT_3D('',#2785,#1780,#1781);
#1449=AXIS2_PLACEMENT_3D('',#2788,#1782,#1783);
#1450=AXIS2_PLACEMENT_3D('',#2790,#1784,#1785);
#1451=AXIS2_PLACEMENT_3D('',#2791,#1786,#1787);
#1452=AXIS2_PLACEMENT_3D('',#2792,#1788,#1789);
#1453=AXIS2_PLACEMENT_3D('',#2794,#1790,#1791);
#1454=AXIS2_PLACEMENT_3D('',#2795,#1792,#1793);
#1455=AXIS2_PLACEMENT_3D('',#2796,#1794,#1795);
#1456=AXIS2_PLACEMENT_3D('',#2798,#1796,#1797);
#1457=AXIS2_PLACEMENT_3D('',#2800,#1798,#1799);
#1458=AXIS2_PLACEMENT_3D('',#2801,#1800,#1801);
#1459=AXIS2_PLACEMENT_3D('',#2802,#1802,#1803);
#1460=AXIS2_PLACEMENT_3D('',#2805,#1804,#1805);
#1461=AXIS2_PLACEMENT_3D('',#2807,#1806,#1807);
#1462=AXIS2_PLACEMENT_3D('',#2808,#1808,#1809);
#1463=AXIS2_PLACEMENT_3D('',#2809,#1810,#1811);
#1464=AXIS2_PLACEMENT_3D('',#2812,#1814,#1815);
#1465=AXIS2_PLACEMENT_3D('',#2814,#1816,#1817);
#1466=AXIS2_PLACEMENT_3D('',#2815,#1818,#1819);
#1467=AXIS2_PLACEMENT_3D('',#2816,#1820,#1821);
#1468=AXIS2_PLACEMENT_3D('',#2817,#1822,#1823);
#1469=AXIS2_PLACEMENT_3D('',#2818,#1824,#1825);
#1470=AXIS2_PLACEMENT_3D('',#2821,#1826,#1827);
#1471=AXIS2_PLACEMENT_3D('',#2822,#1828,#1829);
#1472=AXIS2_PLACEMENT_3D('',#2823,#1830,#1831);
#1473=AXIS2_PLACEMENT_3D('',#2824,#1832,#1833);
#1474=AXIS2_PLACEMENT_3D('',#2826,#1835,#1836);
#1475=AXIS2_PLACEMENT_3D('',#2828,#1837,#1838);
#1476=AXIS2_PLACEMENT_3D('',#2829,#1839,#1840);
#1477=AXIS2_PLACEMENT_3D('',#2830,#1841,#1842);
#1478=AXIS2_PLACEMENT_3D('',#2832,#1844,#1845);
#1479=AXIS2_PLACEMENT_3D('',#2834,#1846,#1847);
#1480=AXIS2_PLACEMENT_3D('',#2835,#1848,#1849);
#1481=AXIS2_PLACEMENT_3D('',#2836,#1850,#1851);
#1482=AXIS2_PLACEMENT_3D('',#2837,#1852,#1853);
#1483=AXIS2_PLACEMENT_3D('',#2838,#1854,#1855);
#1484=AXIS2_PLACEMENT_3D('',#2840,#1857,#1858);
#1485=AXIS2_PLACEMENT_3D('',#2843,#1861,#1862);
#1486=AXIS2_PLACEMENT_3D('',#2846,#1865,#1866);
#1487=AXIS2_PLACEMENT_3D('',#2849,#1869,#1870);
#1488=AXIS2_PLACEMENT_3D('',#2851,#1872,#1873);
#1489=AXIS2_PLACEMENT_3D('',#2854,#1876,#1877);
#1490=AXIS2_PLACEMENT_3D('',#2855,#1878,#1879);
#1491=AXIS2_PLACEMENT_3D('',#2856,#1880,#1881);
#1492=AXIS2_PLACEMENT_3D('',#2857,#1882,#1883);
#1493=AXIS2_PLACEMENT_3D('',#2859,#1885,#1886);
#1494=AXIS2_PLACEMENT_3D('',#2860,#1887,#1888);
#1495=AXIS2_PLACEMENT_3D('',#2861,#1889,#1890);
#1496=AXIS2_PLACEMENT_3D('',#2862,#1891,#1892);
#1497=AXIS2_PLACEMENT_3D('',#2863,#1893,#1894);
#1498=AXIS2_PLACEMENT_3D('',#2864,#1895,#1896);
#1499=AXIS2_PLACEMENT_3D('',#2865,#1897,#1898);
#1500=AXIS2_PLACEMENT_3D('',#2866,#1899,#1900);
#1501=AXIS2_PLACEMENT_3D('',#2868,#1902,#1903);
#1502=AXIS2_PLACEMENT_3D('',#2870,#1904,#1905);
#1503=AXIS2_PLACEMENT_3D('',#2871,#1906,#1907);
#1504=AXIS2_PLACEMENT_3D('',#2873,#1908,#1909);
#1505=AXIS2_PLACEMENT_3D('',#2874,#1910,#1911);
#1506=AXIS2_PLACEMENT_3D('',#2876,#1912,#1913);
#1507=AXIS2_PLACEMENT_3D('',#2877,#1914,#1915);
#1508=AXIS2_PLACEMENT_3D('',#2878,#1916,#1917);
#1509=AXIS2_PLACEMENT_3D('',#2879,#1918,#1919);
#1510=AXIS2_PLACEMENT_3D('',#2881,#1920,#1921);
#1511=AXIS2_PLACEMENT_3D('',#2882,#1922,#1923);
#1512=AXIS2_PLACEMENT_3D('',#2883,#1924,#1925);
#1513=AXIS2_PLACEMENT_3D('',#2884,#1926,#1927);
#1514=AXIS2_PLACEMENT_3D('',#2886,#1928,#1929);
#1515=AXIS2_PLACEMENT_3D('',#2887,#1930,#1931);
#1516=AXIS2_PLACEMENT_3D('',#2888,#1932,#1933);
#1517=AXIS2_PLACEMENT_3D('',#2890,#1934,#1935);
#1518=AXIS2_PLACEMENT_3D('',#2891,#1936,#1937);
#1519=AXIS2_PLACEMENT_3D('',#2893,#1939,#1940);
#1520=AXIS2_PLACEMENT_3D('',#2894,#1941,#1942);
#1521=DIRECTION('axis',(0.,0.,1.));
#1522=DIRECTION('refdir',(1.,0.,0.));
#1523=DIRECTION('center_axis',(-1.00929365875014E-16,0.,1.));
#1524=DIRECTION('ref_axis',(0.,-1.,0.));
#1525=DIRECTION('',(-1.00929365875014E-16,0.,1.));
#1526=DIRECTION('center_axis',(0.,1.,0.));
#1527=DIRECTION('ref_axis',(1.,0.,0.));
#1528=DIRECTION('center_axis',(0.,1.,0.));
#1529=DIRECTION('ref_axis',(1.,0.,0.));
#1530=DIRECTION('',(0.,-1.,0.));
#1531=DIRECTION('center_axis',(0.,1.,0.));
#1532=DIRECTION('ref_axis',(1.,0.,0.));
#1533=DIRECTION('center_axis',(0.,1.,0.));
#1534=DIRECTION('ref_axis',(1.,0.,0.));
#1535=DIRECTION('center_axis',(0.,1.,0.));
#1536=DIRECTION('ref_axis',(1.,0.,0.));
#1537=DIRECTION('center_axis',(-1.,1.69762428563395E-16,1.66014657887874E-16));
#1538=DIRECTION('ref_axis',(0.,0.707106781186548,0.707106781186548));
#1539=DIRECTION('center_axis',(-1.,0.,0.));
#1540=DIRECTION('ref_axis',(0.,0.,1.));
#1541=DIRECTION('',(-1.,1.69762428563395E-16,1.66014657887874E-16));
#1542=DIRECTION('center_axis',(1.,0.,0.));
#1543=DIRECTION('ref_axis',(0.,1.,0.));
#1544=DIRECTION('',(1.,-1.69762428563395E-16,-1.66014657887874E-16));
#1545=DIRECTION('center_axis',(-0.437499999999999,0.,0.899218410621135));
#1546=DIRECTION('ref_axis',(0.899218410621135,0.,0.437499999999999));
#1547=DIRECTION('center_axis',(-1.69762428563395E-16,-1.,0.));
#1548=DIRECTION('ref_axis',(0.530330085889912,-9.0030123320905E-17,0.847791247890658));
#1549=DIRECTION('center_axis',(1.69762428563395E-16,1.,0.));
#1550=DIRECTION('ref_axis',(0.530330085889912,-6.93889390390723E-17,0.847791247890658));
#1551=DIRECTION('center_axis',(1.69762428563395E-16,1.,0.));
#1552=DIRECTION('ref_axis',(0.,0.,1.));
#1553=DIRECTION('center_axis',(-0.248039185412307,0.,0.96875));
#1554=DIRECTION('ref_axis',(0.96875,-1.11022302462515E-15,0.248039185412307));
#1555=DIRECTION('center_axis',(-1.69762428563395E-16,-1.,0.));
#1556=DIRECTION('ref_axis',(0.938775982775268,-1.59368890712917E-16,0.344528161641875));
#1557=DIRECTION('center_axis',(1.69762428563395E-16,1.,0.));
#1558=DIRECTION('ref_axis',(0.938775982775268,-1.61907524424502E-16,0.344528161641875));
#1559=DIRECTION('center_axis',(0.,0.,1.));
#1560=DIRECTION('ref_axis',(1.,0.,0.));
#1561=DIRECTION('center_axis',(-1.69762428563395E-16,-1.,0.));
#1562=DIRECTION('ref_axis',(0.992156741649222,-1.68430937977916E-16,0.125));
#1563=DIRECTION('center_axis',(1.69762428563395E-16,1.,0.));
#1564=DIRECTION('ref_axis',(0.992156741649222,-1.38777878078145E-16,0.125));
#1565=DIRECTION('center_axis',(0.,0.,1.));
#1566=DIRECTION('ref_axis',(0.707106781186546,0.707106781186549,0.));
#1567=DIRECTION('',(0.,0.,1.));
#1568=DIRECTION('',(0.,0.,-1.));
#1569=DIRECTION('center_axis',(1.69762428563395E-16,1.,0.));
#1570=DIRECTION('ref_axis',(0.,0.,1.));
#1571=DIRECTION('center_axis',(1.69762428563395E-16,1.,0.));
#1572=DIRECTION('ref_axis',(0.941232966836991,-1.61907524424502E-16,-0.33775805266379));
#1573=DIRECTION('center_axis',(0.437499999999999,0.,0.899218410621135));
#1574=DIRECTION('ref_axis',(0.899218410621135,0.,-0.437499999999999));
#1575=DIRECTION('center_axis',(-1.69762428563395E-16,-1.,0.));
#1576=DIRECTION('ref_axis',(0.941232966836991,-1.59785994294177E-16,-0.33775805266379));
#1577=DIRECTION('center_axis',(1.,0.,0.));
#1578=DIRECTION('ref_axis',(0.,0.,-1.));
#1579=DIRECTION('center_axis',(-1.69762428563395E-16,-1.,0.));
#1580=DIRECTION('ref_axis',(0.530330085889912,-9.0030123320905E-17,-0.847791247890658));
#1581=DIRECTION('center_axis',(1.69762428563395E-16,1.,0.));
#1582=DIRECTION('ref_axis',(0.530330085889912,-6.93889390390723E-17,-0.847791247890658));
#1583=DIRECTION('center_axis',(1.,-1.69762428563395E-16,0.));
#1584=DIRECTION('ref_axis',(0.,0.707106781186548,-0.707106781186548));
#1585=DIRECTION('center_axis',(1.,0.,0.));
#1586=DIRECTION('ref_axis',(0.,0.,-1.));
#1587=DIRECTION('',(1.,-1.69762428563395E-16,0.));
#1588=DIRECTION('',(-1.,1.69762428563395E-16,0.));
#1589=DIRECTION('center_axis',(0.958528453777071,0.284996847876845,1.06418035914165E-15));
#1590=DIRECTION('ref_axis',(1.11022302462516E-15,0.,-1.));
#1591=DIRECTION('center_axis',(-8.48812142816973E-17,-1.,0.));
#1592=DIRECTION('ref_axis',(0.,0.,1.));
#1593=DIRECTION('center_axis',(-8.48812142816973E-17,-1.,0.));
#1594=DIRECTION('ref_axis',(0.,0.,1.));
#1595=DIRECTION('center_axis',(0.873872284496456,-0.486155561923284,0.));
#1596=DIRECTION('ref_axis',(0.,0.,-1.));
#1597=DIRECTION('center_axis',(0.,-1.,0.));
#1598=DIRECTION('ref_axis',(-2.22044604925031E-15,0.,-1.));
#1599=DIRECTION('center_axis',(0.,1.,0.));
#1600=DIRECTION('ref_axis',(0.699928898865458,0.,-0.714212528966685));
#1601=DIRECTION('center_axis',(0.,-1.,0.));
#1602=DIRECTION('ref_axis',(0.,0.,-1.));
#1603=DIRECTION('',(0.,-1.,0.));
#1604=DIRECTION('',(0.,1.,0.));
#1605=DIRECTION('center_axis',(-0.873872284496464,-0.48615556192327,0.));
#1606=DIRECTION('ref_axis',(0.,0.,-1.));
#1607=DIRECTION('center_axis',(-0.958528453777074,0.284996847876834,1.06418035914166E-15));
#1608=DIRECTION('ref_axis',(-1.11022302462516E-15,0.,-1.));
#1609=DIRECTION('center_axis',(-1.,-3.28954970259306E-16,0.));
#1610=DIRECTION('ref_axis',(0.,-0.707106781186548,-0.707106781186548));
#1611=DIRECTION('center_axis',(-1.,0.,0.));
#1612=DIRECTION('ref_axis',(0.,0.,-1.));
#1613=DIRECTION('',(-1.,-3.28954970259306E-16,0.));
#1614=DIRECTION('center_axis',(1.,0.,0.));
#1615=DIRECTION('ref_axis',(0.,-1.,0.));
#1616=DIRECTION('',(1.,3.28954970259306E-16,0.));
#1617=DIRECTION('center_axis',(-0.4375,0.,-0.899218410621135));
#1618=DIRECTION('ref_axis',(0.899218410621135,0.,-0.4375));
#1619=DIRECTION('center_axis',(-3.28954970259306E-16,1.,0.));
#1620=DIRECTION('ref_axis',(0.530330085889912,1.74454717631531E-16,-0.847791247890658));
#1621=DIRECTION('center_axis',(3.28954970259306E-16,-1.,0.));
#1622=DIRECTION('ref_axis',(0.530330085889912,2.08166817117217E-16,-0.847791247890658));
#1623=DIRECTION('center_axis',(3.28954970259306E-16,-1.,0.));
#1624=DIRECTION('ref_axis',(0.,0.,-1.));
#1625=DIRECTION('center_axis',(-0.248039185412306,0.,-0.96875));
#1626=DIRECTION('ref_axis',(0.96875,2.22044604925031E-15,-0.248039185412306));
#1627=DIRECTION('center_axis',(-3.28954970259306E-16,1.,0.));
#1628=DIRECTION('ref_axis',(0.938775982775268,3.08815025493989E-16,-0.344528161641875));
#1629=DIRECTION('center_axis',(3.28954970259306E-16,-1.,0.));
#1630=DIRECTION('ref_axis',(0.938775982775268,3.08395284618099E-16,-0.344528161641875));
#1631=DIRECTION('center_axis',(0.,0.,-1.));
#1632=DIRECTION('ref_axis',(1.,0.,0.));
#1633=DIRECTION('center_axis',(-3.28954970259306E-16,1.,0.));
#1634=DIRECTION('ref_axis',(0.992156741649222,3.26374891441789E-16,-0.125));
#1635=DIRECTION('center_axis',(3.28954970259306E-16,-1.,0.));
#1636=DIRECTION('ref_axis',(0.992156741649222,3.46944695195361E-16,-0.125));
#1637=DIRECTION('center_axis',(0.,0.,-1.));
#1638=DIRECTION('ref_axis',(0.707106781186546,-0.707106781186549,0.));
#1639=DIRECTION('center_axis',(0.,0.,-1.));
#1640=DIRECTION('ref_axis',(1.,0.,0.));
#1641=DIRECTION('',(0.,0.,-1.));
#1642=DIRECTION('',(0.,0.,1.));
#1643=DIRECTION('center_axis',(0.248039185412306,0.,-0.96875));
#1644=DIRECTION('ref_axis',(0.96875,0.,0.248039185412306));
#1645=DIRECTION('center_axis',(-3.28954970259306E-16,1.,0.));
#1646=DIRECTION('ref_axis',(0.992156741649222,3.26374891441789E-16,0.125));
#1647=DIRECTION('center_axis',(3.28954970259306E-16,-1.,0.));
#1648=DIRECTION('ref_axis',(0.992156741649222,3.46944695195361E-16,0.125));
#1649=DIRECTION('center_axis',(3.28954970259306E-16,-1.,0.));
#1650=DIRECTION('ref_axis',(0.,0.,-1.));
#1651=DIRECTION('center_axis',(0.437499999999999,0.,-0.899218410621135));
#1652=DIRECTION('ref_axis',(0.899218410621135,0.,0.437499999999999));
#1653=DIRECTION('center_axis',(-3.28954970259306E-16,1.,0.));
#1654=DIRECTION('ref_axis',(0.938775982775268,3.08815025493989E-16,0.344528161641875));
#1655=DIRECTION('center_axis',(3.28954970259306E-16,-1.,0.));
#1656=DIRECTION('ref_axis',(0.938775982775268,3.08395284618099E-16,0.344528161641875));
#1657=DIRECTION('center_axis',(1.,0.,0.));
#1658=DIRECTION('ref_axis',(0.,0.,1.));
#1659=DIRECTION('center_axis',(-3.28954970259306E-16,1.,0.));
#1660=DIRECTION('ref_axis',(0.530330085889912,1.74454717631531E-16,0.847791247890658));
#1661=DIRECTION('center_axis',(3.28954970259306E-16,-1.,0.));
#1662=DIRECTION('ref_axis',(0.530330085889912,2.08166817117217E-16,0.847791247890658));
#1663=DIRECTION('center_axis',(1.,3.28954970259306E-16,-1.66014657887874E-16));
#1664=DIRECTION('ref_axis',(7.85046229341887E-16,-0.707106781186548,0.707106781186548));
#1665=DIRECTION('center_axis',(1.,0.,0.));
#1666=DIRECTION('ref_axis',(0.,0.,1.));
#1667=DIRECTION('',(1.,3.28954970259306E-16,-1.66014657887874E-16));
#1668=DIRECTION('',(-1.,-3.28954970259306E-16,1.66014657887874E-16));
#1669=DIRECTION('center_axis',(0.958528453777072,-0.284996847876843,-3.19254107742496E-15));
#1670=DIRECTION('ref_axis',(3.33066907387547E-15,0.,1.));
#1671=DIRECTION('center_axis',(-1.64477485129653E-16,1.,0.));
#1672=DIRECTION('ref_axis',(0.,0.,1.));
#1673=DIRECTION('center_axis',(0.873872284496467,0.486155561923265,0.));
#1674=DIRECTION('ref_axis',(0.,0.,1.));
#1675=DIRECTION('center_axis',(0.,1.,0.));
#1676=DIRECTION('ref_axis',(0.,0.,1.));
#1677=DIRECTION('center_axis',(0.,-1.,0.));
#1678=DIRECTION('ref_axis',(0.699928898865454,0.,0.714212528966689));
#1679=DIRECTION('center_axis',(0.,1.,0.));
#1680=DIRECTION('ref_axis',(0.,0.,1.));
#1681=DIRECTION('',(0.,1.,0.));
#1682=DIRECTION('',(0.,-1.,0.));
#1683=DIRECTION('center_axis',(-0.873872284496461,0.486155561923275,0.));
#1684=DIRECTION('ref_axis',(0.,0.,1.));
#1685=DIRECTION('center_axis',(-0.95852845377707,-0.284996847876848,0.));
#1686=DIRECTION('ref_axis',(0.,0.,1.));
#1687=DIRECTION('center_axis',(-1.64477485129653E-16,1.,0.));
#1688=DIRECTION('ref_axis',(0.,0.,1.));
#1689=DIRECTION('center_axis',(-1.64477485129653E-16,1.,0.));
#1690=DIRECTION('ref_axis',(0.,0.,1.));
#1691=DIRECTION('center_axis',(-8.48812142816973E-17,-1.,0.));
#1692=DIRECTION('ref_axis',(0.,0.,1.));
#1693=DIRECTION('center_axis',(1.66014657887874E-16,0.,1.));
#1694=DIRECTION('ref_axis',(1.,0.,-1.66014657887874E-16));
#1695=DIRECTION('',(0.,-1.,0.));
#1696=DIRECTION('',(1.,0.,-1.66014657887874E-16));
#1697=DIRECTION('',(0.,1.,0.));
#1698=DIRECTION('',(-1.,0.,1.66014657887874E-16));
#1699=DIRECTION('',(0.,-1.,0.));
#1700=DIRECTION('center_axis',(0.,1.,0.));
#1701=DIRECTION('ref_axis',(0.530330085889912,0.,0.847791247890658));
#1702=DIRECTION('',(0.,1.,0.));
#1703=DIRECTION('center_axis',(0.,1.,0.));
#1704=DIRECTION('ref_axis',(0.899218410621135,0.,0.437499999999999));
#1705=DIRECTION('center_axis',(0.,1.,0.));
#1706=DIRECTION('ref_axis',(1.,0.,0.));
#1707=DIRECTION('',(0.,-1.,0.));
#1708=DIRECTION('center_axis',(0.,1.,0.));
#1709=DIRECTION('ref_axis',(0.928692436872246,0.,0.370850856404956));
#1710=DIRECTION('center_axis',(0.,-1.,0.));
#1711=DIRECTION('ref_axis',(0.992156741649222,0.,0.125));
#1712=DIRECTION('',(0.,1.,0.));
#1713=DIRECTION('center_axis',(0.,1.,0.));
#1714=DIRECTION('ref_axis',(1.,0.,0.));
#1715=DIRECTION('center_axis',(1.,0.,0.));
#1716=DIRECTION('ref_axis',(0.,0.,-1.));
#1717=DIRECTION('',(0.,-1.,0.));
#1718=DIRECTION('',(0.,0.,-1.));
#1719=DIRECTION('center_axis',(0.,1.,0.));
#1720=DIRECTION('ref_axis',(0.992156741649222,0.,-0.125000000000001));
#1721=DIRECTION('',(0.,1.,0.));
#1722=DIRECTION('center_axis',(0.,1.,0.));
#1723=DIRECTION('ref_axis',(0.96875,0.,-0.248039185412307));
#1724=DIRECTION('center_axis',(0.,1.,0.));
#1725=DIRECTION('ref_axis',(1.,0.,0.));
#1726=DIRECTION('',(0.,-1.,0.));
#1727=DIRECTION('center_axis',(0.,1.,0.));
#1728=DIRECTION('ref_axis',(0.928692436872246,0.,-0.370850856404956));
#1729=DIRECTION('center_axis',(0.,-1.,0.));
#1730=DIRECTION('ref_axis',(0.530330085889911,0.,-0.847791247890658));
#1731=DIRECTION('',(0.,1.,0.));
#1732=DIRECTION('center_axis',(0.,1.,0.));
#1733=DIRECTION('ref_axis',(0.,0.,-1.));
#1734=DIRECTION('center_axis',(-1.69762428563395E-16,-1.,0.));
#1735=DIRECTION('ref_axis',(-1.,1.69762428563395E-16,0.));
#1736=DIRECTION('center_axis',(-8.48812142816973E-17,-1.,0.));
#1737=DIRECTION('ref_axis',(0.,0.,1.));
#1738=DIRECTION('center_axis',(0.,0.,1.));
#1739=DIRECTION('ref_axis',(1.,0.,0.));
#1740=DIRECTION('center_axis',(0.,-1.11022302462516E-15,1.));
#1741=DIRECTION('ref_axis',(1.,0.,0.));
#1742=DIRECTION('center_axis',(0.,-1.,0.));
#1743=DIRECTION('ref_axis',(0.96875,0.,0.248039185412306));
#1744=DIRECTION('center_axis',(0.248039185412306,0.,-0.96875));
#1745=DIRECTION('ref_axis',(0.,-1.,0.));
#1746=DIRECTION('center_axis',(0.,-1.,0.));
#1747=DIRECTION('ref_axis',(0.992156741649222,0.,0.125));
#1748=DIRECTION('',(0.,-1.,0.));
#1749=DIRECTION('',(0.,1.,0.));
#1750=DIRECTION('center_axis',(0.,0.,1.));
#1751=DIRECTION('ref_axis',(0.707106781186548,-0.707106781186547,0.));
#1752=DIRECTION('',(0.,0.,1.));
#1753=DIRECTION('',(0.,0.,-1.));
#1754=DIRECTION('center_axis',(-0.269407953040161,-0.861356769214109,0.430678384607054));
#1755=DIRECTION('ref_axis',(0.456803409399174,-0.508000508000762,-0.730250730251096));
#1756=DIRECTION('center_axis',(1.,0.,0.));
#1757=DIRECTION('ref_axis',(0.,0.,-1.));
#1758=DIRECTION('center_axis',(0.,-1.,0.));
#1759=DIRECTION('ref_axis',(0.899218410621135,0.,-0.437499999999999));
#1760=DIRECTION('center_axis',(-0.437499999999999,0.,-0.899218410621135));
#1761=DIRECTION('ref_axis',(0.,-1.,0.));
#1762=DIRECTION('center_axis',(0.,-1.,0.));
#1763=DIRECTION('ref_axis',(0.530330085889911,0.,-0.847791247890658));
#1764=DIRECTION('',(0.,-1.,0.));
#1765=DIRECTION('',(0.,1.,0.));
#1766=DIRECTION('center_axis',(0.,-1.,0.));
#1767=DIRECTION('ref_axis',(0.,0.,-1.));
#1768=DIRECTION('center_axis',(0.,1.,0.));
#1769=DIRECTION('ref_axis',(0.928692436872246,0.,-0.370850856404956));
#1770=DIRECTION('center_axis',(0.,-1.,0.));
#1771=DIRECTION('ref_axis',(0.928692436872246,0.,-0.370850856404956));
#1772=DIRECTION('center_axis',(-0.269407953040162,-0.861356769214109,-0.430678384607055));
#1773=DIRECTION('ref_axis',(0.456803409399175,-0.508000508000762,0.730250730251095));
#1774=DIRECTION('center_axis',(0.,-1.,0.));
#1775=DIRECTION('ref_axis',(0.,0.,1.));
#1776=DIRECTION('center_axis',(1.,0.,0.));
#1777=DIRECTION('ref_axis',(0.,-1.,0.));
#1778=DIRECTION('center_axis',(-0.437499999999999,0.,0.899218410621135));
#1779=DIRECTION('ref_axis',(0.899218410621135,0.,0.437499999999999));
#1780=DIRECTION('center_axis',(0.408248290463863,-0.816496580927726,0.408248290463863));
#1781=DIRECTION('ref_axis',(-0.577350269189626,-0.577350269189626,-0.577350269189626));
#1782=DIRECTION('center_axis',(0.,0.,-1.));
#1783=DIRECTION('ref_axis',(-1.,0.,0.));
#1784=DIRECTION('center_axis',(0.,-1.,0.));
#1785=DIRECTION('ref_axis',(0.,0.,-1.));
#1786=DIRECTION('center_axis',(-1.,0.,0.));
#1787=DIRECTION('ref_axis',(0.,-1.,0.));
#1788=DIRECTION('center_axis',(0.269407953040163,-0.861356769214108,-0.430678384607056));
#1789=DIRECTION('ref_axis',(0.456803409399174,0.508000508000763,-0.730250730251094));
#1790=DIRECTION('center_axis',(1.,0.,0.));
#1791=DIRECTION('ref_axis',(0.,1.,0.));
#1792=DIRECTION('center_axis',(-0.4375,-8.73541360683621E-16,-0.899218410621135));
#1793=DIRECTION('ref_axis',(0.899218410621135,0.,-0.4375));
#1794=DIRECTION('center_axis',(-0.816496580927726,0.408248290463863,-0.408248290463863));
#1795=DIRECTION('ref_axis',(-0.577350269189626,-0.577350269189626,0.577350269189626));
#1796=DIRECTION('center_axis',(-1.,5.55111512312578E-16,0.));
#1797=DIRECTION('ref_axis',(0.,0.,1.));
#1798=DIRECTION('center_axis',(0.,-1.,0.));
#1799=DIRECTION('ref_axis',(-1.,0.,0.));
#1800=DIRECTION('center_axis',(0.,0.,1.));
#1801=DIRECTION('ref_axis',(0.,-1.,0.));
#1802=DIRECTION('center_axis',(-0.816496580927726,-0.408248290463863,0.408248290463863));
#1803=DIRECTION('ref_axis',(-0.577350269189626,0.577350269189626,-0.577350269189626));
#1804=DIRECTION('center_axis',(-1.,0.,0.));
#1805=DIRECTION('ref_axis',(0.,0.,-1.));
#1806=DIRECTION('center_axis',(0.,1.,0.));
#1807=DIRECTION('ref_axis',(-1.,0.,0.));
#1808=DIRECTION('center_axis',(0.,0.,-1.));
#1809=DIRECTION('ref_axis',(0.,1.,0.));
#1810=DIRECTION('center_axis',(0.,1.,0.));
#1811=DIRECTION('ref_axis',(-0.707106781186547,0.,-0.707106781186548));
#1812=DIRECTION('',(0.,-1.,0.));
#1813=DIRECTION('',(0.,1.,0.));
#1814=DIRECTION('center_axis',(0.,0.,1.));
#1815=DIRECTION('ref_axis',(1.,0.,0.));
#1816=DIRECTION('center_axis',(0.248039185412307,0.,0.96875));
#1817=DIRECTION('ref_axis',(0.,1.,0.));
#1818=DIRECTION('center_axis',(0.,1.11022302462516E-15,-1.));
#1819=DIRECTION('ref_axis',(1.,0.,0.));
#1820=DIRECTION('center_axis',(0.,1.,0.));
#1821=DIRECTION('ref_axis',(0.,0.,1.));
#1822=DIRECTION('center_axis',(0.,-1.,0.));
#1823=DIRECTION('ref_axis',(0.928692436872246,0.,-0.370850856404956));
#1824=DIRECTION('center_axis',(-0.816496580927726,-0.408248290463863,-0.408248290463862));
#1825=DIRECTION('ref_axis',(-0.577350269189626,0.577350269189627,0.577350269189625));
#1826=DIRECTION('center_axis',(0.,0.,1.));
#1827=DIRECTION('ref_axis',(-1.,0.,0.));
#1828=DIRECTION('center_axis',(0.,1.,0.));
#1829=DIRECTION('ref_axis',(1.38777878078145E-16,0.,1.));
#1830=DIRECTION('center_axis',(-1.,0.,5.55111512312579E-16));
#1831=DIRECTION('ref_axis',(0.,1.,0.));
#1832=DIRECTION('center_axis',(0.,-1.,0.));
#1833=DIRECTION('ref_axis',(-0.707106781186547,0.,0.707106781186548));
#1834=DIRECTION('',(0.,-1.,0.));
#1835=DIRECTION('center_axis',(0.,0.,1.));
#1836=DIRECTION('ref_axis',(1.,0.,0.));
#1837=DIRECTION('center_axis',(-1.11022302462516E-15,0.,1.));
#1838=DIRECTION('ref_axis',(0.,1.,0.));
#1839=DIRECTION('center_axis',(0.248039185412306,0.,-0.96875));
#1840=DIRECTION('ref_axis',(0.96875,0.,0.248039185412306));
#1841=DIRECTION('center_axis',(0.,0.,-1.));
#1842=DIRECTION('ref_axis',(0.707106781186548,0.707106781186548,0.));
#1843=DIRECTION('',(0.,0.,1.));
#1844=DIRECTION('center_axis',(0.269407953040164,-0.861356769214109,0.430678384607054));
#1845=DIRECTION('ref_axis',(0.456803409399177,0.508000508000761,0.730250730251095));
#1846=DIRECTION('center_axis',(-0.437499999999999,0.,0.899218410621135));
#1847=DIRECTION('ref_axis',(0.,1.,0.));
#1848=DIRECTION('center_axis',(1.,0.,0.));
#1849=DIRECTION('ref_axis',(0.,0.,1.));
#1850=DIRECTION('center_axis',(0.,1.,0.));
#1851=DIRECTION('ref_axis',(0.,0.,1.));
#1852=DIRECTION('center_axis',(0.,-1.,0.));
#1853=DIRECTION('ref_axis',(0.928692436872246,0.,0.370850856404956));
#1854=DIRECTION('center_axis',(1.,0.,-1.66014657887874E-16));
#1855=DIRECTION('ref_axis',(0.,0.707106781186548,0.707106781186547));
#1856=DIRECTION('',(-1.,0.,1.66014657887874E-16));
#1857=DIRECTION('center_axis',(-6.84775091337684E-33,0.,1.));
#1858=DIRECTION('ref_axis',(-0.707106781186547,0.707106781186548,0.));
#1859=DIRECTION('',(6.84775091337684E-33,0.,-1.));
#1860=DIRECTION('',(-6.84775091337684E-33,0.,1.));
#1861=DIRECTION('center_axis',(-1.,0.,0.));
#1862=DIRECTION('ref_axis',(0.,0.707106781186548,-0.707106781186547));
#1863=DIRECTION('',(1.,0.,0.));
#1864=DIRECTION('',(-1.,0.,0.));
#1865=DIRECTION('center_axis',(6.84775091337684E-33,0.,-1.));
#1866=DIRECTION('ref_axis',(-0.707106781186547,-0.707106781186548,0.));
#1867=DIRECTION('',(-6.84775091337684E-33,0.,1.));
#1868=DIRECTION('',(6.84775091337684E-33,0.,-1.));
#1869=DIRECTION('center_axis',(-1.,0.,1.66014657887874E-16));
#1870=DIRECTION('ref_axis',(0.,-0.707106781186548,0.707106781186547));
#1871=DIRECTION('',(1.,0.,-1.66014657887874E-16));
#1872=DIRECTION('center_axis',(1.,0.,0.));
#1873=DIRECTION('ref_axis',(0.,-0.707106781186548,-0.707106781186548));
#1874=DIRECTION('',(-1.,0.,0.));
#1875=DIRECTION('',(1.,0.,0.));
#1876=DIRECTION('center_axis',(0.,-1.,0.));
#1877=DIRECTION('ref_axis',(0.,0.,-1.));
#1878=DIRECTION('center_axis',(0.,1.,0.));
#1879=DIRECTION('ref_axis',(0.928692436872246,0.,0.370850856404956));
#1880=DIRECTION('center_axis',(0.,-1.,0.));
#1881=DIRECTION('ref_axis',(0.928692436872246,0.,0.370850856404956));
#1882=DIRECTION('center_axis',(0.,1.,0.));
#1883=DIRECTION('ref_axis',(0.530330085889912,0.,0.847791247890658));
#1884=DIRECTION('',(0.,1.,0.));
#1885=DIRECTION('center_axis',(0.,0.,-1.));
#1886=DIRECTION('ref_axis',(-1.,0.,0.));
#1887=DIRECTION('center_axis',(-3.28954970259306E-16,1.,0.));
#1888=DIRECTION('ref_axis',(1.,3.28954970259306E-16,0.));
#1889=DIRECTION('center_axis',(-1.64477485129653E-16,1.,0.));
#1890=DIRECTION('ref_axis',(0.,0.,1.));
#1891=DIRECTION('center_axis',(0.,1.,0.));
#1892=DIRECTION('ref_axis',(0.,0.,1.));
#1893=DIRECTION('center_axis',(-1.,0.,-6.84775091337684E-33));
#1894=DIRECTION('ref_axis',(-6.84775091337684E-33,0.,1.));
#1895=DIRECTION('center_axis',(0.,-1.,0.));
#1896=DIRECTION('ref_axis',(0.,0.,-1.));
#1897=DIRECTION('center_axis',(0.,1.,0.));
#1898=DIRECTION('ref_axis',(1.,0.,0.));
#1899=DIRECTION('center_axis',(0.,1.,0.));
#1900=DIRECTION('ref_axis',(1.,0.,0.));
#1901=DIRECTION('',(0.,1.,0.));
#1902=DIRECTION('center_axis',(0.,-1.,0.));
#1903=DIRECTION('ref_axis',(1.,0.,0.));
#1904=DIRECTION('center_axis',(0.,-1.,0.));
#1905=DIRECTION('ref_axis',(1.,0.,0.));
#1906=DIRECTION('center_axis',(0.,1.,0.));
#1907=DIRECTION('ref_axis',(-1.,0.,0.));
#1908=DIRECTION('center_axis',(0.,-1.,0.));
#1909=DIRECTION('ref_axis',(1.,0.,0.));
#1910=DIRECTION('center_axis',(0.,1.,0.));
#1911=DIRECTION('ref_axis',(0.,0.,1.));
#1912=DIRECTION('center_axis',(0.,1.,0.));
#1913=DIRECTION('ref_axis',(1.,0.,0.));
#1914=DIRECTION('center_axis',(1.,0.,-1.2335811384724E-16));
#1915=DIRECTION('ref_axis',(-1.2335811384724E-16,0.,-1.));
#1916=DIRECTION('center_axis',(0.,1.,0.));
#1917=DIRECTION('ref_axis',(1.,0.,0.));
#1918=DIRECTION('center_axis',(0.,1.,0.));
#1919=DIRECTION('ref_axis',(0.,0.,1.));
#1920=DIRECTION('center_axis',(1.,0.,-1.2335811384724E-16));
#1921=DIRECTION('ref_axis',(-1.2335811384724E-16,0.,-1.));
#1922=DIRECTION('center_axis',(0.,1.,0.));
#1923=DIRECTION('ref_axis',(1.,0.,0.));
#1924=DIRECTION('center_axis',(0.,1.,0.));
#1925=DIRECTION('ref_axis',(1.,0.,0.));
#1926=DIRECTION('center_axis',(0.,-1.,0.));
#1927=DIRECTION('ref_axis',(0.,0.,-1.));
#1928=DIRECTION('center_axis',(0.,1.,0.));
#1929=DIRECTION('ref_axis',(1.,0.,0.));
#1930=DIRECTION('center_axis',(0.,1.,0.));
#1931=DIRECTION('ref_axis',(0.,0.,1.));
#1932=DIRECTION('center_axis',(0.,1.,0.));
#1933=DIRECTION('ref_axis',(0.,0.,1.));
#1934=DIRECTION('center_axis',(0.,-1.,0.));
#1935=DIRECTION('ref_axis',(1.,0.,0.));
#1936=DIRECTION('center_axis',(0.,1.,0.));
#1937=DIRECTION('ref_axis',(1.,0.,0.));
#1938=DIRECTION('',(0.,-1.,0.));
#1939=DIRECTION('center_axis',(1.,0.,0.));
#1940=DIRECTION('ref_axis',(0.,0.,-1.));
#1941=DIRECTION('center_axis',(0.,1.,0.));
#1942=DIRECTION('ref_axis',(1.,0.,0.));
#1943=DIRECTION('',(0.,-1.,0.));
#1944=CARTESIAN_POINT('',(0.,0.,0.));
#1945=CARTESIAN_POINT('Origin',(9.25,10.,4.));
#1946=CARTESIAN_POINT('',(9.25,12.5,4.));
#1947=CARTESIAN_POINT('',(9.25,7.5,4.));
#1948=CARTESIAN_POINT('Ctrl Pts',(9.25,12.5,4.));
#1949=CARTESIAN_POINT('Ctrl Pts',(8.93011174722828,12.5,4.));
#1950=CARTESIAN_POINT('Ctrl Pts',(8.59263731127786,12.4349097646728,4.03352007912336));
#1951=CARTESIAN_POINT('Ctrl Pts',(7.97814810471407,12.1779126998115,4.1543378974013));
#1952=CARTESIAN_POINT('Ctrl Pts',(7.70075832548434,11.9862922314171,4.24033347482376));
#1953=CARTESIAN_POINT('Ctrl Pts',(7.26311042967241,11.5486443356052,4.40574883112791));
#1954=CARTESIAN_POINT('Ctrl Pts',(7.07192822565943,11.2714558987696,4.4970099688483));
#1955=CARTESIAN_POINT('Ctrl Pts',(6.8152860388081,10.6578465031582,4.63043641011766));
#1956=CARTESIAN_POINT('Ctrl Pts',(6.75,10.3207626674012,4.66987298107781));
#1957=CARTESIAN_POINT('Ctrl Pts',(6.75,9.67923733259877,4.66987298107781));
#1958=CARTESIAN_POINT('Ctrl Pts',(6.8152860388081,9.34215349684179,4.63043641011766));
#1959=CARTESIAN_POINT('Ctrl Pts',(7.07192822565943,8.72854410123045,4.4970099688483));
#1960=CARTESIAN_POINT('Ctrl Pts',(7.26311042967241,8.45135566439485,4.40574883112791));
#1961=CARTESIAN_POINT('Ctrl Pts',(7.70075832548434,8.01370776858292,4.24033347482376));
#1962=CARTESIAN_POINT('Ctrl Pts',(7.97814810471406,7.82208730018855,4.15433789740131));
#1963=CARTESIAN_POINT('Ctrl Pts',(8.59263731127786,7.56509023532718,4.03352007912337));
#1964=CARTESIAN_POINT('Ctrl Pts',(8.93011174722828,7.5,4.));
#1965=CARTESIAN_POINT('Ctrl Pts',(9.25,7.5,4.));
#1966=CARTESIAN_POINT('',(9.25,12.5,14.));
#1967=CARTESIAN_POINT('',(9.25,12.5,4.));
#1968=CARTESIAN_POINT('',(11.75,10.,13.3301270189222));
#1969=CARTESIAN_POINT('Ctrl Pts',(11.75,10.,13.3301270189222));
#1970=CARTESIAN_POINT('Ctrl Pts',(11.75,9.67923733259877,13.3301270189222));
#1971=CARTESIAN_POINT('Ctrl Pts',(11.6847139611919,9.34215349684179,13.3695635898823));
#1972=CARTESIAN_POINT('Ctrl Pts',(11.4280717743406,8.72854410123045,13.5029900311517));
#1973=CARTESIAN_POINT('Ctrl Pts',(11.2368895703276,8.45135566439485,13.5942511688721));
#1974=CARTESIAN_POINT('Ctrl Pts',(10.7992416745157,8.01370776858292,13.7596665251762));
#1975=CARTESIAN_POINT('Ctrl Pts',(10.5218518952859,7.82208730018855,13.8456621025987));
#1976=CARTESIAN_POINT('Ctrl Pts',(9.90736268872214,7.56509023532718,13.9664799208766));
#1977=CARTESIAN_POINT('Ctrl Pts',(9.56988825277172,7.5,14.));
#1978=CARTESIAN_POINT('Ctrl Pts',(8.93011174722828,7.5,14.));
#1979=CARTESIAN_POINT('Ctrl Pts',(8.59263731127786,7.56509023532718,13.9664799208766));
#1980=CARTESIAN_POINT('Ctrl Pts',(7.97814810471406,7.82208730018855,13.8456621025987));
#1981=CARTESIAN_POINT('Ctrl Pts',(7.70075832548434,8.01370776858292,13.7596665251762));
#1982=CARTESIAN_POINT('Ctrl Pts',(7.26311042967241,8.45135566439485,13.5942511688721));
#1983=CARTESIAN_POINT('Ctrl Pts',(7.07192822565943,8.72854410123044,13.5029900311517));
#1984=CARTESIAN_POINT('Ctrl Pts',(6.8152860388081,9.34215349684178,13.3695635898823));
#1985=CARTESIAN_POINT('Ctrl Pts',(6.75,9.67923733259877,13.3301270189222));
#1986=CARTESIAN_POINT('Ctrl Pts',(6.75,10.3207626674012,13.3301270189222));
#1987=CARTESIAN_POINT('Ctrl Pts',(6.8152860388081,10.6578465031582,13.3695635898823));
#1988=CARTESIAN_POINT('Ctrl Pts',(7.07192822565943,11.2714558987696,13.5029900311517));
#1989=CARTESIAN_POINT('Ctrl Pts',(7.26311042967241,11.5486443356052,13.5942511688721));
#1990=CARTESIAN_POINT('Ctrl Pts',(7.70075832548434,11.9862922314171,13.7596665251762));
#1991=CARTESIAN_POINT('Ctrl Pts',(7.97814810471407,12.1779126998115,13.8456621025987));
#1992=CARTESIAN_POINT('Ctrl Pts',(8.59263731127786,12.4349097646728,13.9664799208766));
#1993=CARTESIAN_POINT('Ctrl Pts',(8.93011174722828,12.5,14.));
#1994=CARTESIAN_POINT('Ctrl Pts',(9.25,12.5,14.));
#1995=CARTESIAN_POINT('Ctrl Pts',(9.25,12.5,14.));
#1996=CARTESIAN_POINT('Ctrl Pts',(9.56988825277172,12.5,14.));
#1997=CARTESIAN_POINT('Ctrl Pts',(9.90736268872214,12.4349097646728,13.9664799208766));
#1998=CARTESIAN_POINT('Ctrl Pts',(10.5218518952859,12.1779126998115,13.8456621025987));
#1999=CARTESIAN_POINT('Ctrl Pts',(10.7992416745157,11.9862922314171,13.7596665251762));
#2000=CARTESIAN_POINT('Ctrl Pts',(11.2368895703276,11.5486443356052,13.5942511688721));
#2001=CARTESIAN_POINT('Ctrl Pts',(11.4280717743406,11.2714558987696,13.5029900311517));
#2002=CARTESIAN_POINT('Ctrl Pts',(11.6847139611919,10.6578465031582,13.3695635898823));
#2003=CARTESIAN_POINT('Ctrl Pts',(11.75,10.3207626674012,13.3301270189222));
#2004=CARTESIAN_POINT('Ctrl Pts',(11.75,10.,13.3301270189222));
#2005=CARTESIAN_POINT('Ctrl Pts',(9.25,7.5,4.));
#2006=CARTESIAN_POINT('Ctrl Pts',(9.56988825277172,7.5,4.));
#2007=CARTESIAN_POINT('Ctrl Pts',(9.90736268872214,7.56509023532718,4.03352007912337));
#2008=CARTESIAN_POINT('Ctrl Pts',(10.5218518952859,7.82208730018855,4.1543378974013));
#2009=CARTESIAN_POINT('Ctrl Pts',(10.7992416745157,8.01370776858292,4.24033347482376));
#2010=CARTESIAN_POINT('Ctrl Pts',(11.2368895703276,8.45135566439485,4.40574883112791));
#2011=CARTESIAN_POINT('Ctrl Pts',(11.4280717743406,8.72854410123045,4.4970099688483));
#2012=CARTESIAN_POINT('Ctrl Pts',(11.6847139611919,9.34215349684179,4.63043641011766));
#2013=CARTESIAN_POINT('Ctrl Pts',(11.75,9.67923733259877,4.66987298107781));
#2014=CARTESIAN_POINT('Ctrl Pts',(11.75,10.,4.66987298107781));
#2015=CARTESIAN_POINT('Ctrl Pts',(11.75,10.3207626674012,4.66987298107781));
#2016=CARTESIAN_POINT('Ctrl Pts',(11.6847139611919,10.6578465031582,4.63043641011766));
#2017=CARTESIAN_POINT('Ctrl Pts',(11.4280717743406,11.2714558987696,4.4970099688483));
#2018=CARTESIAN_POINT('Ctrl Pts',(11.2368895703276,11.5486443356052,4.40574883112791));
#2019=CARTESIAN_POINT('Ctrl Pts',(10.7992416745157,11.9862922314171,4.24033347482376));
#2020=CARTESIAN_POINT('Ctrl Pts',(10.5218518952859,12.1779126998115,4.1543378974013));
#2021=CARTESIAN_POINT('Ctrl Pts',(9.90736268872214,12.4349097646728,4.03352007912336));
#2022=CARTESIAN_POINT('Ctrl Pts',(9.56988825277172,12.5,4.));
#2023=CARTESIAN_POINT('Ctrl Pts',(9.25,12.5,4.));
#2024=CARTESIAN_POINT('Origin',(9.25,0.,9.));
#2025=CARTESIAN_POINT('',(4.25,20.,9.));
#2026=CARTESIAN_POINT('Origin',(9.25,20.,9.));
#2027=CARTESIAN_POINT('',(4.25,0.,9.));
#2028=CARTESIAN_POINT('',(4.25,0.,9.));
#2029=CARTESIAN_POINT('Origin',(9.25,0.,9.));
#2030=CARTESIAN_POINT('Origin',(9.25,20.,9.));
#2031=CARTESIAN_POINT('Origin',(9.25,0.,9.));
#2032=CARTESIAN_POINT('Origin',(13.375,6.75,17.));
#2033=CARTESIAN_POINT('',(23.6374945699382,6.75,18.));
#2034=CARTESIAN_POINT('',(23.6374945699382,7.75,17.));
#2035=CARTESIAN_POINT('Origin',(23.6374945699382,6.75,17.));
#2036=CARTESIAN_POINT('',(13.338751492348,7.75,17.));
#2037=CARTESIAN_POINT('',(13.375,7.75,17.));
#2038=CARTESIAN_POINT('',(13.338751492348,6.75,18.));
#2039=CARTESIAN_POINT('Origin',(13.338751492348,6.75,17.));
#2040=CARTESIAN_POINT('',(13.375,6.75,18.));
#2041=CARTESIAN_POINT('Ctrl Pts',(24.5367129805593,7.75,16.4375));
#2042=CARTESIAN_POINT('Ctrl Pts',(24.2630378121094,7.75,17.));
#2043=CARTESIAN_POINT('Ctrl Pts',(23.6374945699382,7.75,17.));
#2044=CARTESIAN_POINT('Ctrl Pts',(25.4359313911804,7.75,16.875));
#2045=CARTESIAN_POINT('Ctrl Pts',(24.8885810542806,7.75,18.));
#2046=CARTESIAN_POINT('Ctrl Pts',(23.6374945699382,7.75,18.));
#2047=CARTESIAN_POINT('Ctrl Pts',(25.4359313911804,6.75,16.875));
#2048=CARTESIAN_POINT('Ctrl Pts',(24.8885810542806,6.75,18.));
#2049=CARTESIAN_POINT('Ctrl Pts',(23.6374945699382,6.75,18.));
#2050=CARTESIAN_POINT('',(25.4359313911804,6.75,16.875));
#2051=CARTESIAN_POINT('',(24.5367129805593,7.75,16.4375));
#2052=CARTESIAN_POINT('Origin',(24.5367129805593,6.75,16.4375));
#2053=CARTESIAN_POINT('Origin',(23.6374945699382,7.75,16.));
#2054=CARTESIAN_POINT('Origin',(23.6374945699382,6.75,16.));
#2055=CARTESIAN_POINT('Origin',(9.25,6.75,9.));
#2056=CARTESIAN_POINT('',(26.6875,6.74999999999999,13.4647053374215));
#2057=CARTESIAN_POINT('',(25.71875,7.75,13.2166661520092));
#2058=CARTESIAN_POINT('Origin',(25.71875,6.75,13.2166661520092));
#2059=CARTESIAN_POINT('Origin',(9.25,7.75,9.));
#2060=CARTESIAN_POINT('Origin',(9.25,6.75,9.));
#2061=CARTESIAN_POINT('Ctrl Pts',(25.75,7.75,12.9686269665969));
#2062=CARTESIAN_POINT('Ctrl Pts',(25.75,7.75,13.0946151242667));
#2063=CARTESIAN_POINT('Ctrl Pts',(25.71875,7.75,13.2166661520092));
#2064=CARTESIAN_POINT('Ctrl Pts',(26.75,7.75,12.9686269665969));
#2065=CARTESIAN_POINT('Ctrl Pts',(26.75,7.75,13.2206032819364));
#2066=CARTESIAN_POINT('Ctrl Pts',(26.6875,7.75,13.4647053374215));
#2067=CARTESIAN_POINT('Ctrl Pts',(26.75,6.74999999999999,12.9686269665969));
#2068=CARTESIAN_POINT('Ctrl Pts',(26.75,6.74999999999999,13.2206032819364));
#2069=CARTESIAN_POINT('Ctrl Pts',(26.6875,6.74999999999999,13.4647053374215));
#2070=CARTESIAN_POINT('',(26.75,6.75,12.9686269665969));
#2071=CARTESIAN_POINT('',(25.75,7.75,12.9686269665969));
#2072=CARTESIAN_POINT('Origin',(25.75,6.75,12.9686269665969));
#2073=CARTESIAN_POINT('Origin',(24.75,7.75,12.9686269665969));
#2074=CARTESIAN_POINT('Origin',(24.75,6.75,12.9686269665969));
#2075=CARTESIAN_POINT('Origin',(25.75,6.75,18.));
#2076=CARTESIAN_POINT('',(25.75,7.75,4.90732361406375));
#2077=CARTESIAN_POINT('',(25.75,7.75,18.));
#2078=CARTESIAN_POINT('',(26.75,6.74999999999999,4.78692511341181));
#2079=CARTESIAN_POINT('',(26.75,6.75,18.));
#2080=CARTESIAN_POINT('Ctrl Pts',(26.75,6.75,4.7869251134118));
#2081=CARTESIAN_POINT('Ctrl Pts',(26.75,6.87936435589236,4.7869251134118));
#2082=CARTESIAN_POINT('Ctrl Pts',(26.7248983258437,7.00744166499649,4.78990119754968));
#2083=CARTESIAN_POINT('Ctrl Pts',(26.6272390298757,7.24726850126297,4.8015154073783));
#2084=CARTESIAN_POINT('Ctrl Pts',(26.5554780828663,7.35658845000516,4.81006023537978));
#2085=CARTESIAN_POINT('Ctrl Pts',(26.3738877911676,7.54230900447903,4.83178615545682));
#2086=CARTESIAN_POINT('Ctrl Pts',(26.2655412570515,7.61667268789638,4.8447925384542));
#2087=CARTESIAN_POINT('Ctrl Pts',(26.0844506669027,7.69480689568873,4.86665919685498));
#2088=CARTESIAN_POINT('Ctrl Pts',(26.0202397352141,7.71513196653428,4.87443295479833));
#2089=CARTESIAN_POINT('Ctrl Pts',(25.8887347241563,7.74260649746384,4.89040166017274));
#2090=CARTESIAN_POINT('Ctrl Pts',(25.8217564065396,7.74968120432534,4.89855833606076));
#2091=CARTESIAN_POINT('Ctrl Pts',(25.7530596562208,7.74999648943811,4.90694983036964));
#2092=CARTESIAN_POINT('Ctrl Pts',(25.7515298282847,7.74999999999999,4.90713671579226));
#2093=CARTESIAN_POINT('Ctrl Pts',(25.75,7.74999999999999,4.90732361406375));
#2094=CARTESIAN_POINT('Origin',(9.25,6.75,9.));
#2095=CARTESIAN_POINT('',(25.4359313911804,6.75,1.125));
#2096=CARTESIAN_POINT('Origin',(9.25,6.75,9.));
#2097=CARTESIAN_POINT('',(24.5367129805593,7.75,1.5625));
#2098=CARTESIAN_POINT('Origin',(24.5367129805593,6.75,1.5625));
#2099=CARTESIAN_POINT('Origin',(9.25,7.75,9.));
#2100=CARTESIAN_POINT('Ctrl Pts',(23.6374945699382,7.75,1.));
#2101=CARTESIAN_POINT('Ctrl Pts',(24.2630378121094,7.75,1.));
#2102=CARTESIAN_POINT('Ctrl Pts',(24.5367129805593,7.75,1.5625));
#2103=CARTESIAN_POINT('Ctrl Pts',(23.6374945699382,7.75,-1.11022302462516E-15));
#2104=CARTESIAN_POINT('Ctrl Pts',(24.8885810542806,7.75,-1.11022302462516E-15));
#2105=CARTESIAN_POINT('Ctrl Pts',(25.4359313911804,7.75,1.125));
#2106=CARTESIAN_POINT('Ctrl Pts',(23.6374945699382,6.75,8.32667268468867E-16));
#2107=CARTESIAN_POINT('Ctrl Pts',(24.8885810542806,6.75,8.32667268468867E-16));
#2108=CARTESIAN_POINT('Ctrl Pts',(25.4359313911804,6.75,1.125));
#2109=CARTESIAN_POINT('',(23.6374945699382,6.75,0.));
#2110=CARTESIAN_POINT('',(23.6374945699382,7.75,1.));
#2111=CARTESIAN_POINT('Origin',(23.6374945699382,6.75,1.));
#2112=CARTESIAN_POINT('Origin',(23.6374945699382,7.75,2.));
#2113=CARTESIAN_POINT('Origin',(23.6374945699382,6.75,2.));
#2114=CARTESIAN_POINT('Origin',(26.75,6.75,1.));
#2115=CARTESIAN_POINT('',(13.338751492348,6.75,0.));
#2116=CARTESIAN_POINT('',(13.338751492348,7.75,1.));
#2117=CARTESIAN_POINT('Origin',(13.338751492348,6.75,1.));
#2118=CARTESIAN_POINT('',(26.75,7.75,1.));
#2119=CARTESIAN_POINT('',(26.75,6.75,0.));
#2120=CARTESIAN_POINT('Ctrl Pts',(8.,7.75,0.103068575841547));
#2121=CARTESIAN_POINT('Ctrl Pts',(8.26561356029451,7.75,0.0657504338283817));
#2122=CARTESIAN_POINT('Ctrl Pts',(8.80264713971974,7.75000000000002,0.0134047096842354));
#2123=CARTESIAN_POINT('Ctrl Pts',(9.4544723164673,7.75000000000004,0.0121132288355));
#2124=CARTESIAN_POINT('Ctrl Pts',(9.86847330407248,7.75000000000004,0.0361697497425994));
#2125=CARTESIAN_POINT('Ctrl Pts',(10.0730272690901,7.75000000000004,0.0526008417908879));
#2126=CARTESIAN_POINT('Ctrl Pts',(10.2758207676212,7.75000000000004,0.0736404818118622));
#2127=CARTESIAN_POINT('Ctrl Pts',(10.9430415050372,7.75000000000003,0.157861870377067));
#2128=CARTESIAN_POINT('Ctrl Pts',(12.0332962983318,7.75000000000001,0.411982859953557));
#2129=CARTESIAN_POINT('Ctrl Pts',(12.9360118693826,7.75,0.794162220696546));
#2130=CARTESIAN_POINT('Ctrl Pts',(13.338751492348,7.75,1.));
#2131=CARTESIAN_POINT('Ctrl Pts',(8.02230082152686,7.67499576000454,0.0644931686860621));
#2132=CARTESIAN_POINT('Ctrl Pts',(8.28464858461832,7.68566290331334,0.0409038890145892));
#2133=CARTESIAN_POINT('Ctrl Pts',(8.8123376690206,7.7152363666127,0.0083756217049194));
#2134=CARTESIAN_POINT('Ctrl Pts',(9.45014169020401,7.71884731784185,0.00764499845725224));
#2135=CARTESIAN_POINT('Ctrl Pts',(9.85618293595172,7.701539282538,0.0226245205941514));
#2136=CARTESIAN_POINT('Ctrl Pts',(10.0570841132447,7.69321236888128,0.0328950965594643));
#2137=CARTESIAN_POINT('Ctrl Pts',(10.2566200264031,7.68432497535369,0.046072291094536));
#2138=CARTESIAN_POINT('Ctrl Pts',(10.9146509925407,7.65607380960179,0.0992841827992714));
#2139=CARTESIAN_POINT('Ctrl Pts',(12.0035587178021,7.62526507266861,0.26134500227982));
#2140=CARTESIAN_POINT('Ctrl Pts',(12.9363480798607,7.68653100276169,0.534362067389244));
#2141=CARTESIAN_POINT('Ctrl Pts',(13.338751492348,7.75,0.700800699658116));
#2142=CARTESIAN_POINT('Ctrl Pts',(8.06385732267339,7.53522899035388,0.0150201193630501));
#2143=CARTESIAN_POINT('Ctrl Pts',(8.31910319298714,7.56919163801332,0.00946456927009839));
#2144=CARTESIAN_POINT('Ctrl Pts',(8.82914369277256,7.65465903450519,0.00186541321276672));
#2145=CARTESIAN_POINT('Ctrl Pts',(9.4425558349541,7.66499211951709,0.00163345827556988));
#2146=CARTESIAN_POINT('Ctrl Pts',(9.83415657677321,7.61599621777954,0.00509715968308372));
#2147=CARTESIAN_POINT('Ctrl Pts',(10.0282482056095,7.59180274393816,0.00748164209628872));
#2148=CARTESIAN_POINT('Ctrl Pts',(10.2214338948574,7.56537745445084,0.0105560284249488));
#2149=CARTESIAN_POINT('Ctrl Pts',(10.8605151780698,7.4788442431128,0.0229558723193947));
#2150=CARTESIAN_POINT('Ctrl Pts',(11.9336451798092,7.35372868013735,0.0612866999874942));
#2151=CARTESIAN_POINT('Ctrl Pts',(12.9094947991944,7.40109511530098,0.132556235691569));
#2152=CARTESIAN_POINT('Ctrl Pts',(13.338751492348,7.49896241814528,0.182690165569901));
#2153=CARTESIAN_POINT('Ctrl Pts',(8.10736936577874,7.38888515634603,-5.77812412566014E-16));
#2154=CARTESIAN_POINT('Ctrl Pts',(8.35442817803433,7.4497653157147,2.26569665255694E-6));
#2155=CARTESIAN_POINT('Ctrl Pts',(8.84577376408445,7.59367392762292,4.29406049963958E-5));
#2156=CARTESIAN_POINT('Ctrl Pts',(9.43481389047636,7.61037997615882,8.93911745414333E-5));
#2157=CARTESIAN_POINT('Ctrl Pts',(9.81158185732112,7.52852876022711,9.66337028365567E-5));
#2158=CARTESIAN_POINT('Ctrl Pts',(9.9985272647641,7.48741157193929,0.000100913741355792));
#2159=CARTESIAN_POINT('Ctrl Pts',(10.1849028761723,7.44192700741032,0.000100698997250751));
#2160=CARTESIAN_POINT('Ctrl Pts',(10.8024346865059,7.28911239809491,0.000169969614608841));
#2161=CARTESIAN_POINT('Ctrl Pts',(11.8505161075024,7.03768757178921,0.000216422362300471));
#2162=CARTESIAN_POINT('Ctrl Pts',(12.8543685104909,6.94524885809786,0.000530765176402394));
#2163=CARTESIAN_POINT('Ctrl Pts',(13.338751492348,6.97439947525641,2.78839587904271E-16));
#2164=CARTESIAN_POINT('Ctrl Pts',(8.12601696323675,7.32616778634266,-5.55111512312578E-16));
#2165=CARTESIAN_POINT('Ctrl Pts',(8.36956761431389,7.39858208722421,-5.49147315949651E-16));
#2166=CARTESIAN_POINT('Ctrl Pts',(8.85290123050972,7.56752645443881,-8.50009892649389E-16));
#2167=CARTESIAN_POINT('Ctrl Pts',(9.43149638884278,7.5869518954472,-4.66685318352581E-16));
#2168=CARTESIAN_POINT('Ctrl Pts',(9.80190747085337,7.49101793544243,-4.97219497442944E-16));
#2169=CARTESIAN_POINT('Ctrl Pts',(9.98579036395605,7.44264693971037,-4.89048789581582E-16));
#2170=CARTESIAN_POINT('Ctrl Pts',(10.1692472770847,7.38899381569071,-5.3316875765701E-16));
#2171=CARTESIAN_POINT('Ctrl Pts',(10.7775463913966,7.20776152481078,-2.30858781424626E-16));
#2172=CARTESIAN_POINT('Ctrl Pts',(11.8148918873344,6.902180862372,3.47948489861046E-17));
#2173=CARTESIAN_POINT('Ctrl Pts',(12.830809428469,6.75,2.10385520422784E-16));
#2174=CARTESIAN_POINT('Ctrl Pts',(13.338751492348,6.75,2.77555756156289E-16));
#2175=CARTESIAN_POINT('',(8.12601696323675,7.32616778634266,0.));
#2176=CARTESIAN_POINT('',(8.,7.75,0.103068575841548));
#2177=CARTESIAN_POINT('Origin',(8.12601696323675,7.32616778634266,1.));
#2178=CARTESIAN_POINT('',(9.25,7.75,0.0156865167015596));
#2179=CARTESIAN_POINT('Origin',(9.25,7.75,9.));
#2180=CARTESIAN_POINT('Origin',(9.25,7.75,9.));
#2181=CARTESIAN_POINT('Ctrl Pts',(13.338751492348,6.75,2.77555756156289E-16));
#2182=CARTESIAN_POINT('Ctrl Pts',(12.830809428469,6.75,2.10385520422784E-16));
#2183=CARTESIAN_POINT('Ctrl Pts',(11.8148918873344,6.902180862372,3.47948489861046E-17));
#2184=CARTESIAN_POINT('Ctrl Pts',(10.7775463913966,7.20776152481078,-2.30858781424626E-16));
#2185=CARTESIAN_POINT('Ctrl Pts',(10.1692472770847,7.38899381569071,-5.3316875765701E-16));
#2186=CARTESIAN_POINT('Ctrl Pts',(9.98579036395605,7.44264693971037,-4.89048789581582E-16));
#2187=CARTESIAN_POINT('Ctrl Pts',(9.80190747085337,7.49101793544243,-4.97219497442944E-16));
#2188=CARTESIAN_POINT('Ctrl Pts',(9.43149638884278,7.5869518954472,-4.66685318352581E-16));
#2189=CARTESIAN_POINT('Ctrl Pts',(8.85290123050972,7.56752645443881,-8.50009892649389E-16));
#2190=CARTESIAN_POINT('Ctrl Pts',(8.36956761431389,7.39858208722421,-5.49147315949651E-16));
#2191=CARTESIAN_POINT('Ctrl Pts',(8.12601696323675,7.32616778634266,-5.55111512312578E-16));
#2192=CARTESIAN_POINT('Ctrl Pts',(7.33856217223385,8.,0.205319481039429));
#2193=CARTESIAN_POINT('Ctrl Pts',(7.51991746984895,7.84005966118878,0.165903680160712));
#2194=CARTESIAN_POINT('Ctrl Pts',(7.75495299291454,7.75,0.137497160738254));
#2195=CARTESIAN_POINT('Ctrl Pts',(8.,7.75,0.103068575841547));
#2196=CARTESIAN_POINT('Ctrl Pts',(7.25455737444683,7.84900005204016,0.0733282988862647));
#2197=CARTESIAN_POINT('Ctrl Pts',(7.47377835093025,7.6777580813546,0.0584614749040646));
#2198=CARTESIAN_POINT('Ctrl Pts',(7.7584333891413,7.58940127049572,0.0477676180795008));
#2199=CARTESIAN_POINT('Ctrl Pts',(8.03902643767201,7.61874258000795,0.0355616133194485));
#2200=CARTESIAN_POINT('Ctrl Pts',(7.1491610746406,7.65954854206509,1.50878206333613E-17));
#2201=CARTESIAN_POINT('Ctrl Pts',(7.42112484822975,7.48339844605784,0.000200922151711661));
#2202=CARTESIAN_POINT('Ctrl Pts',(7.76395580353079,7.4048939713387,-8.63102807784525E-5));
#2203=CARTESIAN_POINT('Ctrl Pts',(8.08250590250139,7.47250831635052,-2.77555756156289E-16));
#2204=CARTESIAN_POINT('Ctrl Pts',(7.04345218184316,7.46953514126177,0.));
#2205=CARTESIAN_POINT('Ctrl Pts',(7.36847944753459,7.28871488205919,-6.56098918162712E-19));
#2206=CARTESIAN_POINT('Ctrl Pts',(7.76950275864893,7.22016631697525,-1.63998536055625E-16));
#2207=CARTESIAN_POINT('Ctrl Pts',(8.12601696323675,7.32616778634267,-2.77555756156289E-16));
#2208=CARTESIAN_POINT('',(7.04345218184316,7.46953514126177,0.));
#2209=CARTESIAN_POINT('Ctrl Pts',(8.12601696323675,7.32616778634267,-2.77555756156289E-16));
#2210=CARTESIAN_POINT('Ctrl Pts',(7.76950275864893,7.22016631697525,-1.63998536055625E-16));
#2211=CARTESIAN_POINT('Ctrl Pts',(7.36847944753459,7.28871488205919,-6.56098918162712E-19));
#2212=CARTESIAN_POINT('Ctrl Pts',(7.04345218184316,7.46953514126177,0.));
#2213=CARTESIAN_POINT('',(7.33856217223385,8.,0.205319481039429));
#2214=CARTESIAN_POINT('Origin',(7.04345218184316,7.46953514126177,1.));
#2215=CARTESIAN_POINT('Ctrl Pts',(7.33856217223385,8.,0.205319481039429));
#2216=CARTESIAN_POINT('Ctrl Pts',(7.51991746984895,7.84005966118878,0.165903680160712));
#2217=CARTESIAN_POINT('Ctrl Pts',(7.75495299291454,7.75,0.137497160738254));
#2218=CARTESIAN_POINT('Ctrl Pts',(8.,7.75,0.103068575841547));
#2219=CARTESIAN_POINT('Ctrl Pts',(7.,8.75,0.285787471033315));
#2220=CARTESIAN_POINT('Ctrl Pts',(7.,8.47679100767647,0.285787471033315));
#2221=CARTESIAN_POINT('Ctrl Pts',(7.11411067451326,8.19794761478822,0.254101819672078));
#2222=CARTESIAN_POINT('Ctrl Pts',(7.33856217223385,8.,0.205319481039429));
#2223=CARTESIAN_POINT('Ctrl Pts',(6.81542416586484,8.75,0.104902993229065));
#2224=CARTESIAN_POINT('Ctrl Pts',(6.81542416586484,8.41323702832475,0.104902993229065));
#2225=CARTESIAN_POINT('Ctrl Pts',(6.96970211362323,8.06846751887258,0.0917279869738731));
#2226=CARTESIAN_POINT('Ctrl Pts',(7.25455737444683,7.84900005204016,0.073328298886265));
#2227=CARTESIAN_POINT('Ctrl Pts',(6.55850374778972,8.75,-1.75434482192839E-16));
#2228=CARTESIAN_POINT('Ctrl Pts',(6.55850374778972,8.32450869663912,-1.52845667784475E-16));
#2229=CARTESIAN_POINT('Ctrl Pts',(6.78201816698823,7.89455429087362,-0.000248668103274826));
#2230=CARTESIAN_POINT('Ctrl Pts',(7.14916107464061,7.65954854206509,5.55111512312578E-16));
#2231=CARTESIAN_POINT('Ctrl Pts',(6.30007110113454,8.75,4.16333634234434E-16));
#2232=CARTESIAN_POINT('Ctrl Pts',(6.30007110113454,8.23518197368638,4.38756881623415E-16));
#2233=CARTESIAN_POINT('Ctrl Pts',(6.59356697708852,7.7198167881325,7.12291289546579E-16));
#2234=CARTESIAN_POINT('Ctrl Pts',(7.04345218184316,7.46953514126177,5.55111512312578E-16));
#2235=CARTESIAN_POINT('',(6.30007110113454,8.75,0.));
#2236=CARTESIAN_POINT('Ctrl Pts',(7.04345218184316,7.46953514126177,5.55111512312578E-16));
#2237=CARTESIAN_POINT('Ctrl Pts',(6.59356697708852,7.7198167881325,7.12291289546579E-16));
#2238=CARTESIAN_POINT('Ctrl Pts',(6.30007110113454,8.23518197368638,4.38756881623415E-16));
#2239=CARTESIAN_POINT('Ctrl Pts',(6.30007110113454,8.75,4.16333634234434E-16));
#2240=CARTESIAN_POINT('',(7.,8.75,0.285787471033315));
#2241=CARTESIAN_POINT('Origin',(6.30007110113454,8.75,1.));
#2242=CARTESIAN_POINT('Ctrl Pts',(7.,8.75,0.285787471033315));
#2243=CARTESIAN_POINT('Ctrl Pts',(7.,8.47679100767647,0.285787471033315));
#2244=CARTESIAN_POINT('Ctrl Pts',(7.11411067451326,8.19794761478822,0.254101819672078));
#2245=CARTESIAN_POINT('Ctrl Pts',(7.33856217223385,8.,0.205319481039429));
#2246=CARTESIAN_POINT('Origin',(6.30007110113454,10.,1.));
#2247=CARTESIAN_POINT('',(6.30007110113454,11.25,0.));
#2248=CARTESIAN_POINT('',(7.,11.25,0.285787471033315));
#2249=CARTESIAN_POINT('Origin',(6.30007110113454,11.25,1.));
#2250=CARTESIAN_POINT('',(7.,10.,0.285787471033315));
#2251=CARTESIAN_POINT('',(6.30007110113454,10.,0.));
#2252=CARTESIAN_POINT('Ctrl Pts',(7.33856217223386,12.,0.205319481039428));
#2253=CARTESIAN_POINT('Ctrl Pts',(7.11408161537861,11.8020267574639,0.254108135390892));
#2254=CARTESIAN_POINT('Ctrl Pts',(7.,11.5232443639601,0.285787471033315));
#2255=CARTESIAN_POINT('Ctrl Pts',(7.,11.25,0.285787471033315));
#2256=CARTESIAN_POINT('Ctrl Pts',(7.25455737444684,12.1509999479598,0.073328298886264));
#2257=CARTESIAN_POINT('Ctrl Pts',(6.96966523417509,11.9315040672619,0.0917303691322415));
#2258=CARTESIAN_POINT('Ctrl Pts',(6.81542416586484,11.5868065714755,0.104902993229066));
#2259=CARTESIAN_POINT('Ctrl Pts',(6.81542416586484,11.25,0.104902993229066));
#2260=CARTESIAN_POINT('Ctrl Pts',(7.14916107464061,12.3404514579349,0.));
#2261=CARTESIAN_POINT('Ctrl Pts',(6.78197063397875,12.1054152835611,-0.000248700297669281));
#2262=CARTESIAN_POINT('Ctrl Pts',(6.55850374778973,11.6755463905808,1.22707031208772E-15));
#2263=CARTESIAN_POINT('Ctrl Pts',(6.55850374778973,11.25,1.65676428824839E-15));
#2264=CARTESIAN_POINT('Ctrl Pts',(7.04345218184318,12.5304648587382,0.));
#2265=CARTESIAN_POINT('Ctrl Pts',(6.59350873165536,12.2801508085727,7.14546031268209E-17));
#2266=CARTESIAN_POINT('Ctrl Pts',(6.30007110113454,11.7648846784254,9.67314908147929E-16));
#2267=CARTESIAN_POINT('Ctrl Pts',(6.30007110113454,11.25,1.38777878078145E-15));
#2268=CARTESIAN_POINT('',(7.04345218184318,12.5304648587382,0.));
#2269=CARTESIAN_POINT('Ctrl Pts',(6.30007110113454,11.25,1.38777878078145E-15));
#2270=CARTESIAN_POINT('Ctrl Pts',(6.30007110113454,11.7648846784254,9.67314908147929E-16));
#2271=CARTESIAN_POINT('Ctrl Pts',(6.59350873165536,12.2801508085727,7.14546031268209E-17));
#2272=CARTESIAN_POINT('Ctrl Pts',(7.04345218184318,12.5304648587382,0.));
#2273=CARTESIAN_POINT('',(7.33856217223386,12.,0.205319481039428));
#2274=CARTESIAN_POINT('Origin',(7.04345218184318,12.5304648587382,1.));
#2275=CARTESIAN_POINT('Ctrl Pts',(7.33856217223385,12.,0.205319481039427));
#2276=CARTESIAN_POINT('Ctrl Pts',(7.11408161537861,11.8020267574639,0.254108135390891));
#2277=CARTESIAN_POINT('Ctrl Pts',(7.,11.5232443639601,0.285787471033314));
#2278=CARTESIAN_POINT('Ctrl Pts',(7.,11.25,0.285787471033314));
#2279=CARTESIAN_POINT('Ctrl Pts',(8.,12.25,0.103068575841548));
#2280=CARTESIAN_POINT('Ctrl Pts',(7.75476928861468,12.25,0.137522970802858));
#2281=CARTESIAN_POINT('Ctrl Pts',(7.52005342640847,12.1600602412264,0.165874131331706));
#2282=CARTESIAN_POINT('Ctrl Pts',(7.33856217223386,12.,0.205319481039427));
#2283=CARTESIAN_POINT('Ctrl Pts',(8.03902643767201,12.3812574199921,0.0355616133194489));
#2284=CARTESIAN_POINT('Ctrl Pts',(7.75822303705355,12.410620725793,0.0477767685506097));
#2285=CARTESIAN_POINT('Ctrl Pts',(7.47394269423936,12.3223702935508,0.0584503296975765));
#2286=CARTESIAN_POINT('Ctrl Pts',(7.25455737444684,12.1509999479598,0.0733282988862642));
#2287=CARTESIAN_POINT('Ctrl Pts',(8.08250590250139,12.5274916836495,2.88149509607892E-16));
#2288=CARTESIAN_POINT('Ctrl Pts',(7.76371699619491,12.5951567170825,-8.63749849745566E-5));
#2289=CARTESIAN_POINT('Ctrl Pts',(7.42132873121223,12.5167336083201,0.000201072776948459));
#2290=CARTESIAN_POINT('Ctrl Pts',(7.14916107464061,12.3404514579349,7.27052524035339E-16));
#2291=CARTESIAN_POINT('Ctrl Pts',(8.12601696323675,12.6738322136573,2.77555756156289E-16));
#2292=CARTESIAN_POINT('Ctrl Pts',(7.76923549077587,12.7799131491074,1.94665465433376E-16));
#2293=CARTESIAN_POINT('Ctrl Pts',(7.36872311060572,12.7114206733982,1.01289249103477E-15));
#2294=CARTESIAN_POINT('Ctrl Pts',(7.04345218184318,12.5304648587382,8.32667268468867E-16));
#2295=CARTESIAN_POINT('',(8.12601696323675,12.6738322136573,0.));
#2296=CARTESIAN_POINT('Ctrl Pts',(7.04345218184318,12.5304648587382,8.32667268468867E-16));
#2297=CARTESIAN_POINT('Ctrl Pts',(7.36872311060572,12.7114206733982,1.01289249103477E-15));
#2298=CARTESIAN_POINT('Ctrl Pts',(7.76923549077587,12.7799131491074,1.94665465433376E-16));
#2299=CARTESIAN_POINT('Ctrl Pts',(8.12601696323675,12.6738322136573,2.77555756156289E-16));
#2300=CARTESIAN_POINT('',(8.,12.25,0.103068575841547));
#2301=CARTESIAN_POINT('Origin',(8.12601696323675,12.6738322136573,1.));
#2302=CARTESIAN_POINT('Ctrl Pts',(8.,12.25,0.103068575841548));
#2303=CARTESIAN_POINT('Ctrl Pts',(7.75476928861468,12.25,0.137522970802858));
#2304=CARTESIAN_POINT('Ctrl Pts',(7.52005342640847,12.1600602412264,0.165874131331706));
#2305=CARTESIAN_POINT('Ctrl Pts',(7.33856217223386,12.,0.205319481039427));
#2306=CARTESIAN_POINT('Origin',(17.375,13.25,1.));
#2307=CARTESIAN_POINT('',(23.6374945699382,13.25,0.));
#2308=CARTESIAN_POINT('',(23.6374945699382,12.25,1.));
#2309=CARTESIAN_POINT('Origin',(23.6374945699382,13.25,1.));
#2310=CARTESIAN_POINT('',(13.338751492348,12.25,1.));
#2311=CARTESIAN_POINT('',(17.375,12.25,1.));
#2312=CARTESIAN_POINT('',(13.338751492348,13.25,0.));
#2313=CARTESIAN_POINT('Origin',(13.338751492348,13.25,1.));
#2314=CARTESIAN_POINT('',(17.375,13.25,0.));
#2315=CARTESIAN_POINT('Ctrl Pts',(24.5367129805593,12.25,1.5625));
#2316=CARTESIAN_POINT('Ctrl Pts',(24.2630378121094,12.25,1.));
#2317=CARTESIAN_POINT('Ctrl Pts',(23.6374945699382,12.25,1.));
#2318=CARTESIAN_POINT('Ctrl Pts',(25.4359313911804,12.25,1.125));
#2319=CARTESIAN_POINT('Ctrl Pts',(24.8885810542806,12.25,-3.33066907387547E-15));
#2320=CARTESIAN_POINT('Ctrl Pts',(23.6374945699382,12.25,-3.33066907387547E-15));
#2321=CARTESIAN_POINT('Ctrl Pts',(25.4359313911804,13.25,1.125));
#2322=CARTESIAN_POINT('Ctrl Pts',(24.8885810542806,13.25,1.11022302462516E-15));
#2323=CARTESIAN_POINT('Ctrl Pts',(23.6374945699382,13.25,1.11022302462516E-15));
#2324=CARTESIAN_POINT('',(25.4359313911804,13.25,1.125));
#2325=CARTESIAN_POINT('',(24.5367129805593,12.25,1.5625));
#2326=CARTESIAN_POINT('Origin',(24.5367129805593,13.25,1.5625));
#2327=CARTESIAN_POINT('Origin',(23.6374945699382,12.25,2.));
#2328=CARTESIAN_POINT('Origin',(23.6374945699382,13.25,2.));
#2329=CARTESIAN_POINT('Origin',(9.25,13.25,9.));
#2330=CARTESIAN_POINT('',(26.6875,13.25,4.53529466257848));
#2331=CARTESIAN_POINT('',(25.71875,12.25,4.78333384799079));
#2332=CARTESIAN_POINT('Origin',(25.71875,13.25,4.78333384799079));
#2333=CARTESIAN_POINT('Origin',(9.25,12.25,9.));
#2334=CARTESIAN_POINT('Origin',(9.25,13.25,9.));
#2335=CARTESIAN_POINT('Ctrl Pts',(25.75,12.25,5.03137303340309));
#2336=CARTESIAN_POINT('Ctrl Pts',(25.75,12.25,4.90538487573335));
#2337=CARTESIAN_POINT('Ctrl Pts',(25.71875,12.25,4.78333384799079));
#2338=CARTESIAN_POINT('Ctrl Pts',(26.75,12.25,5.03137303340309));
#2339=CARTESIAN_POINT('Ctrl Pts',(26.75,12.25,4.77939671806361));
#2340=CARTESIAN_POINT('Ctrl Pts',(26.6875,12.25,4.53529466257848));
#2341=CARTESIAN_POINT('Ctrl Pts',(26.75,13.25,5.03137303340309));
#2342=CARTESIAN_POINT('Ctrl Pts',(26.75,13.25,4.77939671806361));
#2343=CARTESIAN_POINT('Ctrl Pts',(26.6875,13.25,4.53529466257848));
#2344=CARTESIAN_POINT('',(26.75,13.25,5.03137303340309));
#2345=CARTESIAN_POINT('',(25.75,12.25,5.03137303340309));
#2346=CARTESIAN_POINT('Origin',(25.75,13.25,5.03137303340309));
#2347=CARTESIAN_POINT('Origin',(24.75,12.25,5.03137303340309));
#2348=CARTESIAN_POINT('Origin',(24.75,13.25,5.03137303340309));
#2349=CARTESIAN_POINT('Origin',(25.75,13.25,18.));
#2350=CARTESIAN_POINT('',(26.75,13.25,12.9686269665969));
#2351=CARTESIAN_POINT('',(25.75,12.25,12.9686269665969));
#2352=CARTESIAN_POINT('Origin',(25.75,13.25,12.9686269665969));
#2353=CARTESIAN_POINT('',(25.75,12.25,18.));
#2354=CARTESIAN_POINT('',(26.75,13.25,18.));
#2355=CARTESIAN_POINT('Ctrl Pts',(25.71875,12.25,13.2166661520092));
#2356=CARTESIAN_POINT('Ctrl Pts',(25.75,12.25,13.0946151242667));
#2357=CARTESIAN_POINT('Ctrl Pts',(25.75,12.25,12.9686269665969));
#2358=CARTESIAN_POINT('Ctrl Pts',(26.6875,12.25,13.4647053374215));
#2359=CARTESIAN_POINT('Ctrl Pts',(26.75,12.25,13.2206032819364));
#2360=CARTESIAN_POINT('Ctrl Pts',(26.75,12.25,12.9686269665969));
#2361=CARTESIAN_POINT('Ctrl Pts',(26.6875,13.25,13.4647053374215));
#2362=CARTESIAN_POINT('Ctrl Pts',(26.75,13.25,13.2206032819364));
#2363=CARTESIAN_POINT('Ctrl Pts',(26.75,13.25,12.9686269665969));
#2364=CARTESIAN_POINT('',(26.6875,13.25,13.4647053374215));
#2365=CARTESIAN_POINT('',(25.71875,12.25,13.2166661520092));
#2366=CARTESIAN_POINT('Origin',(25.71875,13.25,13.2166661520092));
#2367=CARTESIAN_POINT('Origin',(24.75,12.25,12.9686269665969));
#2368=CARTESIAN_POINT('Origin',(24.75,13.25,12.9686269665969));
#2369=CARTESIAN_POINT('Origin',(9.25,13.25,9.));
#2370=CARTESIAN_POINT('',(25.4359313911804,13.25,16.875));
#2371=CARTESIAN_POINT('',(24.5367129805593,12.25,16.4375));
#2372=CARTESIAN_POINT('Origin',(24.5367129805593,13.25,16.4375));
#2373=CARTESIAN_POINT('Origin',(9.25,12.25,9.));
#2374=CARTESIAN_POINT('Origin',(9.25,13.25,9.));
#2375=CARTESIAN_POINT('Ctrl Pts',(23.6374945699382,12.25,17.));
#2376=CARTESIAN_POINT('Ctrl Pts',(24.2630378121094,12.25,17.));
#2377=CARTESIAN_POINT('Ctrl Pts',(24.5367129805593,12.25,16.4375));
#2378=CARTESIAN_POINT('Ctrl Pts',(23.6374945699382,12.25,18.));
#2379=CARTESIAN_POINT('Ctrl Pts',(24.8885810542806,12.25,18.));
#2380=CARTESIAN_POINT('Ctrl Pts',(25.4359313911804,12.25,16.875));
#2381=CARTESIAN_POINT('Ctrl Pts',(23.6374945699382,13.25,18.));
#2382=CARTESIAN_POINT('Ctrl Pts',(24.8885810542806,13.25,18.));
#2383=CARTESIAN_POINT('Ctrl Pts',(25.4359313911804,13.25,16.875));
#2384=CARTESIAN_POINT('',(23.6374945699382,13.25,18.));
#2385=CARTESIAN_POINT('',(23.6374945699382,12.25,17.));
#2386=CARTESIAN_POINT('Origin',(23.6374945699382,13.25,17.));
#2387=CARTESIAN_POINT('Origin',(23.6374945699382,12.25,16.));
#2388=CARTESIAN_POINT('Origin',(23.6374945699382,13.25,16.));
#2389=CARTESIAN_POINT('Origin',(4.,13.25,17.));
#2390=CARTESIAN_POINT('',(13.338751492348,13.25,18.));
#2391=CARTESIAN_POINT('',(13.338751492348,12.25,17.));
#2392=CARTESIAN_POINT('Origin',(13.338751492348,13.25,17.));
#2393=CARTESIAN_POINT('',(4.,12.25,17.));
#2394=CARTESIAN_POINT('',(4.,13.25,18.));
#2395=CARTESIAN_POINT('Ctrl Pts',(7.99999999999999,12.25,17.8969314241585));
#2396=CARTESIAN_POINT('Ctrl Pts',(8.2656135602945,12.25,17.9342495661716));
#2397=CARTESIAN_POINT('Ctrl Pts',(8.66856037633421,12.25,17.9731963151961));
#2398=CARTESIAN_POINT('Ctrl Pts',(9.30852017538794,12.25,17.9896044183067));
#2399=CARTESIAN_POINT('Ctrl Pts',(9.87274380572845,12.25,17.9697916038118));
#2400=CARTESIAN_POINT('Ctrl Pts',(10.8128919756014,12.25,17.8719245549911));
#2401=CARTESIAN_POINT('Ctrl Pts',(12.0329479223134,12.25,17.5881478156915));
#2402=CARTESIAN_POINT('Ctrl Pts',(12.9360118693827,12.25,17.2058377793034));
#2403=CARTESIAN_POINT('Ctrl Pts',(13.338751492348,12.25,17.));
#2404=CARTESIAN_POINT('Ctrl Pts',(8.02230082152686,12.3250042399955,17.9355068313139));
#2405=CARTESIAN_POINT('Ctrl Pts',(8.2846485846183,12.3143370966867,17.9590961109854));
#2406=CARTESIAN_POINT('Ctrl Pts',(8.6806648376331,12.2945735044261,17.9832643008235));
#2407=CARTESIAN_POINT('Ctrl Pts',(9.30746576070298,12.2782888449669,17.9933655190043));
#2408=CARTESIAN_POINT('Ctrl Pts',(9.86013339155014,12.2980464238818,17.9811067126607));
#2409=CARTESIAN_POINT('Ctrl Pts',(10.7848269060082,12.3412828323184,17.9195612609187));
#2410=CARTESIAN_POINT('Ctrl Pts',(12.003932605618,12.3750156382564,17.7387321565006));
#2411=CARTESIAN_POINT('Ctrl Pts',(12.9363480798608,12.3134689972383,17.4656379326107));
#2412=CARTESIAN_POINT('Ctrl Pts',(13.338751492348,12.25,17.2991993003419));
#2413=CARTESIAN_POINT('Ctrl Pts',(8.06385741400572,12.4647713168237,17.9849783313653));
#2414=CARTESIAN_POINT('Ctrl Pts',(8.31910328431946,12.4308086691643,17.9905338814582));
#2415=CARTESIAN_POINT('Ctrl Pts',(8.70193608098348,12.3728074952804,17.9962301488622));
#2416=CARTESIAN_POINT('Ctrl Pts',(9.30548408630231,12.3268588234652,17.998620191759));
#2417=CARTESIAN_POINT('Ctrl Pts',(9.83759921521724,12.3817128876265,17.9958263203143));
#2418=CARTESIAN_POINT('Ctrl Pts',(10.7326964968905,12.5077331967116,17.9816168709513));
#2419=CARTESIAN_POINT('Ctrl Pts',(11.9346171785786,12.6463574962596,17.9388787947806));
#2420=CARTESIAN_POINT('Ctrl Pts',(12.9094947991945,12.5990327802865,17.8672903076403));
#2421=CARTESIAN_POINT('Ctrl Pts',(13.338751492348,12.5011654774422,17.8171563777619));
#2422=CARTESIAN_POINT('Ctrl Pts',(8.10736936577873,12.611114843654,18.));
#2423=CARTESIAN_POINT('Ctrl Pts',(8.35442817803432,12.5502346842853,17.9999977343033));
#2424=CARTESIAN_POINT('Ctrl Pts',(8.72315643734099,12.4522060405358,17.999925121334));
#2425=CARTESIAN_POINT('Ctrl Pts',(9.30316020902914,12.3764001116724,17.9998762569589));
#2426=CARTESIAN_POINT('Ctrl Pts',(9.8145066728484,12.466937405885,17.9998551266714));
#2427=CARTESIAN_POINT('Ctrl Pts',(10.6775360064644,12.6834852013826,17.9997109834651));
#2428=CARTESIAN_POINT('Ctrl Pts',(11.8507268836059,12.9629380643374,17.9996515485082));
#2429=CARTESIAN_POINT('Ctrl Pts',(12.8543685104909,13.0547511419021,17.9994692348236));
#2430=CARTESIAN_POINT('Ctrl Pts',(13.338751492348,13.0256005247436,18.));
#2431=CARTESIAN_POINT('Ctrl Pts',(8.12601696323675,12.6738322136573,18.));
#2432=CARTESIAN_POINT('Ctrl Pts',(8.36956761431387,12.6014179127758,18.));
#2433=CARTESIAN_POINT('Ctrl Pts',(8.73225153554499,12.486257985928,18.));
#2434=CARTESIAN_POINT('Ctrl Pts',(9.30216542167493,12.3976711758571,18.));
#2435=CARTESIAN_POINT('Ctrl Pts',(9.80461081355761,12.5035094815142,18.));
#2436=CARTESIAN_POINT('Ctrl Pts',(10.653899404074,12.758894922661,18.));
#2437=CARTESIAN_POINT('Ctrl Pts',(11.8147823560965,13.0987252668748,18.));
#2438=CARTESIAN_POINT('Ctrl Pts',(12.830809428469,13.25,18.));
#2439=CARTESIAN_POINT('Ctrl Pts',(13.338751492348,13.25,18.));
#2440=CARTESIAN_POINT('',(8.12601696323675,12.6738322136573,18.));
#2441=CARTESIAN_POINT('',(8.,12.25,17.8969314241585));
#2442=CARTESIAN_POINT('Origin',(8.12601696323675,12.6738322136573,17.));
#2443=CARTESIAN_POINT('Origin',(9.25,12.25,9.));
#2444=CARTESIAN_POINT('Ctrl Pts',(13.338751492348,13.25,18.));
#2445=CARTESIAN_POINT('Ctrl Pts',(12.830809428469,13.25,18.));
#2446=CARTESIAN_POINT('Ctrl Pts',(11.8147823560965,13.0987252668748,18.));
#2447=CARTESIAN_POINT('Ctrl Pts',(10.653899404074,12.758894922661,18.));
#2448=CARTESIAN_POINT('Ctrl Pts',(9.80461081355761,12.5035094815142,18.));
#2449=CARTESIAN_POINT('Ctrl Pts',(9.30216542167493,12.3976711758571,18.));
#2450=CARTESIAN_POINT('Ctrl Pts',(8.73225153554499,12.486257985928,18.));
#2451=CARTESIAN_POINT('Ctrl Pts',(8.36956761431387,12.6014179127758,18.));
#2452=CARTESIAN_POINT('Ctrl Pts',(8.12601696323675,12.6738322136573,18.));
#2453=CARTESIAN_POINT('Ctrl Pts',(7.33856217223386,12.,17.7946805189606));
#2454=CARTESIAN_POINT('Ctrl Pts',(7.51991746984897,12.1599403388112,17.8340963198393));
#2455=CARTESIAN_POINT('Ctrl Pts',(7.75495299291471,12.25,17.8625028392618));
#2456=CARTESIAN_POINT('Ctrl Pts',(8.,12.25,17.8969314241585));
#2457=CARTESIAN_POINT('Ctrl Pts',(7.25455737444684,12.1509999479598,17.9266717011137));
#2458=CARTESIAN_POINT('Ctrl Pts',(7.47377835093027,12.3222419186454,17.9415385250959));
#2459=CARTESIAN_POINT('Ctrl Pts',(7.75843338914142,12.4105987295043,17.9522323819205));
#2460=CARTESIAN_POINT('Ctrl Pts',(8.03902643767201,12.381257419992,17.9644383866805));
#2461=CARTESIAN_POINT('Ctrl Pts',(7.14916107464062,12.3404514579349,18.));
#2462=CARTESIAN_POINT('Ctrl Pts',(7.42112484822977,12.5166015539422,17.9997990778483));
#2463=CARTESIAN_POINT('Ctrl Pts',(7.76395580353086,12.5951060286613,18.0000863102808));
#2464=CARTESIAN_POINT('Ctrl Pts',(8.08250590250139,12.5274916836495,18.));
#2465=CARTESIAN_POINT('Ctrl Pts',(7.04345218184318,12.5304648587382,18.));
#2466=CARTESIAN_POINT('Ctrl Pts',(7.36847944753461,12.7112851179408,18.));
#2467=CARTESIAN_POINT('Ctrl Pts',(7.76950275864894,12.7798336830247,18.));
#2468=CARTESIAN_POINT('Ctrl Pts',(8.12601696323675,12.6738322136573,18.));
#2469=CARTESIAN_POINT('',(7.04345218184318,12.5304648587382,18.));
#2470=CARTESIAN_POINT('Ctrl Pts',(8.12601696323675,12.6738322136573,18.));
#2471=CARTESIAN_POINT('Ctrl Pts',(7.76950275864894,12.7798336830247,18.));
#2472=CARTESIAN_POINT('Ctrl Pts',(7.36847944753461,12.7112851179408,18.));
#2473=CARTESIAN_POINT('Ctrl Pts',(7.04345218184318,12.5304648587382,18.));
#2474=CARTESIAN_POINT('',(7.33856217223386,12.,17.7946805189606));
#2475=CARTESIAN_POINT('Origin',(7.04345218184318,12.5304648587382,17.));
#2476=CARTESIAN_POINT('Ctrl Pts',(7.33856217223386,12.,17.7946805189606));
#2477=CARTESIAN_POINT('Ctrl Pts',(7.51991746984897,12.1599403388112,17.8340963198393));
#2478=CARTESIAN_POINT('Ctrl Pts',(7.75495299291471,12.25,17.8625028392618));
#2479=CARTESIAN_POINT('Ctrl Pts',(8.,12.25,17.8969314241585));
#2480=CARTESIAN_POINT('Ctrl Pts',(7.,11.25,17.7142125289667));
#2481=CARTESIAN_POINT('Ctrl Pts',(7.,11.5232089923234,17.7142125289667));
#2482=CARTESIAN_POINT('Ctrl Pts',(7.11411067451315,11.8020523852117,17.7458981803279));
#2483=CARTESIAN_POINT('Ctrl Pts',(7.33856217223386,12.,17.7946805189606));
#2484=CARTESIAN_POINT('Ctrl Pts',(6.81542416586484,11.25,17.8950970067709));
#2485=CARTESIAN_POINT('Ctrl Pts',(6.81542416586484,11.5867629716751,17.8950970067709));
#2486=CARTESIAN_POINT('Ctrl Pts',(6.96970211362316,11.9315324811274,17.9082720130261));
#2487=CARTESIAN_POINT('Ctrl Pts',(7.25455737444684,12.1509999479598,17.9266717011137));
#2488=CARTESIAN_POINT('Ctrl Pts',(6.55850374778973,11.25,18.));
#2489=CARTESIAN_POINT('Ctrl Pts',(6.55850374778973,11.6754913033608,18.));
#2490=CARTESIAN_POINT('Ctrl Pts',(6.78201816698819,12.1054457091263,18.0002486681033));
#2491=CARTESIAN_POINT('Ctrl Pts',(7.14916107464062,12.3404514579349,18.));
#2492=CARTESIAN_POINT('Ctrl Pts',(6.30007110113454,11.25,18.));
#2493=CARTESIAN_POINT('Ctrl Pts',(6.30007110113454,11.7648180263136,18.));
#2494=CARTESIAN_POINT('Ctrl Pts',(6.59356697708853,12.2801832118675,18.));
#2495=CARTESIAN_POINT('Ctrl Pts',(7.04345218184318,12.5304648587382,18.));
#2496=CARTESIAN_POINT('',(6.30007110113454,11.25,18.));
#2497=CARTESIAN_POINT('Ctrl Pts',(7.04345218184318,12.5304648587382,18.));
#2498=CARTESIAN_POINT('Ctrl Pts',(6.59356697708853,12.2801832118675,18.));
#2499=CARTESIAN_POINT('Ctrl Pts',(6.30007110113454,11.7648180263136,18.));
#2500=CARTESIAN_POINT('Ctrl Pts',(6.30007110113454,11.25,18.));
#2501=CARTESIAN_POINT('',(7.,11.25,17.7142125289667));
#2502=CARTESIAN_POINT('Origin',(6.30007110113454,11.25,17.));
#2503=CARTESIAN_POINT('Ctrl Pts',(7.,11.25,17.7142125289667));
#2504=CARTESIAN_POINT('Ctrl Pts',(7.,11.5232089923234,17.7142125289667));
#2505=CARTESIAN_POINT('Ctrl Pts',(7.11411067451315,11.8020523852117,17.7458981803279));
#2506=CARTESIAN_POINT('Ctrl Pts',(7.33856217223386,12.,17.7946805189606));
#2507=CARTESIAN_POINT('Origin',(6.30007110113454,10.,17.));
#2508=CARTESIAN_POINT('',(6.30007110113454,8.75,18.));
#2509=CARTESIAN_POINT('',(7.,8.75,17.7142125289667));
#2510=CARTESIAN_POINT('Origin',(6.30007110113454,8.75,17.));
#2511=CARTESIAN_POINT('',(7.,10.,17.7142125289667));
#2512=CARTESIAN_POINT('',(6.30007110113454,10.,18.));
#2513=CARTESIAN_POINT('Ctrl Pts',(7.33856217223385,8.,17.7946805189606));
#2514=CARTESIAN_POINT('Ctrl Pts',(7.11408161537861,8.19797324253608,17.7458918646091));
#2515=CARTESIAN_POINT('Ctrl Pts',(7.,8.47675563603971,17.7142125289667));
#2516=CARTESIAN_POINT('Ctrl Pts',(7.,8.75,17.7142125289667));
#2517=CARTESIAN_POINT('Ctrl Pts',(7.25455737444683,7.84900005204016,17.9266717011137));
#2518=CARTESIAN_POINT('Ctrl Pts',(6.96966523417509,8.06849593273806,17.9082696308678));
#2519=CARTESIAN_POINT('Ctrl Pts',(6.81542416586485,8.41319342852437,17.8950970067709));
#2520=CARTESIAN_POINT('Ctrl Pts',(6.81542416586485,8.75,17.8950970067709));
#2521=CARTESIAN_POINT('Ctrl Pts',(7.14916107464061,7.65954854206509,18.));
#2522=CARTESIAN_POINT('Ctrl Pts',(6.78197063397876,7.89458471643885,18.0002487002977));
#2523=CARTESIAN_POINT('Ctrl Pts',(6.55850374778973,8.32445360941911,18.));
#2524=CARTESIAN_POINT('Ctrl Pts',(6.55850374778973,8.75,18.));
#2525=CARTESIAN_POINT('Ctrl Pts',(7.04345218184317,7.46953514126178,18.));
#2526=CARTESIAN_POINT('Ctrl Pts',(6.59350873165537,7.71984919142734,18.));
#2527=CARTESIAN_POINT('Ctrl Pts',(6.30007110113454,8.23511532157463,18.));
#2528=CARTESIAN_POINT('Ctrl Pts',(6.30007110113454,8.75,18.));
#2529=CARTESIAN_POINT('',(7.04345218184317,7.46953514126178,18.));
#2530=CARTESIAN_POINT('Ctrl Pts',(6.30007110113454,8.75,18.));
#2531=CARTESIAN_POINT('Ctrl Pts',(6.30007110113454,8.23511532157463,18.));
#2532=CARTESIAN_POINT('Ctrl Pts',(6.59350873165537,7.71984919142734,18.));
#2533=CARTESIAN_POINT('Ctrl Pts',(7.04345218184317,7.46953514126178,18.));
#2534=CARTESIAN_POINT('',(7.33856217223385,8.,17.7946805189606));
#2535=CARTESIAN_POINT('Origin',(7.04345218184317,7.46953514126178,17.));
#2536=CARTESIAN_POINT('Ctrl Pts',(7.33856217223385,8.,17.7946805189606));
#2537=CARTESIAN_POINT('Ctrl Pts',(7.11408161537861,8.19797324253608,17.7458918646091));
#2538=CARTESIAN_POINT('Ctrl Pts',(7.,8.47675563603971,17.7142125289667));
#2539=CARTESIAN_POINT('Ctrl Pts',(7.,8.75,17.7142125289667));
#2540=CARTESIAN_POINT('Ctrl Pts',(8.,7.75,17.8969314241585));
#2541=CARTESIAN_POINT('Ctrl Pts',(7.7547692886149,7.75,17.8624770291972));
#2542=CARTESIAN_POINT('Ctrl Pts',(7.52005342640841,7.83993975877363,17.8341258686683));
#2543=CARTESIAN_POINT('Ctrl Pts',(7.33856217223385,8.,17.7946805189606));
#2544=CARTESIAN_POINT('Ctrl Pts',(8.03902643767201,7.61874258000795,17.9644383866805));
#2545=CARTESIAN_POINT('Ctrl Pts',(7.7582230370537,7.58937927420697,17.9522232314494));
#2546=CARTESIAN_POINT('Ctrl Pts',(7.47394269423932,7.67762970644922,17.9415496703024));
#2547=CARTESIAN_POINT('Ctrl Pts',(7.25455737444683,7.84900005204016,17.9266717011137));
#2548=CARTESIAN_POINT('Ctrl Pts',(8.08250590250139,7.47250831635053,18.));
#2549=CARTESIAN_POINT('Ctrl Pts',(7.76371699619499,7.40484328291746,18.000086374985));
#2550=CARTESIAN_POINT('Ctrl Pts',(7.4213287312122,7.48326639167995,17.9997989272231));
#2551=CARTESIAN_POINT('Ctrl Pts',(7.14916107464061,7.65954854206509,18.));
#2552=CARTESIAN_POINT('Ctrl Pts',(8.12601696323675,7.32616778634267,18.));
#2553=CARTESIAN_POINT('Ctrl Pts',(7.76923549077587,7.22008685089257,18.));
#2554=CARTESIAN_POINT('Ctrl Pts',(7.36872311060572,7.28857932660176,18.));
#2555=CARTESIAN_POINT('Ctrl Pts',(7.04345218184317,7.46953514126177,18.));
#2556=CARTESIAN_POINT('',(8.12601696323675,7.32616778634267,18.));
#2557=CARTESIAN_POINT('Ctrl Pts',(7.04345218184317,7.46953514126177,18.));
#2558=CARTESIAN_POINT('Ctrl Pts',(7.36872311060572,7.28857932660176,18.));
#2559=CARTESIAN_POINT('Ctrl Pts',(7.76923549077587,7.22008685089257,18.));
#2560=CARTESIAN_POINT('Ctrl Pts',(8.12601696323675,7.32616778634267,18.));
#2561=CARTESIAN_POINT('',(8.,7.75,17.8969314241585));
#2562=CARTESIAN_POINT('Origin',(8.12601696323675,7.32616778634267,17.));
#2563=CARTESIAN_POINT('Ctrl Pts',(8.,7.75,17.8969314241585));
#2564=CARTESIAN_POINT('Ctrl Pts',(7.7547692886149,7.75,17.8624770291972));
#2565=CARTESIAN_POINT('Ctrl Pts',(7.52005342640841,7.83993975877363,17.8341258686683));
#2566=CARTESIAN_POINT('Ctrl Pts',(7.33856217223385,8.,17.7946805189606));
#2567=CARTESIAN_POINT('Ctrl Pts',(13.338751492348,12.25,1.));
#2568=CARTESIAN_POINT('Ctrl Pts',(12.9331642024658,12.25,0.792706795402069));
#2569=CARTESIAN_POINT('Ctrl Pts',(12.0400516189154,12.25,0.414366421973693));
#2570=CARTESIAN_POINT('Ctrl Pts',(10.8790644394119,12.25,0.142736581918866));
#2571=CARTESIAN_POINT('Ctrl Pts',(10.1409335342294,12.25,0.0580321870779267));
#2572=CARTESIAN_POINT('Ctrl Pts',(9.86804906162104,12.25,0.0360645748382078));
#2573=CARTESIAN_POINT('Ctrl Pts',(9.453935567204,12.25,0.0120196163305811));
#2574=CARTESIAN_POINT('Ctrl Pts',(8.80237260493137,12.25,0.0135493111182134));
#2575=CARTESIAN_POINT('Ctrl Pts',(8.26542219386951,12.25,0.06577732040532));
#2576=CARTESIAN_POINT('Ctrl Pts',(8.,12.25,0.103068575841547));
#2577=CARTESIAN_POINT('Ctrl Pts',(13.338751492348,12.25,0.700800699658116));
#2578=CARTESIAN_POINT('Ctrl Pts',(12.9335027902005,12.3139177699772,0.533185223195715));
#2579=CARTESIAN_POINT('Ctrl Pts',(12.0109786385572,12.3740966373105,0.263047283991663));
#2580=CARTESIAN_POINT('Ctrl Pts',(10.8508019386335,12.3420555011325,0.0896984341394325));
#2581=CARTESIAN_POINT('Ctrl Pts',(10.1238699043683,12.3087757906534,0.036331120794118));
#2582=CARTESIAN_POINT('Ctrl Pts',(9.85585253275438,12.2976417198111,0.0226197711564254));
#2583=CARTESIAN_POINT('Ctrl Pts',(9.44968489425205,12.2801228829805,0.00762225123757216));
#2584=CARTESIAN_POINT('Ctrl Pts',(8.8121439894904,12.2857042224725,0.00852475742577707));
#2585=CARTESIAN_POINT('Ctrl Pts',(8.28445957110006,12.3143447820363,0.0409208843672135));
#2586=CARTESIAN_POINT('Ctrl Pts',(8.02230082152686,12.3250042399955,0.064493168686062));
#2587=CARTESIAN_POINT('Ctrl Pts',(13.338751492348,12.5010753811772,0.182735519426108));
#2588=CARTESIAN_POINT('Ctrl Pts',(12.9064596369848,12.5996346782149,0.132247105594911));
#2589=CARTESIAN_POINT('Ctrl Pts',(11.941649176173,12.6443213707942,0.061556589782172));
#2590=CARTESIAN_POINT('Ctrl Pts',(10.7975719495408,12.5126414806908,0.0205817841018917));
#2591=CARTESIAN_POINT('Ctrl Pts',(10.0928285489698,12.4136769342336,0.00822197477738629));
#2592=CARTESIAN_POINT('Ctrl Pts',(9.83390625877541,12.3812672640714,0.00503220671158697));
#2593=CARTESIAN_POINT('Ctrl Pts',(9.44216204949272,12.331882124351,0.00158569646602773));
#2594=CARTESIAN_POINT('Ctrl Pts',(8.82902289165957,12.3473456497015,0.00183173170821105));
#2595=CARTESIAN_POINT('Ctrl Pts',(8.31891932315798,12.4308329218186,0.00946902975817564));
#2596=CARTESIAN_POINT('Ctrl Pts',(8.06385734966651,12.4647711004319,0.0150205772476494));
#2597=CARTESIAN_POINT('Ctrl Pts',(13.338751492348,13.0256005247436,1.38906261252943E-15));
#2598=CARTESIAN_POINT('Ctrl Pts',(12.8509435646603,13.0549572583192,0.000534518078643902));
#2599=CARTESIAN_POINT('Ctrl Pts',(11.8580826652878,12.9605304467026,0.000345219047721993));
#2600=CARTESIAN_POINT('Ctrl Pts',(10.7408140885363,12.6941737655471,0.000249750179368787));
#2601=CARTESIAN_POINT('Ctrl Pts',(10.0606557120501,12.5221863450732,0.000148843674242663));
#2602=CARTESIAN_POINT('Ctrl Pts',(9.8112479591963,12.4671509604112,0.000149588672686312));
#2603=CARTESIAN_POINT('Ctrl Pts',(9.43437385537642,12.3846307969788,0.000125052605214809));
#2604=CARTESIAN_POINT('Ctrl Pts',(8.84557659530287,12.4096704137287,9.57438784197009E-5));
#2605=CARTESIAN_POINT('Ctrl Pts',(8.35425017973633,12.5502785465732,2.26406428703893E-6));
#2606=CARTESIAN_POINT('Ctrl Pts',(8.10736936577874,12.611114843654,-1.23084018250055E-15));
#2607=CARTESIAN_POINT('Ctrl Pts',(13.338751492348,13.25,1.38777878078145E-15));
#2608=CARTESIAN_POINT('Ctrl Pts',(12.8272179025091,13.25,1.13426166712995E-15));
#2609=CARTESIAN_POINT('Ctrl Pts',(11.8222755272893,13.0961425709411,2.67342147031666E-16));
#2610=CARTESIAN_POINT('Ctrl Pts',(10.7164929360836,12.7720364770534,-3.06796910018402E-16));
#2611=CARTESIAN_POINT('Ctrl Pts',(10.0468685291052,12.5687311943052,-6.7317855681875E-16));
#2612=CARTESIAN_POINT('Ctrl Pts',(9.80153844797901,12.5039990900915,-5.80372704024991E-16));
#2613=CARTESIAN_POINT('Ctrl Pts',(9.43103699318189,12.407271752613,-5.65524271065555E-16));
#2614=CARTESIAN_POINT('Ctrl Pts',(8.85267183727827,12.43640716123,-7.53611382355264E-16));
#2615=CARTESIAN_POINT('Ctrl Pts',(8.36939214353845,12.6014700850589,-1.13397805059617E-15));
#2616=CARTESIAN_POINT('Ctrl Pts',(8.12601696323675,12.6738322136573,-1.2490009027033E-15));
#2617=CARTESIAN_POINT('',(9.25,12.25,0.0156865167015596));
#2618=CARTESIAN_POINT('Origin',(9.25,12.25,9.));
#2619=CARTESIAN_POINT('Origin',(9.25,12.25,9.));
#2620=CARTESIAN_POINT('Ctrl Pts',(8.12601696323675,12.6738322136573,-1.2490009027033E-15));
#2621=CARTESIAN_POINT('Ctrl Pts',(8.36939214353845,12.6014700850589,-1.13397805059617E-15));
#2622=CARTESIAN_POINT('Ctrl Pts',(8.85267183727827,12.43640716123,-7.53611382355264E-16));
#2623=CARTESIAN_POINT('Ctrl Pts',(9.43103699318189,12.407271752613,-5.65524271065555E-16));
#2624=CARTESIAN_POINT('Ctrl Pts',(9.80153844797901,12.5039990900915,-5.80372704024991E-16));
#2625=CARTESIAN_POINT('Ctrl Pts',(10.0468685291052,12.5687311943052,-6.7317855681875E-16));
#2626=CARTESIAN_POINT('Ctrl Pts',(10.7164929360836,12.7720364770534,-3.06796910018402E-16));
#2627=CARTESIAN_POINT('Ctrl Pts',(11.8222755272893,13.0961425709411,2.67342147031666E-16));
#2628=CARTESIAN_POINT('Ctrl Pts',(12.8272179025091,13.25,1.13426166712995E-15));
#2629=CARTESIAN_POINT('Ctrl Pts',(13.338751492348,13.25,1.38777878078145E-15));
#2630=CARTESIAN_POINT('Ctrl Pts',(13.338751492348,7.75,17.));
#2631=CARTESIAN_POINT('Ctrl Pts',(12.9331642024658,7.75,17.2072932045979));
#2632=CARTESIAN_POINT('Ctrl Pts',(12.2630765722719,7.74999999999999,17.4907493872427));
#2633=CARTESIAN_POINT('Ctrl Pts',(11.2661278444979,7.74999999999999,17.7670157093267));
#2634=CARTESIAN_POINT('Ctrl Pts',(10.6104816690887,7.74999999999998,17.8878565636326));
#2635=CARTESIAN_POINT('Ctrl Pts',(10.140971124173,7.74999999999998,17.9419325234551));
#2636=CARTESIAN_POINT('Ctrl Pts',(9.86808041598557,7.74999999999998,17.9638856046472));
#2637=CARTESIAN_POINT('Ctrl Pts',(9.45395989511928,7.74999999999998,17.9879510952028));
#2638=CARTESIAN_POINT('Ctrl Pts',(8.80238665146789,7.74999999999999,17.9864192085866));
#2639=CARTESIAN_POINT('Ctrl Pts',(8.26542219386967,7.75,17.9342226795947));
#2640=CARTESIAN_POINT('Ctrl Pts',(8.00000000000001,7.75,17.8969314241585));
#2641=CARTESIAN_POINT('Ctrl Pts',(13.338751492348,7.75,17.2991993003419));
#2642=CARTESIAN_POINT('Ctrl Pts',(12.9335027902005,7.68608223002275,17.4668147768043));
#2643=CARTESIAN_POINT('Ctrl Pts',(12.2412795544674,7.64167248640172,17.6694217854066));
#2644=CARTESIAN_POINT('Ctrl Pts',(11.2375894677953,7.64692741430865,17.8525768388395));
#2645=CARTESIAN_POINT('Ctrl Pts',(10.5862920094565,7.67023151568166,17.9296356790441));
#2646=CARTESIAN_POINT('Ctrl Pts',(10.1239619071565,7.69105530427973,17.9636089772814));
#2647=CARTESIAN_POINT('Ctrl Pts',(9.85591716278177,7.7022970512507,17.977325898007));
#2648=CARTESIAN_POINT('Ctrl Pts',(9.44974219727867,7.71980645121817,17.9923350283305));
#2649=CARTESIAN_POINT('Ctrl Pts',(8.81218161269045,7.71424992656375,17.9914384187959));
#2650=CARTESIAN_POINT('Ctrl Pts',(8.28445957110019,7.68565521796371,17.9590791156328));
#2651=CARTESIAN_POINT('Ctrl Pts',(8.02230082152687,7.67499576000454,17.9355068313139));
#2652=CARTESIAN_POINT('Ctrl Pts',(13.338751492348,7.49885766575475,17.8171841463345));
#2653=CARTESIAN_POINT('Ctrl Pts',(12.9064596369848,7.40029836871704,17.8676725601657));
#2654=CARTESIAN_POINT('Ctrl Pts',(12.1823572935222,7.36766156532726,17.9205922586234));
#2655=CARTESIAN_POINT('Ctrl Pts',(11.1790789028079,7.4431206528592,17.9658052492887));
#2656=CARTESIAN_POINT('Ctrl Pts',(10.5410730356816,7.52362084457974,17.9838478581952));
#2657=CARTESIAN_POINT('Ctrl Pts',(10.0929596149301,7.58620429396711,17.991792690486));
#2658=CARTESIAN_POINT('Ctrl Pts',(9.83398639331224,7.61879469866093,17.994968113868));
#2659=CARTESIAN_POINT('Ctrl Pts',(9.44224002670662,7.66814730462158,17.9984194958702));
#2660=CARTESIAN_POINT('Ctrl Pts',(8.82907273360032,7.65269221912121,17.9981699813445));
#2661=CARTESIAN_POINT('Ctrl Pts',(8.31891937097034,7.56916691737456,17.9905301592014));
#2662=CARTESIAN_POINT('Ctrl Pts',(8.0638573974788,7.53522873876126,17.9849786117119));
#2663=CARTESIAN_POINT('Ctrl Pts',(13.338751492348,6.97439947525641,18.));
#2664=CARTESIAN_POINT('Ctrl Pts',(12.8509435646603,6.94504274168081,17.9994654819214));
#2665=CARTESIAN_POINT('Ctrl Pts',(12.1061444844401,7.01756258486467,17.9997185110563));
#2666=CARTESIAN_POINT('Ctrl Pts',(11.1131781547997,7.21630930655983,17.9996600980895));
#2667=CARTESIAN_POINT('Ctrl Pts',(10.493410068259,7.36895954446065,17.9998105564279));
#2668=CARTESIAN_POINT('Ctrl Pts',(10.0607358023255,7.47758324126807,17.9998167514574));
#2669=CARTESIAN_POINT('Ctrl Pts',(9.81131751473897,7.53294254977507,17.9998279106708));
#2670=CARTESIAN_POINT('Ctrl Pts',(9.43442856057576,7.61540007437775,17.9998527684028));
#2671=CARTESIAN_POINT('Ctrl Pts',(8.84561680118441,7.59038316818972,17.9998882393315));
#2672=CARTESIAN_POINT('Ctrl Pts',(8.35425017973637,7.44972145342682,17.9999977359357));
#2673=CARTESIAN_POINT('Ctrl Pts',(8.10736936577875,7.38888515634604,18.));
#2674=CARTESIAN_POINT('Ctrl Pts',(13.338751492348,6.75,18.));
#2675=CARTESIAN_POINT('Ctrl Pts',(12.8272179025091,6.75,18.));
#2676=CARTESIAN_POINT('Ctrl Pts',(12.0735013662971,6.86748598596837,18.));
#2677=CARTESIAN_POINT('Ctrl Pts',(11.0849415722509,7.11900723835824,18.));
#2678=CARTESIAN_POINT('Ctrl Pts',(10.4729844930308,7.30261764903732,18.));
#2679=CARTESIAN_POINT('Ctrl Pts',(10.0469269567382,7.43097457914382,18.));
#2680=CARTESIAN_POINT('Ctrl Pts',(9.80160338275617,7.49609517229692,18.));
#2681=CARTESIAN_POINT('Ctrl Pts',(9.43108176569237,7.59274826189549,18.));
#2682=CARTESIAN_POINT('Ctrl Pts',(8.85270788402956,7.56364451824063,18.));
#2683=CARTESIAN_POINT('Ctrl Pts',(8.36939214353846,7.39852991494107,18.));
#2684=CARTESIAN_POINT('Ctrl Pts',(8.12601696323676,7.32616778634267,18.));
#2685=CARTESIAN_POINT('Origin',(9.25,7.75,9.));
#2686=CARTESIAN_POINT('Ctrl Pts',(8.12601696323676,7.32616778634267,18.));
#2687=CARTESIAN_POINT('Ctrl Pts',(8.36939214353846,7.39852991494107,18.));
#2688=CARTESIAN_POINT('Ctrl Pts',(8.85270788402956,7.56364451824063,18.));
#2689=CARTESIAN_POINT('Ctrl Pts',(9.43108176569237,7.59274826189549,18.));
#2690=CARTESIAN_POINT('Ctrl Pts',(9.80160338275617,7.49609517229692,18.));
#2691=CARTESIAN_POINT('Ctrl Pts',(10.0469269567382,7.43097457914382,18.));
#2692=CARTESIAN_POINT('Ctrl Pts',(10.4729844930308,7.30261764903732,18.));
#2693=CARTESIAN_POINT('Ctrl Pts',(11.0849415722509,7.11900723835824,18.));
#2694=CARTESIAN_POINT('Ctrl Pts',(12.0735013662971,6.86748598596837,18.));
#2695=CARTESIAN_POINT('Ctrl Pts',(12.8272179025091,6.75,18.));
#2696=CARTESIAN_POINT('Ctrl Pts',(13.338751492348,6.75,18.));
#2697=CARTESIAN_POINT('Origin',(0.,0.,18.));
#2698=CARTESIAN_POINT('',(23.6374945699382,21.,18.));
#2699=CARTESIAN_POINT('',(23.6374945699382,-3.,18.));
#2700=CARTESIAN_POINT('',(2.,21.,18.));
#2701=CARTESIAN_POINT('',(6.6875,21.,18.));
#2702=CARTESIAN_POINT('',(2.,-1.,18.));
#2703=CARTESIAN_POINT('',(2.,0.,18.));
#2704=CARTESIAN_POINT('',(23.6374945699382,-1.,18.));
#2705=CARTESIAN_POINT('',(6.6875,-1.,18.));
#2706=CARTESIAN_POINT('',(23.6374945699382,-3.,18.));
#2707=CARTESIAN_POINT('Origin',(23.6374945699382,-3.,16.));
#2708=CARTESIAN_POINT('',(25.4359313911804,21.,16.875));
#2709=CARTESIAN_POINT('',(25.4359313911804,-3.,16.875));
#2710=CARTESIAN_POINT('Origin',(23.6374945699382,21.,16.));
#2711=CARTESIAN_POINT('Origin',(9.25,-3.,9.));
#2712=CARTESIAN_POINT('',(26.6875,21.,13.4647053374215));
#2713=CARTESIAN_POINT('',(26.6875,-3.,13.4647053374215));
#2714=CARTESIAN_POINT('Origin',(9.25,21.,9.));
#2715=CARTESIAN_POINT('Origin',(24.75,-3.,12.9686269665969));
#2716=CARTESIAN_POINT('',(26.75,21.,12.9686269665969));
#2717=CARTESIAN_POINT('',(26.75,-3.,12.9686269665969));
#2718=CARTESIAN_POINT('Origin',(24.75,21.,12.9686269665969));
#2719=CARTESIAN_POINT('Origin',(26.75,0.,18.));
#2720=CARTESIAN_POINT('',(26.75,21.,5.03137303340309));
#2721=CARTESIAN_POINT('',(26.75,-3.,5.03137303340309));
#2722=CARTESIAN_POINT('',(26.75,21.,13.5));
#2723=CARTESIAN_POINT('Origin',(24.75,-3.,5.03137303340309));
#2724=CARTESIAN_POINT('',(26.6875,21.,4.53529466257848));
#2725=CARTESIAN_POINT('',(26.6875,-3.,4.53529466257848));
#2726=CARTESIAN_POINT('Origin',(24.75,21.,5.03137303340309));
#2727=CARTESIAN_POINT('Origin',(9.25,-3.,9.));
#2728=CARTESIAN_POINT('',(25.4359313911804,21.,1.125));
#2729=CARTESIAN_POINT('',(25.4359313911804,-3.,1.125));
#2730=CARTESIAN_POINT('Origin',(9.25,21.,9.));
#2731=CARTESIAN_POINT('Origin',(23.6374945699382,-3.,2.));
#2732=CARTESIAN_POINT('',(23.6374945699382,21.,0.));
#2733=CARTESIAN_POINT('',(23.6374945699382,-3.,0.));
#2734=CARTESIAN_POINT('Origin',(23.6374945699382,21.,2.));
#2735=CARTESIAN_POINT('Origin',(26.75,7.75,18.));
#2736=CARTESIAN_POINT('Origin',(9.25,7.75,9.));
#2737=CARTESIAN_POINT('Origin',(24.75,-1.,12.9686269665969));
#2738=CARTESIAN_POINT('',(26.75,-1.,12.9686269665969));
#2739=CARTESIAN_POINT('',(24.75,-3.,12.9686269665969));
#2740=CARTESIAN_POINT('Origin',(24.75,-1.,12.9686269665969));
#2741=CARTESIAN_POINT('',(26.6875,-1.,13.4647053374215));
#2742=CARTESIAN_POINT('Origin',(24.75,-1.,12.9686269665969));
#2743=CARTESIAN_POINT('Origin',(24.75,-1.,12.9686269665969));
#2744=CARTESIAN_POINT('Origin',(24.75,-3.,12.9686269665969));
#2745=CARTESIAN_POINT('',(26.6875,-3.,13.4647053374215));
#2746=CARTESIAN_POINT('',(26.75,-3.,12.9686269665969));
#2747=CARTESIAN_POINT('Origin',(24.75,-1.,13.5));
#2748=CARTESIAN_POINT('',(26.75,-1.,4.78692511341181));
#2749=CARTESIAN_POINT('',(26.75,-1.,13.5));
#2750=CARTESIAN_POINT('',(24.75,-3.,5.03137303340311));
#2751=CARTESIAN_POINT('',(24.75,-3.,13.5));
#2752=CARTESIAN_POINT('Ctrl Pts',(24.75,-3.,5.03137303340311));
#2753=CARTESIAN_POINT('Ctrl Pts',(24.7523058514334,-3.,5.03108252342915));
#2754=CARTESIAN_POINT('Ctrl Pts',(24.7546117052054,-2.99999601228687,5.03079204505956));
#2755=CARTESIAN_POINT('Ctrl Pts',(24.8916547421779,-2.9995220083549,5.01353003571062));
#2756=CARTESIAN_POINT('Ctrl Pts',(25.0260347537604,-2.9854413963722,4.99671332224488));
#2757=CARTESIAN_POINT('Ctrl Pts',(25.2898791063172,-2.93046010685869,4.96389442956007));
#2758=CARTESIAN_POINT('Ctrl Pts',(25.4187062790318,-2.88971283832032,4.94797113531171));
#2759=CARTESIAN_POINT('Ctrl Pts',(25.7811983082307,-2.73326667952434,4.90340882015744));
#2760=CARTESIAN_POINT('Ctrl Pts',(25.997846586249,-2.58455802839391,4.87709692118832));
#2761=CARTESIAN_POINT('Ctrl Pts',(26.360977123525,-2.21314291561149,4.83329226496397));
#2762=CARTESIAN_POINT('Ctrl Pts',(26.5044850490428,-1.99452047351492,4.81614759128671));
#2763=CARTESIAN_POINT('Ctrl Pts',(26.6997964199979,-1.51488326627602,4.79287136119548));
#2764=CARTESIAN_POINT('Ctrl Pts',(26.75,-1.25872767527601,4.7869251134118));
#2765=CARTESIAN_POINT('Ctrl Pts',(26.75,-1.,4.7869251134118));
#2766=CARTESIAN_POINT('Origin',(23.6374945699382,-1.,2.));
#2767=CARTESIAN_POINT('',(23.6374945699382,-1.,0.));
#2768=CARTESIAN_POINT('',(23.6374945699382,-3.,2.));
#2769=CARTESIAN_POINT('Origin',(23.6374945699382,-1.,2.));
#2770=CARTESIAN_POINT('',(25.4359313911804,-1.,1.125));
#2771=CARTESIAN_POINT('Origin',(23.6374945699382,-1.,2.));
#2772=CARTESIAN_POINT('Origin',(23.6374945699382,-1.,2.));
#2773=CARTESIAN_POINT('Origin',(23.6374945699382,-3.,2.));
#2774=CARTESIAN_POINT('',(25.4359313911804,-3.,1.125));
#2775=CARTESIAN_POINT('',(23.6374945699382,-3.,0.));
#2776=CARTESIAN_POINT('Origin',(9.25,-1.,9.));
#2777=CARTESIAN_POINT('Origin',(9.25,-3.,9.));
#2778=CARTESIAN_POINT('Origin',(9.25,-1.,9.));
#2779=CARTESIAN_POINT('Origin',(23.6374945699382,-1.,16.));
#2780=CARTESIAN_POINT('',(25.4359313911804,-1.,16.875));
#2781=CARTESIAN_POINT('Origin',(23.6374945699382,-1.,16.));
#2782=CARTESIAN_POINT('',(23.6374945699382,-3.,16.));
#2783=CARTESIAN_POINT('Origin',(23.6374945699382,-1.,16.));
#2784=CARTESIAN_POINT('Origin',(23.6374945699382,-1.,16.));
#2785=CARTESIAN_POINT('Origin',(2.,-1.,2.));
#2786=CARTESIAN_POINT('',(0.,-1.,2.));
#2787=CARTESIAN_POINT('',(2.,-3.,2.));
#2788=CARTESIAN_POINT('Origin',(2.,-1.,2.));
#2789=CARTESIAN_POINT('',(2.,-1.,0.));
#2790=CARTESIAN_POINT('Origin',(2.,-1.,2.));
#2791=CARTESIAN_POINT('Origin',(2.,-1.,2.));
#2792=CARTESIAN_POINT('Origin',(23.6374945699382,21.,2.));
#2793=CARTESIAN_POINT('',(23.6374945699382,23.,2.));
#2794=CARTESIAN_POINT('Origin',(23.6374945699382,21.,2.));
#2795=CARTESIAN_POINT('Origin',(23.6374945699382,21.,2.));
#2796=CARTESIAN_POINT('Origin',(2.,-1.,16.));
#2797=CARTESIAN_POINT('',(2.,-3.,16.));
#2798=CARTESIAN_POINT('Origin',(2.,-1.,16.));
#2799=CARTESIAN_POINT('',(-7.87491355038336E-32,-1.,16.));
#2800=CARTESIAN_POINT('Origin',(2.,-1.,16.));
#2801=CARTESIAN_POINT('Origin',(2.,-1.,16.));
#2802=CARTESIAN_POINT('Origin',(2.,21.,2.));
#2803=CARTESIAN_POINT('',(2.,21.,0.));
#2804=CARTESIAN_POINT('',(2.,23.,2.));
#2805=CARTESIAN_POINT('Origin',(2.,21.,2.));
#2806=CARTESIAN_POINT('',(1.71193772834421E-32,21.,2.));
#2807=CARTESIAN_POINT('Origin',(2.,21.,2.));
#2808=CARTESIAN_POINT('Origin',(2.,21.,2.));
#2809=CARTESIAN_POINT('Origin',(2.,0.,2.));
#2810=CARTESIAN_POINT('',(2.,0.,0.));
#2811=CARTESIAN_POINT('',(0.,0.,2.));
#2812=CARTESIAN_POINT('Origin',(24.75,21.,5.03137303340309));
#2813=CARTESIAN_POINT('',(24.75,23.,5.03137303340309));
#2814=CARTESIAN_POINT('Origin',(24.75,21.,5.03137303340309));
#2815=CARTESIAN_POINT('Origin',(24.75,21.,5.03137303340309));
#2816=CARTESIAN_POINT('Origin',(9.25,21.,9.));
#2817=CARTESIAN_POINT('Origin',(9.25,23.,9.));
#2818=CARTESIAN_POINT('Origin',(2.,21.,16.));
#2819=CARTESIAN_POINT('',(0.,21.,16.));
#2820=CARTESIAN_POINT('',(2.,23.,16.));
#2821=CARTESIAN_POINT('Origin',(2.,21.,16.));
#2822=CARTESIAN_POINT('Origin',(2.,21.,16.));
#2823=CARTESIAN_POINT('Origin',(2.,21.,16.));
#2824=CARTESIAN_POINT('Origin',(2.,0.,16.));
#2825=CARTESIAN_POINT('',(0.,0.,16.));
#2826=CARTESIAN_POINT('Origin',(24.75,21.,12.9686269665969));
#2827=CARTESIAN_POINT('',(24.75,23.,12.9686269665969));
#2828=CARTESIAN_POINT('Origin',(24.75,21.,12.9686269665969));
#2829=CARTESIAN_POINT('Origin',(24.75,21.,12.9686269665969));
#2830=CARTESIAN_POINT('Origin',(24.75,21.,13.5));
#2831=CARTESIAN_POINT('',(24.75,23.,13.5));
#2832=CARTESIAN_POINT('Origin',(23.6374945699382,21.,16.));
#2833=CARTESIAN_POINT('',(23.6374945699382,23.,16.));
#2834=CARTESIAN_POINT('Origin',(23.6374945699382,21.,16.));
#2835=CARTESIAN_POINT('Origin',(23.6374945699382,21.,16.));
#2836=CARTESIAN_POINT('Origin',(9.25,21.,9.));
#2837=CARTESIAN_POINT('Origin',(9.25,23.,9.));
#2838=CARTESIAN_POINT('Origin',(6.6875,21.,16.));
#2839=CARTESIAN_POINT('',(6.6875,23.,16.));
#2840=CARTESIAN_POINT('Origin',(2.,21.,4.5));
#2841=CARTESIAN_POINT('',(2.,23.,4.5));
#2842=CARTESIAN_POINT('',(0.,21.,4.5));
#2843=CARTESIAN_POINT('Origin',(20.0625,21.,2.));
#2844=CARTESIAN_POINT('',(20.0625,23.,2.));
#2845=CARTESIAN_POINT('',(20.0625,21.,0.));
#2846=CARTESIAN_POINT('Origin',(2.,-1.,4.5));
#2847=CARTESIAN_POINT('',(2.,-3.,4.5));
#2848=CARTESIAN_POINT('',(0.,-1.,4.5));
#2849=CARTESIAN_POINT('Origin',(6.6875,-1.,16.));
#2850=CARTESIAN_POINT('',(6.6875,-3.,16.));
#2851=CARTESIAN_POINT('Origin',(20.0625,-1.,2.));
#2852=CARTESIAN_POINT('',(20.0625,-3.,2.));
#2853=CARTESIAN_POINT('',(20.0625,-1.,0.));
#2854=CARTESIAN_POINT('Origin',(9.25,-1.,9.));
#2855=CARTESIAN_POINT('Origin',(9.25,-3.,9.));
#2856=CARTESIAN_POINT('Origin',(9.25,-1.,9.));
#2857=CARTESIAN_POINT('Origin',(23.6374945699382,-3.,16.));
#2858=CARTESIAN_POINT('',(25.4359313911804,-3.,16.875));
#2859=CARTESIAN_POINT('Origin',(26.75,0.,0.));
#2860=CARTESIAN_POINT('Origin',(8.,12.25,18.));
#2861=CARTESIAN_POINT('Origin',(9.25,12.25,9.));
#2862=CARTESIAN_POINT('Origin',(13.375,23.,9.));
#2863=CARTESIAN_POINT('Origin',(0.,0.,0.));
#2864=CARTESIAN_POINT('Origin',(13.375,-3.,9.));
#2865=CARTESIAN_POINT('Origin',(9.25,-3.,9.));
#2866=CARTESIAN_POINT('Origin',(9.25,-3.,9.));
#2867=CARTESIAN_POINT('',(26.75,-3.,4.78692511341181));
#2868=CARTESIAN_POINT('Origin',(13.375,-1.,9.));
#2869=CARTESIAN_POINT('',(3.75,-1.,9.));
#2870=CARTESIAN_POINT('Origin',(9.25,-1.,9.));
#2871=CARTESIAN_POINT('Origin',(13.375,21.,9.));
#2872=CARTESIAN_POINT('',(3.75,21.,9.));
#2873=CARTESIAN_POINT('Origin',(9.25,21.,9.));
#2874=CARTESIAN_POINT('Origin',(9.25,8.,9.));
#2875=CARTESIAN_POINT('',(9.25,6.,2.));
#2876=CARTESIAN_POINT('Origin',(9.25,6.,9.));
#2877=CARTESIAN_POINT('Origin',(9.25,8.,2.));
#2878=CARTESIAN_POINT('Origin',(9.25,8.,9.));
#2879=CARTESIAN_POINT('Origin',(9.25,12.,9.));
#2880=CARTESIAN_POINT('',(9.25,14.,2.));
#2881=CARTESIAN_POINT('Origin',(9.25,12.,2.));
#2882=CARTESIAN_POINT('Origin',(9.25,14.,9.));
#2883=CARTESIAN_POINT('Origin',(9.25,12.,9.));
#2884=CARTESIAN_POINT('Origin',(9.25,6.,16.));
#2885=CARTESIAN_POINT('',(3.75,6.,9.));
#2886=CARTESIAN_POINT('Origin',(9.25,6.,9.));
#2887=CARTESIAN_POINT('Origin',(9.25,10.,9.));
#2888=CARTESIAN_POINT('Origin',(9.25,14.,14.));
#2889=CARTESIAN_POINT('',(3.75,14.,9.));
#2890=CARTESIAN_POINT('Origin',(9.25,14.,9.));
#2891=CARTESIAN_POINT('Origin',(9.25,0.,9.));
#2892=CARTESIAN_POINT('',(3.75,0.,9.));
#2893=CARTESIAN_POINT('Origin',(26.75,0.,18.));
#2894=CARTESIAN_POINT('Origin',(9.25,0.,9.));
#2895=CARTESIAN_POINT('',(3.75,0.,9.));
#2896=UNCERTAINTY_MEASURE_WITH_UNIT(LENGTH_MEASURE(0.01),#2900,
'DISTANCE_ACCURACY_VALUE',
'Maximum model space distance between geometric entities at asserted c
onnectivities');
#2897=UNCERTAINTY_MEASURE_WITH_UNIT(LENGTH_MEASURE(0.01),#2900,
'DISTANCE_ACCURACY_VALUE',
'Maximum model space distance between geometric entities at asserted c
onnectivities');
#2898=(
GEOMETRIC_REPRESENTATION_CONTEXT(3)
GLOBAL_UNCERTAINTY_ASSIGNED_CONTEXT((#2896))
GLOBAL_UNIT_ASSIGNED_CONTEXT((#2900,#2902,#2903))
REPRESENTATION_CONTEXT('','3D')
);
#2899=(
GEOMETRIC_REPRESENTATION_CONTEXT(3)
GLOBAL_UNCERTAINTY_ASSIGNED_CONTEXT((#2897))
GLOBAL_UNIT_ASSIGNED_CONTEXT((#2900,#2902,#2903))
REPRESENTATION_CONTEXT('','3D')
);
#2900=(
LENGTH_UNIT()
NAMED_UNIT(*)
SI_UNIT(.MILLI.,.METRE.)
);
#2901=(
LENGTH_UNIT()
NAMED_UNIT(*)
SI_UNIT($,.METRE.)
);
#2902=(
NAMED_UNIT(*)
PLANE_ANGLE_UNIT()
SI_UNIT($,.RADIAN.)
);
#2903=(
NAMED_UNIT(*)
SI_UNIT($,.STERADIAN.)
SOLID_ANGLE_UNIT()
);
#2904=SHAPE_DEFINITION_REPRESENTATION(#2905,#2906);
#2905=PRODUCT_DEFINITION_SHAPE('',$,#2908);
#2906=SHAPE_REPRESENTATION('',(#1337),#2898);
#2907=PRODUCT_DEFINITION_CONTEXT('part definition',#2912,'design');
#2908=PRODUCT_DEFINITION('Drawer Catch','Drawer Catch v3',#2909,#2907);
#2909=PRODUCT_DEFINITION_FORMATION('',$,#2914);
#2910=PRODUCT_RELATED_PRODUCT_CATEGORY('Drawer Catch v3',
'Drawer Catch v3',(#2914));
#2911=APPLICATION_PROTOCOL_DEFINITION('international standard',
'automotive_design',2009,#2912);
#2912=APPLICATION_CONTEXT(
'Core Data for Automotive Mechanical Design Process');
#2913=PRODUCT_CONTEXT('part definition',#2912,'mechanical');
#2914=PRODUCT('Drawer Catch','Drawer Catch v3',$,(#2913));
#2915=PRESENTATION_STYLE_ASSIGNMENT((#2916));
#2916=SURFACE_STYLE_USAGE(.BOTH.,#2917);
#2917=SURFACE_SIDE_STYLE('',(#2918));
#2918=SURFACE_STYLE_FILL_AREA(#2919);
#2919=FILL_AREA_STYLE('Steel - Satin',(#2920));
#2920=FILL_AREA_STYLE_COLOUR('Steel - Satin',#2921);
#2921=COLOUR_RGB('Steel - Satin',0.627450980392157,0.627450980392157,0.627450980392157);
ENDSEC;
END-ISO-10303-21;
