ISO-10303-21;
HEADER;
/* Generated by software containing ST-Developer
 * from STEP Tools, Inc. (www.steptools.com) 
 */

FILE_DESCRIPTION(
/* description */ (''),
/* implementation_level */ '2;1');

FILE_NAME(
/* name */ 'Drawer Reinforcement.step',
/* time_stamp */ '2026-06-27T15:40:30-04:00',
/* author */ (''),
/* organization */ (''),
/* preprocessor_version */ 'ST-DEVELOPER v20.1',
/* originating_system */ 'Autodesk Translation Framework v15.8.0.0',
/* authorisation */ '');

FILE_SCHEMA (('AUTOMOTIVE_DESIGN { 1 0 10303 214 3 1 1 }'));
ENDSEC;

DATA;
#10=MECHANICAL_DESIGN_GEOMETRIC_PRESENTATION_REPRESENTATION('',(#27,#28),
#2974);
#11=SHAPE_REPRESENTATION_RELATIONSHIP('SRR','None',#2981,#12);
#12=ADVANCED_BREP_SHAPE_REPRESENTATION('',(#29,#30),#2973);
#13=(
BOUNDED_SURFACE()
B_SPLINE_SURFACE(2,2,((#2747,#2748,#2749),(#2750,#2751,#2752),(#2753,#2754,
#2755)),.UNSPECIFIED.,.F.,.F.,.F.)
B_SPLINE_SURFACE_WITH_KNOTS((3,3),(3,3),(-1.5707963267949,0.),(0.785398163397446,
0.8030109262589),.UNSPECIFIED.)
GEOMETRIC_REPRESENTATION_ITEM()
RATIONAL_B_SPLINE_SURFACE(((1.,0.999961224073646,1.),(0.707106781186545,
0.707079362466074,0.707106781186545),(1.,0.999961224073646,1.)))
REPRESENTATION_ITEM('')
SURFACE()
);
#14=(
BOUNDED_SURFACE()
B_SPLINE_SURFACE(2,2,((#2762,#2763,#2764),(#2765,#2766,#2767),(#2768,#2769,
#2770)),.UNSPECIFIED.,.F.,.F.,.F.)
B_SPLINE_SURFACE_WITH_KNOTS((3,3),(3,3),(-1.5707963267949,0.),(0.767785400536007,
0.785398163397453),.UNSPECIFIED.)
GEOMETRIC_REPRESENTATION_ITEM()
RATIONAL_B_SPLINE_SURFACE(((1.,0.999961224073646,1.),(0.707106781186552,
0.707079362466081,0.707106781186552),(1.,0.999961224073646,1.)))
REPRESENTATION_ITEM('')
SURFACE()
);
#15=(
BOUNDED_SURFACE()
B_SPLINE_SURFACE(2,2,((#2774,#2775,#2776),(#2777,#2778,#2779),(#2780,#2781,
#2782)),.UNSPECIFIED.,.F.,.F.,.F.)
B_SPLINE_SURFACE_WITH_KNOTS((3,3),(3,3),(0.,1.57079632679489),(1.5707963267949,
2.33858172733091),.UNSPECIFIED.)
GEOMETRIC_REPRESENTATION_ITEM()
RATIONAL_B_SPLINE_SURFACE(((1.,0.927213720940068,1.),(0.707106781186548,
0.655639109685933,0.707106781186548),(1.,0.927213720940068,1.)))
REPRESENTATION_ITEM('')
SURFACE()
);
#16=(
BOUNDED_SURFACE()
B_SPLINE_SURFACE(2,2,((#2802,#2803,#2804),(#2805,#2806,#2807),(#2808,#2809,
#2810)),.UNSPECIFIED.,.F.,.F.,.F.)
B_SPLINE_SURFACE_WITH_KNOTS((3,3),(3,3),(0.,1.57079632679492),(2.37380725305375,
3.1415926535898),.UNSPECIFIED.)
GEOMETRIC_REPRESENTATION_ITEM()
RATIONAL_B_SPLINE_SURFACE(((1.,0.92721372094006,1.),(0.707106781186559,
0.655639109685938,0.707106781186559),(1.,0.92721372094006,1.)))
REPRESENTATION_ITEM('')
SURFACE()
);
#17=B_SPLINE_SURFACE_WITH_KNOTS('',3,3,((#2613,#2614,#2615,#2616),(#2617,
#2618,#2619,#2620),(#2621,#2622,#2623,#2624),(#2625,#2626,#2627,#2628),
(#2629,#2630,#2631,#2632)),.UNSPECIFIED.,.F.,.F.,.F.,(4,1,4),(4,4),(0.,
0.571428571428571,1.),(-1.5707963267949,-0.78539816339744),
 .UNSPECIFIED.);
#18=B_SPLINE_SURFACE_WITH_KNOTS('',3,3,((#2639,#2640,#2641,#2642),(#2643,
#2644,#2645,#2646),(#2647,#2648,#2649,#2650),(#2651,#2652,#2653,#2654),
(#2655,#2656,#2657,#2658)),.UNSPECIFIED.,.F.,.F.,.F.,(4,1,4),(4,4),(0.,
0.5,1.),(-1.5707963267949,-0.785398163397469),.UNSPECIFIED.);
#19=B_SPLINE_SURFACE_WITH_KNOTS('',3,3,((#2670,#2671,#2672,#2673),(#2674,
#2675,#2676,#2677),(#2678,#2679,#2680,#2681),(#2682,#2683,#2684,#2685),
(#2686,#2687,#2688,#2689)),.UNSPECIFIED.,.F.,.F.,.F.,(4,1,4),(4,4),(0.,
0.5,1.),(0.785398163397449,1.5707963267949),.UNSPECIFIED.);
#20=B_SPLINE_SURFACE_WITH_KNOTS('',3,3,((#2695,#2696,#2697,#2698),(#2699,
#2700,#2701,#2702),(#2703,#2704,#2705,#2706),(#2707,#2708,#2709,#2710),
(#2711,#2712,#2713,#2714)),.UNSPECIFIED.,.F.,.F.,.F.,(4,1,4),(4,4),(0.,
0.571428571428571,1.),(0.785398163397446,1.5707963267949),.UNSPECIFIED.);
#21=B_SPLINE_CURVE_WITH_KNOTS('',3,(#2590,#2591,#2592,#2593,#2594,#2595,
#2596,#2597),.UNSPECIFIED.,.F.,.F.,(4,2,2,4),(0.290546187793141,0.325970621975102,
0.361395056157062,0.471892119113839),.UNSPECIFIED.);
#22=B_SPLINE_CURVE_WITH_KNOTS('',3,(#2601,#2602,#2603,#2604,#2605,#2606,
#2607,#2608),.UNSPECIFIED.,.F.,.F.,(4,2,2,4),(0.,0.110497062956783,0.145921497138742,
0.181345931320701),.UNSPECIFIED.);
#23=B_SPLINE_CURVE_WITH_KNOTS('',3,(#2784,#2785,#2786,#2787,#2788,#2789,
#2790,#2791),.UNSPECIFIED.,.F.,.F.,(4,2,2,4),(0.052240798916692,0.066326584970262,
0.0899039610879772,0.100293100084739),.UNSPECIFIED.);
#24=B_SPLINE_CURVE_WITH_KNOTS('',3,(#2794,#2795,#2796,#2797,#2798,#2799,
#2800,#2801),.UNSPECIFIED.,.F.,.F.,(4,2,2,4),(0.,0.0332644074051894,0.0665288148103788,
0.0702362637566793),.UNSPECIFIED.);
#25=B_SPLINE_CURVE_WITH_KNOTS('',3,(#2812,#2813,#2814,#2815,#2816,#2817,
#2818,#2819),.UNSPECIFIED.,.F.,.F.,(4,2,2,4),(0.153322410674921,0.161192113697095,
0.181691892712801,0.191321222645973),.UNSPECIFIED.);
#26=B_SPLINE_CURVE_WITH_KNOTS('',3,(#2823,#2824,#2825,#2826,#2827,#2828,
#2829,#2830),.UNSPECIFIED.,.F.,.F.,(4,2,2,4),(0.308855946398058,0.312563395344359,
0.345827802749548,0.379092210154737),.UNSPECIFIED.);
#27=STYLED_ITEM('',(#2990),#29);
#28=STYLED_ITEM('',(#2990),#30);
#29=MANIFOLD_SOLID_BREP('Body1',#1617);
#30=MANIFOLD_SOLID_BREP('Body5',#1618);
#31=CONICAL_SURFACE('',#1703,4.,0.588002603547566);
#32=CONICAL_SURFACE('',#1706,4.,0.588002603547566);
#33=CONICAL_SURFACE('',#1713,4.,0.588002603547567);
#34=CONICAL_SURFACE('',#1715,4.,0.588002603547567);
#35=CONICAL_SURFACE('',#1819,4.,0.588002603547566);
#36=CONICAL_SURFACE('',#1822,4.,0.588002603547566);
#37=CONICAL_SURFACE('',#1827,4.,0.588002603547567);
#38=CONICAL_SURFACE('',#1829,4.,0.588002603547567);
#39=SPHERICAL_SURFACE('',#1656,0.999999999999996);
#40=SPHERICAL_SURFACE('',#1661,1.);
#41=SPHERICAL_SURFACE('',#1666,1.);
#42=SPHERICAL_SURFACE('',#1669,0.999999999999996);
#43=SPHERICAL_SURFACE('',#1676,0.999999999999996);
#44=SPHERICAL_SURFACE('',#1683,1.);
#45=SPHERICAL_SURFACE('',#1777,1.);
#46=SPHERICAL_SURFACE('',#1780,1.);
#47=SPHERICAL_SURFACE('',#1784,1.);
#48=SPHERICAL_SURFACE('',#1788,0.999999999999996);
#49=SPHERICAL_SURFACE('',#1791,1.);
#50=SPHERICAL_SURFACE('',#1797,1.);
#51=FACE_BOUND('',#280,.T.);
#52=FACE_BOUND('',#281,.T.);
#53=FACE_BOUND('',#283,.T.);
#54=FACE_BOUND('',#284,.T.);
#55=FACE_BOUND('',#309,.T.);
#56=FACE_BOUND('',#310,.T.);
#57=FACE_BOUND('',#313,.T.);
#58=FACE_BOUND('',#326,.T.);
#59=FACE_BOUND('',#327,.T.);
#60=FACE_BOUND('',#340,.T.);
#61=FACE_BOUND('',#356,.T.);
#62=FACE_BOUND('',#357,.T.);
#63=FACE_BOUND('',#359,.T.);
#64=FACE_BOUND('',#360,.T.);
#65=FACE_BOUND('',#380,.T.);
#66=FACE_BOUND('',#381,.T.);
#67=FACE_BOUND('',#393,.T.);
#68=FACE_BOUND('',#394,.T.);
#69=CIRCLE('',#1638,4.);
#70=CIRCLE('',#1639,4.);
#71=CIRCLE('',#1641,4.);
#72=CIRCLE('',#1642,4.);
#73=CIRCLE('',#1645,1.);
#74=CIRCLE('',#1648,1.);
#75=CIRCLE('',#1653,1.);
#76=CIRCLE('',#1655,0.999999999999996);
#77=CIRCLE('',#1657,1.);
#78=CIRCLE('',#1658,0.999999999999996);
#79=CIRCLE('',#1662,0.999999999999996);
#80=CIRCLE('',#1663,1.);
#81=CIRCLE('',#1664,1.);
#82=CIRCLE('',#1667,1.);
#83=CIRCLE('',#1668,1.);
#84=CIRCLE('',#1670,1.);
#85=CIRCLE('',#1671,0.999999999999996);
#86=CIRCLE('',#1672,1.);
#87=CIRCLE('',#1674,1.);
#88=CIRCLE('',#1677,1.);
#89=CIRCLE('',#1678,0.999999999999996);
#90=CIRCLE('',#1679,1.);
#91=CIRCLE('',#1684,0.999999999999996);
#92=CIRCLE('',#1685,1.);
#93=CIRCLE('',#1686,1.);
#94=CIRCLE('',#1688,1.);
#95=CIRCLE('',#1696,2.);
#96=CIRCLE('',#1697,2.);
#97=CIRCLE('',#1704,2.);
#98=CIRCLE('',#1705,2.);
#99=CIRCLE('',#1707,2.);
#100=CIRCLE('',#1708,2.);
#101=CIRCLE('',#1710,2.);
#102=CIRCLE('',#1712,2.);
#103=CIRCLE('',#1714,2.);
#104=CIRCLE('',#1716,2.);
#105=CIRCLE('',#1725,1.);
#106=CIRCLE('',#1726,0.5);
#107=CIRCLE('',#1727,0.5);
#108=CIRCLE('',#1728,1.);
#109=CIRCLE('',#1733,0.499999999999986);
#110=CIRCLE('',#1736,0.5);
#111=CIRCLE('',#1740,0.500000000000003);
#112=CIRCLE('',#1741,0.500000000000001);
#113=CIRCLE('',#1747,1.);
#114=CIRCLE('',#1750,0.999999999999996);
#115=CIRCLE('',#1752,1.);
#116=CIRCLE('',#1753,1.);
#117=CIRCLE('',#1754,0.5);
#118=CIRCLE('',#1755,0.50000000000001);
#119=CIRCLE('',#1757,0.499999999999998);
#120=CIRCLE('',#1758,0.500000000000005);
#121=CIRCLE('',#1759,1.);
#122=CIRCLE('',#1760,0.5);
#123=CIRCLE('',#1762,1.);
#124=CIRCLE('',#1763,0.499999999999998);
#125=CIRCLE('',#1772,4.);
#126=CIRCLE('',#1773,4.);
#127=CIRCLE('',#1775,4.);
#128=CIRCLE('',#1776,4.);
#129=CIRCLE('',#1778,1.);
#130=CIRCLE('',#1779,1.);
#131=CIRCLE('',#1781,0.999999999999996);
#132=CIRCLE('',#1782,1.);
#133=CIRCLE('',#1783,1.);
#134=CIRCLE('',#1785,1.);
#135=CIRCLE('',#1786,1.);
#136=CIRCLE('',#1787,0.999999999999996);
#137=CIRCLE('',#1789,1.);
#138=CIRCLE('',#1790,0.999999999999996);
#139=CIRCLE('',#1792,1.);
#140=CIRCLE('',#1793,1.);
#141=CIRCLE('',#1794,0.999999999999996);
#142=CIRCLE('',#1798,0.999999999999996);
#143=CIRCLE('',#1799,1.);
#144=CIRCLE('',#1800,1.);
#145=CIRCLE('',#1815,2.);
#146=CIRCLE('',#1816,2.);
#147=CIRCLE('',#1820,2.);
#148=CIRCLE('',#1821,2.);
#149=CIRCLE('',#1823,2.);
#150=CIRCLE('',#1824,2.);
#151=CIRCLE('',#1828,2.);
#152=CIRCLE('',#1830,2.);
#153=CIRCLE('',#1832,2.);
#154=CIRCLE('',#1834,2.);
#155=PLANE('',#1637);
#156=PLANE('',#1640);
#157=PLANE('',#1649);
#158=PLANE('',#1695);
#159=PLANE('',#1698);
#160=PLANE('',#1699);
#161=PLANE('',#1700);
#162=PLANE('',#1701);
#163=PLANE('',#1702);
#164=PLANE('',#1719);
#165=PLANE('',#1720);
#166=PLANE('',#1724);
#167=PLANE('',#1730);
#168=PLANE('',#1748);
#169=PLANE('',#1765);
#170=PLANE('',#1767);
#171=PLANE('',#1771);
#172=PLANE('',#1774);
#173=PLANE('',#1814);
#174=PLANE('',#1817);
#175=PLANE('',#1818);
#176=PLANE('',#1835);
#177=FACE_OUTER_BOUND('',#277,.T.);
#178=FACE_OUTER_BOUND('',#278,.T.);
#179=FACE_OUTER_BOUND('',#279,.T.);
#180=FACE_OUTER_BOUND('',#282,.T.);
#181=FACE_OUTER_BOUND('',#285,.T.);
#182=FACE_OUTER_BOUND('',#286,.T.);
#183=FACE_OUTER_BOUND('',#287,.T.);
#184=FACE_OUTER_BOUND('',#288,.T.);
#185=FACE_OUTER_BOUND('',#289,.T.);
#186=FACE_OUTER_BOUND('',#290,.T.);
#187=FACE_OUTER_BOUND('',#291,.T.);
#188=FACE_OUTER_BOUND('',#292,.T.);
#189=FACE_OUTER_BOUND('',#293,.T.);
#190=FACE_OUTER_BOUND('',#294,.T.);
#191=FACE_OUTER_BOUND('',#295,.T.);
#192=FACE_OUTER_BOUND('',#296,.T.);
#193=FACE_OUTER_BOUND('',#297,.T.);
#194=FACE_OUTER_BOUND('',#298,.T.);
#195=FACE_OUTER_BOUND('',#299,.T.);
#196=FACE_OUTER_BOUND('',#300,.T.);
#197=FACE_OUTER_BOUND('',#301,.T.);
#198=FACE_OUTER_BOUND('',#302,.T.);
#199=FACE_OUTER_BOUND('',#303,.T.);
#200=FACE_OUTER_BOUND('',#304,.T.);
#201=FACE_OUTER_BOUND('',#305,.T.);
#202=FACE_OUTER_BOUND('',#306,.T.);
#203=FACE_OUTER_BOUND('',#307,.T.);
#204=FACE_OUTER_BOUND('',#308,.T.);
#205=FACE_OUTER_BOUND('',#311,.T.);
#206=FACE_OUTER_BOUND('',#312,.T.);
#207=FACE_OUTER_BOUND('',#314,.T.);
#208=FACE_OUTER_BOUND('',#315,.T.);
#209=FACE_OUTER_BOUND('',#316,.T.);
#210=FACE_OUTER_BOUND('',#317,.T.);
#211=FACE_OUTER_BOUND('',#318,.T.);
#212=FACE_OUTER_BOUND('',#319,.T.);
#213=FACE_OUTER_BOUND('',#320,.T.);
#214=FACE_OUTER_BOUND('',#321,.T.);
#215=FACE_OUTER_BOUND('',#322,.T.);
#216=FACE_OUTER_BOUND('',#323,.T.);
#217=FACE_OUTER_BOUND('',#324,.T.);
#218=FACE_OUTER_BOUND('',#325,.T.);
#219=FACE_OUTER_BOUND('',#328,.T.);
#220=FACE_OUTER_BOUND('',#329,.T.);
#221=FACE_OUTER_BOUND('',#330,.T.);
#222=FACE_OUTER_BOUND('',#331,.T.);
#223=FACE_OUTER_BOUND('',#332,.T.);
#224=FACE_OUTER_BOUND('',#333,.T.);
#225=FACE_OUTER_BOUND('',#334,.T.);
#226=FACE_OUTER_BOUND('',#335,.T.);
#227=FACE_OUTER_BOUND('',#336,.T.);
#228=FACE_OUTER_BOUND('',#337,.T.);
#229=FACE_OUTER_BOUND('',#338,.T.);
#230=FACE_OUTER_BOUND('',#339,.T.);
#231=FACE_OUTER_BOUND('',#341,.T.);
#232=FACE_OUTER_BOUND('',#342,.T.);
#233=FACE_OUTER_BOUND('',#343,.T.);
#234=FACE_OUTER_BOUND('',#344,.T.);
#235=FACE_OUTER_BOUND('',#345,.T.);
#236=FACE_OUTER_BOUND('',#346,.T.);
#237=FACE_OUTER_BOUND('',#347,.T.);
#238=FACE_OUTER_BOUND('',#348,.T.);
#239=FACE_OUTER_BOUND('',#349,.T.);
#240=FACE_OUTER_BOUND('',#350,.T.);
#241=FACE_OUTER_BOUND('',#351,.T.);
#242=FACE_OUTER_BOUND('',#352,.T.);
#243=FACE_OUTER_BOUND('',#353,.T.);
#244=FACE_OUTER_BOUND('',#354,.T.);
#245=FACE_OUTER_BOUND('',#355,.T.);
#246=FACE_OUTER_BOUND('',#358,.T.);
#247=FACE_OUTER_BOUND('',#361,.T.);
#248=FACE_OUTER_BOUND('',#362,.T.);
#249=FACE_OUTER_BOUND('',#363,.T.);
#250=FACE_OUTER_BOUND('',#364,.T.);
#251=FACE_OUTER_BOUND('',#365,.T.);
#252=FACE_OUTER_BOUND('',#366,.T.);
#253=FACE_OUTER_BOUND('',#367,.T.);
#254=FACE_OUTER_BOUND('',#368,.T.);
#255=FACE_OUTER_BOUND('',#369,.T.);
#256=FACE_OUTER_BOUND('',#370,.T.);
#257=FACE_OUTER_BOUND('',#371,.T.);
#258=FACE_OUTER_BOUND('',#372,.T.);
#259=FACE_OUTER_BOUND('',#373,.T.);
#260=FACE_OUTER_BOUND('',#374,.T.);
#261=FACE_OUTER_BOUND('',#375,.T.);
#262=FACE_OUTER_BOUND('',#376,.T.);
#263=FACE_OUTER_BOUND('',#377,.T.);
#264=FACE_OUTER_BOUND('',#378,.T.);
#265=FACE_OUTER_BOUND('',#379,.T.);
#266=FACE_OUTER_BOUND('',#382,.T.);
#267=FACE_OUTER_BOUND('',#383,.T.);
#268=FACE_OUTER_BOUND('',#384,.T.);
#269=FACE_OUTER_BOUND('',#385,.T.);
#270=FACE_OUTER_BOUND('',#386,.T.);
#271=FACE_OUTER_BOUND('',#387,.T.);
#272=FACE_OUTER_BOUND('',#388,.T.);
#273=FACE_OUTER_BOUND('',#389,.T.);
#274=FACE_OUTER_BOUND('',#390,.T.);
#275=FACE_OUTER_BOUND('',#391,.T.);
#276=FACE_OUTER_BOUND('',#392,.T.);
#277=EDGE_LOOP('',(#1007,#1008,#1009,#1010));
#278=EDGE_LOOP('',(#1011,#1012,#1013,#1014));
#279=EDGE_LOOP('',(#1015,#1016,#1017,#1018,#1019,#1020));
#280=EDGE_LOOP('',(#1021));
#281=EDGE_LOOP('',(#1022));
#282=EDGE_LOOP('',(#1023,#1024,#1025,#1026,#1027,#1028));
#283=EDGE_LOOP('',(#1029));
#284=EDGE_LOOP('',(#1030));
#285=EDGE_LOOP('',(#1031,#1032,#1033,#1034));
#286=EDGE_LOOP('',(#1035,#1036,#1037,#1038,#1039));
#287=EDGE_LOOP('',(#1040,#1041,#1042,#1043,#1044,#1045));
#288=EDGE_LOOP('',(#1046,#1047,#1048,#1049));
#289=EDGE_LOOP('',(#1050,#1051,#1052,#1053,#1054));
#290=EDGE_LOOP('',(#1055,#1056,#1057));
#291=EDGE_LOOP('',(#1058,#1059,#1060,#1061));
#292=EDGE_LOOP('',(#1062,#1063,#1064));
#293=EDGE_LOOP('',(#1065,#1066,#1067,#1068));
#294=EDGE_LOOP('',(#1069,#1070,#1071));
#295=EDGE_LOOP('',(#1072,#1073,#1074));
#296=EDGE_LOOP('',(#1075,#1076,#1077,#1078));
#297=EDGE_LOOP('',(#1079,#1080,#1081,#1082));
#298=EDGE_LOOP('',(#1083,#1084,#1085));
#299=EDGE_LOOP('',(#1086,#1087,#1088,#1089));
#300=EDGE_LOOP('',(#1090,#1091,#1092,#1093));
#301=EDGE_LOOP('',(#1094,#1095,#1096));
#302=EDGE_LOOP('',(#1097,#1098,#1099,#1100));
#303=EDGE_LOOP('',(#1101,#1102,#1103,#1104));
#304=EDGE_LOOP('',(#1105,#1106,#1107,#1108));
#305=EDGE_LOOP('',(#1109,#1110,#1111,#1112));
#306=EDGE_LOOP('',(#1113,#1114,#1115,#1116));
#307=EDGE_LOOP('',(#1117,#1118,#1119,#1120));
#308=EDGE_LOOP('',(#1121,#1122,#1123,#1124));
#309=EDGE_LOOP('',(#1125));
#310=EDGE_LOOP('',(#1126));
#311=EDGE_LOOP('',(#1127,#1128,#1129,#1130,#1131,#1132));
#312=EDGE_LOOP('',(#1133,#1134,#1135,#1136,#1137));
#313=EDGE_LOOP('',(#1138,#1139,#1140));
#314=EDGE_LOOP('',(#1141,#1142,#1143,#1144,#1145,#1146));
#315=EDGE_LOOP('',(#1147,#1148,#1149,#1150,#1151,#1152));
#316=EDGE_LOOP('',(#1153,#1154,#1155,#1156,#1157,#1158,#1159,#1160,#1161,
#1162));
#317=EDGE_LOOP('',(#1163,#1164,#1165,#1166,#1167));
#318=EDGE_LOOP('',(#1168,#1169,#1170,#1171,#1172));
#319=EDGE_LOOP('',(#1173,#1174,#1175,#1176,#1177));
#320=EDGE_LOOP('',(#1178,#1179,#1180,#1181,#1182));
#321=EDGE_LOOP('',(#1183,#1184,#1185,#1186));
#322=EDGE_LOOP('',(#1187,#1188,#1189,#1190));
#323=EDGE_LOOP('',(#1191,#1192,#1193,#1194));
#324=EDGE_LOOP('',(#1195,#1196,#1197,#1198));
#325=EDGE_LOOP('',(#1199,#1200,#1201,#1202));
#326=EDGE_LOOP('',(#1203));
#327=EDGE_LOOP('',(#1204));
#328=EDGE_LOOP('',(#1205,#1206,#1207,#1208,#1209,#1210));
#329=EDGE_LOOP('',(#1211,#1212,#1213,#1214));
#330=EDGE_LOOP('',(#1215,#1216,#1217,#1218,#1219,#1220,#1221,#1222));
#331=EDGE_LOOP('',(#1223,#1224,#1225,#1226));
#332=EDGE_LOOP('',(#1227,#1228,#1229,#1230));
#333=EDGE_LOOP('',(#1231,#1232,#1233));
#334=EDGE_LOOP('',(#1234,#1235,#1236,#1237));
#335=EDGE_LOOP('',(#1238,#1239,#1240,#1241));
#336=EDGE_LOOP('',(#1242,#1243,#1244,#1245));
#337=EDGE_LOOP('',(#1246,#1247,#1248));
#338=EDGE_LOOP('',(#1249,#1250,#1251,#1252,#1253,#1254));
#339=EDGE_LOOP('',(#1255,#1256,#1257,#1258,#1259));
#340=EDGE_LOOP('',(#1260,#1261,#1262));
#341=EDGE_LOOP('',(#1263,#1264,#1265,#1266,#1267,#1268));
#342=EDGE_LOOP('',(#1269,#1270,#1271,#1272));
#343=EDGE_LOOP('',(#1273,#1274,#1275,#1276));
#344=EDGE_LOOP('',(#1277,#1278,#1279,#1280));
#345=EDGE_LOOP('',(#1281,#1282,#1283,#1284));
#346=EDGE_LOOP('',(#1285,#1286,#1287,#1288));
#347=EDGE_LOOP('',(#1289,#1290,#1291));
#348=EDGE_LOOP('',(#1292,#1293,#1294,#1295));
#349=EDGE_LOOP('',(#1296,#1297,#1298));
#350=EDGE_LOOP('',(#1299,#1300,#1301,#1302));
#351=EDGE_LOOP('',(#1303,#1304,#1305,#1306));
#352=EDGE_LOOP('',(#1307,#1308,#1309,#1310,#1311,#1312));
#353=EDGE_LOOP('',(#1313,#1314,#1315,#1316,#1317));
#354=EDGE_LOOP('',(#1318,#1319,#1320,#1321,#1322));
#355=EDGE_LOOP('',(#1323,#1324,#1325,#1326,#1327,#1328));
#356=EDGE_LOOP('',(#1329));
#357=EDGE_LOOP('',(#1330));
#358=EDGE_LOOP('',(#1331,#1332,#1333,#1334,#1335,#1336));
#359=EDGE_LOOP('',(#1337));
#360=EDGE_LOOP('',(#1338));
#361=EDGE_LOOP('',(#1339,#1340,#1341));
#362=EDGE_LOOP('',(#1342,#1343,#1344));
#363=EDGE_LOOP('',(#1345,#1346,#1347));
#364=EDGE_LOOP('',(#1348,#1349,#1350));
#365=EDGE_LOOP('',(#1351,#1352,#1353));
#366=EDGE_LOOP('',(#1354,#1355,#1356,#1357));
#367=EDGE_LOOP('',(#1358,#1359,#1360));
#368=EDGE_LOOP('',(#1361,#1362,#1363,#1364));
#369=EDGE_LOOP('',(#1365,#1366,#1367,#1368));
#370=EDGE_LOOP('',(#1369,#1370,#1371,#1372,#1373,#1374));
#371=EDGE_LOOP('',(#1375,#1376,#1377,#1378));
#372=EDGE_LOOP('',(#1379,#1380,#1381,#1382));
#373=EDGE_LOOP('',(#1383,#1384,#1385,#1386));
#374=EDGE_LOOP('',(#1387,#1388,#1389,#1390));
#375=EDGE_LOOP('',(#1391,#1392,#1393,#1394));
#376=EDGE_LOOP('',(#1395,#1396,#1397,#1398,#1399,#1400));
#377=EDGE_LOOP('',(#1401,#1402,#1403,#1404));
#378=EDGE_LOOP('',(#1405,#1406,#1407,#1408));
#379=EDGE_LOOP('',(#1409,#1410,#1411,#1412));
#380=EDGE_LOOP('',(#1413));
#381=EDGE_LOOP('',(#1414));
#382=EDGE_LOOP('',(#1415,#1416,#1417,#1418));
#383=EDGE_LOOP('',(#1419,#1420,#1421,#1422,#1423,#1424));
#384=EDGE_LOOP('',(#1425,#1426,#1427,#1428,#1429));
#385=EDGE_LOOP('',(#1430,#1431,#1432,#1433,#1434));
#386=EDGE_LOOP('',(#1435,#1436,#1437,#1438,#1439));
#387=EDGE_LOOP('',(#1440,#1441,#1442,#1443,#1444));
#388=EDGE_LOOP('',(#1445,#1446,#1447,#1448));
#389=EDGE_LOOP('',(#1449,#1450,#1451,#1452));
#390=EDGE_LOOP('',(#1453,#1454,#1455,#1456));
#391=EDGE_LOOP('',(#1457,#1458,#1459,#1460));
#392=EDGE_LOOP('',(#1461,#1462,#1463,#1464));
#393=EDGE_LOOP('',(#1465));
#394=EDGE_LOOP('',(#1466));
#395=ELLIPSE('',#1633,1.41421356237309,1.);
#396=ELLIPSE('',#1634,1.41421356237309,1.);
#397=ELLIPSE('',#1636,1.4142135623731,1.);
#398=ELLIPSE('',#1644,1.41421356237309,1.);
#399=ELLIPSE('',#1647,1.4142135623731,1.);
#400=ELLIPSE('',#1650,1.4142135623731,1.);
#401=ELLIPSE('',#1652,1.4142135623731,1.);
#402=ELLIPSE('',#1660,1.41421356237309,1.);
#403=ELLIPSE('',#1682,1.4142135623731,1.);
#404=ELLIPSE('',#1692,1.4142135623731,1.);
#405=ELLIPSE('',#1722,0.707106781186547,0.5);
#406=ELLIPSE('',#1723,0.707106781186547,0.5);
#407=ELLIPSE('',#1731,1.41421356237309,1.);
#408=ELLIPSE('',#1732,1.4142135623731,1.);
#409=ELLIPSE('',#1734,1.11803398874989,0.999999999999997);
#410=ELLIPSE('',#1735,1.1180339887499,0.999999999999979);
#411=ELLIPSE('',#1737,0.707106781186548,0.5);
#412=ELLIPSE('',#1738,1.11803398874989,1.);
#413=ELLIPSE('',#1742,0.707106781186548,0.5);
#414=ELLIPSE('',#1743,1.11803398874989,1.);
#415=ELLIPSE('',#1744,1.1180339887499,0.999999999999996);
#416=ELLIPSE('',#1745,1.11803398874989,0.999999999999997);
#417=ELLIPSE('',#1769,1.4142135623731,1.);
#418=ELLIPSE('',#1796,1.4142135623731,1.);
#419=ELLIPSE('',#1803,1.41421356237309,1.);
#420=ELLIPSE('',#1808,1.4142135623731,1.);
#421=LINE('',#2362,#533);
#422=LINE('',#2366,#534);
#423=LINE('',#2370,#535);
#424=LINE('',#2373,#536);
#425=LINE('',#2376,#537);
#426=LINE('',#2378,#538);
#427=LINE('',#2380,#539);
#428=LINE('',#2382,#540);
#429=LINE('',#2383,#541);
#430=LINE('',#2390,#542);
#431=LINE('',#2392,#543);
#432=LINE('',#2394,#544);
#433=LINE('',#2395,#545);
#434=LINE('',#2405,#546);
#435=LINE('',#2408,#547);
#436=LINE('',#2413,#548);
#437=LINE('',#2416,#549);
#438=LINE('',#2419,#550);
#439=LINE('',#2421,#551);
#440=LINE('',#2424,#552);
#441=LINE('',#2430,#553);
#442=LINE('',#2433,#554);
#443=LINE('',#2436,#555);
#444=LINE('',#2443,#556);
#445=LINE('',#2445,#557);
#446=LINE('',#2455,#558);
#447=LINE('',#2456,#559);
#448=LINE('',#2470,#560);
#449=LINE('',#2472,#561);
#450=LINE('',#2473,#562);
#451=LINE('',#2482,#563);
#452=LINE('',#2483,#564);
#453=LINE('',#2486,#565);
#454=LINE('',#2497,#566);
#455=LINE('',#2499,#567);
#456=LINE('',#2501,#568);
#457=LINE('',#2502,#569);
#458=LINE('',#2505,#570);
#459=LINE('',#2507,#571);
#460=LINE('',#2510,#572);
#461=LINE('',#2511,#573);
#462=LINE('',#2513,#574);
#463=LINE('',#2514,#575);
#464=LINE('',#2516,#576);
#465=LINE('',#2522,#577);
#466=LINE('',#2524,#578);
#467=LINE('',#2527,#579);
#468=LINE('',#2529,#580);
#469=LINE('',#2532,#581);
#470=LINE('',#2538,#582);
#471=LINE('',#2544,#583);
#472=LINE('',#2548,#584);
#473=LINE('',#2552,#585);
#474=LINE('',#2556,#586);
#475=LINE('',#2559,#587);
#476=LINE('',#2561,#588);
#477=LINE('',#2569,#589);
#478=LINE('',#2572,#590);
#479=LINE('',#2575,#591);
#480=LINE('',#2581,#592);
#481=LINE('',#2586,#593);
#482=LINE('',#2599,#594);
#483=LINE('',#2609,#595);
#484=LINE('',#2668,#596);
#485=LINE('',#2669,#597);
#486=LINE('',#2720,#598);
#487=LINE('',#2724,#599);
#488=LINE('',#2725,#600);
#489=LINE('',#2728,#601);
#490=LINE('',#2730,#602);
#491=LINE('',#2731,#603);
#492=LINE('',#2733,#604);
#493=LINE('',#2734,#605);
#494=LINE('',#2737,#606);
#495=LINE('',#2739,#607);
#496=LINE('',#2743,#608);
#497=LINE('',#2761,#609);
#498=LINE('',#2833,#610);
#499=LINE('',#2835,#611);
#500=LINE('',#2836,#612);
#501=LINE('',#2838,#613);
#502=LINE('',#2842,#614);
#503=LINE('',#2845,#615);
#504=LINE('',#2848,#616);
#505=LINE('',#2850,#617);
#506=LINE('',#2851,#618);
#507=LINE('',#2858,#619);
#508=LINE('',#2859,#620);
#509=LINE('',#2893,#621);
#510=LINE('',#2895,#622);
#511=LINE('',#2903,#623);
#512=LINE('',#2906,#624);
#513=LINE('',#2910,#625);
#514=LINE('',#2912,#626);
#515=LINE('',#2915,#627);
#516=LINE('',#2918,#628);
#517=LINE('',#2919,#629);
#518=LINE('',#2921,#630);
#519=LINE('',#2922,#631);
#520=LINE('',#2924,#632);
#521=LINE('',#2926,#633);
#522=LINE('',#2928,#634);
#523=LINE('',#2929,#635);
#524=LINE('',#2931,#636);
#525=LINE('',#2940,#637);
#526=LINE('',#2946,#638);
#527=LINE('',#2951,#639);
#528=LINE('',#2953,#640);
#529=LINE('',#2956,#641);
#530=LINE('',#2960,#642);
#531=LINE('',#2964,#643);
#532=LINE('',#2968,#644);
#533=VECTOR('',#1840,10.);
#534=VECTOR('',#1843,10.);
#535=VECTOR('',#1848,10.);
#536=VECTOR('',#1851,10.);
#537=VECTOR('',#1854,10.);
#538=VECTOR('',#1855,10.);
#539=VECTOR('',#1856,10.);
#540=VECTOR('',#1857,10.);
#541=VECTOR('',#1858,10.);
#542=VECTOR('',#1865,10.);
#543=VECTOR('',#1866,10.);
#544=VECTOR('',#1867,10.);
#545=VECTOR('',#1868,10.);
#546=VECTOR('',#1877,10.);
#547=VECTOR('',#1880,10.);
#548=VECTOR('',#1885,10.);
#549=VECTOR('',#1888,10.);
#550=VECTOR('',#1891,10.);
#551=VECTOR('',#1892,10.);
#552=VECTOR('',#1895,10.);
#553=VECTOR('',#1902,10.);
#554=VECTOR('',#1905,10.);
#555=VECTOR('',#1908,10.);
#556=VECTOR('',#1917,10.);
#557=VECTOR('',#1918,10.);
#558=VECTOR('',#1931,10.);
#559=VECTOR('',#1932,10.);
#560=VECTOR('',#1951,10.);
#561=VECTOR('',#1954,10.);
#562=VECTOR('',#1955,10.);
#563=VECTOR('',#1966,10.);
#564=VECTOR('',#1967,10.);
#565=VECTOR('',#1970,10.);
#566=VECTOR('',#1985,10.);
#567=VECTOR('',#1988,10.);
#568=VECTOR('',#1991,10.);
#569=VECTOR('',#1992,10.);
#570=VECTOR('',#1995,10.);
#571=VECTOR('',#1996,10.);
#572=VECTOR('',#2001,10.);
#573=VECTOR('',#2002,10.);
#574=VECTOR('',#2005,10.);
#575=VECTOR('',#2006,10.);
#576=VECTOR('',#2009,10.);
#577=VECTOR('',#2016,10.);
#578=VECTOR('',#2019,10.);
#579=VECTOR('',#2024,10.);
#580=VECTOR('',#2027,10.);
#581=VECTOR('',#2030,4.);
#582=VECTOR('',#2037,4.);
#583=VECTOR('',#2044,2.);
#584=VECTOR('',#2049,2.);
#585=VECTOR('',#2054,4.);
#586=VECTOR('',#2059,4.);
#587=VECTOR('',#2064,2.);
#588=VECTOR('',#2067,2.);
#589=VECTOR('',#2076,10.);
#590=VECTOR('',#2079,10.);
#591=VECTOR('',#2082,10.);
#592=VECTOR('',#2087,10.);
#593=VECTOR('',#2092,10.);
#594=VECTOR('',#2095,10.);
#595=VECTOR('',#2096,10.);
#596=VECTOR('',#2119,10.);
#597=VECTOR('',#2120,10.);
#598=VECTOR('',#2133,10.);
#599=VECTOR('',#2136,10.);
#600=VECTOR('',#2137,10.);
#601=VECTOR('',#2140,10.);
#602=VECTOR('',#2141,10.);
#603=VECTOR('',#2142,10.);
#604=VECTOR('',#2143,10.);
#605=VECTOR('',#2144,10.);
#606=VECTOR('',#2147,10.);
#607=VECTOR('',#2148,10.);
#608=VECTOR('',#2153,10.);
#609=VECTOR('',#2166,10.);
#610=VECTOR('',#2183,10.);
#611=VECTOR('',#2184,10.);
#612=VECTOR('',#2185,10.);
#613=VECTOR('',#2188,10.);
#614=VECTOR('',#2193,10.);
#615=VECTOR('',#2198,10.);
#616=VECTOR('',#2201,10.);
#617=VECTOR('',#2202,10.);
#618=VECTOR('',#2203,10.);
#619=VECTOR('',#2210,10.);
#620=VECTOR('',#2211,10.);
#621=VECTOR('',#2254,10.);
#622=VECTOR('',#2255,10.);
#623=VECTOR('',#2268,10.);
#624=VECTOR('',#2271,10.);
#625=VECTOR('',#2278,10.);
#626=VECTOR('',#2281,10.);
#627=VECTOR('',#2284,10.);
#628=VECTOR('',#2289,10.);
#629=VECTOR('',#2290,10.);
#630=VECTOR('',#2293,10.);
#631=VECTOR('',#2294,10.);
#632=VECTOR('',#2297,10.);
#633=VECTOR('',#2300,10.);
#634=VECTOR('',#2303,10.);
#635=VECTOR('',#2304,10.);
#636=VECTOR('',#2307,10.);
#637=VECTOR('',#2318,4.);
#638=VECTOR('',#2325,4.);
#639=VECTOR('',#2332,2.);
#640=VECTOR('',#2335,2.);
#641=VECTOR('',#2338,4.);
#642=VECTOR('',#2343,4.);
#643=VECTOR('',#2348,2.);
#644=VECTOR('',#2353,2.);
#645=VERTEX_POINT('',#2360);
#646=VERTEX_POINT('',#2361);
#647=VERTEX_POINT('',#2363);
#648=VERTEX_POINT('',#2365);
#649=VERTEX_POINT('',#2369);
#650=VERTEX_POINT('',#2371);
#651=VERTEX_POINT('',#2375);
#652=VERTEX_POINT('',#2377);
#653=VERTEX_POINT('',#2379);
#654=VERTEX_POINT('',#2381);
#655=VERTEX_POINT('',#2384);
#656=VERTEX_POINT('',#2386);
#657=VERTEX_POINT('',#2389);
#658=VERTEX_POINT('',#2391);
#659=VERTEX_POINT('',#2393);
#660=VERTEX_POINT('',#2396);
#661=VERTEX_POINT('',#2398);
#662=VERTEX_POINT('',#2401);
#663=VERTEX_POINT('',#2402);
#664=VERTEX_POINT('',#2404);
#665=VERTEX_POINT('',#2406);
#666=VERTEX_POINT('',#2410);
#667=VERTEX_POINT('',#2412);
#668=VERTEX_POINT('',#2414);
#669=VERTEX_POINT('',#2418);
#670=VERTEX_POINT('',#2420);
#671=VERTEX_POINT('',#2422);
#672=VERTEX_POINT('',#2426);
#673=VERTEX_POINT('',#2428);
#674=VERTEX_POINT('',#2432);
#675=VERTEX_POINT('',#2434);
#676=VERTEX_POINT('',#2438);
#677=VERTEX_POINT('',#2442);
#678=VERTEX_POINT('',#2444);
#679=VERTEX_POINT('',#2448);
#680=VERTEX_POINT('',#2449);
#681=VERTEX_POINT('',#2451);
#682=VERTEX_POINT('',#2458);
#683=VERTEX_POINT('',#2462);
#684=VERTEX_POINT('',#2464);
#685=VERTEX_POINT('',#2468);
#686=VERTEX_POINT('',#2475);
#687=VERTEX_POINT('',#2476);
#688=VERTEX_POINT('',#2478);
#689=VERTEX_POINT('',#2485);
#690=VERTEX_POINT('',#2489);
#691=VERTEX_POINT('',#2490);
#692=VERTEX_POINT('',#2495);
#693=VERTEX_POINT('',#2504);
#694=VERTEX_POINT('',#2506);
#695=VERTEX_POINT('',#2517);
#696=VERTEX_POINT('',#2519);
#697=VERTEX_POINT('',#2531);
#698=VERTEX_POINT('',#2533);
#699=VERTEX_POINT('',#2537);
#700=VERTEX_POINT('',#2539);
#701=VERTEX_POINT('',#2543);
#702=VERTEX_POINT('',#2547);
#703=VERTEX_POINT('',#2551);
#704=VERTEX_POINT('',#2555);
#705=VERTEX_POINT('',#2565);
#706=VERTEX_POINT('',#2566);
#707=VERTEX_POINT('',#2568);
#708=VERTEX_POINT('',#2570);
#709=VERTEX_POINT('',#2574);
#710=VERTEX_POINT('',#2576);
#711=VERTEX_POINT('',#2578);
#712=VERTEX_POINT('',#2580);
#713=VERTEX_POINT('',#2582);
#714=VERTEX_POINT('',#2584);
#715=VERTEX_POINT('',#2588);
#716=VERTEX_POINT('',#2589);
#717=VERTEX_POINT('',#2598);
#718=VERTEX_POINT('',#2600);
#719=VERTEX_POINT('',#2633);
#720=VERTEX_POINT('',#2634);
#721=VERTEX_POINT('',#2636);
#722=VERTEX_POINT('',#2659);
#723=VERTEX_POINT('',#2660);
#724=VERTEX_POINT('',#2665);
#725=VERTEX_POINT('',#2666);
#726=VERTEX_POINT('',#2690);
#727=VERTEX_POINT('',#2691);
#728=VERTEX_POINT('',#2715);
#729=VERTEX_POINT('',#2719);
#730=VERTEX_POINT('',#2721);
#731=VERTEX_POINT('',#2723);
#732=VERTEX_POINT('',#2727);
#733=VERTEX_POINT('',#2729);
#734=VERTEX_POINT('',#2732);
#735=VERTEX_POINT('',#2736);
#736=VERTEX_POINT('',#2738);
#737=VERTEX_POINT('',#2742);
#738=VERTEX_POINT('',#2744);
#739=VERTEX_POINT('',#2759);
#740=VERTEX_POINT('',#2771);
#741=VERTEX_POINT('',#2783);
#742=VERTEX_POINT('',#2811);
#743=VERTEX_POINT('',#2832);
#744=VERTEX_POINT('',#2834);
#745=VERTEX_POINT('',#2841);
#746=VERTEX_POINT('',#2847);
#747=VERTEX_POINT('',#2849);
#748=VERTEX_POINT('',#2852);
#749=VERTEX_POINT('',#2854);
#750=VERTEX_POINT('',#2857);
#751=VERTEX_POINT('',#2860);
#752=VERTEX_POINT('',#2862);
#753=VERTEX_POINT('',#2865);
#754=VERTEX_POINT('',#2869);
#755=VERTEX_POINT('',#2870);
#756=VERTEX_POINT('',#2872);
#757=VERTEX_POINT('',#2876);
#758=VERTEX_POINT('',#2878);
#759=VERTEX_POINT('',#2882);
#760=VERTEX_POINT('',#2886);
#761=VERTEX_POINT('',#2888);
#762=VERTEX_POINT('',#2892);
#763=VERTEX_POINT('',#2894);
#764=VERTEX_POINT('',#2899);
#765=VERTEX_POINT('',#2905);
#766=VERTEX_POINT('',#2914);
#767=VERTEX_POINT('',#2932);
#768=VERTEX_POINT('',#2934);
#769=VERTEX_POINT('',#2939);
#770=VERTEX_POINT('',#2941);
#771=VERTEX_POINT('',#2945);
#772=VERTEX_POINT('',#2947);
#773=VERTEX_POINT('',#2955);
#774=VERTEX_POINT('',#2959);
#775=VERTEX_POINT('',#2963);
#776=VERTEX_POINT('',#2967);
#777=EDGE_CURVE('',#645,#646,#421,.T.);
#778=EDGE_CURVE('',#646,#647,#395,.F.);
#779=EDGE_CURVE('',#647,#648,#422,.T.);
#780=EDGE_CURVE('',#648,#645,#396,.T.);
#781=EDGE_CURVE('',#648,#649,#423,.T.);
#782=EDGE_CURVE('',#649,#650,#397,.F.);
#783=EDGE_CURVE('',#650,#645,#424,.T.);
#784=EDGE_CURVE('',#645,#651,#425,.T.);
#785=EDGE_CURVE('',#652,#651,#426,.T.);
#786=EDGE_CURVE('',#653,#652,#427,.T.);
#787=EDGE_CURVE('',#654,#653,#428,.T.);
#788=EDGE_CURVE('',#654,#646,#429,.T.);
#789=EDGE_CURVE('',#655,#655,#69,.T.);
#790=EDGE_CURVE('',#656,#656,#70,.T.);
#791=EDGE_CURVE('',#657,#650,#430,.T.);
#792=EDGE_CURVE('',#657,#658,#431,.T.);
#793=EDGE_CURVE('',#659,#658,#432,.T.);
#794=EDGE_CURVE('',#651,#659,#433,.T.);
#795=EDGE_CURVE('',#660,#660,#71,.T.);
#796=EDGE_CURVE('',#661,#661,#72,.T.);
#797=EDGE_CURVE('',#662,#663,#398,.T.);
#798=EDGE_CURVE('',#663,#664,#434,.T.);
#799=EDGE_CURVE('',#664,#665,#73,.T.);
#800=EDGE_CURVE('',#665,#662,#435,.T.);
#801=EDGE_CURVE('',#662,#666,#399,.T.);
#802=EDGE_CURVE('',#666,#667,#436,.T.);
#803=EDGE_CURVE('',#667,#668,#74,.F.);
#804=EDGE_CURVE('',#668,#663,#437,.T.);
#805=EDGE_CURVE('',#669,#665,#438,.T.);
#806=EDGE_CURVE('',#670,#669,#439,.T.);
#807=EDGE_CURVE('',#671,#670,#400,.T.);
#808=EDGE_CURVE('',#666,#671,#440,.T.);
#809=EDGE_CURVE('',#672,#670,#401,.T.);
#810=EDGE_CURVE('',#669,#673,#75,.T.);
#811=EDGE_CURVE('',#673,#672,#441,.T.);
#812=EDGE_CURVE('',#672,#674,#442,.T.);
#813=EDGE_CURVE('',#674,#675,#76,.F.);
#814=EDGE_CURVE('',#675,#671,#443,.T.);
#815=EDGE_CURVE('',#676,#667,#77,.F.);
#816=EDGE_CURVE('',#668,#676,#78,.F.);
#817=EDGE_CURVE('',#677,#676,#444,.T.);
#818=EDGE_CURVE('',#667,#678,#445,.T.);
#819=EDGE_CURVE('',#678,#677,#402,.T.);
#820=EDGE_CURVE('',#679,#680,#79,.F.);
#821=EDGE_CURVE('',#681,#679,#80,.F.);
#822=EDGE_CURVE('',#680,#681,#81,.F.);
#823=EDGE_CURVE('',#679,#668,#446,.T.);
#824=EDGE_CURVE('',#676,#681,#447,.T.);
#825=EDGE_CURVE('',#682,#674,#82,.F.);
#826=EDGE_CURVE('',#675,#682,#83,.F.);
#827=EDGE_CURVE('',#659,#683,#84,.F.);
#828=EDGE_CURVE('',#684,#659,#85,.F.);
#829=EDGE_CURVE('',#683,#684,#86,.F.);
#830=EDGE_CURVE('',#685,#658,#87,.T.);
#831=EDGE_CURVE('',#685,#684,#448,.T.);
#832=EDGE_CURVE('',#680,#683,#449,.T.);
#833=EDGE_CURVE('',#684,#679,#450,.T.);
#834=EDGE_CURVE('',#686,#687,#88,.F.);
#835=EDGE_CURVE('',#688,#686,#89,.F.);
#836=EDGE_CURVE('',#687,#688,#90,.F.);
#837=EDGE_CURVE('',#686,#682,#451,.T.);
#838=EDGE_CURVE('',#674,#688,#452,.T.);
#839=EDGE_CURVE('',#683,#689,#453,.T.);
#840=EDGE_CURVE('',#689,#651,#403,.T.);
#841=EDGE_CURVE('',#690,#691,#91,.F.);
#842=EDGE_CURVE('',#652,#690,#92,.F.);
#843=EDGE_CURVE('',#691,#652,#93,.F.);
#844=EDGE_CURVE('',#692,#653,#94,.F.);
#845=EDGE_CURVE('',#690,#692,#454,.T.);
#846=EDGE_CURVE('',#689,#691,#455,.T.);
#847=EDGE_CURVE('',#691,#687,#456,.T.);
#848=EDGE_CURVE('',#688,#690,#457,.T.);
#849=EDGE_CURVE('',#693,#686,#458,.T.);
#850=EDGE_CURVE('',#687,#694,#459,.T.);
#851=EDGE_CURVE('',#694,#693,#404,.T.);
#852=EDGE_CURVE('',#694,#680,#460,.T.);
#853=EDGE_CURVE('',#681,#693,#461,.T.);
#854=EDGE_CURVE('',#678,#675,#462,.T.);
#855=EDGE_CURVE('',#682,#677,#463,.T.);
#856=EDGE_CURVE('',#693,#677,#464,.T.);
#857=EDGE_CURVE('',#695,#695,#95,.T.);
#858=EDGE_CURVE('',#696,#696,#96,.T.);
#859=EDGE_CURVE('',#692,#673,#465,.T.);
#860=EDGE_CURVE('',#647,#649,#466,.T.);
#861=EDGE_CURVE('',#654,#657,#467,.T.);
#862=EDGE_CURVE('',#664,#685,#468,.T.);
#863=EDGE_CURVE('',#661,#697,#469,.T.);
#864=EDGE_CURVE('',#698,#697,#97,.T.);
#865=EDGE_CURVE('',#697,#698,#98,.T.);
#866=EDGE_CURVE('',#660,#699,#470,.T.);
#867=EDGE_CURVE('',#700,#699,#99,.T.);
#868=EDGE_CURVE('',#699,#700,#100,.T.);
#869=EDGE_CURVE('',#700,#701,#471,.T.);
#870=EDGE_CURVE('',#701,#701,#101,.T.);
#871=EDGE_CURVE('',#698,#702,#472,.T.);
#872=EDGE_CURVE('',#702,#702,#102,.T.);
#873=EDGE_CURVE('',#656,#703,#473,.T.);
#874=EDGE_CURVE('',#703,#703,#103,.T.);
#875=EDGE_CURVE('',#655,#704,#474,.T.);
#876=EDGE_CURVE('',#704,#704,#104,.T.);
#877=EDGE_CURVE('',#704,#696,#475,.T.);
#878=EDGE_CURVE('',#703,#695,#476,.T.);
#879=EDGE_CURVE('',#705,#706,#405,.F.);
#880=EDGE_CURVE('',#706,#707,#477,.T.);
#881=EDGE_CURVE('',#707,#708,#406,.F.);
#882=EDGE_CURVE('',#708,#705,#478,.T.);
#883=EDGE_CURVE('',#706,#709,#479,.T.);
#884=EDGE_CURVE('',#710,#709,#105,.F.);
#885=EDGE_CURVE('',#711,#710,#106,.T.);
#886=EDGE_CURVE('',#712,#711,#480,.T.);
#887=EDGE_CURVE('',#713,#712,#107,.T.);
#888=EDGE_CURVE('',#713,#714,#108,.T.);
#889=EDGE_CURVE('',#714,#707,#481,.T.);
#890=EDGE_CURVE('',#715,#716,#21,.F.);
#891=EDGE_CURVE('',#716,#717,#482,.T.);
#892=EDGE_CURVE('',#717,#718,#22,.F.);
#893=EDGE_CURVE('',#718,#715,#483,.T.);
#894=EDGE_CURVE('',#717,#708,#407,.F.);
#895=EDGE_CURVE('',#705,#716,#408,.F.);
#896=EDGE_CURVE('',#719,#720,#109,.T.);
#897=EDGE_CURVE('',#720,#721,#409,.T.);
#898=EDGE_CURVE('',#721,#719,#410,.T.);
#899=EDGE_CURVE('',#722,#723,#110,.T.);
#900=EDGE_CURVE('',#723,#720,#411,.T.);
#901=EDGE_CURVE('',#719,#722,#412,.T.);
#902=EDGE_CURVE('',#724,#725,#111,.T.);
#903=EDGE_CURVE('',#725,#723,#484,.T.);
#904=EDGE_CURVE('',#722,#724,#485,.T.);
#905=EDGE_CURVE('',#726,#727,#112,.T.);
#906=EDGE_CURVE('',#727,#725,#413,.T.);
#907=EDGE_CURVE('',#724,#726,#414,.T.);
#908=EDGE_CURVE('',#726,#728,#415,.T.);
#909=EDGE_CURVE('',#728,#727,#416,.T.);
#910=EDGE_CURVE('',#724,#729,#486,.T.);
#911=EDGE_CURVE('',#729,#730,#113,.F.);
#912=EDGE_CURVE('',#730,#731,#487,.T.);
#913=EDGE_CURVE('',#731,#728,#488,.T.);
#914=EDGE_CURVE('',#732,#722,#489,.T.);
#915=EDGE_CURVE('',#733,#732,#490,.T.);
#916=EDGE_CURVE('',#729,#733,#491,.T.);
#917=EDGE_CURVE('',#734,#718,#492,.T.);
#918=EDGE_CURVE('',#715,#734,#493,.T.);
#919=EDGE_CURVE('',#721,#735,#494,.T.);
#920=EDGE_CURVE('',#735,#736,#495,.T.);
#921=EDGE_CURVE('',#736,#732,#114,.F.);
#922=EDGE_CURVE('',#720,#737,#496,.T.);
#923=EDGE_CURVE('',#738,#737,#115,.T.);
#924=EDGE_CURVE('',#721,#738,#116,.T.);
#925=EDGE_CURVE('',#710,#738,#117,.T.);
#926=EDGE_CURVE('',#737,#711,#118,.T.);
#927=EDGE_CURVE('',#739,#712,#119,.T.);
#928=EDGE_CURVE('',#737,#739,#497,.T.);
#929=EDGE_CURVE('',#740,#713,#120,.T.);
#930=EDGE_CURVE('',#739,#740,#121,.T.);
#931=EDGE_CURVE('',#710,#741,#23,.F.);
#932=EDGE_CURVE('',#741,#721,#122,.T.);
#933=EDGE_CURVE('',#741,#735,#24,.F.);
#934=EDGE_CURVE('',#742,#713,#25,.F.);
#935=EDGE_CURVE('',#740,#728,#123,.T.);
#936=EDGE_CURVE('',#728,#742,#124,.T.);
#937=EDGE_CURVE('',#731,#742,#26,.F.);
#938=EDGE_CURVE('',#743,#731,#498,.T.);
#939=EDGE_CURVE('',#744,#730,#499,.T.);
#940=EDGE_CURVE('',#743,#744,#500,.T.);
#941=EDGE_CURVE('',#739,#727,#501,.T.);
#942=EDGE_CURVE('',#745,#705,#502,.T.);
#943=EDGE_CURVE('',#734,#745,#417,.T.);
#944=EDGE_CURVE('',#708,#745,#503,.T.);
#945=EDGE_CURVE('',#746,#745,#504,.T.);
#946=EDGE_CURVE('',#747,#746,#505,.T.);
#947=EDGE_CURVE('',#709,#747,#506,.T.);
#948=EDGE_CURVE('',#748,#748,#125,.T.);
#949=EDGE_CURVE('',#749,#749,#126,.T.);
#950=EDGE_CURVE('',#750,#714,#507,.T.);
#951=EDGE_CURVE('',#746,#750,#508,.T.);
#952=EDGE_CURVE('',#751,#751,#127,.T.);
#953=EDGE_CURVE('',#752,#752,#128,.T.);
#954=EDGE_CURVE('',#753,#736,#129,.F.);
#955=EDGE_CURVE('',#732,#753,#130,.F.);
#956=EDGE_CURVE('',#754,#755,#131,.F.);
#957=EDGE_CURVE('',#756,#754,#132,.F.);
#958=EDGE_CURVE('',#755,#756,#133,.F.);
#959=EDGE_CURVE('',#747,#757,#134,.F.);
#960=EDGE_CURVE('',#758,#747,#135,.F.);
#961=EDGE_CURVE('',#757,#758,#136,.F.);
#962=EDGE_CURVE('',#759,#729,#137,.F.);
#963=EDGE_CURVE('',#730,#759,#138,.F.);
#964=EDGE_CURVE('',#760,#744,#139,.F.);
#965=EDGE_CURVE('',#761,#760,#140,.F.);
#966=EDGE_CURVE('',#744,#761,#141,.F.);
#967=EDGE_CURVE('',#762,#761,#509,.T.);
#968=EDGE_CURVE('',#760,#763,#510,.T.);
#969=EDGE_CURVE('',#763,#762,#418,.T.);
#970=EDGE_CURVE('',#743,#750,#142,.F.);
#971=EDGE_CURVE('',#764,#743,#143,.F.);
#972=EDGE_CURVE('',#750,#764,#144,.F.);
#973=EDGE_CURVE('',#761,#764,#511,.T.);
#974=EDGE_CURVE('',#764,#765,#512,.T.);
#975=EDGE_CURVE('',#765,#746,#419,.T.);
#976=EDGE_CURVE('',#759,#760,#513,.T.);
#977=EDGE_CURVE('',#765,#758,#514,.T.);
#978=EDGE_CURVE('',#766,#759,#515,.T.);
#979=EDGE_CURVE('',#733,#766,#420,.T.);
#980=EDGE_CURVE('',#763,#755,#516,.T.);
#981=EDGE_CURVE('',#756,#762,#517,.T.);
#982=EDGE_CURVE('',#754,#757,#518,.T.);
#983=EDGE_CURVE('',#758,#756,#519,.T.);
#984=EDGE_CURVE('',#757,#735,#520,.T.);
#985=EDGE_CURVE('',#753,#766,#521,.T.);
#986=EDGE_CURVE('',#736,#754,#522,.T.);
#987=EDGE_CURVE('',#755,#753,#523,.T.);
#988=EDGE_CURVE('',#763,#766,#524,.T.);
#989=EDGE_CURVE('',#767,#767,#145,.T.);
#990=EDGE_CURVE('',#768,#768,#146,.T.);
#991=EDGE_CURVE('',#748,#769,#525,.T.);
#992=EDGE_CURVE('',#770,#769,#147,.T.);
#993=EDGE_CURVE('',#769,#770,#148,.T.);
#994=EDGE_CURVE('',#749,#771,#526,.T.);
#995=EDGE_CURVE('',#772,#771,#149,.T.);
#996=EDGE_CURVE('',#771,#772,#150,.T.);
#997=EDGE_CURVE('',#772,#768,#527,.T.);
#998=EDGE_CURVE('',#770,#767,#528,.T.);
#999=EDGE_CURVE('',#751,#773,#529,.T.);
#1000=EDGE_CURVE('',#773,#773,#151,.T.);
#1001=EDGE_CURVE('',#752,#774,#530,.T.);
#1002=EDGE_CURVE('',#774,#774,#152,.T.);
#1003=EDGE_CURVE('',#774,#775,#531,.T.);
#1004=EDGE_CURVE('',#775,#775,#153,.T.);
#1005=EDGE_CURVE('',#773,#776,#532,.T.);
#1006=EDGE_CURVE('',#776,#776,#154,.T.);
#1007=ORIENTED_EDGE('',*,*,#777,.T.);
#1008=ORIENTED_EDGE('',*,*,#778,.T.);
#1009=ORIENTED_EDGE('',*,*,#779,.T.);
#1010=ORIENTED_EDGE('',*,*,#780,.T.);
#1011=ORIENTED_EDGE('',*,*,#781,.T.);
#1012=ORIENTED_EDGE('',*,*,#782,.T.);
#1013=ORIENTED_EDGE('',*,*,#783,.T.);
#1014=ORIENTED_EDGE('',*,*,#780,.F.);
#1015=ORIENTED_EDGE('',*,*,#777,.F.);
#1016=ORIENTED_EDGE('',*,*,#784,.T.);
#1017=ORIENTED_EDGE('',*,*,#785,.F.);
#1018=ORIENTED_EDGE('',*,*,#786,.F.);
#1019=ORIENTED_EDGE('',*,*,#787,.F.);
#1020=ORIENTED_EDGE('',*,*,#788,.T.);
#1021=ORIENTED_EDGE('',*,*,#789,.T.);
#1022=ORIENTED_EDGE('',*,*,#790,.T.);
#1023=ORIENTED_EDGE('',*,*,#783,.F.);
#1024=ORIENTED_EDGE('',*,*,#791,.F.);
#1025=ORIENTED_EDGE('',*,*,#792,.T.);
#1026=ORIENTED_EDGE('',*,*,#793,.F.);
#1027=ORIENTED_EDGE('',*,*,#794,.F.);
#1028=ORIENTED_EDGE('',*,*,#784,.F.);
#1029=ORIENTED_EDGE('',*,*,#795,.T.);
#1030=ORIENTED_EDGE('',*,*,#796,.T.);
#1031=ORIENTED_EDGE('',*,*,#797,.T.);
#1032=ORIENTED_EDGE('',*,*,#798,.T.);
#1033=ORIENTED_EDGE('',*,*,#799,.T.);
#1034=ORIENTED_EDGE('',*,*,#800,.T.);
#1035=ORIENTED_EDGE('',*,*,#797,.F.);
#1036=ORIENTED_EDGE('',*,*,#801,.T.);
#1037=ORIENTED_EDGE('',*,*,#802,.T.);
#1038=ORIENTED_EDGE('',*,*,#803,.T.);
#1039=ORIENTED_EDGE('',*,*,#804,.T.);
#1040=ORIENTED_EDGE('',*,*,#800,.F.);
#1041=ORIENTED_EDGE('',*,*,#805,.F.);
#1042=ORIENTED_EDGE('',*,*,#806,.F.);
#1043=ORIENTED_EDGE('',*,*,#807,.F.);
#1044=ORIENTED_EDGE('',*,*,#808,.F.);
#1045=ORIENTED_EDGE('',*,*,#801,.F.);
#1046=ORIENTED_EDGE('',*,*,#809,.T.);
#1047=ORIENTED_EDGE('',*,*,#806,.T.);
#1048=ORIENTED_EDGE('',*,*,#810,.T.);
#1049=ORIENTED_EDGE('',*,*,#811,.T.);
#1050=ORIENTED_EDGE('',*,*,#809,.F.);
#1051=ORIENTED_EDGE('',*,*,#812,.T.);
#1052=ORIENTED_EDGE('',*,*,#813,.T.);
#1053=ORIENTED_EDGE('',*,*,#814,.T.);
#1054=ORIENTED_EDGE('',*,*,#807,.T.);
#1055=ORIENTED_EDGE('',*,*,#815,.F.);
#1056=ORIENTED_EDGE('',*,*,#816,.F.);
#1057=ORIENTED_EDGE('',*,*,#803,.F.);
#1058=ORIENTED_EDGE('',*,*,#817,.T.);
#1059=ORIENTED_EDGE('',*,*,#815,.T.);
#1060=ORIENTED_EDGE('',*,*,#818,.T.);
#1061=ORIENTED_EDGE('',*,*,#819,.T.);
#1062=ORIENTED_EDGE('',*,*,#820,.F.);
#1063=ORIENTED_EDGE('',*,*,#821,.F.);
#1064=ORIENTED_EDGE('',*,*,#822,.F.);
#1065=ORIENTED_EDGE('',*,*,#821,.T.);
#1066=ORIENTED_EDGE('',*,*,#823,.T.);
#1067=ORIENTED_EDGE('',*,*,#816,.T.);
#1068=ORIENTED_EDGE('',*,*,#824,.T.);
#1069=ORIENTED_EDGE('',*,*,#813,.F.);
#1070=ORIENTED_EDGE('',*,*,#825,.F.);
#1071=ORIENTED_EDGE('',*,*,#826,.F.);
#1072=ORIENTED_EDGE('',*,*,#827,.F.);
#1073=ORIENTED_EDGE('',*,*,#828,.F.);
#1074=ORIENTED_EDGE('',*,*,#829,.F.);
#1075=ORIENTED_EDGE('',*,*,#830,.F.);
#1076=ORIENTED_EDGE('',*,*,#831,.T.);
#1077=ORIENTED_EDGE('',*,*,#828,.T.);
#1078=ORIENTED_EDGE('',*,*,#793,.T.);
#1079=ORIENTED_EDGE('',*,*,#820,.T.);
#1080=ORIENTED_EDGE('',*,*,#832,.T.);
#1081=ORIENTED_EDGE('',*,*,#829,.T.);
#1082=ORIENTED_EDGE('',*,*,#833,.T.);
#1083=ORIENTED_EDGE('',*,*,#834,.F.);
#1084=ORIENTED_EDGE('',*,*,#835,.F.);
#1085=ORIENTED_EDGE('',*,*,#836,.F.);
#1086=ORIENTED_EDGE('',*,*,#835,.T.);
#1087=ORIENTED_EDGE('',*,*,#837,.T.);
#1088=ORIENTED_EDGE('',*,*,#825,.T.);
#1089=ORIENTED_EDGE('',*,*,#838,.T.);
#1090=ORIENTED_EDGE('',*,*,#794,.T.);
#1091=ORIENTED_EDGE('',*,*,#827,.T.);
#1092=ORIENTED_EDGE('',*,*,#839,.T.);
#1093=ORIENTED_EDGE('',*,*,#840,.T.);
#1094=ORIENTED_EDGE('',*,*,#841,.F.);
#1095=ORIENTED_EDGE('',*,*,#842,.F.);
#1096=ORIENTED_EDGE('',*,*,#843,.F.);
#1097=ORIENTED_EDGE('',*,*,#844,.T.);
#1098=ORIENTED_EDGE('',*,*,#786,.T.);
#1099=ORIENTED_EDGE('',*,*,#842,.T.);
#1100=ORIENTED_EDGE('',*,*,#845,.T.);
#1101=ORIENTED_EDGE('',*,*,#846,.T.);
#1102=ORIENTED_EDGE('',*,*,#843,.T.);
#1103=ORIENTED_EDGE('',*,*,#785,.T.);
#1104=ORIENTED_EDGE('',*,*,#840,.F.);
#1105=ORIENTED_EDGE('',*,*,#841,.T.);
#1106=ORIENTED_EDGE('',*,*,#847,.T.);
#1107=ORIENTED_EDGE('',*,*,#836,.T.);
#1108=ORIENTED_EDGE('',*,*,#848,.T.);
#1109=ORIENTED_EDGE('',*,*,#849,.T.);
#1110=ORIENTED_EDGE('',*,*,#834,.T.);
#1111=ORIENTED_EDGE('',*,*,#850,.T.);
#1112=ORIENTED_EDGE('',*,*,#851,.T.);
#1113=ORIENTED_EDGE('',*,*,#852,.T.);
#1114=ORIENTED_EDGE('',*,*,#822,.T.);
#1115=ORIENTED_EDGE('',*,*,#853,.T.);
#1116=ORIENTED_EDGE('',*,*,#851,.F.);
#1117=ORIENTED_EDGE('',*,*,#854,.T.);
#1118=ORIENTED_EDGE('',*,*,#826,.T.);
#1119=ORIENTED_EDGE('',*,*,#855,.T.);
#1120=ORIENTED_EDGE('',*,*,#819,.F.);
#1121=ORIENTED_EDGE('',*,*,#855,.F.);
#1122=ORIENTED_EDGE('',*,*,#837,.F.);
#1123=ORIENTED_EDGE('',*,*,#849,.F.);
#1124=ORIENTED_EDGE('',*,*,#856,.T.);
#1125=ORIENTED_EDGE('',*,*,#857,.T.);
#1126=ORIENTED_EDGE('',*,*,#858,.T.);
#1127=ORIENTED_EDGE('',*,*,#811,.F.);
#1128=ORIENTED_EDGE('',*,*,#859,.F.);
#1129=ORIENTED_EDGE('',*,*,#845,.F.);
#1130=ORIENTED_EDGE('',*,*,#848,.F.);
#1131=ORIENTED_EDGE('',*,*,#838,.F.);
#1132=ORIENTED_EDGE('',*,*,#812,.F.);
#1133=ORIENTED_EDGE('',*,*,#814,.F.);
#1134=ORIENTED_EDGE('',*,*,#854,.F.);
#1135=ORIENTED_EDGE('',*,*,#818,.F.);
#1136=ORIENTED_EDGE('',*,*,#802,.F.);
#1137=ORIENTED_EDGE('',*,*,#808,.T.);
#1138=ORIENTED_EDGE('',*,*,#860,.T.);
#1139=ORIENTED_EDGE('',*,*,#781,.F.);
#1140=ORIENTED_EDGE('',*,*,#779,.F.);
#1141=ORIENTED_EDGE('',*,*,#832,.F.);
#1142=ORIENTED_EDGE('',*,*,#852,.F.);
#1143=ORIENTED_EDGE('',*,*,#850,.F.);
#1144=ORIENTED_EDGE('',*,*,#847,.F.);
#1145=ORIENTED_EDGE('',*,*,#846,.F.);
#1146=ORIENTED_EDGE('',*,*,#839,.F.);
#1147=ORIENTED_EDGE('',*,*,#861,.T.);
#1148=ORIENTED_EDGE('',*,*,#791,.T.);
#1149=ORIENTED_EDGE('',*,*,#782,.F.);
#1150=ORIENTED_EDGE('',*,*,#860,.F.);
#1151=ORIENTED_EDGE('',*,*,#778,.F.);
#1152=ORIENTED_EDGE('',*,*,#788,.F.);
#1153=ORIENTED_EDGE('',*,*,#799,.F.);
#1154=ORIENTED_EDGE('',*,*,#862,.T.);
#1155=ORIENTED_EDGE('',*,*,#830,.T.);
#1156=ORIENTED_EDGE('',*,*,#792,.F.);
#1157=ORIENTED_EDGE('',*,*,#861,.F.);
#1158=ORIENTED_EDGE('',*,*,#787,.T.);
#1159=ORIENTED_EDGE('',*,*,#844,.F.);
#1160=ORIENTED_EDGE('',*,*,#859,.T.);
#1161=ORIENTED_EDGE('',*,*,#810,.F.);
#1162=ORIENTED_EDGE('',*,*,#805,.T.);
#1163=ORIENTED_EDGE('',*,*,#796,.F.);
#1164=ORIENTED_EDGE('',*,*,#863,.T.);
#1165=ORIENTED_EDGE('',*,*,#864,.F.);
#1166=ORIENTED_EDGE('',*,*,#865,.F.);
#1167=ORIENTED_EDGE('',*,*,#863,.F.);
#1168=ORIENTED_EDGE('',*,*,#795,.F.);
#1169=ORIENTED_EDGE('',*,*,#866,.T.);
#1170=ORIENTED_EDGE('',*,*,#867,.F.);
#1171=ORIENTED_EDGE('',*,*,#868,.F.);
#1172=ORIENTED_EDGE('',*,*,#866,.F.);
#1173=ORIENTED_EDGE('',*,*,#868,.T.);
#1174=ORIENTED_EDGE('',*,*,#869,.T.);
#1175=ORIENTED_EDGE('',*,*,#870,.F.);
#1176=ORIENTED_EDGE('',*,*,#869,.F.);
#1177=ORIENTED_EDGE('',*,*,#867,.T.);
#1178=ORIENTED_EDGE('',*,*,#865,.T.);
#1179=ORIENTED_EDGE('',*,*,#871,.T.);
#1180=ORIENTED_EDGE('',*,*,#872,.F.);
#1181=ORIENTED_EDGE('',*,*,#871,.F.);
#1182=ORIENTED_EDGE('',*,*,#864,.T.);
#1183=ORIENTED_EDGE('',*,*,#790,.F.);
#1184=ORIENTED_EDGE('',*,*,#873,.T.);
#1185=ORIENTED_EDGE('',*,*,#874,.F.);
#1186=ORIENTED_EDGE('',*,*,#873,.F.);
#1187=ORIENTED_EDGE('',*,*,#789,.F.);
#1188=ORIENTED_EDGE('',*,*,#875,.T.);
#1189=ORIENTED_EDGE('',*,*,#876,.F.);
#1190=ORIENTED_EDGE('',*,*,#875,.F.);
#1191=ORIENTED_EDGE('',*,*,#876,.T.);
#1192=ORIENTED_EDGE('',*,*,#877,.T.);
#1193=ORIENTED_EDGE('',*,*,#858,.F.);
#1194=ORIENTED_EDGE('',*,*,#877,.F.);
#1195=ORIENTED_EDGE('',*,*,#874,.T.);
#1196=ORIENTED_EDGE('',*,*,#878,.T.);
#1197=ORIENTED_EDGE('',*,*,#857,.F.);
#1198=ORIENTED_EDGE('',*,*,#878,.F.);
#1199=ORIENTED_EDGE('',*,*,#817,.F.);
#1200=ORIENTED_EDGE('',*,*,#856,.F.);
#1201=ORIENTED_EDGE('',*,*,#853,.F.);
#1202=ORIENTED_EDGE('',*,*,#824,.F.);
#1203=ORIENTED_EDGE('',*,*,#870,.T.);
#1204=ORIENTED_EDGE('',*,*,#872,.T.);
#1205=ORIENTED_EDGE('',*,*,#798,.F.);
#1206=ORIENTED_EDGE('',*,*,#804,.F.);
#1207=ORIENTED_EDGE('',*,*,#823,.F.);
#1208=ORIENTED_EDGE('',*,*,#833,.F.);
#1209=ORIENTED_EDGE('',*,*,#831,.F.);
#1210=ORIENTED_EDGE('',*,*,#862,.F.);
#1211=ORIENTED_EDGE('',*,*,#879,.T.);
#1212=ORIENTED_EDGE('',*,*,#880,.T.);
#1213=ORIENTED_EDGE('',*,*,#881,.T.);
#1214=ORIENTED_EDGE('',*,*,#882,.T.);
#1215=ORIENTED_EDGE('',*,*,#880,.F.);
#1216=ORIENTED_EDGE('',*,*,#883,.T.);
#1217=ORIENTED_EDGE('',*,*,#884,.F.);
#1218=ORIENTED_EDGE('',*,*,#885,.F.);
#1219=ORIENTED_EDGE('',*,*,#886,.F.);
#1220=ORIENTED_EDGE('',*,*,#887,.F.);
#1221=ORIENTED_EDGE('',*,*,#888,.T.);
#1222=ORIENTED_EDGE('',*,*,#889,.T.);
#1223=ORIENTED_EDGE('',*,*,#890,.T.);
#1224=ORIENTED_EDGE('',*,*,#891,.T.);
#1225=ORIENTED_EDGE('',*,*,#892,.T.);
#1226=ORIENTED_EDGE('',*,*,#893,.T.);
#1227=ORIENTED_EDGE('',*,*,#882,.F.);
#1228=ORIENTED_EDGE('',*,*,#894,.F.);
#1229=ORIENTED_EDGE('',*,*,#891,.F.);
#1230=ORIENTED_EDGE('',*,*,#895,.F.);
#1231=ORIENTED_EDGE('',*,*,#896,.T.);
#1232=ORIENTED_EDGE('',*,*,#897,.T.);
#1233=ORIENTED_EDGE('',*,*,#898,.T.);
#1234=ORIENTED_EDGE('',*,*,#899,.T.);
#1235=ORIENTED_EDGE('',*,*,#900,.T.);
#1236=ORIENTED_EDGE('',*,*,#896,.F.);
#1237=ORIENTED_EDGE('',*,*,#901,.T.);
#1238=ORIENTED_EDGE('',*,*,#902,.T.);
#1239=ORIENTED_EDGE('',*,*,#903,.T.);
#1240=ORIENTED_EDGE('',*,*,#899,.F.);
#1241=ORIENTED_EDGE('',*,*,#904,.T.);
#1242=ORIENTED_EDGE('',*,*,#905,.T.);
#1243=ORIENTED_EDGE('',*,*,#906,.T.);
#1244=ORIENTED_EDGE('',*,*,#902,.F.);
#1245=ORIENTED_EDGE('',*,*,#907,.T.);
#1246=ORIENTED_EDGE('',*,*,#908,.T.);
#1247=ORIENTED_EDGE('',*,*,#909,.T.);
#1248=ORIENTED_EDGE('',*,*,#905,.F.);
#1249=ORIENTED_EDGE('',*,*,#908,.F.);
#1250=ORIENTED_EDGE('',*,*,#907,.F.);
#1251=ORIENTED_EDGE('',*,*,#910,.T.);
#1252=ORIENTED_EDGE('',*,*,#911,.T.);
#1253=ORIENTED_EDGE('',*,*,#912,.T.);
#1254=ORIENTED_EDGE('',*,*,#913,.T.);
#1255=ORIENTED_EDGE('',*,*,#904,.F.);
#1256=ORIENTED_EDGE('',*,*,#914,.F.);
#1257=ORIENTED_EDGE('',*,*,#915,.F.);
#1258=ORIENTED_EDGE('',*,*,#916,.F.);
#1259=ORIENTED_EDGE('',*,*,#910,.F.);
#1260=ORIENTED_EDGE('',*,*,#917,.F.);
#1261=ORIENTED_EDGE('',*,*,#918,.F.);
#1262=ORIENTED_EDGE('',*,*,#893,.F.);
#1263=ORIENTED_EDGE('',*,*,#901,.F.);
#1264=ORIENTED_EDGE('',*,*,#898,.F.);
#1265=ORIENTED_EDGE('',*,*,#919,.T.);
#1266=ORIENTED_EDGE('',*,*,#920,.T.);
#1267=ORIENTED_EDGE('',*,*,#921,.T.);
#1268=ORIENTED_EDGE('',*,*,#914,.T.);
#1269=ORIENTED_EDGE('',*,*,#897,.F.);
#1270=ORIENTED_EDGE('',*,*,#922,.T.);
#1271=ORIENTED_EDGE('',*,*,#923,.F.);
#1272=ORIENTED_EDGE('',*,*,#924,.F.);
#1273=ORIENTED_EDGE('',*,*,#925,.T.);
#1274=ORIENTED_EDGE('',*,*,#923,.T.);
#1275=ORIENTED_EDGE('',*,*,#926,.T.);
#1276=ORIENTED_EDGE('',*,*,#885,.T.);
#1277=ORIENTED_EDGE('',*,*,#927,.T.);
#1278=ORIENTED_EDGE('',*,*,#886,.T.);
#1279=ORIENTED_EDGE('',*,*,#926,.F.);
#1280=ORIENTED_EDGE('',*,*,#928,.T.);
#1281=ORIENTED_EDGE('',*,*,#929,.T.);
#1282=ORIENTED_EDGE('',*,*,#887,.T.);
#1283=ORIENTED_EDGE('',*,*,#927,.F.);
#1284=ORIENTED_EDGE('',*,*,#930,.T.);
#1285=ORIENTED_EDGE('',*,*,#931,.T.);
#1286=ORIENTED_EDGE('',*,*,#932,.T.);
#1287=ORIENTED_EDGE('',*,*,#924,.T.);
#1288=ORIENTED_EDGE('',*,*,#925,.F.);
#1289=ORIENTED_EDGE('',*,*,#933,.T.);
#1290=ORIENTED_EDGE('',*,*,#919,.F.);
#1291=ORIENTED_EDGE('',*,*,#932,.F.);
#1292=ORIENTED_EDGE('',*,*,#934,.T.);
#1293=ORIENTED_EDGE('',*,*,#929,.F.);
#1294=ORIENTED_EDGE('',*,*,#935,.T.);
#1295=ORIENTED_EDGE('',*,*,#936,.T.);
#1296=ORIENTED_EDGE('',*,*,#937,.T.);
#1297=ORIENTED_EDGE('',*,*,#936,.F.);
#1298=ORIENTED_EDGE('',*,*,#913,.F.);
#1299=ORIENTED_EDGE('',*,*,#938,.T.);
#1300=ORIENTED_EDGE('',*,*,#912,.F.);
#1301=ORIENTED_EDGE('',*,*,#939,.F.);
#1302=ORIENTED_EDGE('',*,*,#940,.F.);
#1303=ORIENTED_EDGE('',*,*,#909,.F.);
#1304=ORIENTED_EDGE('',*,*,#935,.F.);
#1305=ORIENTED_EDGE('',*,*,#930,.F.);
#1306=ORIENTED_EDGE('',*,*,#941,.T.);
#1307=ORIENTED_EDGE('',*,*,#906,.F.);
#1308=ORIENTED_EDGE('',*,*,#941,.F.);
#1309=ORIENTED_EDGE('',*,*,#928,.F.);
#1310=ORIENTED_EDGE('',*,*,#922,.F.);
#1311=ORIENTED_EDGE('',*,*,#900,.F.);
#1312=ORIENTED_EDGE('',*,*,#903,.F.);
#1313=ORIENTED_EDGE('',*,*,#942,.T.);
#1314=ORIENTED_EDGE('',*,*,#895,.T.);
#1315=ORIENTED_EDGE('',*,*,#890,.F.);
#1316=ORIENTED_EDGE('',*,*,#918,.T.);
#1317=ORIENTED_EDGE('',*,*,#943,.T.);
#1318=ORIENTED_EDGE('',*,*,#917,.T.);
#1319=ORIENTED_EDGE('',*,*,#892,.F.);
#1320=ORIENTED_EDGE('',*,*,#894,.T.);
#1321=ORIENTED_EDGE('',*,*,#944,.T.);
#1322=ORIENTED_EDGE('',*,*,#943,.F.);
#1323=ORIENTED_EDGE('',*,*,#942,.F.);
#1324=ORIENTED_EDGE('',*,*,#945,.F.);
#1325=ORIENTED_EDGE('',*,*,#946,.F.);
#1326=ORIENTED_EDGE('',*,*,#947,.F.);
#1327=ORIENTED_EDGE('',*,*,#883,.F.);
#1328=ORIENTED_EDGE('',*,*,#879,.F.);
#1329=ORIENTED_EDGE('',*,*,#948,.T.);
#1330=ORIENTED_EDGE('',*,*,#949,.T.);
#1331=ORIENTED_EDGE('',*,*,#944,.F.);
#1332=ORIENTED_EDGE('',*,*,#881,.F.);
#1333=ORIENTED_EDGE('',*,*,#889,.F.);
#1334=ORIENTED_EDGE('',*,*,#950,.F.);
#1335=ORIENTED_EDGE('',*,*,#951,.F.);
#1336=ORIENTED_EDGE('',*,*,#945,.T.);
#1337=ORIENTED_EDGE('',*,*,#952,.T.);
#1338=ORIENTED_EDGE('',*,*,#953,.T.);
#1339=ORIENTED_EDGE('',*,*,#921,.F.);
#1340=ORIENTED_EDGE('',*,*,#954,.F.);
#1341=ORIENTED_EDGE('',*,*,#955,.F.);
#1342=ORIENTED_EDGE('',*,*,#956,.F.);
#1343=ORIENTED_EDGE('',*,*,#957,.F.);
#1344=ORIENTED_EDGE('',*,*,#958,.F.);
#1345=ORIENTED_EDGE('',*,*,#959,.F.);
#1346=ORIENTED_EDGE('',*,*,#960,.F.);
#1347=ORIENTED_EDGE('',*,*,#961,.F.);
#1348=ORIENTED_EDGE('',*,*,#962,.F.);
#1349=ORIENTED_EDGE('',*,*,#963,.F.);
#1350=ORIENTED_EDGE('',*,*,#911,.F.);
#1351=ORIENTED_EDGE('',*,*,#964,.F.);
#1352=ORIENTED_EDGE('',*,*,#965,.F.);
#1353=ORIENTED_EDGE('',*,*,#966,.F.);
#1354=ORIENTED_EDGE('',*,*,#967,.T.);
#1355=ORIENTED_EDGE('',*,*,#965,.T.);
#1356=ORIENTED_EDGE('',*,*,#968,.T.);
#1357=ORIENTED_EDGE('',*,*,#969,.T.);
#1358=ORIENTED_EDGE('',*,*,#970,.F.);
#1359=ORIENTED_EDGE('',*,*,#971,.F.);
#1360=ORIENTED_EDGE('',*,*,#972,.F.);
#1361=ORIENTED_EDGE('',*,*,#971,.T.);
#1362=ORIENTED_EDGE('',*,*,#940,.T.);
#1363=ORIENTED_EDGE('',*,*,#966,.T.);
#1364=ORIENTED_EDGE('',*,*,#973,.T.);
#1365=ORIENTED_EDGE('',*,*,#951,.T.);
#1366=ORIENTED_EDGE('',*,*,#972,.T.);
#1367=ORIENTED_EDGE('',*,*,#974,.T.);
#1368=ORIENTED_EDGE('',*,*,#975,.T.);
#1369=ORIENTED_EDGE('',*,*,#938,.F.);
#1370=ORIENTED_EDGE('',*,*,#970,.T.);
#1371=ORIENTED_EDGE('',*,*,#950,.T.);
#1372=ORIENTED_EDGE('',*,*,#888,.F.);
#1373=ORIENTED_EDGE('',*,*,#934,.F.);
#1374=ORIENTED_EDGE('',*,*,#937,.F.);
#1375=ORIENTED_EDGE('',*,*,#963,.T.);
#1376=ORIENTED_EDGE('',*,*,#976,.T.);
#1377=ORIENTED_EDGE('',*,*,#964,.T.);
#1378=ORIENTED_EDGE('',*,*,#939,.T.);
#1379=ORIENTED_EDGE('',*,*,#977,.T.);
#1380=ORIENTED_EDGE('',*,*,#960,.T.);
#1381=ORIENTED_EDGE('',*,*,#946,.T.);
#1382=ORIENTED_EDGE('',*,*,#975,.F.);
#1383=ORIENTED_EDGE('',*,*,#978,.T.);
#1384=ORIENTED_EDGE('',*,*,#962,.T.);
#1385=ORIENTED_EDGE('',*,*,#916,.T.);
#1386=ORIENTED_EDGE('',*,*,#979,.T.);
#1387=ORIENTED_EDGE('',*,*,#980,.T.);
#1388=ORIENTED_EDGE('',*,*,#958,.T.);
#1389=ORIENTED_EDGE('',*,*,#981,.T.);
#1390=ORIENTED_EDGE('',*,*,#969,.F.);
#1391=ORIENTED_EDGE('',*,*,#957,.T.);
#1392=ORIENTED_EDGE('',*,*,#982,.T.);
#1393=ORIENTED_EDGE('',*,*,#961,.T.);
#1394=ORIENTED_EDGE('',*,*,#983,.T.);
#1395=ORIENTED_EDGE('',*,*,#884,.T.);
#1396=ORIENTED_EDGE('',*,*,#947,.T.);
#1397=ORIENTED_EDGE('',*,*,#959,.T.);
#1398=ORIENTED_EDGE('',*,*,#984,.T.);
#1399=ORIENTED_EDGE('',*,*,#933,.F.);
#1400=ORIENTED_EDGE('',*,*,#931,.F.);
#1401=ORIENTED_EDGE('',*,*,#915,.T.);
#1402=ORIENTED_EDGE('',*,*,#955,.T.);
#1403=ORIENTED_EDGE('',*,*,#985,.T.);
#1404=ORIENTED_EDGE('',*,*,#979,.F.);
#1405=ORIENTED_EDGE('',*,*,#954,.T.);
#1406=ORIENTED_EDGE('',*,*,#986,.T.);
#1407=ORIENTED_EDGE('',*,*,#956,.T.);
#1408=ORIENTED_EDGE('',*,*,#987,.T.);
#1409=ORIENTED_EDGE('',*,*,#985,.F.);
#1410=ORIENTED_EDGE('',*,*,#987,.F.);
#1411=ORIENTED_EDGE('',*,*,#980,.F.);
#1412=ORIENTED_EDGE('',*,*,#988,.T.);
#1413=ORIENTED_EDGE('',*,*,#989,.T.);
#1414=ORIENTED_EDGE('',*,*,#990,.T.);
#1415=ORIENTED_EDGE('',*,*,#984,.F.);
#1416=ORIENTED_EDGE('',*,*,#982,.F.);
#1417=ORIENTED_EDGE('',*,*,#986,.F.);
#1418=ORIENTED_EDGE('',*,*,#920,.F.);
#1419=ORIENTED_EDGE('',*,*,#967,.F.);
#1420=ORIENTED_EDGE('',*,*,#981,.F.);
#1421=ORIENTED_EDGE('',*,*,#983,.F.);
#1422=ORIENTED_EDGE('',*,*,#977,.F.);
#1423=ORIENTED_EDGE('',*,*,#974,.F.);
#1424=ORIENTED_EDGE('',*,*,#973,.F.);
#1425=ORIENTED_EDGE('',*,*,#948,.F.);
#1426=ORIENTED_EDGE('',*,*,#991,.T.);
#1427=ORIENTED_EDGE('',*,*,#992,.F.);
#1428=ORIENTED_EDGE('',*,*,#993,.F.);
#1429=ORIENTED_EDGE('',*,*,#991,.F.);
#1430=ORIENTED_EDGE('',*,*,#949,.F.);
#1431=ORIENTED_EDGE('',*,*,#994,.T.);
#1432=ORIENTED_EDGE('',*,*,#995,.F.);
#1433=ORIENTED_EDGE('',*,*,#996,.F.);
#1434=ORIENTED_EDGE('',*,*,#994,.F.);
#1435=ORIENTED_EDGE('',*,*,#996,.T.);
#1436=ORIENTED_EDGE('',*,*,#997,.T.);
#1437=ORIENTED_EDGE('',*,*,#990,.F.);
#1438=ORIENTED_EDGE('',*,*,#997,.F.);
#1439=ORIENTED_EDGE('',*,*,#995,.T.);
#1440=ORIENTED_EDGE('',*,*,#993,.T.);
#1441=ORIENTED_EDGE('',*,*,#998,.T.);
#1442=ORIENTED_EDGE('',*,*,#989,.F.);
#1443=ORIENTED_EDGE('',*,*,#998,.F.);
#1444=ORIENTED_EDGE('',*,*,#992,.T.);
#1445=ORIENTED_EDGE('',*,*,#952,.F.);
#1446=ORIENTED_EDGE('',*,*,#999,.T.);
#1447=ORIENTED_EDGE('',*,*,#1000,.F.);
#1448=ORIENTED_EDGE('',*,*,#999,.F.);
#1449=ORIENTED_EDGE('',*,*,#953,.F.);
#1450=ORIENTED_EDGE('',*,*,#1001,.T.);
#1451=ORIENTED_EDGE('',*,*,#1002,.F.);
#1452=ORIENTED_EDGE('',*,*,#1001,.F.);
#1453=ORIENTED_EDGE('',*,*,#1002,.T.);
#1454=ORIENTED_EDGE('',*,*,#1003,.T.);
#1455=ORIENTED_EDGE('',*,*,#1004,.F.);
#1456=ORIENTED_EDGE('',*,*,#1003,.F.);
#1457=ORIENTED_EDGE('',*,*,#1000,.T.);
#1458=ORIENTED_EDGE('',*,*,#1005,.T.);
#1459=ORIENTED_EDGE('',*,*,#1006,.F.);
#1460=ORIENTED_EDGE('',*,*,#1005,.F.);
#1461=ORIENTED_EDGE('',*,*,#978,.F.);
#1462=ORIENTED_EDGE('',*,*,#988,.F.);
#1463=ORIENTED_EDGE('',*,*,#968,.F.);
#1464=ORIENTED_EDGE('',*,*,#976,.F.);
#1465=ORIENTED_EDGE('',*,*,#1004,.T.);
#1466=ORIENTED_EDGE('',*,*,#1006,.T.);
#1467=CYLINDRICAL_SURFACE('',#1632,1.);
#1468=CYLINDRICAL_SURFACE('',#1635,1.);
#1469=CYLINDRICAL_SURFACE('',#1643,1.);
#1470=CYLINDRICAL_SURFACE('',#1646,1.);
#1471=CYLINDRICAL_SURFACE('',#1651,1.);
#1472=CYLINDRICAL_SURFACE('',#1654,1.);
#1473=CYLINDRICAL_SURFACE('',#1659,1.);
#1474=CYLINDRICAL_SURFACE('',#1665,1.);
#1475=CYLINDRICAL_SURFACE('',#1673,1.);
#1476=CYLINDRICAL_SURFACE('',#1675,1.);
#1477=CYLINDRICAL_SURFACE('',#1680,1.);
#1478=CYLINDRICAL_SURFACE('',#1681,1.);
#1479=CYLINDRICAL_SURFACE('',#1687,1.);
#1480=CYLINDRICAL_SURFACE('',#1689,1.);
#1481=CYLINDRICAL_SURFACE('',#1690,1.);
#1482=CYLINDRICAL_SURFACE('',#1691,1.);
#1483=CYLINDRICAL_SURFACE('',#1693,1.);
#1484=CYLINDRICAL_SURFACE('',#1694,1.);
#1485=CYLINDRICAL_SURFACE('',#1709,2.);
#1486=CYLINDRICAL_SURFACE('',#1711,2.);
#1487=CYLINDRICAL_SURFACE('',#1717,2.);
#1488=CYLINDRICAL_SURFACE('',#1718,2.);
#1489=CYLINDRICAL_SURFACE('',#1721,0.5);
#1490=CYLINDRICAL_SURFACE('',#1729,0.5);
#1491=CYLINDRICAL_SURFACE('',#1739,0.5);
#1492=CYLINDRICAL_SURFACE('',#1746,1.);
#1493=CYLINDRICAL_SURFACE('',#1749,1.);
#1494=CYLINDRICAL_SURFACE('',#1751,1.);
#1495=CYLINDRICAL_SURFACE('',#1756,0.5);
#1496=CYLINDRICAL_SURFACE('',#1761,0.5);
#1497=CYLINDRICAL_SURFACE('',#1764,0.5);
#1498=CYLINDRICAL_SURFACE('',#1766,1.);
#1499=CYLINDRICAL_SURFACE('',#1768,1.);
#1500=CYLINDRICAL_SURFACE('',#1770,1.);
#1501=CYLINDRICAL_SURFACE('',#1795,1.);
#1502=CYLINDRICAL_SURFACE('',#1801,1.);
#1503=CYLINDRICAL_SURFACE('',#1802,1.);
#1504=CYLINDRICAL_SURFACE('',#1804,1.);
#1505=CYLINDRICAL_SURFACE('',#1805,1.);
#1506=CYLINDRICAL_SURFACE('',#1806,1.);
#1507=CYLINDRICAL_SURFACE('',#1807,1.);
#1508=CYLINDRICAL_SURFACE('',#1809,1.);
#1509=CYLINDRICAL_SURFACE('',#1810,1.);
#1510=CYLINDRICAL_SURFACE('',#1811,1.);
#1511=CYLINDRICAL_SURFACE('',#1812,1.);
#1512=CYLINDRICAL_SURFACE('',#1813,1.);
#1513=CYLINDRICAL_SURFACE('',#1825,2.);
#1514=CYLINDRICAL_SURFACE('',#1826,2.);
#1515=CYLINDRICAL_SURFACE('',#1831,2.);
#1516=CYLINDRICAL_SURFACE('',#1833,2.);
#1517=ADVANCED_FACE('',(#177),#1467,.T.);
#1518=ADVANCED_FACE('',(#178),#1468,.T.);
#1519=ADVANCED_FACE('',(#179,#51,#52),#155,.T.);
#1520=ADVANCED_FACE('',(#180,#53,#54),#156,.T.);
#1521=ADVANCED_FACE('',(#181),#1469,.T.);
#1522=ADVANCED_FACE('',(#182),#1470,.T.);
#1523=ADVANCED_FACE('',(#183),#157,.T.);
#1524=ADVANCED_FACE('',(#184),#1471,.T.);
#1525=ADVANCED_FACE('',(#185),#1472,.T.);
#1526=ADVANCED_FACE('',(#186),#39,.T.);
#1527=ADVANCED_FACE('',(#187),#1473,.T.);
#1528=ADVANCED_FACE('',(#188),#40,.T.);
#1529=ADVANCED_FACE('',(#189),#1474,.T.);
#1530=ADVANCED_FACE('',(#190),#41,.T.);
#1531=ADVANCED_FACE('',(#191),#42,.T.);
#1532=ADVANCED_FACE('',(#192),#1475,.T.);
#1533=ADVANCED_FACE('',(#193),#1476,.T.);
#1534=ADVANCED_FACE('',(#194),#43,.T.);
#1535=ADVANCED_FACE('',(#195),#1477,.T.);
#1536=ADVANCED_FACE('',(#196),#1478,.T.);
#1537=ADVANCED_FACE('',(#197),#44,.T.);
#1538=ADVANCED_FACE('',(#198),#1479,.T.);
#1539=ADVANCED_FACE('',(#199),#1480,.T.);
#1540=ADVANCED_FACE('',(#200),#1481,.T.);
#1541=ADVANCED_FACE('',(#201),#1482,.T.);
#1542=ADVANCED_FACE('',(#202),#1483,.T.);
#1543=ADVANCED_FACE('',(#203),#1484,.T.);
#1544=ADVANCED_FACE('',(#204,#55,#56),#158,.T.);
#1545=ADVANCED_FACE('',(#205),#159,.T.);
#1546=ADVANCED_FACE('',(#206,#57),#160,.T.);
#1547=ADVANCED_FACE('',(#207),#161,.T.);
#1548=ADVANCED_FACE('',(#208),#162,.T.);
#1549=ADVANCED_FACE('',(#209),#163,.F.);
#1550=ADVANCED_FACE('',(#210),#31,.F.);
#1551=ADVANCED_FACE('',(#211),#32,.F.);
#1552=ADVANCED_FACE('',(#212),#1485,.F.);
#1553=ADVANCED_FACE('',(#213),#1486,.F.);
#1554=ADVANCED_FACE('',(#214),#33,.F.);
#1555=ADVANCED_FACE('',(#215),#34,.F.);
#1556=ADVANCED_FACE('',(#216),#1487,.F.);
#1557=ADVANCED_FACE('',(#217),#1488,.F.);
#1558=ADVANCED_FACE('',(#218,#58,#59),#164,.T.);
#1559=ADVANCED_FACE('',(#219),#165,.T.);
#1560=ADVANCED_FACE('',(#220),#1489,.T.);
#1561=ADVANCED_FACE('',(#221),#166,.F.);
#1562=ADVANCED_FACE('',(#222),#1490,.T.);
#1563=ADVANCED_FACE('',(#223),#167,.T.);
#1564=ADVANCED_FACE('',(#224),#17,.F.);
#1565=ADVANCED_FACE('',(#225),#18,.F.);
#1566=ADVANCED_FACE('',(#226),#1491,.T.);
#1567=ADVANCED_FACE('',(#227),#19,.F.);
#1568=ADVANCED_FACE('',(#228),#20,.F.);
#1569=ADVANCED_FACE('',(#229),#1492,.T.);
#1570=ADVANCED_FACE('',(#230,#60),#168,.T.);
#1571=ADVANCED_FACE('',(#231),#1493,.T.);
#1572=ADVANCED_FACE('',(#232),#1494,.T.);
#1573=ADVANCED_FACE('',(#233),#13,.F.);
#1574=ADVANCED_FACE('',(#234),#1495,.T.);
#1575=ADVANCED_FACE('',(#235),#14,.F.);
#1576=ADVANCED_FACE('',(#236),#15,.F.);
#1577=ADVANCED_FACE('',(#237),#1496,.T.);
#1578=ADVANCED_FACE('',(#238),#16,.F.);
#1579=ADVANCED_FACE('',(#239),#1497,.T.);
#1580=ADVANCED_FACE('',(#240),#169,.T.);
#1581=ADVANCED_FACE('',(#241),#1498,.T.);
#1582=ADVANCED_FACE('',(#242),#170,.T.);
#1583=ADVANCED_FACE('',(#243),#1499,.T.);
#1584=ADVANCED_FACE('',(#244),#1500,.T.);
#1585=ADVANCED_FACE('',(#245,#61,#62),#171,.T.);
#1586=ADVANCED_FACE('',(#246,#63,#64),#172,.T.);
#1587=ADVANCED_FACE('',(#247),#45,.T.);
#1588=ADVANCED_FACE('',(#248),#46,.T.);
#1589=ADVANCED_FACE('',(#249),#47,.T.);
#1590=ADVANCED_FACE('',(#250),#48,.T.);
#1591=ADVANCED_FACE('',(#251),#49,.T.);
#1592=ADVANCED_FACE('',(#252),#1501,.T.);
#1593=ADVANCED_FACE('',(#253),#50,.T.);
#1594=ADVANCED_FACE('',(#254),#1502,.T.);
#1595=ADVANCED_FACE('',(#255),#1503,.T.);
#1596=ADVANCED_FACE('',(#256),#1504,.T.);
#1597=ADVANCED_FACE('',(#257),#1505,.T.);
#1598=ADVANCED_FACE('',(#258),#1506,.T.);
#1599=ADVANCED_FACE('',(#259),#1507,.T.);
#1600=ADVANCED_FACE('',(#260),#1508,.T.);
#1601=ADVANCED_FACE('',(#261),#1509,.T.);
#1602=ADVANCED_FACE('',(#262),#1510,.T.);
#1603=ADVANCED_FACE('',(#263),#1511,.T.);
#1604=ADVANCED_FACE('',(#264),#1512,.T.);
#1605=ADVANCED_FACE('',(#265,#65,#66),#173,.T.);
#1606=ADVANCED_FACE('',(#266),#174,.T.);
#1607=ADVANCED_FACE('',(#267),#175,.F.);
#1608=ADVANCED_FACE('',(#268),#35,.F.);
#1609=ADVANCED_FACE('',(#269),#36,.F.);
#1610=ADVANCED_FACE('',(#270),#1513,.F.);
#1611=ADVANCED_FACE('',(#271),#1514,.F.);
#1612=ADVANCED_FACE('',(#272),#37,.F.);
#1613=ADVANCED_FACE('',(#273),#38,.F.);
#1614=ADVANCED_FACE('',(#274),#1515,.F.);
#1615=ADVANCED_FACE('',(#275),#1516,.F.);
#1616=ADVANCED_FACE('',(#276,#67,#68),#176,.T.);
#1617=CLOSED_SHELL('',(#1517,#1518,#1519,#1520,#1521,#1522,#1523,#1524,
#1525,#1526,#1527,#1528,#1529,#1530,#1531,#1532,#1533,#1534,#1535,#1536,
#1537,#1538,#1539,#1540,#1541,#1542,#1543,#1544,#1545,#1546,#1547,#1548,
#1549,#1550,#1551,#1552,#1553,#1554,#1555,#1556,#1557,#1558,#1559));
#1618=CLOSED_SHELL('',(#1560,#1561,#1562,#1563,#1564,#1565,#1566,#1567,
#1568,#1569,#1570,#1571,#1572,#1573,#1574,#1575,#1576,#1577,#1578,#1579,
#1580,#1581,#1582,#1583,#1584,#1585,#1586,#1587,#1588,#1589,#1590,#1591,
#1592,#1593,#1594,#1595,#1596,#1597,#1598,#1599,#1600,#1601,#1602,#1603,
#1604,#1605,#1606,#1607,#1608,#1609,#1610,#1611,#1612,#1613,#1614,#1615,
#1616));
#1619=DERIVED_UNIT_ELEMENT(#1621,1.);
#1620=DERIVED_UNIT_ELEMENT(#2976,-3.);
#1621=(
MASS_UNIT()
NAMED_UNIT(*)
SI_UNIT(.KILO.,.GRAM.)
);
#1622=DERIVED_UNIT((#1619,#1620));
#1623=MEASURE_REPRESENTATION_ITEM('density measure',
POSITIVE_RATIO_MEASURE(7850.),#1622);
#1624=PROPERTY_DEFINITION_REPRESENTATION(#1629,#1626);
#1625=PROPERTY_DEFINITION_REPRESENTATION(#1630,#1627);
#1626=REPRESENTATION('material name',(#1628),#2973);
#1627=REPRESENTATION('density',(#1623),#2973);
#1628=DESCRIPTIVE_REPRESENTATION_ITEM('Steel','Steel');
#1629=PROPERTY_DEFINITION('material property','material name',#2983);
#1630=PROPERTY_DEFINITION('material property','density of part',#2983);
#1631=AXIS2_PLACEMENT_3D('',#2358,#1836,#1837);
#1632=AXIS2_PLACEMENT_3D('',#2359,#1838,#1839);
#1633=AXIS2_PLACEMENT_3D('',#2364,#1841,#1842);
#1634=AXIS2_PLACEMENT_3D('',#2367,#1844,#1845);
#1635=AXIS2_PLACEMENT_3D('',#2368,#1846,#1847);
#1636=AXIS2_PLACEMENT_3D('',#2372,#1849,#1850);
#1637=AXIS2_PLACEMENT_3D('',#2374,#1852,#1853);
#1638=AXIS2_PLACEMENT_3D('',#2385,#1859,#1860);
#1639=AXIS2_PLACEMENT_3D('',#2387,#1861,#1862);
#1640=AXIS2_PLACEMENT_3D('',#2388,#1863,#1864);
#1641=AXIS2_PLACEMENT_3D('',#2397,#1869,#1870);
#1642=AXIS2_PLACEMENT_3D('',#2399,#1871,#1872);
#1643=AXIS2_PLACEMENT_3D('',#2400,#1873,#1874);
#1644=AXIS2_PLACEMENT_3D('',#2403,#1875,#1876);
#1645=AXIS2_PLACEMENT_3D('',#2407,#1878,#1879);
#1646=AXIS2_PLACEMENT_3D('',#2409,#1881,#1882);
#1647=AXIS2_PLACEMENT_3D('',#2411,#1883,#1884);
#1648=AXIS2_PLACEMENT_3D('',#2415,#1886,#1887);
#1649=AXIS2_PLACEMENT_3D('',#2417,#1889,#1890);
#1650=AXIS2_PLACEMENT_3D('',#2423,#1893,#1894);
#1651=AXIS2_PLACEMENT_3D('',#2425,#1896,#1897);
#1652=AXIS2_PLACEMENT_3D('',#2427,#1898,#1899);
#1653=AXIS2_PLACEMENT_3D('',#2429,#1900,#1901);
#1654=AXIS2_PLACEMENT_3D('',#2431,#1903,#1904);
#1655=AXIS2_PLACEMENT_3D('',#2435,#1906,#1907);
#1656=AXIS2_PLACEMENT_3D('',#2437,#1909,#1910);
#1657=AXIS2_PLACEMENT_3D('',#2439,#1911,#1912);
#1658=AXIS2_PLACEMENT_3D('',#2440,#1913,#1914);
#1659=AXIS2_PLACEMENT_3D('',#2441,#1915,#1916);
#1660=AXIS2_PLACEMENT_3D('',#2446,#1919,#1920);
#1661=AXIS2_PLACEMENT_3D('',#2447,#1921,#1922);
#1662=AXIS2_PLACEMENT_3D('',#2450,#1923,#1924);
#1663=AXIS2_PLACEMENT_3D('',#2452,#1925,#1926);
#1664=AXIS2_PLACEMENT_3D('',#2453,#1927,#1928);
#1665=AXIS2_PLACEMENT_3D('',#2454,#1929,#1930);
#1666=AXIS2_PLACEMENT_3D('',#2457,#1933,#1934);
#1667=AXIS2_PLACEMENT_3D('',#2459,#1935,#1936);
#1668=AXIS2_PLACEMENT_3D('',#2460,#1937,#1938);
#1669=AXIS2_PLACEMENT_3D('',#2461,#1939,#1940);
#1670=AXIS2_PLACEMENT_3D('',#2463,#1941,#1942);
#1671=AXIS2_PLACEMENT_3D('',#2465,#1943,#1944);
#1672=AXIS2_PLACEMENT_3D('',#2466,#1945,#1946);
#1673=AXIS2_PLACEMENT_3D('',#2467,#1947,#1948);
#1674=AXIS2_PLACEMENT_3D('',#2469,#1949,#1950);
#1675=AXIS2_PLACEMENT_3D('',#2471,#1952,#1953);
#1676=AXIS2_PLACEMENT_3D('',#2474,#1956,#1957);
#1677=AXIS2_PLACEMENT_3D('',#2477,#1958,#1959);
#1678=AXIS2_PLACEMENT_3D('',#2479,#1960,#1961);
#1679=AXIS2_PLACEMENT_3D('',#2480,#1962,#1963);
#1680=AXIS2_PLACEMENT_3D('',#2481,#1964,#1965);
#1681=AXIS2_PLACEMENT_3D('',#2484,#1968,#1969);
#1682=AXIS2_PLACEMENT_3D('',#2487,#1971,#1972);
#1683=AXIS2_PLACEMENT_3D('',#2488,#1973,#1974);
#1684=AXIS2_PLACEMENT_3D('',#2491,#1975,#1976);
#1685=AXIS2_PLACEMENT_3D('',#2492,#1977,#1978);
#1686=AXIS2_PLACEMENT_3D('',#2493,#1979,#1980);
#1687=AXIS2_PLACEMENT_3D('',#2494,#1981,#1982);
#1688=AXIS2_PLACEMENT_3D('',#2496,#1983,#1984);
#1689=AXIS2_PLACEMENT_3D('',#2498,#1986,#1987);
#1690=AXIS2_PLACEMENT_3D('',#2500,#1989,#1990);
#1691=AXIS2_PLACEMENT_3D('',#2503,#1993,#1994);
#1692=AXIS2_PLACEMENT_3D('',#2508,#1997,#1998);
#1693=AXIS2_PLACEMENT_3D('',#2509,#1999,#2000);
#1694=AXIS2_PLACEMENT_3D('',#2512,#2003,#2004);
#1695=AXIS2_PLACEMENT_3D('',#2515,#2007,#2008);
#1696=AXIS2_PLACEMENT_3D('',#2518,#2010,#2011);
#1697=AXIS2_PLACEMENT_3D('',#2520,#2012,#2013);
#1698=AXIS2_PLACEMENT_3D('',#2521,#2014,#2015);
#1699=AXIS2_PLACEMENT_3D('',#2523,#2017,#2018);
#1700=AXIS2_PLACEMENT_3D('',#2525,#2020,#2021);
#1701=AXIS2_PLACEMENT_3D('',#2526,#2022,#2023);
#1702=AXIS2_PLACEMENT_3D('',#2528,#2025,#2026);
#1703=AXIS2_PLACEMENT_3D('',#2530,#2028,#2029);
#1704=AXIS2_PLACEMENT_3D('',#2534,#2031,#2032);
#1705=AXIS2_PLACEMENT_3D('',#2535,#2033,#2034);
#1706=AXIS2_PLACEMENT_3D('',#2536,#2035,#2036);
#1707=AXIS2_PLACEMENT_3D('',#2540,#2038,#2039);
#1708=AXIS2_PLACEMENT_3D('',#2541,#2040,#2041);
#1709=AXIS2_PLACEMENT_3D('',#2542,#2042,#2043);
#1710=AXIS2_PLACEMENT_3D('',#2545,#2045,#2046);
#1711=AXIS2_PLACEMENT_3D('',#2546,#2047,#2048);
#1712=AXIS2_PLACEMENT_3D('',#2549,#2050,#2051);
#1713=AXIS2_PLACEMENT_3D('',#2550,#2052,#2053);
#1714=AXIS2_PLACEMENT_3D('',#2553,#2055,#2056);
#1715=AXIS2_PLACEMENT_3D('',#2554,#2057,#2058);
#1716=AXIS2_PLACEMENT_3D('',#2557,#2060,#2061);
#1717=AXIS2_PLACEMENT_3D('',#2558,#2062,#2063);
#1718=AXIS2_PLACEMENT_3D('',#2560,#2065,#2066);
#1719=AXIS2_PLACEMENT_3D('',#2562,#2068,#2069);
#1720=AXIS2_PLACEMENT_3D('',#2563,#2070,#2071);
#1721=AXIS2_PLACEMENT_3D('',#2564,#2072,#2073);
#1722=AXIS2_PLACEMENT_3D('',#2567,#2074,#2075);
#1723=AXIS2_PLACEMENT_3D('',#2571,#2077,#2078);
#1724=AXIS2_PLACEMENT_3D('',#2573,#2080,#2081);
#1725=AXIS2_PLACEMENT_3D('',#2577,#2083,#2084);
#1726=AXIS2_PLACEMENT_3D('',#2579,#2085,#2086);
#1727=AXIS2_PLACEMENT_3D('',#2583,#2088,#2089);
#1728=AXIS2_PLACEMENT_3D('',#2585,#2090,#2091);
#1729=AXIS2_PLACEMENT_3D('',#2587,#2093,#2094);
#1730=AXIS2_PLACEMENT_3D('',#2610,#2097,#2098);
#1731=AXIS2_PLACEMENT_3D('',#2611,#2099,#2100);
#1732=AXIS2_PLACEMENT_3D('',#2612,#2101,#2102);
#1733=AXIS2_PLACEMENT_3D('',#2635,#2103,#2104);
#1734=AXIS2_PLACEMENT_3D('',#2637,#2105,#2106);
#1735=AXIS2_PLACEMENT_3D('',#2638,#2107,#2108);
#1736=AXIS2_PLACEMENT_3D('',#2661,#2109,#2110);
#1737=AXIS2_PLACEMENT_3D('',#2662,#2111,#2112);
#1738=AXIS2_PLACEMENT_3D('',#2663,#2113,#2114);
#1739=AXIS2_PLACEMENT_3D('',#2664,#2115,#2116);
#1740=AXIS2_PLACEMENT_3D('',#2667,#2117,#2118);
#1741=AXIS2_PLACEMENT_3D('',#2692,#2121,#2122);
#1742=AXIS2_PLACEMENT_3D('',#2693,#2123,#2124);
#1743=AXIS2_PLACEMENT_3D('',#2694,#2125,#2126);
#1744=AXIS2_PLACEMENT_3D('',#2716,#2127,#2128);
#1745=AXIS2_PLACEMENT_3D('',#2717,#2129,#2130);
#1746=AXIS2_PLACEMENT_3D('',#2718,#2131,#2132);
#1747=AXIS2_PLACEMENT_3D('',#2722,#2134,#2135);
#1748=AXIS2_PLACEMENT_3D('',#2726,#2138,#2139);
#1749=AXIS2_PLACEMENT_3D('',#2735,#2145,#2146);
#1750=AXIS2_PLACEMENT_3D('',#2740,#2149,#2150);
#1751=AXIS2_PLACEMENT_3D('',#2741,#2151,#2152);
#1752=AXIS2_PLACEMENT_3D('',#2745,#2154,#2155);
#1753=AXIS2_PLACEMENT_3D('',#2746,#2156,#2157);
#1754=AXIS2_PLACEMENT_3D('',#2756,#2158,#2159);
#1755=AXIS2_PLACEMENT_3D('',#2757,#2160,#2161);
#1756=AXIS2_PLACEMENT_3D('',#2758,#2162,#2163);
#1757=AXIS2_PLACEMENT_3D('',#2760,#2164,#2165);
#1758=AXIS2_PLACEMENT_3D('',#2772,#2167,#2168);
#1759=AXIS2_PLACEMENT_3D('',#2773,#2169,#2170);
#1760=AXIS2_PLACEMENT_3D('',#2792,#2171,#2172);
#1761=AXIS2_PLACEMENT_3D('',#2793,#2173,#2174);
#1762=AXIS2_PLACEMENT_3D('',#2820,#2175,#2176);
#1763=AXIS2_PLACEMENT_3D('',#2821,#2177,#2178);
#1764=AXIS2_PLACEMENT_3D('',#2822,#2179,#2180);
#1765=AXIS2_PLACEMENT_3D('',#2831,#2181,#2182);
#1766=AXIS2_PLACEMENT_3D('',#2837,#2186,#2187);
#1767=AXIS2_PLACEMENT_3D('',#2839,#2189,#2190);
#1768=AXIS2_PLACEMENT_3D('',#2840,#2191,#2192);
#1769=AXIS2_PLACEMENT_3D('',#2843,#2194,#2195);
#1770=AXIS2_PLACEMENT_3D('',#2844,#2196,#2197);
#1771=AXIS2_PLACEMENT_3D('',#2846,#2199,#2200);
#1772=AXIS2_PLACEMENT_3D('',#2853,#2204,#2205);
#1773=AXIS2_PLACEMENT_3D('',#2855,#2206,#2207);
#1774=AXIS2_PLACEMENT_3D('',#2856,#2208,#2209);
#1775=AXIS2_PLACEMENT_3D('',#2861,#2212,#2213);
#1776=AXIS2_PLACEMENT_3D('',#2863,#2214,#2215);
#1777=AXIS2_PLACEMENT_3D('',#2864,#2216,#2217);
#1778=AXIS2_PLACEMENT_3D('',#2866,#2218,#2219);
#1779=AXIS2_PLACEMENT_3D('',#2867,#2220,#2221);
#1780=AXIS2_PLACEMENT_3D('',#2868,#2222,#2223);
#1781=AXIS2_PLACEMENT_3D('',#2871,#2224,#2225);
#1782=AXIS2_PLACEMENT_3D('',#2873,#2226,#2227);
#1783=AXIS2_PLACEMENT_3D('',#2874,#2228,#2229);
#1784=AXIS2_PLACEMENT_3D('',#2875,#2230,#2231);
#1785=AXIS2_PLACEMENT_3D('',#2877,#2232,#2233);
#1786=AXIS2_PLACEMENT_3D('',#2879,#2234,#2235);
#1787=AXIS2_PLACEMENT_3D('',#2880,#2236,#2237);
#1788=AXIS2_PLACEMENT_3D('',#2881,#2238,#2239);
#1789=AXIS2_PLACEMENT_3D('',#2883,#2240,#2241);
#1790=AXIS2_PLACEMENT_3D('',#2884,#2242,#2243);
#1791=AXIS2_PLACEMENT_3D('',#2885,#2244,#2245);
#1792=AXIS2_PLACEMENT_3D('',#2887,#2246,#2247);
#1793=AXIS2_PLACEMENT_3D('',#2889,#2248,#2249);
#1794=AXIS2_PLACEMENT_3D('',#2890,#2250,#2251);
#1795=AXIS2_PLACEMENT_3D('',#2891,#2252,#2253);
#1796=AXIS2_PLACEMENT_3D('',#2896,#2256,#2257);
#1797=AXIS2_PLACEMENT_3D('',#2897,#2258,#2259);
#1798=AXIS2_PLACEMENT_3D('',#2898,#2260,#2261);
#1799=AXIS2_PLACEMENT_3D('',#2900,#2262,#2263);
#1800=AXIS2_PLACEMENT_3D('',#2901,#2264,#2265);
#1801=AXIS2_PLACEMENT_3D('',#2902,#2266,#2267);
#1802=AXIS2_PLACEMENT_3D('',#2904,#2269,#2270);
#1803=AXIS2_PLACEMENT_3D('',#2907,#2272,#2273);
#1804=AXIS2_PLACEMENT_3D('',#2908,#2274,#2275);
#1805=AXIS2_PLACEMENT_3D('',#2909,#2276,#2277);
#1806=AXIS2_PLACEMENT_3D('',#2911,#2279,#2280);
#1807=AXIS2_PLACEMENT_3D('',#2913,#2282,#2283);
#1808=AXIS2_PLACEMENT_3D('',#2916,#2285,#2286);
#1809=AXIS2_PLACEMENT_3D('',#2917,#2287,#2288);
#1810=AXIS2_PLACEMENT_3D('',#2920,#2291,#2292);
#1811=AXIS2_PLACEMENT_3D('',#2923,#2295,#2296);
#1812=AXIS2_PLACEMENT_3D('',#2925,#2298,#2299);
#1813=AXIS2_PLACEMENT_3D('',#2927,#2301,#2302);
#1814=AXIS2_PLACEMENT_3D('',#2930,#2305,#2306);
#1815=AXIS2_PLACEMENT_3D('',#2933,#2308,#2309);
#1816=AXIS2_PLACEMENT_3D('',#2935,#2310,#2311);
#1817=AXIS2_PLACEMENT_3D('',#2936,#2312,#2313);
#1818=AXIS2_PLACEMENT_3D('',#2937,#2314,#2315);
#1819=AXIS2_PLACEMENT_3D('',#2938,#2316,#2317);
#1820=AXIS2_PLACEMENT_3D('',#2942,#2319,#2320);
#1821=AXIS2_PLACEMENT_3D('',#2943,#2321,#2322);
#1822=AXIS2_PLACEMENT_3D('',#2944,#2323,#2324);
#1823=AXIS2_PLACEMENT_3D('',#2948,#2326,#2327);
#1824=AXIS2_PLACEMENT_3D('',#2949,#2328,#2329);
#1825=AXIS2_PLACEMENT_3D('',#2950,#2330,#2331);
#1826=AXIS2_PLACEMENT_3D('',#2952,#2333,#2334);
#1827=AXIS2_PLACEMENT_3D('',#2954,#2336,#2337);
#1828=AXIS2_PLACEMENT_3D('',#2957,#2339,#2340);
#1829=AXIS2_PLACEMENT_3D('',#2958,#2341,#2342);
#1830=AXIS2_PLACEMENT_3D('',#2961,#2344,#2345);
#1831=AXIS2_PLACEMENT_3D('',#2962,#2346,#2347);
#1832=AXIS2_PLACEMENT_3D('',#2965,#2349,#2350);
#1833=AXIS2_PLACEMENT_3D('',#2966,#2351,#2352);
#1834=AXIS2_PLACEMENT_3D('',#2969,#2354,#2355);
#1835=AXIS2_PLACEMENT_3D('',#2970,#2356,#2357);
#1836=DIRECTION('axis',(0.,0.,1.));
#1837=DIRECTION('refdir',(1.,0.,0.));
#1838=DIRECTION('center_axis',(0.,0.,1.));
#1839=DIRECTION('ref_axis',(0.707106781186548,-0.707106781186547,0.));
#1840=DIRECTION('',(0.,0.,1.));
#1841=DIRECTION('center_axis',(0.707106781186547,0.,0.707106781186548));
#1842=DIRECTION('ref_axis',(0.707106781186548,9.81307786677359E-17,-0.707106781186547));
#1843=DIRECTION('',(0.,0.,-1.));
#1844=DIRECTION('center_axis',(-0.707106781186546,-3.14018491736756E-15,
0.707106781186549));
#1845=DIRECTION('ref_axis',(-0.707106781186549,-3.14018491736757E-15,-0.707106781186546));
#1846=DIRECTION('center_axis',(-1.,0.,-2.49488320140485E-16));
#1847=DIRECTION('ref_axis',(0.,-0.707106781186547,0.707106781186548));
#1848=DIRECTION('',(1.,0.,2.49488320140485E-16));
#1849=DIRECTION('center_axis',(0.707106781186547,0.,0.707106781186548));
#1850=DIRECTION('ref_axis',(-0.707106781186548,9.81307786677359E-17,0.707106781186547));
#1851=DIRECTION('',(-1.,0.,-2.49488320140485E-16));
#1852=DIRECTION('center_axis',(1.,0.,0.));
#1853=DIRECTION('ref_axis',(0.,0.,-1.));
#1854=DIRECTION('',(0.,1.,0.));
#1855=DIRECTION('',(0.,0.,-1.));
#1856=DIRECTION('',(0.,1.,0.));
#1857=DIRECTION('',(0.,0.,1.));
#1858=DIRECTION('',(0.,-1.,0.));
#1859=DIRECTION('center_axis',(-1.,0.,0.));
#1860=DIRECTION('ref_axis',(0.,1.,0.));
#1861=DIRECTION('center_axis',(-1.,0.,0.));
#1862=DIRECTION('ref_axis',(0.,1.,0.));
#1863=DIRECTION('center_axis',(-2.49488320140485E-16,0.,1.));
#1864=DIRECTION('ref_axis',(1.,0.,2.49488320140485E-16));
#1865=DIRECTION('',(0.,-1.,0.));
#1866=DIRECTION('',(1.,0.,2.49488320140485E-16));
#1867=DIRECTION('',(0.,-1.,0.));
#1868=DIRECTION('',(1.,0.,2.49488320140485E-16));
#1869=DIRECTION('center_axis',(2.49488320140485E-16,0.,-1.));
#1870=DIRECTION('ref_axis',(-1.,0.,0.));
#1871=DIRECTION('center_axis',(2.49488320140485E-16,0.,-1.));
#1872=DIRECTION('ref_axis',(-1.,0.,0.));
#1873=DIRECTION('center_axis',(0.,-1.,0.));
#1874=DIRECTION('ref_axis',(0.923879532511286,0.,0.382683432365091));
#1875=DIRECTION('center_axis',(0.,0.707106781186548,0.707106781186547));
#1876=DIRECTION('ref_axis',(0.,-0.707106781186547,0.707106781186547));
#1877=DIRECTION('',(0.,1.,0.));
#1878=DIRECTION('center_axis',(0.,-1.,0.));
#1879=DIRECTION('ref_axis',(0.923879532511286,0.,0.382683432365091));
#1880=DIRECTION('',(0.,-1.,0.));
#1881=DIRECTION('center_axis',(0.,0.,1.));
#1882=DIRECTION('ref_axis',(0.707106781186546,-0.707106781186549,0.));
#1883=DIRECTION('center_axis',(-0.707106781186548,0.,-0.707106781186548));
#1884=DIRECTION('ref_axis',(0.707106781186547,4.9065389333868E-17,-0.707106781186547));
#1885=DIRECTION('',(0.,0.,-1.));
#1886=DIRECTION('center_axis',(4.44089209850064E-15,0.,-1.));
#1887=DIRECTION('ref_axis',(0.,-1.,0.));
#1888=DIRECTION('',(0.,0.,1.));
#1889=DIRECTION('center_axis',(0.707106781186548,0.,0.707106781186548));
#1890=DIRECTION('ref_axis',(-0.707106781186548,0.,0.707106781186548));
#1891=DIRECTION('',(0.707106781186548,0.,-0.707106781186548));
#1892=DIRECTION('',(0.,1.,0.));
#1893=DIRECTION('center_axis',(-0.707106781186548,0.,-0.707106781186548));
#1894=DIRECTION('ref_axis',(-0.707106781186547,4.9065389333868E-17,0.707106781186547));
#1895=DIRECTION('',(-0.707106781186548,0.,0.707106781186548));
#1896=DIRECTION('center_axis',(0.,-1.,0.));
#1897=DIRECTION('ref_axis',(0.382683432365089,0.,0.923879532511287));
#1898=DIRECTION('center_axis',(0.707106781186548,0.707106781186547,0.));
#1899=DIRECTION('ref_axis',(0.707106781186547,-0.707106781186548,-4.90653893338679E-17));
#1900=DIRECTION('center_axis',(0.,-1.,0.));
#1901=DIRECTION('ref_axis',(0.382683432365089,0.,0.923879532511287));
#1902=DIRECTION('',(0.,-1.,0.));
#1903=DIRECTION('center_axis',(-1.,0.,0.));
#1904=DIRECTION('ref_axis',(0.,-0.707106781186549,0.707106781186546));
#1905=DIRECTION('',(-1.,0.,0.));
#1906=DIRECTION('center_axis',(-1.,0.,0.));
#1907=DIRECTION('ref_axis',(0.,0.,1.));
#1908=DIRECTION('',(1.,0.,0.));
#1909=DIRECTION('center_axis',(-0.816496580927725,-0.408248290463864,-0.408248290463864));
#1910=DIRECTION('ref_axis',(0.577350269189625,-0.577350269189627,-0.577350269189626));
#1911=DIRECTION('center_axis',(1.,0.,0.));
#1912=DIRECTION('ref_axis',(0.,0.,-1.));
#1913=DIRECTION('center_axis',(0.,-1.,0.));
#1914=DIRECTION('ref_axis',(1.,0.,0.));
#1915=DIRECTION('center_axis',(1.,0.,1.22464679914735E-16));
#1916=DIRECTION('ref_axis',(0.,-0.707106781186547,-0.707106781186548));
#1917=DIRECTION('',(1.,0.,1.22464679914735E-16));
#1918=DIRECTION('',(-1.,0.,-1.22464679914735E-16));
#1919=DIRECTION('center_axis',(0.707106781186549,2.94392336003209E-15,-0.707106781186546));
#1920=DIRECTION('ref_axis',(-0.707106781186546,2.9439233600321E-15,-0.707106781186549));
#1921=DIRECTION('center_axis',(-0.816496580927729,0.408248290463861,-0.40824829046386));
#1922=DIRECTION('ref_axis',(0.577350269189624,0.577350269189627,-0.577350269189627));
#1923=DIRECTION('center_axis',(0.,0.,-1.));
#1924=DIRECTION('ref_axis',(1.,0.,0.));
#1925=DIRECTION('center_axis',(0.,1.,0.));
#1926=DIRECTION('ref_axis',(0.,0.,-1.));
#1927=DIRECTION('center_axis',(1.,0.,0.));
#1928=DIRECTION('ref_axis',(0.,1.,0.));
#1929=DIRECTION('center_axis',(0.,1.,0.));
#1930=DIRECTION('ref_axis',(0.707106781186546,0.,-0.707106781186549));
#1931=DIRECTION('',(0.,-1.,0.));
#1932=DIRECTION('',(0.,1.,0.));
#1933=DIRECTION('center_axis',(-0.816496580927727,0.408248290463864,-0.40824829046386));
#1934=DIRECTION('ref_axis',(-0.577350269189627,-0.577350269189627,0.577350269189623));
#1935=DIRECTION('center_axis',(0.,-1.,0.));
#1936=DIRECTION('ref_axis',(-1.,0.,0.));
#1937=DIRECTION('center_axis',(0.,0.,1.));
#1938=DIRECTION('ref_axis',(0.,-1.,0.));
#1939=DIRECTION('center_axis',(0.408248290463861,0.408248290463861,-0.816496580927728));
#1940=DIRECTION('ref_axis',(0.577350269189626,0.577350269189627,0.577350269189625));
#1941=DIRECTION('center_axis',(1.,0.,0.));
#1942=DIRECTION('ref_axis',(0.,0.,1.));
#1943=DIRECTION('center_axis',(0.,1.,0.));
#1944=DIRECTION('ref_axis',(1.,0.,0.));
#1945=DIRECTION('center_axis',(0.,0.,1.));
#1946=DIRECTION('ref_axis',(0.,1.,0.));
#1947=DIRECTION('center_axis',(0.,1.,0.));
#1948=DIRECTION('ref_axis',(0.707106781186546,0.,0.707106781186549));
#1949=DIRECTION('center_axis',(0.,-1.,0.));
#1950=DIRECTION('ref_axis',(0.707106781186546,0.,0.707106781186549));
#1951=DIRECTION('',(0.,1.,0.));
#1952=DIRECTION('center_axis',(0.,0.,-1.));
#1953=DIRECTION('ref_axis',(0.707106781186546,0.707106781186549,0.));
#1954=DIRECTION('',(0.,0.,1.));
#1955=DIRECTION('',(0.,0.,-1.));
#1956=DIRECTION('center_axis',(-0.816496580927726,-0.408248290463865,-0.408248290463861));
#1957=DIRECTION('ref_axis',(-0.577350269189626,0.577350269189627,0.577350269189625));
#1958=DIRECTION('center_axis',(0.,0.,1.));
#1959=DIRECTION('ref_axis',(-1.,0.,0.));
#1960=DIRECTION('center_axis',(0.,1.,0.));
#1961=DIRECTION('ref_axis',(0.,0.,1.));
#1962=DIRECTION('center_axis',(-1.,0.,0.));
#1963=DIRECTION('ref_axis',(0.,1.,0.));
#1964=DIRECTION('center_axis',(0.,1.,0.));
#1965=DIRECTION('ref_axis',(-0.707106781186549,0.,0.707106781186546));
#1966=DIRECTION('',(0.,-1.,0.));
#1967=DIRECTION('',(0.,1.,0.));
#1968=DIRECTION('center_axis',(1.,0.,2.49488320140485E-16));
#1969=DIRECTION('ref_axis',(0.,0.707106781186548,0.707106781186548));
#1970=DIRECTION('',(-1.,0.,-2.49488320140485E-16));
#1971=DIRECTION('center_axis',(0.707106781186548,-3.14018491736755E-15,
-0.707106781186548));
#1972=DIRECTION('ref_axis',(-0.707106781186548,-3.14018491736755E-15,-0.707106781186548));
#1973=DIRECTION('center_axis',(-0.816496580927727,0.408248290463864,0.40824829046386));
#1974=DIRECTION('ref_axis',(0.577350269189627,0.577350269189627,0.577350269189623));
#1975=DIRECTION('center_axis',(1.,2.22044604925031E-15,0.));
#1976=DIRECTION('ref_axis',(0.,0.,1.));
#1977=DIRECTION('center_axis',(0.,1.,0.));
#1978=DIRECTION('ref_axis',(1.,0.,0.));
#1979=DIRECTION('center_axis',(0.,0.,1.));
#1980=DIRECTION('ref_axis',(0.,1.,0.));
#1981=DIRECTION('center_axis',(0.,1.,0.));
#1982=DIRECTION('ref_axis',(0.707106781186549,0.,0.707106781186546));
#1983=DIRECTION('center_axis',(0.,-1.,0.));
#1984=DIRECTION('ref_axis',(0.707106781186549,0.,0.707106781186546));
#1985=DIRECTION('',(0.,-1.,0.));
#1986=DIRECTION('center_axis',(0.,0.,-1.));
#1987=DIRECTION('ref_axis',(0.707106781186548,0.707106781186548,0.));
#1988=DIRECTION('',(0.,0.,1.));
#1989=DIRECTION('center_axis',(1.,0.,0.));
#1990=DIRECTION('ref_axis',(0.,0.707106781186549,0.707106781186546));
#1991=DIRECTION('',(-1.,0.,0.));
#1992=DIRECTION('',(1.,0.,0.));
#1993=DIRECTION('center_axis',(0.,0.,1.));
#1994=DIRECTION('ref_axis',(-0.707106781186548,0.707106781186548,0.));
#1995=DIRECTION('',(0.,0.,1.));
#1996=DIRECTION('',(0.,0.,-1.));
#1997=DIRECTION('center_axis',(-0.707106781186548,-2.94392336003208E-15,
0.707106781186548));
#1998=DIRECTION('ref_axis',(-0.707106781186548,-2.94392336003208E-15,-0.707106781186548));
#1999=DIRECTION('center_axis',(-1.,0.,-1.22464679914735E-16));
#2000=DIRECTION('ref_axis',(0.,0.707106781186548,-0.707106781186547));
#2001=DIRECTION('',(1.,0.,1.22464679914735E-16));
#2002=DIRECTION('',(-1.,0.,-1.22464679914735E-16));
#2003=DIRECTION('center_axis',(0.,0.,-1.));
#2004=DIRECTION('ref_axis',(-0.707106781186548,-0.707106781186547,0.));
#2005=DIRECTION('',(0.,0.,1.));
#2006=DIRECTION('',(0.,0.,-1.));
#2007=DIRECTION('center_axis',(-1.,0.,0.));
#2008=DIRECTION('ref_axis',(0.,0.,1.));
#2009=DIRECTION('',(0.,-1.,0.));
#2010=DIRECTION('center_axis',(1.,0.,0.));
#2011=DIRECTION('ref_axis',(0.,1.,0.));
#2012=DIRECTION('center_axis',(1.,0.,0.));
#2013=DIRECTION('ref_axis',(0.,1.,0.));
#2014=DIRECTION('center_axis',(0.,0.,1.));
#2015=DIRECTION('ref_axis',(1.,0.,0.));
#2016=DIRECTION('',(1.,0.,0.));
#2017=DIRECTION('center_axis',(0.,-1.,0.));
#2018=DIRECTION('ref_axis',(0.,0.,-1.));
#2019=DIRECTION('',(0.707106781186548,0.,-0.707106781186547));
#2020=DIRECTION('center_axis',(0.,1.,0.));
#2021=DIRECTION('ref_axis',(0.,0.,1.));
#2022=DIRECTION('center_axis',(-0.707106781186547,0.,-0.707106781186548));
#2023=DIRECTION('ref_axis',(0.707106781186548,0.,-0.707106781186547));
#2024=DIRECTION('',(0.707106781186548,0.,-0.707106781186547));
#2025=DIRECTION('center_axis',(0.,-1.,0.));
#2026=DIRECTION('ref_axis',(1.,0.,0.));
#2027=DIRECTION('',(0.,0.,-1.));
#2028=DIRECTION('center_axis',(0.,0.,1.));
#2029=DIRECTION('ref_axis',(-1.,0.,0.));
#2030=DIRECTION('',(-0.554700196225228,6.79311819793634E-17,-0.832050294337845));
#2031=DIRECTION('center_axis',(0.,0.,1.));
#2032=DIRECTION('ref_axis',(1.,0.,0.));
#2033=DIRECTION('center_axis',(0.,0.,1.));
#2034=DIRECTION('ref_axis',(1.,0.,0.));
#2035=DIRECTION('center_axis',(0.,0.,1.));
#2036=DIRECTION('ref_axis',(-1.,0.,0.));
#2037=DIRECTION('',(-0.554700196225228,6.79311819793634E-17,-0.832050294337845));
#2038=DIRECTION('center_axis',(0.,0.,1.));
#2039=DIRECTION('ref_axis',(1.,0.,0.));
#2040=DIRECTION('center_axis',(0.,0.,1.));
#2041=DIRECTION('ref_axis',(1.,0.,0.));
#2042=DIRECTION('center_axis',(0.,0.,-1.));
#2043=DIRECTION('ref_axis',(1.,0.,0.));
#2044=DIRECTION('',(0.,0.,-1.));
#2045=DIRECTION('center_axis',(-1.22464679914735E-16,0.,1.));
#2046=DIRECTION('ref_axis',(1.,0.,0.));
#2047=DIRECTION('center_axis',(0.,0.,-1.));
#2048=DIRECTION('ref_axis',(1.,0.,0.));
#2049=DIRECTION('',(0.,0.,-1.));
#2050=DIRECTION('center_axis',(-1.22464679914735E-16,0.,1.));
#2051=DIRECTION('ref_axis',(1.,0.,0.));
#2052=DIRECTION('center_axis',(1.,0.,0.));
#2053=DIRECTION('ref_axis',(0.,1.,0.));
#2054=DIRECTION('',(-0.832050294337844,0.554700196225229,-6.79311819793635E-17));
#2055=DIRECTION('center_axis',(1.,0.,0.));
#2056=DIRECTION('ref_axis',(0.,1.,0.));
#2057=DIRECTION('center_axis',(1.,0.,0.));
#2058=DIRECTION('ref_axis',(0.,1.,0.));
#2059=DIRECTION('',(-0.832050294337844,0.554700196225229,-6.79311819793635E-17));
#2060=DIRECTION('center_axis',(1.,0.,0.));
#2061=DIRECTION('ref_axis',(0.,1.,0.));
#2062=DIRECTION('center_axis',(-1.,0.,0.));
#2063=DIRECTION('ref_axis',(0.,1.,0.));
#2064=DIRECTION('',(-1.,0.,0.));
#2065=DIRECTION('center_axis',(-1.,0.,0.));
#2066=DIRECTION('ref_axis',(0.,1.,0.));
#2067=DIRECTION('',(-1.,0.,0.));
#2068=DIRECTION('center_axis',(1.22464679914735E-16,0.,-1.));
#2069=DIRECTION('ref_axis',(-1.,0.,-1.22464679914735E-16));
#2070=DIRECTION('center_axis',(1.,0.,0.));
#2071=DIRECTION('ref_axis',(0.,0.,-1.));
#2072=DIRECTION('center_axis',(-0.707106781186548,0.,0.707106781186547));
#2073=DIRECTION('ref_axis',(-0.499999999999998,-0.70710678118655,-0.499999999999998));
#2074=DIRECTION('center_axis',(2.49488320140485E-16,0.,-1.));
#2075=DIRECTION('ref_axis',(-1.,2.4532694666934E-16,-3.46944695195361E-16));
#2076=DIRECTION('',(-0.707106781186548,0.,0.707106781186547));
#2077=DIRECTION('center_axis',(-1.,0.,0.));
#2078=DIRECTION('ref_axis',(0.,2.4532694666934E-16,-1.));
#2079=DIRECTION('',(0.707106781186548,0.,-0.707106781186547));
#2080=DIRECTION('center_axis',(0.,1.,0.));
#2081=DIRECTION('ref_axis',(-1.,0.,0.));
#2082=DIRECTION('',(1.,0.,2.49488320140485E-16));
#2083=DIRECTION('center_axis',(0.,1.,0.));
#2084=DIRECTION('ref_axis',(0.707106781186546,0.,0.707106781186549));
#2085=DIRECTION('center_axis',(0.,1.,0.));
#2086=DIRECTION('ref_axis',(0.923879532511284,0.,0.382683432365096));
#2087=DIRECTION('',(0.707106781186548,0.,-0.707106781186548));
#2088=DIRECTION('center_axis',(0.,1.,0.));
#2089=DIRECTION('ref_axis',(0.382683432365092,0.,0.923879532511286));
#2090=DIRECTION('center_axis',(0.,1.,0.));
#2091=DIRECTION('ref_axis',(0.707106781186549,0.,0.707106781186546));
#2092=DIRECTION('',(0.,0.,-1.));
#2093=DIRECTION('center_axis',(-0.707106781186548,0.,0.707106781186547));
#2094=DIRECTION('ref_axis',(-0.499999999999997,0.707106781186548,-0.500000000000003));
#2095=DIRECTION('',(-0.707106781186548,0.,0.707106781186547));
#2096=DIRECTION('',(0.707106781186548,0.,-0.707106781186547));
#2097=DIRECTION('center_axis',(-0.707106781186547,0.,-0.707106781186548));
#2098=DIRECTION('ref_axis',(-0.707106781186548,0.,0.707106781186547));
#2099=DIRECTION('center_axis',(0.707106781186547,0.,0.707106781186548));
#2100=DIRECTION('ref_axis',(0.707106781186548,0.,-0.707106781186547));
#2101=DIRECTION('center_axis',(0.707106781186547,0.,0.707106781186548));
#2102=DIRECTION('ref_axis',(-0.707106781186548,0.,0.707106781186547));
#2103=DIRECTION('center_axis',(0.577350269189637,-0.577350269189607,-0.577350269189634));
#2104=DIRECTION('ref_axis',(0.70710678118653,0.707106781186565,1.11022302462519E-15));
#2105=DIRECTION('center_axis',(0.,0.894427190999916,-0.447213595499958));
#2106=DIRECTION('ref_axis',(0.,0.447213595499958,0.894427190999916));
#2107=DIRECTION('center_axis',(0.,-0.447213595499958,0.894427190999916));
#2108=DIRECTION('ref_axis',(0.,0.894427190999916,0.447213595499958));
#2109=DIRECTION('center_axis',(0.707106781186544,0.,-0.707106781186551));
#2110=DIRECTION('ref_axis',(0.,1.,0.));
#2111=DIRECTION('center_axis',(-0.707106781186548,0.,-0.707106781186548));
#2112=DIRECTION('ref_axis',(0.707106781186547,0.,-0.707106781186547));
#2113=DIRECTION('center_axis',(0.447213595499959,0.,0.894427190999915));
#2114=DIRECTION('ref_axis',(0.894427190999915,0.,-0.44721359549996));
#2115=DIRECTION('center_axis',(0.707106781186548,0.,-0.707106781186548));
#2116=DIRECTION('ref_axis',(0.500000000000008,0.707106781186546,0.499999999999995));
#2117=DIRECTION('center_axis',(0.707106781186543,-3.14018491736751E-15,
-0.707106781186552));
#2118=DIRECTION('ref_axis',(4.4408920985006E-15,1.,0.));
#2119=DIRECTION('',(0.707106781186548,0.,-0.707106781186548));
#2120=DIRECTION('',(-0.707106781186548,0.,0.707106781186548));
#2121=DIRECTION('center_axis',(0.577350269189626,0.577350269189624,-0.577350269189627));
#2122=DIRECTION('ref_axis',(-1.11022302462516E-15,0.70710678118655,0.707106781186545));
#2123=DIRECTION('center_axis',(-0.707106781186548,0.,-0.707106781186548));
#2124=DIRECTION('ref_axis',(-0.707106781186547,0.,0.707106781186547));
#2125=DIRECTION('center_axis',(0.894427190999915,0.,0.447213595499959));
#2126=DIRECTION('ref_axis',(-0.44721359549996,0.,0.894427190999915));
#2127=DIRECTION('center_axis',(0.894427190999916,-0.447213595499958,0.));
#2128=DIRECTION('ref_axis',(0.447213595499958,0.894427190999916,0.));
#2129=DIRECTION('center_axis',(-0.447213595499958,0.894427190999916,0.));
#2130=DIRECTION('ref_axis',(0.894427190999916,0.447213595499958,0.));
#2131=DIRECTION('center_axis',(1.,0.,0.));
#2132=DIRECTION('ref_axis',(0.,0.707106781186549,0.707106781186546));
#2133=DIRECTION('',(-1.,0.,0.));
#2134=DIRECTION('center_axis',(-1.,0.,0.));
#2135=DIRECTION('ref_axis',(0.,1.,0.));
#2136=DIRECTION('',(1.,0.,0.));
#2137=DIRECTION('',(1.,0.,0.));
#2138=DIRECTION('center_axis',(0.,1.,0.));
#2139=DIRECTION('ref_axis',(0.,0.,1.));
#2140=DIRECTION('',(0.,0.,1.));
#2141=DIRECTION('',(1.,0.,1.22464679914735E-16));
#2142=DIRECTION('',(0.,0.,-1.));
#2143=DIRECTION('',(0.,0.,1.));
#2144=DIRECTION('',(-1.,0.,-2.49488320140485E-16));
#2145=DIRECTION('center_axis',(0.,0.,-1.));
#2146=DIRECTION('ref_axis',(0.707106781186546,0.707106781186549,0.));
#2147=DIRECTION('',(0.,0.,-1.));
#2148=DIRECTION('',(0.,0.,-1.));
#2149=DIRECTION('center_axis',(0.,0.,-1.));
#2150=DIRECTION('ref_axis',(1.,0.,0.));
#2151=DIRECTION('center_axis',(0.,1.,0.));
#2152=DIRECTION('ref_axis',(0.923879532511287,0.,0.382683432365089));
#2153=DIRECTION('',(0.,-1.,0.));
#2154=DIRECTION('center_axis',(0.,-1.,0.));
#2155=DIRECTION('ref_axis',(0.923879532511284,0.,0.382683432365096));
#2156=DIRECTION('center_axis',(0.,-1.,0.));
#2157=DIRECTION('ref_axis',(1.,0.,0.));
#2158=DIRECTION('center_axis',(-0.694543648263017,6.39000469070662E-15,
0.719450568599051));
#2159=DIRECTION('ref_axis',(0.,-1.,8.88178419700124E-15));
#2160=DIRECTION('center_axis',(0.707106781186545,0.,-0.70710678118655));
#2161=DIRECTION('ref_axis',(0.70710678118655,0.,0.707106781186545));
#2162=DIRECTION('center_axis',(0.707106781186548,0.,-0.707106781186548));
#2163=DIRECTION('ref_axis',(0.500000000000008,-0.707106781186546,0.499999999999995));
#2164=DIRECTION('center_axis',(0.707106781186531,0.,-0.707106781186564));
#2165=DIRECTION('ref_axis',(0.707106781186564,0.,0.707106781186531));
#2166=DIRECTION('',(-0.707106781186548,0.,0.707106781186548));
#2167=DIRECTION('center_axis',(0.719450568599057,-2.396251759015E-15,-0.694543648263011));
#2168=DIRECTION('ref_axis',(0.694543648263011,0.,0.719450568599057));
#2169=DIRECTION('center_axis',(0.,-1.,0.));
#2170=DIRECTION('ref_axis',(0.382683432365092,0.,0.923879532511286));
#2171=DIRECTION('center_axis',(0.,0.,1.));
#2172=DIRECTION('ref_axis',(0.,-1.,0.));
#2173=DIRECTION('center_axis',(0.,0.,1.));
#2174=DIRECTION('ref_axis',(0.707106781186551,-0.707106781186544,0.));
#2175=DIRECTION('center_axis',(0.,-1.,0.));
#2176=DIRECTION('ref_axis',(0.,0.,1.));
#2177=DIRECTION('center_axis',(1.,0.,0.));
#2178=DIRECTION('ref_axis',(0.,-4.44089209850064E-15,1.));
#2179=DIRECTION('center_axis',(-1.,0.,0.));
#2180=DIRECTION('ref_axis',(0.,-0.707106781186544,0.707106781186551));
#2181=DIRECTION('center_axis',(0.,0.,1.));
#2182=DIRECTION('ref_axis',(1.,0.,0.));
#2183=DIRECTION('',(0.,1.,0.));
#2184=DIRECTION('',(0.,1.,0.));
#2185=DIRECTION('',(-1.,0.,0.));
#2186=DIRECTION('center_axis',(0.,1.,0.));
#2187=DIRECTION('ref_axis',(0.382683432365091,0.,0.923879532511286));
#2188=DIRECTION('',(0.,1.,0.));
#2189=DIRECTION('center_axis',(0.707106781186548,0.,0.707106781186548));
#2190=DIRECTION('ref_axis',(0.707106781186548,0.,-0.707106781186548));
#2191=DIRECTION('center_axis',(1.,0.,2.49488320140485E-16));
#2192=DIRECTION('ref_axis',(0.,0.707106781186548,0.707106781186548));
#2193=DIRECTION('',(1.,0.,2.49488320140485E-16));
#2194=DIRECTION('center_axis',(0.707106781186548,-3.14018491736755E-15,
-0.707106781186548));
#2195=DIRECTION('ref_axis',(-0.707106781186548,-3.14018491736755E-15,-0.707106781186548));
#2196=DIRECTION('center_axis',(0.,0.,-1.));
#2197=DIRECTION('ref_axis',(0.707106781186548,0.707106781186548,0.));
#2198=DIRECTION('',(0.,0.,-1.));
#2199=DIRECTION('center_axis',(-2.49488320140485E-16,0.,1.));
#2200=DIRECTION('ref_axis',(1.,0.,2.49488320140485E-16));
#2201=DIRECTION('',(0.,1.,0.));
#2202=DIRECTION('',(-1.,0.,-2.49488320140485E-16));
#2203=DIRECTION('',(0.,-1.,0.));
#2204=DIRECTION('center_axis',(2.49488320140485E-16,0.,-1.));
#2205=DIRECTION('ref_axis',(-1.,0.,0.));
#2206=DIRECTION('center_axis',(2.49488320140485E-16,0.,-1.));
#2207=DIRECTION('ref_axis',(-1.,0.,0.));
#2208=DIRECTION('center_axis',(1.,0.,0.));
#2209=DIRECTION('ref_axis',(0.,0.,-1.));
#2210=DIRECTION('',(0.,1.,0.));
#2211=DIRECTION('',(0.,0.,1.));
#2212=DIRECTION('center_axis',(-1.,0.,0.));
#2213=DIRECTION('ref_axis',(0.,1.,0.));
#2214=DIRECTION('center_axis',(-1.,0.,0.));
#2215=DIRECTION('ref_axis',(0.,1.,0.));
#2216=DIRECTION('center_axis',(-0.816496580927729,0.408248290463861,-0.40824829046386));
#2217=DIRECTION('ref_axis',(0.577350269189623,0.577350269189628,-0.577350269189626));
#2218=DIRECTION('center_axis',(0.,1.,0.));
#2219=DIRECTION('ref_axis',(0.,0.,-1.));
#2220=DIRECTION('center_axis',(1.,0.,0.));
#2221=DIRECTION('ref_axis',(0.,1.,0.));
#2222=DIRECTION('center_axis',(-0.816496580927723,-0.408248290463869,-0.408248290463863));
#2223=DIRECTION('ref_axis',(0.577350269189624,-0.57735026918963,-0.577350269189623));
#2224=DIRECTION('center_axis',(0.,-1.,0.));
#2225=DIRECTION('ref_axis',(1.,0.,0.));
#2226=DIRECTION('center_axis',(4.44089209850064E-15,0.,-1.));
#2227=DIRECTION('ref_axis',(0.,-1.,0.));
#2228=DIRECTION('center_axis',(1.,0.,0.));
#2229=DIRECTION('ref_axis',(0.,0.,-1.));
#2230=DIRECTION('center_axis',(-0.40824829046386,-0.816496580927724,-0.40824829046387));
#2231=DIRECTION('ref_axis',(0.577350269189621,-0.577350269189628,0.577350269189629));
#2232=DIRECTION('center_axis',(0.,-1.,0.));
#2233=DIRECTION('ref_axis',(0.,0.,1.));
#2234=DIRECTION('center_axis',(1.,0.,0.));
#2235=DIRECTION('ref_axis',(0.,-1.,0.));
#2236=DIRECTION('center_axis',(0.,0.,1.));
#2237=DIRECTION('ref_axis',(1.,0.,0.));
#2238=DIRECTION('center_axis',(-0.816496580927726,-0.408248290463865,-0.408248290463861));
#2239=DIRECTION('ref_axis',(-0.577350269189626,0.577350269189627,0.577350269189625));
#2240=DIRECTION('center_axis',(0.,0.,1.));
#2241=DIRECTION('ref_axis',(-1.,0.,0.));
#2242=DIRECTION('center_axis',(0.,1.,0.));
#2243=DIRECTION('ref_axis',(0.,0.,1.));
#2244=DIRECTION('center_axis',(-0.40824829046386,-0.40824829046386,-0.816496580927729));
#2245=DIRECTION('ref_axis',(-0.577350269189628,-0.577350269189627,0.577350269189623));
#2246=DIRECTION('center_axis',(0.,-1.,0.));
#2247=DIRECTION('ref_axis',(-1.,0.,0.));
#2248=DIRECTION('center_axis',(0.,0.,1.));
#2249=DIRECTION('ref_axis',(0.,-1.,0.));
#2250=DIRECTION('center_axis',(-1.,0.,0.));
#2251=DIRECTION('ref_axis',(0.,0.,1.));
#2252=DIRECTION('center_axis',(0.,0.,1.));
#2253=DIRECTION('ref_axis',(-0.707106781186548,-0.707106781186547,0.));
#2254=DIRECTION('',(0.,0.,1.));
#2255=DIRECTION('',(0.,0.,-1.));
#2256=DIRECTION('center_axis',(-0.707106781186548,2.94392336003208E-15,
0.707106781186548));
#2257=DIRECTION('ref_axis',(-0.707106781186548,2.94392336003208E-15,-0.707106781186548));
#2258=DIRECTION('center_axis',(0.40824829046386,-0.408248290463859,-0.816496580927729));
#2259=DIRECTION('ref_axis',(0.577350269189628,-0.577350269189626,0.577350269189623));
#2260=DIRECTION('center_axis',(0.,-1.,0.));
#2261=DIRECTION('ref_axis',(0.,0.,1.));
#2262=DIRECTION('center_axis',(1.,0.,-2.22044604925032E-15));
#2263=DIRECTION('ref_axis',(0.,-1.,0.));
#2264=DIRECTION('center_axis',(0.,0.,1.));
#2265=DIRECTION('ref_axis',(1.,0.,0.));
#2266=DIRECTION('center_axis',(1.,0.,0.));
#2267=DIRECTION('ref_axis',(0.,-0.707106781186549,0.707106781186546));
#2268=DIRECTION('',(1.,0.,0.));
#2269=DIRECTION('center_axis',(0.,0.,1.));
#2270=DIRECTION('ref_axis',(0.707106781186548,-0.707106781186547,0.));
#2271=DIRECTION('',(0.,0.,-1.));
#2272=DIRECTION('center_axis',(-0.707106781186546,-3.14018491736756E-15,
0.707106781186549));
#2273=DIRECTION('ref_axis',(-0.707106781186549,-3.14018491736757E-15,-0.707106781186546));
#2274=DIRECTION('center_axis',(0.,1.,0.));
#2275=DIRECTION('ref_axis',(0.707106781186549,0.,0.707106781186546));
#2276=DIRECTION('center_axis',(0.,1.,0.));
#2277=DIRECTION('ref_axis',(-0.707106781186549,0.,0.707106781186546));
#2278=DIRECTION('',(0.,-1.,0.));
#2279=DIRECTION('center_axis',(1.,0.,2.49488320140485E-16));
#2280=DIRECTION('ref_axis',(0.,-0.707106781186547,0.707106781186548));
#2281=DIRECTION('',(1.,0.,2.49488320140485E-16));
#2282=DIRECTION('center_axis',(0.,0.,1.));
#2283=DIRECTION('ref_axis',(-0.707106781186548,0.707106781186548,0.));
#2284=DIRECTION('',(0.,0.,1.));
#2285=DIRECTION('center_axis',(-0.707106781186548,-2.94392336003208E-15,
0.707106781186548));
#2286=DIRECTION('ref_axis',(-0.707106781186548,-2.94392336003208E-15,-0.707106781186548));
#2287=DIRECTION('center_axis',(1.,0.,1.22464679914735E-16));
#2288=DIRECTION('ref_axis',(0.,-0.707106781186547,-0.707106781186548));
#2289=DIRECTION('',(1.,0.,1.22464679914735E-16));
#2290=DIRECTION('',(-1.,0.,-1.22464679914735E-16));
#2291=DIRECTION('center_axis',(0.,0.,-1.));
#2292=DIRECTION('ref_axis',(0.707106781186546,-0.707106781186549,0.));
#2293=DIRECTION('',(0.,0.,1.));
#2294=DIRECTION('',(0.,0.,-1.));
#2295=DIRECTION('center_axis',(0.,1.,0.));
#2296=DIRECTION('ref_axis',(0.707106781186546,0.,0.707106781186549));
#2297=DIRECTION('',(0.,1.,0.));
#2298=DIRECTION('center_axis',(-1.,0.,-1.22464679914735E-16));
#2299=DIRECTION('ref_axis',(0.,0.707106781186548,-0.707106781186547));
#2300=DIRECTION('',(-1.,0.,-1.22464679914735E-16));
#2301=DIRECTION('center_axis',(0.,1.,0.));
#2302=DIRECTION('ref_axis',(0.707106781186546,0.,-0.707106781186549));
#2303=DIRECTION('',(0.,-1.,0.));
#2304=DIRECTION('',(0.,1.,0.));
#2305=DIRECTION('center_axis',(1.22464679914735E-16,0.,-1.));
#2306=DIRECTION('ref_axis',(-1.,0.,-1.22464679914735E-16));
#2307=DIRECTION('',(0.,1.,0.));
#2308=DIRECTION('center_axis',(-1.22464679914735E-16,0.,1.));
#2309=DIRECTION('ref_axis',(1.,0.,0.));
#2310=DIRECTION('center_axis',(-1.22464679914735E-16,0.,1.));
#2311=DIRECTION('ref_axis',(1.,0.,0.));
#2312=DIRECTION('center_axis',(1.,0.,0.));
#2313=DIRECTION('ref_axis',(0.,0.,-1.));
#2314=DIRECTION('center_axis',(0.,1.,0.));
#2315=DIRECTION('ref_axis',(1.,0.,0.));
#2316=DIRECTION('center_axis',(0.,0.,1.));
#2317=DIRECTION('ref_axis',(-1.,0.,0.));
#2318=DIRECTION('',(-0.554700196225228,6.79311819793634E-17,-0.832050294337845));
#2319=DIRECTION('center_axis',(0.,0.,1.));
#2320=DIRECTION('ref_axis',(1.,0.,0.));
#2321=DIRECTION('center_axis',(0.,0.,1.));
#2322=DIRECTION('ref_axis',(1.,0.,0.));
#2323=DIRECTION('center_axis',(0.,0.,1.));
#2324=DIRECTION('ref_axis',(-1.,0.,0.));
#2325=DIRECTION('',(-0.554700196225228,6.79311819793634E-17,-0.832050294337845));
#2326=DIRECTION('center_axis',(0.,0.,1.));
#2327=DIRECTION('ref_axis',(1.,0.,0.));
#2328=DIRECTION('center_axis',(0.,0.,1.));
#2329=DIRECTION('ref_axis',(1.,0.,0.));
#2330=DIRECTION('center_axis',(0.,0.,-1.));
#2331=DIRECTION('ref_axis',(1.,0.,0.));
#2332=DIRECTION('',(0.,0.,-1.));
#2333=DIRECTION('center_axis',(0.,0.,-1.));
#2334=DIRECTION('ref_axis',(1.,0.,0.));
#2335=DIRECTION('',(0.,0.,-1.));
#2336=DIRECTION('center_axis',(1.,0.,0.));
#2337=DIRECTION('ref_axis',(0.,1.,0.));
#2338=DIRECTION('',(-0.832050294337844,0.554700196225229,-6.79311819793635E-17));
#2339=DIRECTION('center_axis',(1.,0.,0.));
#2340=DIRECTION('ref_axis',(0.,1.,0.));
#2341=DIRECTION('center_axis',(1.,0.,0.));
#2342=DIRECTION('ref_axis',(0.,1.,0.));
#2343=DIRECTION('',(-0.832050294337844,0.554700196225229,-6.79311819793635E-17));
#2344=DIRECTION('center_axis',(1.,0.,0.));
#2345=DIRECTION('ref_axis',(0.,1.,0.));
#2346=DIRECTION('center_axis',(-1.,0.,0.));
#2347=DIRECTION('ref_axis',(0.,1.,0.));
#2348=DIRECTION('',(-1.,0.,0.));
#2349=DIRECTION('center_axis',(1.,0.,0.));
#2350=DIRECTION('ref_axis',(0.,1.,0.));
#2351=DIRECTION('center_axis',(-1.,0.,0.));
#2352=DIRECTION('ref_axis',(0.,1.,0.));
#2353=DIRECTION('',(-1.,0.,0.));
#2354=DIRECTION('center_axis',(1.,0.,0.));
#2355=DIRECTION('ref_axis',(0.,1.,0.));
#2356=DIRECTION('center_axis',(-1.,0.,0.));
#2357=DIRECTION('ref_axis',(0.,0.,1.));
#2358=CARTESIAN_POINT('',(0.,0.,0.));
#2359=CARTESIAN_POINT('Origin',(4.,-0.5,57.15));
#2360=CARTESIAN_POINT('',(5.,-0.5,4.99999999999999));
#2361=CARTESIAN_POINT('',(5.,-0.5,62.0578643762691));
#2362=CARTESIAN_POINT('',(5.,-0.5,57.15));
#2363=CARTESIAN_POINT('',(4.,-1.5,63.0578643762691));
#2364=CARTESIAN_POINT('Origin',(4.,-0.5,63.0578643762691));
#2365=CARTESIAN_POINT('',(4.,-1.5,3.99999999999999));
#2366=CARTESIAN_POINT('',(4.,-1.5,57.15));
#2367=CARTESIAN_POINT('Origin',(4.,-0.5,3.99999999999999));
#2368=CARTESIAN_POINT('Origin',(21.55,-0.5,3.99999999999999));
#2369=CARTESIAN_POINT('',(63.0578643762691,-1.5,4.00000000000001));
#2370=CARTESIAN_POINT('',(21.55,-1.5,3.99999999999999));
#2371=CARTESIAN_POINT('',(62.0578643762691,-0.5,5.00000000000001));
#2372=CARTESIAN_POINT('Origin',(63.0578643762691,-0.5,4.00000000000001));
#2373=CARTESIAN_POINT('',(21.55,-0.5,5.));
#2374=CARTESIAN_POINT('Origin',(5.,0.,76.2));
#2375=CARTESIAN_POINT('',(5.,14.,4.99999999999999));
#2376=CARTESIAN_POINT('',(5.,0.,4.99999999999999));
#2377=CARTESIAN_POINT('',(5.,14.,75.2));
#2378=CARTESIAN_POINT('',(5.,14.,57.15));
#2379=CARTESIAN_POINT('',(5.,0.,75.2));
#2380=CARTESIAN_POINT('',(5.,0.,75.2));
#2381=CARTESIAN_POINT('',(5.,0.,62.0578643762691));
#2382=CARTESIAN_POINT('',(5.,0.,4.99999999999999));
#2383=CARTESIAN_POINT('',(5.,0.,62.0578643762691));
#2384=CARTESIAN_POINT('',(5.,3.5,58.4));
#2385=CARTESIAN_POINT('Origin',(5.,7.5,58.4));
#2386=CARTESIAN_POINT('',(5.,3.49999999999999,38.1));
#2387=CARTESIAN_POINT('Origin',(5.,7.49999999999998,38.1));
#2388=CARTESIAN_POINT('Origin',(5.,0.,4.99999999999999));
#2389=CARTESIAN_POINT('',(62.0578643762691,0.,5.00000000000001));
#2390=CARTESIAN_POINT('',(62.0578643762691,0.,5.00000000000001));
#2391=CARTESIAN_POINT('',(75.2,0.,5.00000000000001));
#2392=CARTESIAN_POINT('',(5.,0.,4.99999999999999));
#2393=CARTESIAN_POINT('',(75.2,14.,5.00000000000001));
#2394=CARTESIAN_POINT('',(75.2,0.,5.00000000000001));
#2395=CARTESIAN_POINT('',(21.55,14.,5.));
#2396=CARTESIAN_POINT('',(42.1,7.5,4.99999999999999));
#2397=CARTESIAN_POINT('Origin',(38.1,7.5,4.99999999999999));
#2398=CARTESIAN_POINT('',(62.4,7.5,4.99999999999999));
#2399=CARTESIAN_POINT('Origin',(58.4,7.5,4.99999999999999));
#2400=CARTESIAN_POINT('Origin',(75.2,0.,4.5857864376269));
#2401=CARTESIAN_POINT('',(75.9071067811866,-1.20710678118655,5.29289321881345));
#2402=CARTESIAN_POINT('',(76.2,-0.5,4.5857864376269));
#2403=CARTESIAN_POINT('Origin',(75.2,-0.5,4.5857864376269));
#2404=CARTESIAN_POINT('',(76.2,0.,4.5857864376269));
#2405=CARTESIAN_POINT('',(76.2,0.,4.5857864376269));
#2406=CARTESIAN_POINT('',(75.9071067811865,0.,5.29289321881346));
#2407=CARTESIAN_POINT('Origin',(75.2,0.,4.5857864376269));
#2408=CARTESIAN_POINT('',(75.9071067811866,0.,5.29289321881345));
#2409=CARTESIAN_POINT('Origin',(75.2,-0.5,21.55));
#2410=CARTESIAN_POINT('',(75.2,-1.5,6.00000000000001));
#2411=CARTESIAN_POINT('Origin',(75.2,-0.5,6.));
#2412=CARTESIAN_POINT('',(75.2,-1.5,1.00000000000001));
#2413=CARTESIAN_POINT('',(75.2,-1.5,21.55));
#2414=CARTESIAN_POINT('',(76.2,-0.5,1.00000000000001));
#2415=CARTESIAN_POINT('Origin',(75.2,-0.5,1.00000000000001));
#2416=CARTESIAN_POINT('',(76.2,-0.5,21.55));
#2417=CARTESIAN_POINT('Origin',(76.2,0.,5.));
#2418=CARTESIAN_POINT('',(5.29289321881345,0.,75.9071067811865));
#2419=CARTESIAN_POINT('',(5.,0.,76.2));
#2420=CARTESIAN_POINT('',(5.29289321881345,-1.20710678118655,75.9071067811866));
#2421=CARTESIAN_POINT('',(5.29289321881346,0.,75.9071067811866));
#2422=CARTESIAN_POINT('',(6.,-1.5,75.2));
#2423=CARTESIAN_POINT('Origin',(6.,-0.5,75.2));
#2424=CARTESIAN_POINT('',(5.,-1.5,76.2));
#2425=CARTESIAN_POINT('Origin',(4.58578643762691,0.,75.2));
#2426=CARTESIAN_POINT('',(4.58578643762691,-0.5,76.2));
#2427=CARTESIAN_POINT('Origin',(4.58578643762691,-0.5,75.2));
#2428=CARTESIAN_POINT('',(4.58578643762691,0.,76.2));
#2429=CARTESIAN_POINT('Origin',(4.58578643762691,0.,75.2));
#2430=CARTESIAN_POINT('',(4.58578643762691,0.,76.2));
#2431=CARTESIAN_POINT('Origin',(19.05,-0.5,75.2));
#2432=CARTESIAN_POINT('',(1.,-0.5,76.2));
#2433=CARTESIAN_POINT('',(19.05,-0.5,76.2));
#2434=CARTESIAN_POINT('',(1.,-1.5,75.2));
#2435=CARTESIAN_POINT('Origin',(1.,-0.5,75.2));
#2436=CARTESIAN_POINT('',(19.05,-1.5,75.2));
#2437=CARTESIAN_POINT('Origin',(75.2,-0.5,1.00000000000001));
#2438=CARTESIAN_POINT('',(75.2,-0.5,9.15933995315754E-15));
#2439=CARTESIAN_POINT('Origin',(75.2,-0.5,1.00000000000001));
#2440=CARTESIAN_POINT('Origin',(75.2,-0.5,1.00000000000001));
#2441=CARTESIAN_POINT('Origin',(57.15,-0.5,1.00000000000001));
#2442=CARTESIAN_POINT('',(0.,-0.5,0.));
#2443=CARTESIAN_POINT('',(57.15,-0.5,6.93889390390723E-15));
#2444=CARTESIAN_POINT('',(1.,-1.5,1.));
#2445=CARTESIAN_POINT('',(57.15,-1.5,1.00000000000001));
#2446=CARTESIAN_POINT('Origin',(0.999999999999996,-0.5,1.));
#2447=CARTESIAN_POINT('Origin',(75.2,14.,1.00000000000001));
#2448=CARTESIAN_POINT('',(76.2,14.,1.00000000000001));
#2449=CARTESIAN_POINT('',(75.2,15.,1.00000000000001));
#2450=CARTESIAN_POINT('Origin',(75.2,14.,1.00000000000001));
#2451=CARTESIAN_POINT('',(75.2,14.,9.1493813763682E-15));
#2452=CARTESIAN_POINT('Origin',(75.2,14.,1.00000000000001));
#2453=CARTESIAN_POINT('Origin',(75.2,14.,1.00000000000001));
#2454=CARTESIAN_POINT('Origin',(75.2,0.,1.00000000000001));
#2455=CARTESIAN_POINT('',(76.2,0.,1.00000000000001));
#2456=CARTESIAN_POINT('',(75.2,0.,9.15933995315754E-15));
#2457=CARTESIAN_POINT('Origin',(1.,-0.5,75.2));
#2458=CARTESIAN_POINT('',(0.,-0.5,75.2));
#2459=CARTESIAN_POINT('Origin',(1.,-0.5,75.2));
#2460=CARTESIAN_POINT('Origin',(1.,-0.5,75.2));
#2461=CARTESIAN_POINT('Origin',(75.2,14.,4.00000000000001));
#2462=CARTESIAN_POINT('',(75.2,15.,4.00000000000001));
#2463=CARTESIAN_POINT('Origin',(75.2,14.,4.00000000000001));
#2464=CARTESIAN_POINT('',(76.2,14.,4.00000000000001));
#2465=CARTESIAN_POINT('Origin',(75.2,14.,4.00000000000001));
#2466=CARTESIAN_POINT('Origin',(75.2,14.,4.00000000000001));
#2467=CARTESIAN_POINT('Origin',(75.2,0.,4.00000000000001));
#2468=CARTESIAN_POINT('',(76.2,0.,4.00000000000001));
#2469=CARTESIAN_POINT('Origin',(75.2,0.,4.00000000000001));
#2470=CARTESIAN_POINT('',(76.2,0.,4.00000000000001));
#2471=CARTESIAN_POINT('Origin',(75.2,14.,21.55));
#2472=CARTESIAN_POINT('',(75.2,15.,21.55));
#2473=CARTESIAN_POINT('',(76.2,14.,21.55));
#2474=CARTESIAN_POINT('Origin',(1.,14.,75.2));
#2475=CARTESIAN_POINT('',(0.,14.,75.2));
#2476=CARTESIAN_POINT('',(1.,15.,75.2));
#2477=CARTESIAN_POINT('Origin',(1.,14.,75.2));
#2478=CARTESIAN_POINT('',(1.,14.,76.2));
#2479=CARTESIAN_POINT('Origin',(1.,14.,75.2));
#2480=CARTESIAN_POINT('Origin',(1.,14.,75.2));
#2481=CARTESIAN_POINT('Origin',(1.,0.,75.2));
#2482=CARTESIAN_POINT('',(0.,0.,75.2));
#2483=CARTESIAN_POINT('',(1.,0.,76.2));
#2484=CARTESIAN_POINT('Origin',(21.55,14.,3.99999999999999));
#2485=CARTESIAN_POINT('',(4.,15.,3.99999999999999));
#2486=CARTESIAN_POINT('',(21.55,15.,3.99999999999999));
#2487=CARTESIAN_POINT('Origin',(4.,14.,3.99999999999999));
#2488=CARTESIAN_POINT('Origin',(4.,14.,75.2));
#2489=CARTESIAN_POINT('',(4.,14.,76.2));
#2490=CARTESIAN_POINT('',(4.,15.,75.2));
#2491=CARTESIAN_POINT('Origin',(4.,14.,75.2));
#2492=CARTESIAN_POINT('Origin',(4.,14.,75.2));
#2493=CARTESIAN_POINT('Origin',(4.,14.,75.2));
#2494=CARTESIAN_POINT('Origin',(4.,0.,75.2));
#2495=CARTESIAN_POINT('',(4.,0.,76.2));
#2496=CARTESIAN_POINT('Origin',(4.,0.,75.2));
#2497=CARTESIAN_POINT('',(4.,0.,76.2));
#2498=CARTESIAN_POINT('Origin',(4.,14.,57.15));
#2499=CARTESIAN_POINT('',(4.,15.,57.15));
#2500=CARTESIAN_POINT('Origin',(19.05,14.,75.2));
#2501=CARTESIAN_POINT('',(19.05,15.,75.2));
#2502=CARTESIAN_POINT('',(19.05,14.,76.2));
#2503=CARTESIAN_POINT('Origin',(1.,14.,19.05));
#2504=CARTESIAN_POINT('',(0.,14.,0.));
#2505=CARTESIAN_POINT('',(0.,14.,19.05));
#2506=CARTESIAN_POINT('',(0.999999999999996,15.,1.));
#2507=CARTESIAN_POINT('',(1.,15.,19.05));
#2508=CARTESIAN_POINT('Origin',(1.,14.,1.));
#2509=CARTESIAN_POINT('Origin',(57.15,14.,1.00000000000001));
#2510=CARTESIAN_POINT('',(57.15,15.,1.00000000000001));
#2511=CARTESIAN_POINT('',(57.15,14.,6.93889390390723E-15));
#2512=CARTESIAN_POINT('Origin',(1.,-0.5,19.05));
#2513=CARTESIAN_POINT('',(1.,-1.5,19.05));
#2514=CARTESIAN_POINT('',(0.,-0.5,19.05));
#2515=CARTESIAN_POINT('Origin',(0.,0.,0.));
#2516=CARTESIAN_POINT('',(0.,0.,0.));
#2517=CARTESIAN_POINT('',(0.,5.5,38.1));
#2518=CARTESIAN_POINT('Origin',(0.,7.5,38.1));
#2519=CARTESIAN_POINT('',(0.,5.5,58.4));
#2520=CARTESIAN_POINT('Origin',(0.,7.5,58.4));
#2521=CARTESIAN_POINT('Origin',(0.,0.,76.2));
#2522=CARTESIAN_POINT('',(19.05,0.,76.2));
#2523=CARTESIAN_POINT('Origin',(38.1,-1.5,38.1));
#2524=CARTESIAN_POINT('',(5.,-1.5,62.0578643762691));
#2525=CARTESIAN_POINT('Origin',(38.1,15.,38.1));
#2526=CARTESIAN_POINT('Origin',(5.,0.,62.0578643762691));
#2527=CARTESIAN_POINT('',(5.,0.,62.0578643762691));
#2528=CARTESIAN_POINT('Origin',(38.1,0.,38.1));
#2529=CARTESIAN_POINT('',(76.2,0.,21.55));
#2530=CARTESIAN_POINT('Origin',(58.4,7.5,5.));
#2531=CARTESIAN_POINT('',(60.4,7.5,1.99999999999999));
#2532=CARTESIAN_POINT('',(62.4,7.5,5.));
#2533=CARTESIAN_POINT('',(56.4,7.5,1.99999999999999));
#2534=CARTESIAN_POINT('Origin',(58.4,7.5,1.99999999999999));
#2535=CARTESIAN_POINT('Origin',(58.4,7.5,1.99999999999999));
#2536=CARTESIAN_POINT('Origin',(38.1,7.5,5.));
#2537=CARTESIAN_POINT('',(40.1,7.5,1.99999999999999));
#2538=CARTESIAN_POINT('',(42.1,7.5,5.));
#2539=CARTESIAN_POINT('',(36.1,7.5,1.99999999999999));
#2540=CARTESIAN_POINT('Origin',(38.1,7.5,1.99999999999999));
#2541=CARTESIAN_POINT('Origin',(38.1,7.5,1.99999999999999));
#2542=CARTESIAN_POINT('Origin',(38.1,7.5,1.99999999999999));
#2543=CARTESIAN_POINT('',(36.1,7.5,5.82867087928207E-15));
#2544=CARTESIAN_POINT('',(36.1,7.5,1.99999999999999));
#2545=CARTESIAN_POINT('Origin',(38.1,7.5,9.43689570931383E-15));
#2546=CARTESIAN_POINT('Origin',(58.4,7.5,1.99999999999999));
#2547=CARTESIAN_POINT('',(56.4,7.5,5.82867087928207E-15));
#2548=CARTESIAN_POINT('',(56.4,7.5,1.99999999999999));
#2549=CARTESIAN_POINT('Origin',(58.4,7.5,9.43689570931383E-15));
#2550=CARTESIAN_POINT('Origin',(5.,7.49999999999998,38.1));
#2551=CARTESIAN_POINT('',(1.99999999999999,5.49999999999999,38.1));
#2552=CARTESIAN_POINT('',(5.,3.49999999999999,38.1));
#2553=CARTESIAN_POINT('Origin',(2.,7.5,38.1));
#2554=CARTESIAN_POINT('Origin',(5.,7.5,58.4));
#2555=CARTESIAN_POINT('',(2.,5.5,58.4));
#2556=CARTESIAN_POINT('',(5.,3.5,58.4));
#2557=CARTESIAN_POINT('Origin',(2.,7.5,58.4));
#2558=CARTESIAN_POINT('Origin',(2.,7.5,58.4));
#2559=CARTESIAN_POINT('',(2.,5.5,58.4));
#2560=CARTESIAN_POINT('Origin',(2.,7.5,38.1));
#2561=CARTESIAN_POINT('',(2.,5.5,38.1));
#2562=CARTESIAN_POINT('Origin',(76.2,0.,9.33180860950283E-15));
#2563=CARTESIAN_POINT('Origin',(76.2,0.,5.00000000000001));
#2564=CARTESIAN_POINT('Origin',(48.1469516727951,15.5,19.6180194846605));
#2565=CARTESIAN_POINT('',(62.0578643762691,15.5,5.00000000000001));
#2566=CARTESIAN_POINT('',(62.7649711574556,15.,5.00000000000001));
#2567=CARTESIAN_POINT('Origin',(62.7649711574556,15.5,5.00000000000001));
#2568=CARTESIAN_POINT('',(5.,15.,62.7649711574556));
#2569=CARTESIAN_POINT('',(48.1469516727951,15.,19.6180194846605));
#2570=CARTESIAN_POINT('',(5.,15.5,62.057864376269));
#2571=CARTESIAN_POINT('Origin',(5.,15.5,62.7649711574556));
#2572=CARTESIAN_POINT('',(47.7933982822018,15.5,19.2644660940673));
#2573=CARTESIAN_POINT('Origin',(38.1,15.,38.1));
#2574=CARTESIAN_POINT('',(75.2,15.,5.00000000000001));
#2575=CARTESIAN_POINT('',(5.,15.,4.99999999999999));
#2576=CARTESIAN_POINT('',(75.5597252842995,15.,4.93305826175842));
#2577=CARTESIAN_POINT('Origin',(75.2,15.,4.00000000000001));
#2578=CARTESIAN_POINT('',(75.5535533905933,15.,4.93933982822019));
#2579=CARTESIAN_POINT('Origin',(75.2,15.,4.58578643762691));
#2580=CARTESIAN_POINT('',(4.93933982822017,15.,75.5535533905933));
#2581=CARTESIAN_POINT('',(22.4464466094067,15.,58.0464466094067));
#2582=CARTESIAN_POINT('',(4.93305826175841,15.,75.5597252842995));
#2583=CARTESIAN_POINT('Origin',(4.5857864376269,15.,75.2));
#2584=CARTESIAN_POINT('',(5.,15.,75.2));
#2585=CARTESIAN_POINT('Origin',(4.,15.,75.2));
#2586=CARTESIAN_POINT('',(5.,15.,4.99999999999999));
#2587=CARTESIAN_POINT('Origin',(48.1469516727951,16.,19.6180194846605));
#2588=CARTESIAN_POINT('',(63.7649711574556,16.5,4.));
#2589=CARTESIAN_POINT('',(62.1918389724846,16.,4.86602540378444));
#2590=CARTESIAN_POINT('Ctrl Pts',(62.1918389724846,16.,4.86602540378444));
#2591=CARTESIAN_POINT('Ctrl Pts',(62.2446466010815,16.091465495757,4.81321777518756));
#2592=CARTESIAN_POINT('Ctrl Pts',(62.332061797702,16.1588817633769,4.75660195365241));
#2593=CARTESIAN_POINT('Ctrl Pts',(62.5245805757262,16.2721440391464,4.64059708461263));
#2594=CARTESIAN_POINT('Ctrl Pts',(62.6312052181268,16.3158707943318,4.58167834411573));
#2595=CARTESIAN_POINT('Ctrl Pts',(63.0420639473778,16.4533389745398,4.36057334920297));
#2596=CARTESIAN_POINT('Ctrl Pts',(63.4355325653417,16.5,4.16471929605695));
#2597=CARTESIAN_POINT('Ctrl Pts',(63.7649711574556,16.5,4.00000000000001));
#2598=CARTESIAN_POINT('',(4.86602540378444,16.,62.1918389724846));
#2599=CARTESIAN_POINT('',(47.7933982822018,16.,19.2644660940673));
#2600=CARTESIAN_POINT('',(4.,16.5,63.7649711574556));
#2601=CARTESIAN_POINT('Ctrl Pts',(3.99999999999999,16.5,63.7649711574556));
#2602=CARTESIAN_POINT('Ctrl Pts',(4.16471929605696,16.5,63.4355325653417));
#2603=CARTESIAN_POINT('Ctrl Pts',(4.36057334920297,16.4533389745398,63.0420639473777));
#2604=CARTESIAN_POINT('Ctrl Pts',(4.58167834411574,16.3158707943318,62.6312052181267));
#2605=CARTESIAN_POINT('Ctrl Pts',(4.64059708461263,16.2721440391464,62.5245805757262));
#2606=CARTESIAN_POINT('Ctrl Pts',(4.75660195365242,16.1588817633769,62.332061797702));
#2607=CARTESIAN_POINT('Ctrl Pts',(4.81321777518755,16.091465495757,62.2446466010815));
#2608=CARTESIAN_POINT('Ctrl Pts',(4.86602540378444,16.,62.1918389724846));
#2609=CARTESIAN_POINT('',(48.1469516727951,16.5,19.6180194846605));
#2610=CARTESIAN_POINT('Origin',(62.0578643762691,15.,5.00000000000001));
#2611=CARTESIAN_POINT('Origin',(4.,15.5,63.057864376269));
#2612=CARTESIAN_POINT('Origin',(63.0578643762691,15.5,4.00000000000001));
#2613=CARTESIAN_POINT('Ctrl Pts',(76.2,15.5,4.58578643762691));
#2614=CARTESIAN_POINT('Ctrl Pts',(76.2,15.7617993877992,4.71668613152649));
#2615=CARTESIAN_POINT('Ctrl Pts',(76.0922269036098,16.0219866587633,4.84677976700856));
#2616=CARTESIAN_POINT('Ctrl Pts',(75.9071067811865,16.2071067811866,4.93933982822019));
#2617=CARTESIAN_POINT('Ctrl Pts',(76.2,15.5,4.58578643762691));
#2618=CARTESIAN_POINT('Ctrl Pts',(76.2,15.7368661127707,4.74161940655498));
#2619=CARTESIAN_POINT('Ctrl Pts',(76.1173795931385,15.97496944763,4.89749134152841));
#2620=CARTESIAN_POINT('Ctrl Pts',(75.9478226488107,16.1663909135624,5.02077156346857));
#2621=CARTESIAN_POINT('Ctrl Pts',(76.2,15.5,4.58578643762691));
#2622=CARTESIAN_POINT('Ctrl Pts',(76.2,15.6932328814708,4.78525263785484));
#2623=CARTESIAN_POINT('Ctrl Pts',(76.1368350515457,15.8880891969801,4.98672696886643));
#2624=CARTESIAN_POINT('Ctrl Pts',(75.9808193650194,16.0571928034124,5.16296638982718));
#2625=CARTESIAN_POINT('Ctrl Pts',(76.2,15.5,4.58578643762691));
#2626=CARTESIAN_POINT('Ctrl Pts',(76.2,15.6495996501709,4.8288858691547));
#2627=CARTESIAN_POINT('Ctrl Pts',(76.1112614141142,15.7991504353456,5.07264826825616));
#2628=CARTESIAN_POINT('Ctrl Pts',(75.9376436819047,15.9146271920296,5.26235631809533));
#2629=CARTESIAN_POINT('Ctrl Pts',(76.2,15.5,4.58578643762691));
#2630=CARTESIAN_POINT('Ctrl Pts',(76.2,15.6308996938996,4.84758582542607));
#2631=CARTESIAN_POINT('Ctrl Pts',(76.0922269036098,15.7609933293816,5.1077730963902));
#2632=CARTESIAN_POINT('Ctrl Pts',(75.9071067811865,15.8535533905933,5.29289321881347));
#2633=CARTESIAN_POINT('',(75.9071067811865,16.2071067811865,4.93933982822019));
#2634=CARTESIAN_POINT('',(75.9071067811866,15.8535533905933,5.29289321881346));
#2635=CARTESIAN_POINT('Origin',(75.5535533905933,15.8535533905933,4.93933982822019));
#2636=CARTESIAN_POINT('',(76.2,15.5,4.58578643762691));
#2637=CARTESIAN_POINT('Origin',(75.2,15.5,4.58578643762691));
#2638=CARTESIAN_POINT('Origin',(75.2,15.5,4.58578643762691));
#2639=CARTESIAN_POINT('Ctrl Pts',(75.5535533905933,16.,5.64644660940672));
#2640=CARTESIAN_POINT('Ctrl Pts',(75.6844530844929,16.,5.51554691550715));
#2641=CARTESIAN_POINT('Ctrl Pts',(75.8145467199749,15.9461134518049,5.38545328002509));
#2642=CARTESIAN_POINT('Ctrl Pts',(75.9071067811865,15.8535533905933,5.29289321881346));
#2643=CARTESIAN_POINT('Ctrl Pts',(75.5535533905933,16.1308996938996,5.64644660940672));
#2644=CARTESIAN_POINT('Ctrl Pts',(75.7012637681316,16.1153215296425,5.49802494959721));
#2645=CARTESIAN_POINT('Ctrl Pts',(75.8429679784894,16.0401082714877,5.35719987795836));
#2646=CARTESIAN_POINT('Ctrl Pts',(75.9427331653577,15.9248061589356,5.2572668346423));
#2647=CARTESIAN_POINT('Ctrl Pts',(75.4768513157741,16.3915268855285,5.5697445345875));
#2648=CARTESIAN_POINT('Ctrl Pts',(75.6780915391078,16.3461938183574,5.40678952147928));
#2649=CARTESIAN_POINT('Ctrl Pts',(75.8565466973593,16.2277682455083,5.25763594332546));
#2650=CARTESIAN_POINT('Ctrl Pts',(75.9808377576476,16.0671955741204,5.15298201174732));
#2651=CARTESIAN_POINT('Ctrl Pts',(75.2925600612116,16.5,5.38545328002508));
#2652=CARTESIAN_POINT('Ctrl Pts',(75.5436193628121,16.4752201981707,5.24353816054091));
#2653=CARTESIAN_POINT('Ctrl Pts',(75.7783603565525,16.3546811418191,5.10723462956379));
#2654=CARTESIAN_POINT('Ctrl Pts',(75.9427331653577,16.1714803970154,5.01059259656251));
#2655=CARTESIAN_POINT('Ctrl Pts',(75.2,16.5,5.29289321881345));
#2656=CARTESIAN_POINT('Ctrl Pts',(75.4617993877991,16.5,5.16199352491388));
#2657=CARTESIAN_POINT('Ctrl Pts',(75.7219866587633,16.3922269036098,5.03189988943181));
#2658=CARTESIAN_POINT('Ctrl Pts',(75.9071067811865,16.2071067811866,4.93933982822018));
#2659=CARTESIAN_POINT('',(75.2,16.5,5.29289321881345));
#2660=CARTESIAN_POINT('',(75.5535533905933,16.,5.64644660940672));
#2661=CARTESIAN_POINT('Origin',(75.2,16.,5.29289321881345));
#2662=CARTESIAN_POINT('Origin',(75.5535533905933,15.5,5.64644660940672));
#2663=CARTESIAN_POINT('Origin',(75.2,15.5,5.29289321881345));
#2664=CARTESIAN_POINT('Origin',(22.4464466094067,16.,58.0464466094067));
#2665=CARTESIAN_POINT('',(5.29289321881345,16.5,75.2));
#2666=CARTESIAN_POINT('',(5.64644660940672,16.,75.5535533905933));
#2667=CARTESIAN_POINT('Origin',(5.29289321881345,16.,75.2));
#2668=CARTESIAN_POINT('',(22.8,16.,58.4));
#2669=CARTESIAN_POINT('',(22.4464466094067,16.5,58.0464466094067));
#2670=CARTESIAN_POINT('Ctrl Pts',(5.29289321881345,15.8535533905933,75.9071067811866));
#2671=CARTESIAN_POINT('Ctrl Pts',(5.38545328002508,15.9461134518049,75.8145467199749));
#2672=CARTESIAN_POINT('Ctrl Pts',(5.51554691550715,16.,75.6844530844929));
#2673=CARTESIAN_POINT('Ctrl Pts',(5.64644660940672,16.,75.5535533905933));
#2674=CARTESIAN_POINT('Ctrl Pts',(5.25726683464229,15.9248061589356,75.9427331653577));
#2675=CARTESIAN_POINT('Ctrl Pts',(5.35719987795835,16.0401082714877,75.8429679784894));
#2676=CARTESIAN_POINT('Ctrl Pts',(5.49802494959721,16.1153215296425,75.7012637681316));
#2677=CARTESIAN_POINT('Ctrl Pts',(5.64644660940672,16.1308996938996,75.5535533905933));
#2678=CARTESIAN_POINT('Ctrl Pts',(5.15298201174731,16.0671955741204,75.9808377576476));
#2679=CARTESIAN_POINT('Ctrl Pts',(5.25763594332545,16.2277682455083,75.8565466973593));
#2680=CARTESIAN_POINT('Ctrl Pts',(5.40678952147928,16.3461938183574,75.6780915391078));
#2681=CARTESIAN_POINT('Ctrl Pts',(5.56974453458751,16.3915268855285,75.4768513157741));
#2682=CARTESIAN_POINT('Ctrl Pts',(5.0105925965625,16.1714803970154,75.9427331653577));
#2683=CARTESIAN_POINT('Ctrl Pts',(5.10723462956379,16.3546811418191,75.7783603565525));
#2684=CARTESIAN_POINT('Ctrl Pts',(5.24353816054091,16.4752201981707,75.5436193628121));
#2685=CARTESIAN_POINT('Ctrl Pts',(5.38545328002508,16.5,75.2925600612116));
#2686=CARTESIAN_POINT('Ctrl Pts',(4.93933982822017,16.2071067811865,75.9071067811866));
#2687=CARTESIAN_POINT('Ctrl Pts',(5.03189988943181,16.3922269036098,75.7219866587633));
#2688=CARTESIAN_POINT('Ctrl Pts',(5.16199352491388,16.5,75.4617993877992));
#2689=CARTESIAN_POINT('Ctrl Pts',(5.29289321881345,16.5,75.2));
#2690=CARTESIAN_POINT('',(4.93933982822018,16.2071067811865,75.9071067811866));
#2691=CARTESIAN_POINT('',(5.29289321881345,15.8535533905933,75.9071067811866));
#2692=CARTESIAN_POINT('Origin',(4.93933982822018,15.8535533905933,75.5535533905933));
#2693=CARTESIAN_POINT('Origin',(5.64644660940672,15.5,75.5535533905933));
#2694=CARTESIAN_POINT('Origin',(5.29289321881345,15.5,75.2));
#2695=CARTESIAN_POINT('Ctrl Pts',(4.93933982822018,16.2071067811865,75.9071067811866));
#2696=CARTESIAN_POINT('Ctrl Pts',(4.84677976700854,16.0219866587633,76.0922269036098));
#2697=CARTESIAN_POINT('Ctrl Pts',(4.71668613152648,15.7617993877991,76.2));
#2698=CARTESIAN_POINT('Ctrl Pts',(4.5857864376269,15.5,76.2));
#2699=CARTESIAN_POINT('Ctrl Pts',(5.02077156346855,16.1663909135624,75.9478226488107));
#2700=CARTESIAN_POINT('Ctrl Pts',(4.89749134152839,15.97496944763,76.1173795931385));
#2701=CARTESIAN_POINT('Ctrl Pts',(4.74161940655497,15.7368661127707,76.2));
#2702=CARTESIAN_POINT('Ctrl Pts',(4.5857864376269,15.5,76.2));
#2703=CARTESIAN_POINT('Ctrl Pts',(5.16296638982716,16.0571928034124,75.9808193650194));
#2704=CARTESIAN_POINT('Ctrl Pts',(4.98672696886642,15.8880891969801,76.1368350515458));
#2705=CARTESIAN_POINT('Ctrl Pts',(4.78525263785483,15.6932328814708,76.2));
#2706=CARTESIAN_POINT('Ctrl Pts',(4.5857864376269,15.5,76.2));
#2707=CARTESIAN_POINT('Ctrl Pts',(5.26235631809531,15.9146271920296,75.9376436819047));
#2708=CARTESIAN_POINT('Ctrl Pts',(5.07264826825615,15.7991504353456,76.1112614141142));
#2709=CARTESIAN_POINT('Ctrl Pts',(4.82888586915468,15.6495996501709,76.2));
#2710=CARTESIAN_POINT('Ctrl Pts',(4.5857864376269,15.5,76.2));
#2711=CARTESIAN_POINT('Ctrl Pts',(5.29289321881345,15.8535533905933,75.9071067811866));
#2712=CARTESIAN_POINT('Ctrl Pts',(5.10777309639019,15.7609933293816,76.0922269036098));
#2713=CARTESIAN_POINT('Ctrl Pts',(4.84758582542605,15.6308996938996,76.2));
#2714=CARTESIAN_POINT('Ctrl Pts',(4.5857864376269,15.5,76.2));
#2715=CARTESIAN_POINT('',(4.5857864376269,15.5,76.2));
#2716=CARTESIAN_POINT('Origin',(4.5857864376269,15.5,75.2));
#2717=CARTESIAN_POINT('Origin',(4.5857864376269,15.5,75.2));
#2718=CARTESIAN_POINT('Origin',(19.05,15.5,75.2));
#2719=CARTESIAN_POINT('',(1.,16.5,75.2));
#2720=CARTESIAN_POINT('',(19.05,16.5,75.2));
#2721=CARTESIAN_POINT('',(1.,15.5,76.2));
#2722=CARTESIAN_POINT('Origin',(1.,15.5,75.2));
#2723=CARTESIAN_POINT('',(4.,15.5,76.2));
#2724=CARTESIAN_POINT('',(19.05,15.5,76.2));
#2725=CARTESIAN_POINT('',(19.05,15.5,76.2));
#2726=CARTESIAN_POINT('Origin',(38.1,16.5,38.1));
#2727=CARTESIAN_POINT('',(75.2,16.5,1.00000000000001));
#2728=CARTESIAN_POINT('',(75.2,16.5,21.55));
#2729=CARTESIAN_POINT('',(0.999999999999996,16.5,1.));
#2730=CARTESIAN_POINT('',(57.15,16.5,1.00000000000001));
#2731=CARTESIAN_POINT('',(1.,16.5,19.05));
#2732=CARTESIAN_POINT('',(4.,16.5,3.99999999999999));
#2733=CARTESIAN_POINT('',(4.,16.5,57.15));
#2734=CARTESIAN_POINT('',(21.55,16.5,3.99999999999999));
#2735=CARTESIAN_POINT('Origin',(75.2,15.5,21.55));
#2736=CARTESIAN_POINT('',(76.2,15.5,4.00000000000001));
#2737=CARTESIAN_POINT('',(76.2,15.5,21.55));
#2738=CARTESIAN_POINT('',(76.2,15.5,1.00000000000001));
#2739=CARTESIAN_POINT('',(76.2,15.5,21.55));
#2740=CARTESIAN_POINT('Origin',(75.2,15.5,1.00000000000001));
#2741=CARTESIAN_POINT('Origin',(75.2,7.5,4.58578643762691));
#2742=CARTESIAN_POINT('',(75.9071067811866,15.5,5.29289321881346));
#2743=CARTESIAN_POINT('',(75.9071067811866,7.5,5.29289321881346));
#2744=CARTESIAN_POINT('',(75.919450568599,15.5,5.28033008588992));
#2745=CARTESIAN_POINT('Origin',(75.2,15.5,4.58578643762691));
#2746=CARTESIAN_POINT('Origin',(75.2,15.5,4.58578643762691));
#2747=CARTESIAN_POINT('Ctrl Pts',(75.5535533905933,15.,4.93933982822019));
#2748=CARTESIAN_POINT('Ctrl Pts',(75.5566669970965,15.,4.93622622171691));
#2749=CARTESIAN_POINT('Ctrl Pts',(75.5597252842995,15.,4.93305826175842));
#2750=CARTESIAN_POINT('Ctrl Pts',(75.9071067811865,15.,5.29289321881346));
#2751=CARTESIAN_POINT('Ctrl Pts',(75.9133339941931,15.,5.28666600580691));
#2752=CARTESIAN_POINT('Ctrl Pts',(75.9194505685991,15.,5.28033008588992));
#2753=CARTESIAN_POINT('Ctrl Pts',(75.9071067811865,15.5,5.29289321881346));
#2754=CARTESIAN_POINT('Ctrl Pts',(75.9133339941931,15.5,5.28666600580691));
#2755=CARTESIAN_POINT('Ctrl Pts',(75.9194505685991,15.5,5.28033008588992));
#2756=CARTESIAN_POINT('Origin',(75.5597252842995,15.5,4.93305826175842));
#2757=CARTESIAN_POINT('Origin',(75.5535533905933,15.5,4.93933982822019));
#2758=CARTESIAN_POINT('Origin',(22.4464466094067,15.5,58.0464466094067));
#2759=CARTESIAN_POINT('',(5.29289321881345,15.5,75.9071067811866));
#2760=CARTESIAN_POINT('Origin',(4.93933982822017,15.5,75.5535533905933));
#2761=CARTESIAN_POINT('',(22.8,15.5,58.4));
#2762=CARTESIAN_POINT('Ctrl Pts',(4.93305826175841,15.,75.5597252842995));
#2763=CARTESIAN_POINT('Ctrl Pts',(4.9362262217169,15.,75.5566669970966));
#2764=CARTESIAN_POINT('Ctrl Pts',(4.93933982822018,15.,75.5535533905933));
#2765=CARTESIAN_POINT('Ctrl Pts',(5.28033008588991,15.,75.919450568599));
#2766=CARTESIAN_POINT('Ctrl Pts',(5.2866660058069,15.,75.9133339941931));
#2767=CARTESIAN_POINT('Ctrl Pts',(5.29289321881345,15.,75.9071067811865));
#2768=CARTESIAN_POINT('Ctrl Pts',(5.28033008588991,15.5,75.919450568599));
#2769=CARTESIAN_POINT('Ctrl Pts',(5.2866660058069,15.5,75.9133339941931));
#2770=CARTESIAN_POINT('Ctrl Pts',(5.29289321881345,15.5,75.9071067811865));
#2771=CARTESIAN_POINT('',(5.28033008588992,15.5,75.9194505685991));
#2772=CARTESIAN_POINT('Origin',(4.93305826175841,15.5,75.5597252842995));
#2773=CARTESIAN_POINT('Origin',(4.5857864376269,15.5,75.2));
#2774=CARTESIAN_POINT('Ctrl Pts',(76.2,15.5,4.58578643762691));
#2775=CARTESIAN_POINT('Ctrl Pts',(76.2,15.5,4.9897199155337));
#2776=CARTESIAN_POINT('Ctrl Pts',(75.919450568599,15.5,5.28033008588993));
#2777=CARTESIAN_POINT('Ctrl Pts',(76.2,15.,4.58578643762691));
#2778=CARTESIAN_POINT('Ctrl Pts',(76.2,15.,4.9897199155337));
#2779=CARTESIAN_POINT('Ctrl Pts',(75.919450568599,15.,5.28033008588993));
#2780=CARTESIAN_POINT('Ctrl Pts',(75.7,15.,4.58578643762691));
#2781=CARTESIAN_POINT('Ctrl Pts',(75.7,15.,4.78775317658031));
#2782=CARTESIAN_POINT('Ctrl Pts',(75.5597252842995,15.,4.93305826175843));
#2783=CARTESIAN_POINT('',(76.0104654523744,15.1080673490484,4.58578643762691));
#2784=CARTESIAN_POINT('Ctrl Pts',(76.0104654523744,15.1080673490484,4.58578643762692));
#2785=CARTESIAN_POINT('Ctrl Pts',(75.9814371856533,15.0850729036065,4.62594852709939));
#2786=CARTESIAN_POINT('Ctrl Pts',(75.947169851282,15.0655331300867,4.66706596742981));
#2787=CARTESIAN_POINT('Ctrl Pts',(75.8395234369687,15.0231391168369,4.77465272657253));
#2788=CARTESIAN_POINT('Ctrl Pts',(75.7618080305394,15.0093062125054,4.83306241572647));
#2789=CARTESIAN_POINT('Ctrl Pts',(75.6374973484179,15.0009357448566,4.90025783446418));
#2790=CARTESIAN_POINT('Ctrl Pts',(75.5988013416311,15.,4.91799312980577));
#2791=CARTESIAN_POINT('Ctrl Pts',(75.5597252842998,15.,4.9330582617583));
#2792=CARTESIAN_POINT('Origin',(75.7,15.5,4.58578643762691));
#2793=CARTESIAN_POINT('Origin',(75.7,15.5,21.55));
#2794=CARTESIAN_POINT('Ctrl Pts',(76.2,15.5,4.00000000000001));
#2795=CARTESIAN_POINT('Ctrl Pts',(76.2,15.4359826181006,4.09053424970975));
#2796=CARTESIAN_POINT('Ctrl Pts',(76.1870743510596,15.3661965372709,4.18909093056916));
#2797=CARTESIAN_POINT('Ctrl Pts',(76.1298163989784,15.2346652003498,4.38146130404134));
#2798=CARTESIAN_POINT('Ctrl Pts',(76.0854254499147,15.1730240859695,4.47532872457474));
#2799=CARTESIAN_POINT('Ctrl Pts',(76.0236724653603,15.1188123375252,4.56717443654784));
#2800=CARTESIAN_POINT('Ctrl Pts',(76.0172050242204,15.1134060321535,4.57646189579019));
#2801=CARTESIAN_POINT('Ctrl Pts',(76.0104654523744,15.1080673490484,4.58578643762691));
#2802=CARTESIAN_POINT('Ctrl Pts',(5.28033008588994,15.5,75.919450568599));
#2803=CARTESIAN_POINT('Ctrl Pts',(4.98971991553371,15.5,76.2));
#2804=CARTESIAN_POINT('Ctrl Pts',(4.5857864376269,15.5,76.2));
#2805=CARTESIAN_POINT('Ctrl Pts',(5.28033008588994,15.,75.919450568599));
#2806=CARTESIAN_POINT('Ctrl Pts',(4.98971991553371,15.,76.2));
#2807=CARTESIAN_POINT('Ctrl Pts',(4.5857864376269,15.,76.2));
#2808=CARTESIAN_POINT('Ctrl Pts',(4.93305826175842,15.,75.5597252842995));
#2809=CARTESIAN_POINT('Ctrl Pts',(4.7877531765803,15.,75.7));
#2810=CARTESIAN_POINT('Ctrl Pts',(4.5857864376269,15.,75.7));
#2811=CARTESIAN_POINT('',(4.5857864376269,15.1080673490484,76.0104654523744));
#2812=CARTESIAN_POINT('Ctrl Pts',(4.93305826175842,15.,75.5597252842995));
#2813=CARTESIAN_POINT('Ctrl Pts',(4.91757780768576,15.,75.599878607401));
#2814=CARTESIAN_POINT('Ctrl Pts',(4.89937496925458,15.000992471661,75.6393760023207));
#2815=CARTESIAN_POINT('Ctrl Pts',(4.82375171817418,15.0106109344015,75.7783650156239));
#2816=CARTESIAN_POINT('Ctrl Pts',(4.75675842838243,15.0283756656524,75.8609755428571));
#2817=CARTESIAN_POINT('Ctrl Pts',(4.65207050645799,15.0727748894525,75.9595499089524));
#2818=CARTESIAN_POINT('Ctrl Pts',(4.61847534557705,15.0893516069073,75.9868386353621));
#2819=CARTESIAN_POINT('Ctrl Pts',(4.5857864376269,15.1080673490484,76.0104654523744));
#2820=CARTESIAN_POINT('Origin',(4.5857864376269,15.5,75.2));
#2821=CARTESIAN_POINT('Origin',(4.5857864376269,15.5,75.7));
#2822=CARTESIAN_POINT('Origin',(19.05,15.5,75.7));
#2823=CARTESIAN_POINT('Ctrl Pts',(4.5857864376269,15.1080673490484,76.0104654523744));
#2824=CARTESIAN_POINT('Ctrl Pts',(4.57646189579018,15.1134060321535,76.0172050242204));
#2825=CARTESIAN_POINT('Ctrl Pts',(4.56717443654783,15.1188123375252,76.0236724653603));
#2826=CARTESIAN_POINT('Ctrl Pts',(4.47532872457473,15.1730240859695,76.0854254499147));
#2827=CARTESIAN_POINT('Ctrl Pts',(4.38146130404134,15.2346652003498,76.1298163989784));
#2828=CARTESIAN_POINT('Ctrl Pts',(4.18909093056915,15.3661965372709,76.1870743510596));
#2829=CARTESIAN_POINT('Ctrl Pts',(4.09053424970975,15.4359826181006,76.2));
#2830=CARTESIAN_POINT('Ctrl Pts',(4.,15.5,76.2));
#2831=CARTESIAN_POINT('Origin',(0.,0.,76.2));
#2832=CARTESIAN_POINT('',(4.,1.,76.2));
#2833=CARTESIAN_POINT('',(4.,0.,76.2));
#2834=CARTESIAN_POINT('',(1.,1.,76.2));
#2835=CARTESIAN_POINT('',(1.,0.,76.2));
#2836=CARTESIAN_POINT('',(19.05,1.,76.2));
#2837=CARTESIAN_POINT('Origin',(4.5857864376269,7.5,75.2));
#2838=CARTESIAN_POINT('',(5.29289321881345,7.5,75.9071067811866));
#2839=CARTESIAN_POINT('Origin',(5.,15.,76.2));
#2840=CARTESIAN_POINT('Origin',(21.55,15.5,3.99999999999999));
#2841=CARTESIAN_POINT('',(5.,15.5,4.99999999999999));
#2842=CARTESIAN_POINT('',(21.55,15.5,5.));
#2843=CARTESIAN_POINT('Origin',(4.,15.5,3.99999999999999));
#2844=CARTESIAN_POINT('Origin',(4.,15.5,57.15));
#2845=CARTESIAN_POINT('',(5.,15.5,57.15));
#2846=CARTESIAN_POINT('Origin',(5.,0.,4.99999999999999));
#2847=CARTESIAN_POINT('',(5.,1.,4.99999999999999));
#2848=CARTESIAN_POINT('',(5.,0.,4.99999999999999));
#2849=CARTESIAN_POINT('',(75.2,1.,5.00000000000001));
#2850=CARTESIAN_POINT('',(21.55,1.,5.));
#2851=CARTESIAN_POINT('',(75.2,0.,5.00000000000001));
#2852=CARTESIAN_POINT('',(62.4,7.5,4.99999999999999));
#2853=CARTESIAN_POINT('Origin',(58.4,7.5,4.99999999999999));
#2854=CARTESIAN_POINT('',(42.1,7.5,4.99999999999999));
#2855=CARTESIAN_POINT('Origin',(38.1,7.5,4.99999999999999));
#2856=CARTESIAN_POINT('Origin',(5.,0.,76.2));
#2857=CARTESIAN_POINT('',(5.,1.,75.2));
#2858=CARTESIAN_POINT('',(5.,0.,75.2));
#2859=CARTESIAN_POINT('',(5.,1.,57.15));
#2860=CARTESIAN_POINT('',(5.,3.49999999999999,38.1));
#2861=CARTESIAN_POINT('Origin',(5.,7.49999999999998,38.1));
#2862=CARTESIAN_POINT('',(5.,3.5,58.4));
#2863=CARTESIAN_POINT('Origin',(5.,7.5,58.4));
#2864=CARTESIAN_POINT('Origin',(75.2,15.5,1.00000000000001));
#2865=CARTESIAN_POINT('',(75.2,15.5,9.1493813763682E-15));
#2866=CARTESIAN_POINT('Origin',(75.2,15.5,1.00000000000001));
#2867=CARTESIAN_POINT('Origin',(75.2,15.5,1.00000000000001));
#2868=CARTESIAN_POINT('Origin',(75.2,1.,1.00000000000001));
#2869=CARTESIAN_POINT('',(76.2,1.,1.00000000000001));
#2870=CARTESIAN_POINT('',(75.2,1.,9.15933995315754E-15));
#2871=CARTESIAN_POINT('Origin',(75.2,1.,1.00000000000001));
#2872=CARTESIAN_POINT('',(75.2,0.,1.00000000000001));
#2873=CARTESIAN_POINT('Origin',(75.2,1.,1.00000000000001));
#2874=CARTESIAN_POINT('Origin',(75.2,1.,1.00000000000001));
#2875=CARTESIAN_POINT('Origin',(75.2,1.,4.00000000000001));
#2876=CARTESIAN_POINT('',(76.2,1.,4.00000000000001));
#2877=CARTESIAN_POINT('Origin',(75.2,1.,4.00000000000001));
#2878=CARTESIAN_POINT('',(75.2,0.,4.00000000000001));
#2879=CARTESIAN_POINT('Origin',(75.2,1.,4.00000000000001));
#2880=CARTESIAN_POINT('Origin',(75.2,1.,4.00000000000001));
#2881=CARTESIAN_POINT('Origin',(1.,15.5,75.2));
#2882=CARTESIAN_POINT('',(0.,15.5,75.2));
#2883=CARTESIAN_POINT('Origin',(1.,15.5,75.2));
#2884=CARTESIAN_POINT('Origin',(1.,15.5,75.2));
#2885=CARTESIAN_POINT('Origin',(1.,1.,75.2));
#2886=CARTESIAN_POINT('',(0.,1.,75.2));
#2887=CARTESIAN_POINT('Origin',(1.,1.,75.2));
#2888=CARTESIAN_POINT('',(1.,0.,75.2));
#2889=CARTESIAN_POINT('Origin',(1.,1.,75.2));
#2890=CARTESIAN_POINT('Origin',(1.,1.,75.2));
#2891=CARTESIAN_POINT('Origin',(1.,1.,19.05));
#2892=CARTESIAN_POINT('',(1.,0.,1.));
#2893=CARTESIAN_POINT('',(1.,0.,19.05));
#2894=CARTESIAN_POINT('',(0.,1.,0.));
#2895=CARTESIAN_POINT('',(0.,1.,19.05));
#2896=CARTESIAN_POINT('Origin',(1.,1.,1.));
#2897=CARTESIAN_POINT('Origin',(4.,1.,75.2));
#2898=CARTESIAN_POINT('Origin',(4.,1.,75.2));
#2899=CARTESIAN_POINT('',(4.,0.,75.2));
#2900=CARTESIAN_POINT('Origin',(4.,1.,75.2));
#2901=CARTESIAN_POINT('Origin',(4.,1.,75.2));
#2902=CARTESIAN_POINT('Origin',(19.05,1.,75.2));
#2903=CARTESIAN_POINT('',(19.05,0.,75.2));
#2904=CARTESIAN_POINT('Origin',(4.,1.,57.15));
#2905=CARTESIAN_POINT('',(4.,0.,3.99999999999999));
#2906=CARTESIAN_POINT('',(4.,0.,57.15));
#2907=CARTESIAN_POINT('Origin',(4.,1.,3.99999999999999));
#2908=CARTESIAN_POINT('Origin',(4.,0.,75.2));
#2909=CARTESIAN_POINT('Origin',(1.,0.,75.2));
#2910=CARTESIAN_POINT('',(0.,0.,75.2));
#2911=CARTESIAN_POINT('Origin',(21.55,1.,3.99999999999999));
#2912=CARTESIAN_POINT('',(21.55,0.,3.99999999999999));
#2913=CARTESIAN_POINT('Origin',(1.,15.5,19.05));
#2914=CARTESIAN_POINT('',(0.,15.5,0.));
#2915=CARTESIAN_POINT('',(0.,15.5,19.05));
#2916=CARTESIAN_POINT('Origin',(1.,15.5,1.));
#2917=CARTESIAN_POINT('Origin',(57.15,1.,1.00000000000001));
#2918=CARTESIAN_POINT('',(57.15,1.,6.93889390390723E-15));
#2919=CARTESIAN_POINT('',(57.15,0.,1.00000000000001));
#2920=CARTESIAN_POINT('Origin',(75.2,1.,21.55));
#2921=CARTESIAN_POINT('',(76.2,1.,21.55));
#2922=CARTESIAN_POINT('',(75.2,0.,21.55));
#2923=CARTESIAN_POINT('Origin',(75.2,0.,4.00000000000001));
#2924=CARTESIAN_POINT('',(76.2,0.,4.00000000000001));
#2925=CARTESIAN_POINT('Origin',(57.15,15.5,1.00000000000001));
#2926=CARTESIAN_POINT('',(57.15,15.5,6.93889390390723E-15));
#2927=CARTESIAN_POINT('Origin',(75.2,0.,1.00000000000001));
#2928=CARTESIAN_POINT('',(76.2,0.,1.00000000000001));
#2929=CARTESIAN_POINT('',(75.2,0.,9.15933995315754E-15));
#2930=CARTESIAN_POINT('Origin',(76.2,0.,9.33180860950283E-15));
#2931=CARTESIAN_POINT('',(0.,0.,0.));
#2932=CARTESIAN_POINT('',(56.4,7.5,5.82867087928207E-15));
#2933=CARTESIAN_POINT('Origin',(58.4,7.5,9.43689570931383E-15));
#2934=CARTESIAN_POINT('',(36.1,7.5,5.82867087928207E-15));
#2935=CARTESIAN_POINT('Origin',(38.1,7.5,9.43689570931383E-15));
#2936=CARTESIAN_POINT('Origin',(76.2,0.,5.00000000000001));
#2937=CARTESIAN_POINT('Origin',(38.1,0.,38.1));
#2938=CARTESIAN_POINT('Origin',(58.4,7.5,5.));
#2939=CARTESIAN_POINT('',(60.4,7.5,1.99999999999999));
#2940=CARTESIAN_POINT('',(62.4,7.5,5.));
#2941=CARTESIAN_POINT('',(56.4,7.5,1.99999999999999));
#2942=CARTESIAN_POINT('Origin',(58.4,7.5,1.99999999999999));
#2943=CARTESIAN_POINT('Origin',(58.4,7.5,1.99999999999999));
#2944=CARTESIAN_POINT('Origin',(38.1,7.5,5.));
#2945=CARTESIAN_POINT('',(40.1,7.5,1.99999999999999));
#2946=CARTESIAN_POINT('',(42.1,7.5,5.));
#2947=CARTESIAN_POINT('',(36.1,7.5,1.99999999999999));
#2948=CARTESIAN_POINT('Origin',(38.1,7.5,1.99999999999999));
#2949=CARTESIAN_POINT('Origin',(38.1,7.5,1.99999999999999));
#2950=CARTESIAN_POINT('Origin',(38.1,7.5,1.99999999999999));
#2951=CARTESIAN_POINT('',(36.1,7.5,1.99999999999999));
#2952=CARTESIAN_POINT('Origin',(58.4,7.5,1.99999999999999));
#2953=CARTESIAN_POINT('',(56.4,7.5,1.99999999999999));
#2954=CARTESIAN_POINT('Origin',(5.,7.49999999999998,38.1));
#2955=CARTESIAN_POINT('',(1.99999999999999,5.49999999999999,38.1));
#2956=CARTESIAN_POINT('',(5.,3.49999999999999,38.1));
#2957=CARTESIAN_POINT('Origin',(2.,7.5,38.1));
#2958=CARTESIAN_POINT('Origin',(5.,7.5,58.4));
#2959=CARTESIAN_POINT('',(2.,5.5,58.4));
#2960=CARTESIAN_POINT('',(5.,3.5,58.4));
#2961=CARTESIAN_POINT('Origin',(2.,7.5,58.4));
#2962=CARTESIAN_POINT('Origin',(2.,7.5,58.4));
#2963=CARTESIAN_POINT('',(0.,5.5,58.4));
#2964=CARTESIAN_POINT('',(2.,5.5,58.4));
#2965=CARTESIAN_POINT('Origin',(0.,7.5,58.4));
#2966=CARTESIAN_POINT('Origin',(2.,7.5,38.1));
#2967=CARTESIAN_POINT('',(0.,5.5,38.1));
#2968=CARTESIAN_POINT('',(2.,5.5,38.1));
#2969=CARTESIAN_POINT('Origin',(0.,7.5,38.1));
#2970=CARTESIAN_POINT('Origin',(0.,0.,0.));
#2971=UNCERTAINTY_MEASURE_WITH_UNIT(LENGTH_MEASURE(0.01),#2975,
'DISTANCE_ACCURACY_VALUE',
'Maximum model space distance between geometric entities at asserted c
onnectivities');
#2972=UNCERTAINTY_MEASURE_WITH_UNIT(LENGTH_MEASURE(0.01),#2975,
'DISTANCE_ACCURACY_VALUE',
'Maximum model space distance between geometric entities at asserted c
onnectivities');
#2973=(
GEOMETRIC_REPRESENTATION_CONTEXT(3)
GLOBAL_UNCERTAINTY_ASSIGNED_CONTEXT((#2971))
GLOBAL_UNIT_ASSIGNED_CONTEXT((#2975,#2977,#2978))
REPRESENTATION_CONTEXT('','3D')
);
#2974=(
GEOMETRIC_REPRESENTATION_CONTEXT(3)
GLOBAL_UNCERTAINTY_ASSIGNED_CONTEXT((#2972))
GLOBAL_UNIT_ASSIGNED_CONTEXT((#2975,#2977,#2978))
REPRESENTATION_CONTEXT('','3D')
);
#2975=(
LENGTH_UNIT()
NAMED_UNIT(*)
SI_UNIT(.MILLI.,.METRE.)
);
#2976=(
LENGTH_UNIT()
NAMED_UNIT(*)
SI_UNIT($,.METRE.)
);
#2977=(
NAMED_UNIT(*)
PLANE_ANGLE_UNIT()
SI_UNIT($,.RADIAN.)
);
#2978=(
NAMED_UNIT(*)
SI_UNIT($,.STERADIAN.)
SOLID_ANGLE_UNIT()
);
#2979=SHAPE_DEFINITION_REPRESENTATION(#2980,#2981);
#2980=PRODUCT_DEFINITION_SHAPE('',$,#2983);
#2981=SHAPE_REPRESENTATION('',(#1631),#2973);
#2982=PRODUCT_DEFINITION_CONTEXT('part definition',#2987,'design');
#2983=PRODUCT_DEFINITION('Drawer Reinforcement',
'Drawer Reinforcement v16',#2984,#2982);
#2984=PRODUCT_DEFINITION_FORMATION('',$,#2989);
#2985=PRODUCT_RELATED_PRODUCT_CATEGORY('Drawer Reinforcement v16',
'Drawer Reinforcement v16',(#2989));
#2986=APPLICATION_PROTOCOL_DEFINITION('international standard',
'automotive_design',2009,#2987);
#2987=APPLICATION_CONTEXT(
'Core Data for Automotive Mechanical Design Process');
#2988=PRODUCT_CONTEXT('part definition',#2987,'mechanical');
#2989=PRODUCT('Drawer Reinforcement','Drawer Reinforcement v16',$,(#2988));
#2990=PRESENTATION_STYLE_ASSIGNMENT((#2991));
#2991=SURFACE_STYLE_USAGE(.BOTH.,#2992);
#2992=SURFACE_SIDE_STYLE('',(#2993));
#2993=SURFACE_STYLE_FILL_AREA(#2994);
#2994=FILL_AREA_STYLE('Steel - Satin',(#2995));
#2995=FILL_AREA_STYLE_COLOUR('Steel - Satin',#2996);
#2996=COLOUR_RGB('Steel - Satin',0.627450980392157,0.627450980392157,0.627450980392157);
ENDSEC;
END-ISO-10303-21;
