ISO-10303-21;
HEADER;
/* Generated by software containing ST-Developer
 * from STEP Tools, Inc. (www.steptools.com) 
 */

FILE_DESCRIPTION(
/* description */ (''),
/* implementation_level */ '2;1');

FILE_NAME(
/* name */ 'Cradles.step',
/* time_stamp */ '2026-06-01T15:40:42-04:00',
/* author */ (''),
/* organization */ (''),
/* preprocessor_version */ 'ST-DEVELOPER v20.1',
/* originating_system */ 'Autodesk Translation Framework v15.8.0.0',
/* authorisation */ '');

FILE_SCHEMA (('AUTOMOTIVE_DESIGN { 1 0 10303 214 3 1 1 }'));
ENDSEC;

DATA;
#10=MECHANICAL_DESIGN_GEOMETRIC_PRESENTATION_REPRESENTATION('',(#13,#14,
#15,#16,#17,#18,#19),#9152);
#11=SHAPE_REPRESENTATION_RELATIONSHIP('SRR','None',#9159,#12);
#12=ADVANCED_BREP_SHAPE_REPRESENTATION('',(#20,#21,#22,#23,#24,#25,#26),
#9151);
#13=STYLED_ITEM('',(#9168),#20);
#14=STYLED_ITEM('',(#9168),#21);
#15=STYLED_ITEM('',(#9168),#22);
#16=STYLED_ITEM('',(#9168),#23);
#17=STYLED_ITEM('',(#9168),#24);
#18=STYLED_ITEM('',(#9168),#25);
#19=STYLED_ITEM('',(#9168),#26);
#20=MANIFOLD_SOLID_BREP('1/8',#4622);
#21=MANIFOLD_SOLID_BREP('3/16',#4623);
#22=MANIFOLD_SOLID_BREP('1/4',#4624);
#23=MANIFOLD_SOLID_BREP('5/16',#4625);
#24=MANIFOLD_SOLID_BREP('3/8',#4626);
#25=MANIFOLD_SOLID_BREP('7/16',#4627);
#26=MANIFOLD_SOLID_BREP('1/2',#4628);
#27=(
BOUNDED_SURFACE()
B_SPLINE_SURFACE(2,2,((#6758,#6759,#6760),(#6761,#6762,#6763),(#6764,#6765,
#6766)),.UNSPECIFIED.,.F.,.F.,.F.)
B_SPLINE_SURFACE_WITH_KNOTS((3,3),(3,3),(-1.5707963267949,0.),(-0.722487559250896,
0.722487559250897),.UNSPECIFIED.)
GEOMETRIC_REPRESENTATION_ITEM()
RATIONAL_B_SPLINE_SURFACE(((1.,0.750163146324555,1.),(0.707106781186549,
0.53044544776233,0.707106781186549),(1.,0.750163146324555,1.)))
REPRESENTATION_ITEM('')
SURFACE()
);
#28=(
BOUNDED_SURFACE()
B_SPLINE_SURFACE(2,2,((#6821,#6822,#6823),(#6824,#6825,#6826),(#6827,#6828,
#6829)),.UNSPECIFIED.,.F.,.F.,.F.)
B_SPLINE_SURFACE_WITH_KNOTS((3,3),(3,3),(-1.57079632679493,0.),(-0.722488154872562,
0.722488154872561),.UNSPECIFIED.)
GEOMETRIC_REPRESENTATION_ITEM()
RATIONAL_B_SPLINE_SURFACE(((1.,0.750162752467933,1.),(0.707106781186526,
0.530445169263625,0.707106781186526),(1.,0.750162752467933,1.)))
REPRESENTATION_ITEM('')
SURFACE()
);
#29=(
BOUNDED_SURFACE()
B_SPLINE_SURFACE(2,2,((#7009,#7010,#7011),(#7012,#7013,#7014),(#7015,#7016,
#7017)),.UNSPECIFIED.,.F.,.F.,.F.)
B_SPLINE_SURFACE_WITH_KNOTS((3,3),(3,3),(-1.57079632679494,0.),(0.473550065556146,
0.523598775598302),.UNSPECIFIED.)
GEOMETRIC_REPRESENTATION_ITEM()
RATIONAL_B_SPLINE_SURFACE(((1.,0.999686907167107,1.),(0.707106781186536,
0.706885391121256,0.707106781186536),(1.,0.999686907167107,1.)))
REPRESENTATION_ITEM('')
SURFACE()
);
#30=(
BOUNDED_SURFACE()
B_SPLINE_SURFACE(2,2,((#7078,#7079,#7080),(#7081,#7082,#7083),(#7084,#7085,
#7086)),.UNSPECIFIED.,.F.,.F.,.F.)
B_SPLINE_SURFACE_WITH_KNOTS((3,3),(3,3),(-1.57079632679494,0.),(-0.523598775598303,
-0.473550065556143),.UNSPECIFIED.)
GEOMETRIC_REPRESENTATION_ITEM()
RATIONAL_B_SPLINE_SURFACE(((1.,0.999686907167107,1.),(0.707106781186536,
0.706885391121256,0.707106781186536),(1.,0.999686907167107,1.)))
REPRESENTATION_ITEM('')
SURFACE()
);
#31=(
BOUNDED_SURFACE()
B_SPLINE_SURFACE(2,2,((#7321,#7322,#7323),(#7324,#7325,#7326),(#7327,#7328,
#7329)),.UNSPECIFIED.,.F.,.F.,.F.)
B_SPLINE_SURFACE_WITH_KNOTS((3,3),(3,3),(-1.5707963267949,0.),(0.476683649654543,
0.523598775598303),.UNSPECIFIED.)
GEOMETRIC_REPRESENTATION_ITEM()
RATIONAL_B_SPLINE_SURFACE(((1.,0.999724883985439,1.),(0.707106781186549,
0.70691224478704,0.707106781186549),(1.,0.999724883985439,1.)))
REPRESENTATION_ITEM('')
SURFACE()
);
#32=(
BOUNDED_SURFACE()
B_SPLINE_SURFACE(2,2,((#7410,#7411,#7412),(#7413,#7414,#7415),(#7416,#7417,
#7418)),.UNSPECIFIED.,.F.,.F.,.F.)
B_SPLINE_SURFACE_WITH_KNOTS((3,3),(3,3),(-1.5707963267949,0.),(-0.523598775598297,
-0.476683649654532),.UNSPECIFIED.)
GEOMETRIC_REPRESENTATION_ITEM()
RATIONAL_B_SPLINE_SURFACE(((1.,0.999724883985439,1.),(0.707106781186553,
0.706912244787044,0.707106781186553),(1.,0.999724883985439,1.)))
REPRESENTATION_ITEM('')
SURFACE()
);
#33=(
BOUNDED_SURFACE()
B_SPLINE_SURFACE(2,2,((#7721,#7722,#7723),(#7724,#7725,#7726),(#7727,#7728,
#7729)),.UNSPECIFIED.,.F.,.F.,.F.)
B_SPLINE_SURFACE_WITH_KNOTS((3,3),(3,3),(-1.5707963267949,0.),(0.479447682112059,
0.523598775598302),.UNSPECIFIED.)
GEOMETRIC_REPRESENTATION_ITEM()
RATIONAL_B_SPLINE_SURFACE(((1.,0.999756345013264,1.),(0.707106781186545,
0.706934491093154,0.707106781186545),(1.,0.999756345013264,1.)))
REPRESENTATION_ITEM('')
SURFACE()
);
#34=(
BOUNDED_SURFACE()
B_SPLINE_SURFACE(2,2,((#7795,#7796,#7797),(#7798,#7799,#7800),(#7801,#7802,
#7803)),.UNSPECIFIED.,.F.,.F.,.F.)
B_SPLINE_SURFACE_WITH_KNOTS((3,3),(3,3),(-1.5707963267949,0.),(-0.523598775598302,
-0.479447682112054),.UNSPECIFIED.)
GEOMETRIC_REPRESENTATION_ITEM()
RATIONAL_B_SPLINE_SURFACE(((1.,0.999756345013264,1.),(0.707106781186545,
0.706934491093154,0.707106781186545),(1.,0.999756345013264,1.)))
REPRESENTATION_ITEM('')
SURFACE()
);
#35=(
BOUNDED_SURFACE()
B_SPLINE_SURFACE(2,2,((#7855,#7856,#7857,#7858,#7859),(#7860,#7861,#7862,
#7863,#7864),(#7865,#7866,#7867,#7868,#7869)),.UNSPECIFIED.,.F.,.F.,.F.)
B_SPLINE_SURFACE_WITH_KNOTS((3,3),(3,2,3),(-1.5707963267949,0.),(-0.814826916370991,
0.,0.814826916370991),.UNSPECIFIED.)
GEOMETRIC_REPRESENTATION_ITEM()
RATIONAL_B_SPLINE_SURFACE(((1.,0.918148773502975,1.,0.918148773502975,1.),
(0.707106781186515,0.649229223882035,0.707106781186515,0.649229223882035,
0.707106781186515),(1.,0.918148773502975,1.,0.918148773502975,1.)))
REPRESENTATION_ITEM('')
SURFACE()
);
#36=(
BOUNDED_SURFACE()
B_SPLINE_SURFACE(2,2,((#7923,#7924,#7925,#7926,#7927),(#7928,#7929,#7930,
#7931,#7932),(#7933,#7934,#7935,#7936,#7937)),.UNSPECIFIED.,.F.,.F.,.F.)
B_SPLINE_SURFACE_WITH_KNOTS((3,3),(3,2,3),(-1.5707963267949,0.),(-0.81482691637099,
-1.11022302462516E-16,0.814826916370991),.UNSPECIFIED.)
GEOMETRIC_REPRESENTATION_ITEM()
RATIONAL_B_SPLINE_SURFACE(((1.,0.918148773502975,1.,0.918148773502975,1.),
(0.707106781186515,0.649229223882035,0.707106781186515,0.649229223882035,
0.707106781186515),(1.,0.918148773502975,1.,0.918148773502975,1.)))
REPRESENTATION_ITEM('')
SURFACE()
);
#37=(
BOUNDED_SURFACE()
B_SPLINE_SURFACE(2,2,((#8129,#8130,#8131),(#8132,#8133,#8134),(#8135,#8136,
#8137)),.UNSPECIFIED.,.F.,.F.,.F.)
B_SPLINE_SURFACE_WITH_KNOTS((3,3),(3,3),(-1.5707963267949,0.),(0.485115084389035,
0.523598775598305),.UNSPECIFIED.)
GEOMETRIC_REPRESENTATION_ITEM()
RATIONAL_B_SPLINE_SURFACE(((1.,0.999814881400628,1.),(0.707106781186512,
0.706975882569573,0.707106781186512),(1.,0.999814881400628,1.)))
REPRESENTATION_ITEM('')
SURFACE()
);
#38=(
BOUNDED_SURFACE()
B_SPLINE_SURFACE(2,2,((#8198,#8199,#8200),(#8201,#8202,#8203),(#8204,#8205,
#8206)),.UNSPECIFIED.,.F.,.F.,.F.)
B_SPLINE_SURFACE_WITH_KNOTS((3,3),(3,3),(-1.5707963267949,0.),(-0.523598775598304,
-0.485115084389035),.UNSPECIFIED.)
GEOMETRIC_REPRESENTATION_ITEM()
RATIONAL_B_SPLINE_SURFACE(((1.,0.999814881400628,1.),(0.707106781186508,
0.706975882569569,0.707106781186508),(1.,0.999814881400628,1.)))
REPRESENTATION_ITEM('')
SURFACE()
);
#39=(
BOUNDED_SURFACE()
B_SPLINE_SURFACE(2,2,((#8454,#8455,#8456),(#8457,#8458,#8459),(#8460,#8461,
#8462)),.UNSPECIFIED.,.F.,.F.,.F.)
B_SPLINE_SURFACE_WITH_KNOTS((3,3),(3,3),(-1.57079632679509,0.),(0.48699434547755,
0.523598775598301),.UNSPECIFIED.)
GEOMETRIC_REPRESENTATION_ITEM()
RATIONAL_B_SPLINE_SURFACE(((1.,0.999832519137124,1.),(0.707106781186431,
0.706988354332572,0.707106781186431),(1.,0.999832519137124,1.)))
REPRESENTATION_ITEM('')
SURFACE()
);
#40=(
BOUNDED_SURFACE()
B_SPLINE_SURFACE(2,2,((#8534,#8535,#8536),(#8537,#8538,#8539),(#8540,#8541,
#8542)),.UNSPECIFIED.,.F.,.F.,.F.)
B_SPLINE_SURFACE_WITH_KNOTS((3,3),(3,3),(-1.57079632679509,0.),(-0.523598775598298,
-0.48699434547755),.UNSPECIFIED.)
GEOMETRIC_REPRESENTATION_ITEM()
RATIONAL_B_SPLINE_SURFACE(((1.,0.999832519137124,1.),(0.707106781186474,
0.706988354332615,0.707106781186474),(1.,0.999832519137124,1.)))
REPRESENTATION_ITEM('')
SURFACE()
);
#41=(
BOUNDED_SURFACE()
B_SPLINE_SURFACE(2,2,((#8600,#8601,#8602,#8603,#8604),(#8605,#8606,#8607,
#8608,#8609),(#8610,#8611,#8612,#8613,#8614)),.UNSPECIFIED.,.F.,.F.,.F.)
B_SPLINE_SURFACE_WITH_KNOTS((3,3),(3,2,3),(-1.5707963267949,0.),(-0.80979809058278,
-1.11022302462516E-16,0.809798090582779),.UNSPECIFIED.)
GEOMETRIC_REPRESENTATION_ITEM()
RATIONAL_B_SPLINE_SURFACE(((1.,0.919142170531169,1.,0.919142170531169,1.),
(0.707106781186519,0.649931661657085,0.707106781186519,0.649931661657085,
0.707106781186519),(1.,0.919142170531169,1.,0.919142170531169,1.)))
REPRESENTATION_ITEM('')
SURFACE()
);
#42=(
BOUNDED_SURFACE()
B_SPLINE_SURFACE(2,2,((#8669,#8670,#8671,#8672,#8673),(#8674,#8675,#8676,
#8677,#8678),(#8679,#8680,#8681,#8682,#8683)),.UNSPECIFIED.,.F.,.F.,.F.)
B_SPLINE_SURFACE_WITH_KNOTS((3,3),(3,2,3),(-1.5707963267949,0.),(-0.809798090582782,
-2.22044604925031E-16,0.809798090582783),.UNSPECIFIED.)
GEOMETRIC_REPRESENTATION_ITEM()
RATIONAL_B_SPLINE_SURFACE(((1.,0.919142170531168,1.,0.919142170531168,1.),
(0.707106781186519,0.649931661657085,0.707106781186519,0.649931661657085,
0.707106781186519),(1.,0.919142170531168,1.,0.919142170531168,1.)))
REPRESENTATION_ITEM('')
SURFACE()
);
#43=(
BOUNDED_SURFACE()
B_SPLINE_SURFACE(2,2,((#8827,#8828,#8829),(#8830,#8831,#8832),(#8833,#8834,
#8835)),.UNSPECIFIED.,.F.,.F.,.F.)
B_SPLINE_SURFACE_WITH_KNOTS((3,3),(3,3),(-1.5707963267949,0.),(-0.523598775598289,
-0.490976584072163),.UNSPECIFIED.)
GEOMETRIC_REPRESENTATION_ITEM()
RATIONAL_B_SPLINE_SURFACE(((1.,0.999866977026794,1.),(0.707106781186525,
0.707012719740118,0.707106781186525),(1.,0.999866977026794,1.)))
REPRESENTATION_ITEM('')
SURFACE()
);
#44=(
BOUNDED_SURFACE()
B_SPLINE_SURFACE(2,2,((#8921,#8922,#8923),(#8924,#8925,#8926),(#8927,#8928,
#8929)),.UNSPECIFIED.,.F.,.F.,.F.)
B_SPLINE_SURFACE_WITH_KNOTS((3,3),(3,3),(-1.57079632679491,0.),(0.490976584072203,
0.523598775598295),.UNSPECIFIED.)
GEOMETRIC_REPRESENTATION_ITEM()
RATIONAL_B_SPLINE_SURFACE(((1.,0.999866977026794,1.),(0.707106781186525,
0.707012719740118,0.707106781186525),(1.,0.999866977026794,1.)))
REPRESENTATION_ITEM('')
SURFACE()
);
#45=B_SPLINE_SURFACE_WITH_KNOTS('',3,3,((#6680,#6681,#6682,#6683,#6684),
(#6685,#6686,#6687,#6688,#6689),(#6690,#6691,#6692,#6693,#6694),(#6695,
#6696,#6697,#6698,#6699),(#6700,#6701,#6702,#6703,#6704)),.UNSPECIFIED.,
 .F.,.F.,.F.,(4,1,4),(4,1,4),(0.,0.5,1.),(1.50920942409983E-16,0.0337118305072769,
0.0786609378503126),.UNSPECIFIED.);
#46=B_SPLINE_SURFACE_WITH_KNOTS('',3,3,((#6711,#6712,#6713,#6714,#6715),
(#6716,#6717,#6718,#6719,#6720),(#6721,#6722,#6723,#6724,#6725),(#6726,
#6727,#6728,#6729,#6730),(#6731,#6732,#6733,#6734,#6735)),.UNSPECIFIED.,
 .F.,.F.,.F.,(4,1,4),(4,1,4),(0.,0.5,1.),(0.,0.0337118360957206,0.0786609508900146),
 .UNSPECIFIED.);
#47=B_SPLINE_SURFACE_WITH_KNOTS('',3,3,((#6968,#6969,#6970,#6971,#6972,
#6973,#6974,#6975),(#6976,#6977,#6978,#6979,#6980,#6981,#6982,#6983),(#6984,
#6985,#6986,#6987,#6988,#6989,#6990,#6991),(#6992,#6993,#6994,#6995,#6996,
#6997,#6998,#6999),(#7000,#7001,#7002,#7003,#7004,#7005,#7006,#7007)),
 .UNSPECIFIED.,.F.,.F.,.F.,(4,1,4),(4,1,1,2,4),(0.,0.5,1.),(0.,0.0190340845575865,
0.0285511268363798,0.0475852113939664,0.0478876814692878),.UNSPECIFIED.);
#48=B_SPLINE_SURFACE_WITH_KNOTS('',3,3,((#7045,#7046,#7047,#7048,#7049,
#7050,#7051,#7052),(#7053,#7054,#7055,#7056,#7057,#7058,#7059,#7060),(#7061,
#7062,#7063,#7064,#7065,#7066,#7067,#7068),(#7069,#7070,#7071,#7072,#7073,
#7074,#7075,#7076)),.UNSPECIFIED.,.F.,.F.,.F.,(4,4),(4,2,1,1,4),(0.,1.),
(-0.000302470075321742,0.,0.0190340845575864,0.0285511268363796,0.0475852113939661),
 .UNSPECIFIED.);
#49=B_SPLINE_SURFACE_WITH_KNOTS('',3,3,((#7332,#7333,#7334,#7335,#7336,
#7337,#7338,#7339,#7340,#7341),(#7342,#7343,#7344,#7345,#7346,#7347,#7348,
#7349,#7350,#7351),(#7352,#7353,#7354,#7355,#7356,#7357,#7358,#7359,#7360,
#7361),(#7362,#7363,#7364,#7365,#7366,#7367,#7368,#7369,#7370,#7371),(#7372,
#7373,#7374,#7375,#7376,#7377,#7378,#7379,#7380,#7381)),.UNSPECIFIED.,.F.,
 .F.,.F.,(4,1,4),(4,1,1,1,1,2,4),(0.,0.5,1.),(0.,0.00951268180932296,0.0190253636186459,
0.0285380454279689,0.0380507272372919,0.0475634090466148,0.0478672781038942),
 .UNSPECIFIED.);
#50=B_SPLINE_SURFACE_WITH_KNOTS('',3,3,((#7421,#7422,#7423,#7424,#7425,
#7426,#7427,#7428),(#7429,#7430,#7431,#7432,#7433,#7434,#7435,#7436),(#7437,
#7438,#7439,#7440,#7441,#7442,#7443,#7444),(#7445,#7446,#7447,#7448,#7449,
#7450,#7451,#7452)),.UNSPECIFIED.,.F.,.F.,.F.,(4,4),(4,2,1,1,4),(0.,1.),
(-0.000303869057270139,0.,0.0190253636186495,0.0285380454279743,0.0475634090466239),
 .UNSPECIFIED.);
#51=B_SPLINE_SURFACE_WITH_KNOTS('',3,3,((#7670,#7671,#7672,#7673,#7674,
#7675,#7676,#7677,#7678,#7679),(#7680,#7681,#7682,#7683,#7684,#7685,#7686,
#7687,#7688,#7689),(#7690,#7691,#7692,#7693,#7694,#7695,#7696,#7697,#7698,
#7699),(#7700,#7701,#7702,#7703,#7704,#7705,#7706,#7707,#7708,#7709),(#7710,
#7711,#7712,#7713,#7714,#7715,#7716,#7717,#7718,#7719)),.UNSPECIFIED.,.F.,
 .F.,.F.,(4,1,4),(4,1,1,1,1,2,4),(0.,0.5,1.),(0.,0.00950884075610198,0.019017681512204,
0.0285265222683059,0.0380353630244079,0.0475442037805099,0.0478492829288311),
 .UNSPECIFIED.);
#52=B_SPLINE_SURFACE_WITH_KNOTS('',3,3,((#7753,#7754,#7755,#7756,#7757,
#7758,#7759,#7760),(#7761,#7762,#7763,#7764,#7765,#7766,#7767,#7768),(#7769,
#7770,#7771,#7772,#7773,#7774,#7775,#7776),(#7777,#7778,#7779,#7780,#7781,
#7782,#7783,#7784)),.UNSPECIFIED.,.F.,.F.,.F.,(4,4),(4,2,1,1,4),(0.,1.),
(-0.000305079148349534,0.,0.028526522268289,0.0380353630243853,0.0475442037804816),
 .UNSPECIFIED.);
#53=B_SPLINE_SURFACE_WITH_KNOTS('',3,3,((#8078,#8079,#8080,#8081,#8082,
#8083,#8084,#8085,#8086,#8087),(#8088,#8089,#8090,#8091,#8092,#8093,#8094,
#8095,#8096,#8097),(#8098,#8099,#8100,#8101,#8102,#8103,#8104,#8105,#8106,
#8107),(#8108,#8109,#8110,#8111,#8112,#8113,#8114,#8115,#8116,#8117),(#8118,
#8119,#8120,#8121,#8122,#8123,#8124,#8125,#8126,#8127)),.UNSPECIFIED.,.F.,
 .F.,.F.,(4,1,4),(4,1,1,1,1,2,4),(0.,0.5,1.),(0.,0.00950098490031357,0.0190019698006271,
0.0285029547009407,0.0380039396012543,0.0475049245015678,0.0478123934479547),
 .UNSPECIFIED.);
#54=B_SPLINE_SURFACE_WITH_KNOTS('',3,3,((#8165,#8166,#8167,#8168,#8169,
#8170,#8171,#8172),(#8173,#8174,#8175,#8176,#8177,#8178,#8179,#8180),(#8181,
#8182,#8183,#8184,#8185,#8186,#8187,#8188),(#8189,#8190,#8191,#8192,#8193,
#8194,#8195,#8196)),.UNSPECIFIED.,.F.,.F.,.F.,(4,4),(4,2,1,1,4),(0.,1.),
(-0.000307468946381332,0.,0.0285029547009438,0.0380039396012585,0.0475049245015731),
 .UNSPECIFIED.);
#55=B_SPLINE_SURFACE_WITH_KNOTS('',3,3,((#8413,#8414,#8415,#8416,#8417,
#8418,#8419,#8420),(#8421,#8422,#8423,#8424,#8425,#8426,#8427,#8428),(#8429,
#8430,#8431,#8432,#8433,#8434,#8435,#8436),(#8437,#8438,#8439,#8440,#8441,
#8442,#8443,#8444),(#8445,#8446,#8447,#8448,#8449,#8450,#8451,#8452)),
 .UNSPECIFIED.,.F.,.F.,.F.,(4,1,4),(4,1,1,2,4),(0.,0.5,1.),(0.,0.0189967744583498,
0.0284951616875247,0.0474919361458744,0.0478001642160734),.UNSPECIFIED.);
#56=B_SPLINE_SURFACE_WITH_KNOTS('',3,3,((#8492,#8493,#8494,#8495,#8496,
#8497,#8498,#8499),(#8500,#8501,#8502,#8503,#8504,#8505,#8506,#8507),(#8508,
#8509,#8510,#8511,#8512,#8513,#8514,#8515),(#8516,#8517,#8518,#8519,#8520,
#8521,#8522,#8523)),.UNSPECIFIED.,.F.,.F.,.F.,(4,4),(4,2,1,1,4),(0.,1.),
(-0.000308228070222373,0.,0.0284951616875106,0.0379935489166808,0.047491936145851),
 .UNSPECIFIED.);
#57=B_SPLINE_SURFACE_WITH_KNOTS('',3,3,((#8839,#8840,#8841,#8842,#8843,
#8844,#8845,#8846),(#8847,#8848,#8849,#8850,#8851,#8852,#8853,#8854),(#8855,
#8856,#8857,#8858,#8859,#8860,#8861,#8862),(#8863,#8864,#8865,#8866,#8867,
#8868,#8869,#8870)),.UNSPECIFIED.,.F.,.F.,.F.,(4,4),(4,2,1,1,4),(0.,1.),
(-0.000309769350296013,0.,0.018985794674432,0.028478692011648,0.0474644866860799),
 .UNSPECIFIED.);
#58=B_SPLINE_SURFACE_WITH_KNOTS('',3,3,((#8933,#8934,#8935,#8936,#8937,
#8938,#8939,#8940),(#8941,#8942,#8943,#8944,#8945,#8946,#8947,#8948),(#8949,
#8950,#8951,#8952,#8953,#8954,#8955,#8956),(#8957,#8958,#8959,#8960,#8961,
#8962,#8963,#8964),(#8965,#8966,#8967,#8968,#8969,#8970,#8971,#8972)),
 .UNSPECIFIED.,.F.,.F.,.F.,(4,1,4),(4,1,1,2,4),(0.,0.5,1.),(0.,0.0189857946744482,
0.0284786920116724,0.0474644866861206,0.0477742560363766),.UNSPECIFIED.);
#59=B_SPLINE_SURFACE_WITH_KNOTS('',3,3,((#9020,#9021,#9022,#9023,#9024),
(#9025,#9026,#9027,#9028,#9029),(#9030,#9031,#9032,#9033,#9034),(#9035,
#9036,#9037,#9038,#9039),(#9040,#9041,#9042,#9043,#9044)),.UNSPECIFIED.,
 .F.,.F.,.F.,(4,1,4),(4,1,4),(0.,0.5,1.),(0.,0.0336754661788909,0.0785760877507454),
 .UNSPECIFIED.);
#60=B_SPLINE_SURFACE_WITH_KNOTS('',3,3,((#9063,#9064,#9065,#9066,#9067),
(#9068,#9069,#9070,#9071,#9072),(#9073,#9074,#9075,#9076,#9077),(#9078,
#9079,#9080,#9081,#9082),(#9083,#9084,#9085,#9086,#9087)),.UNSPECIFIED.,
 .F.,.F.,.F.,(4,1,4),(4,1,4),(0.,0.5,1.),(0.,0.0336754661788908,0.0785760877507453),
 .UNSPECIFIED.);
#61=B_SPLINE_CURVE_WITH_KNOTS('',3,(#6596,#6597,#6598,#6599,#6600),
 .UNSPECIFIED.,.F.,.F.,(4,1,4),(-0.0786609378503126,-0.0337118305072769,
-1.50920942409983E-16),.UNSPECIFIED.);
#62=B_SPLINE_CURVE_WITH_KNOTS('',3,(#6633,#6634,#6635,#6636,#6637),
 .UNSPECIFIED.,.F.,.F.,(4,1,4),(-0.0786609508900146,-0.0337118360957206,
0.),.UNSPECIFIED.);
#63=B_SPLINE_CURVE_WITH_KNOTS('',3,(#6658,#6659,#6660,#6661,#6662),
 .UNSPECIFIED.,.F.,.F.,(4,1,4),(1.50920942409983E-16,0.0337118305072769,
0.0786609378503126),.UNSPECIFIED.);
#64=B_SPLINE_CURVE_WITH_KNOTS('',3,(#6738,#6739,#6740,#6741,#6742),
 .UNSPECIFIED.,.F.,.F.,(4,1,4),(0.,0.0337118360957206,0.0786609508900146),
 .UNSPECIFIED.);
#65=B_SPLINE_CURVE_WITH_KNOTS('',3,(#6768,#6769,#6770,#6771,#6772,#6773,
#6774,#6775,#6776,#6777,#6778,#6779,#6780,#6781),.UNSPECIFIED.,.F.,.F.,
(4,2,2,2,2,2,4),(0.145422678204397,0.15034840664573,0.157448556326282,0.165821207984165,
0.175520787433992,0.180964164905313,0.186334754264432),.UNSPECIFIED.);
#66=B_SPLINE_CURVE_WITH_KNOTS('',3,(#6787,#6788,#6789,#6790,#6791,#6792,
#6793,#6794,#6795,#6796),.UNSPECIFIED.,.F.,.F.,(4,2,2,2,4),(0.0377089916854683,
0.0471300944324779,0.0565511971794875,0.0659684900313487,0.0753857828832099),
 .UNSPECIFIED.);
#67=B_SPLINE_CURVE_WITH_KNOTS('',3,(#6800,#6801,#6802,#6803,#6804,#6805,
#6806,#6807,#6808,#6809),.UNSPECIFIED.,.F.,.F.,(4,2,2,2,4),(0.0753857828832099,
0.0848030757350711,0.0942203685869324,0.103641471333942,0.113062574080952),
 .UNSPECIFIED.);
#68=B_SPLINE_CURVE_WITH_KNOTS('',3,(#6830,#6831,#6832,#6833,#6834,#6835,
#6836,#6837,#6838,#6839,#6840,#6841,#6842,#6843),.UNSPECIFIED.,.F.,.F.,
(4,2,2,2,2,2,4),(0.110860759275867,0.113646563929873,0.119500900534564,
0.12577600596795,0.131156631581724,0.135400976461256,0.137855746367946),
 .UNSPECIFIED.);
#69=B_SPLINE_CURVE_WITH_KNOTS('',3,(#6903,#6904,#6905,#6906,#6907,#6908,
#6909,#6910),.UNSPECIFIED.,.F.,.F.,(4,2,1,1,4),(-0.000302470075321742,0.,
0.0190340845575864,0.0285511268363796,0.0475852113939661),.UNSPECIFIED.);
#70=B_SPLINE_CURVE_WITH_KNOTS('',3,(#6935,#6936,#6937,#6938,#6939,#6940,
#6941,#6942),.UNSPECIFIED.,.F.,.F.,(4,1,1,2,4),(0.,0.0190340845575865,0.0285511268363798,
0.0475852113939664,0.0478876814692878),.UNSPECIFIED.);
#71=B_SPLINE_CURVE_WITH_KNOTS('',3,(#6945,#6946,#6947,#6948,#6949,#6950,
#6951,#6952),.UNSPECIFIED.,.F.,.F.,(4,2,1,1,4),(-0.0478876814692878,-0.0475852113939664,
-0.0285511268363798,-0.0190340845575865,0.),.UNSPECIFIED.);
#72=B_SPLINE_CURVE_WITH_KNOTS('',3,(#7023,#7024,#7025,#7026,#7027,#7028,
#7029,#7030,#7031,#7032),.UNSPECIFIED.,.F.,.F.,(4,2,2,2,4),(0.113071829277146,
0.122491916916412,0.131912004555678,0.14132926507903,0.150746525602383),
 .UNSPECIFIED.);
#73=B_SPLINE_CURVE_WITH_KNOTS('',3,(#7036,#7037,#7038,#7039,#7040,#7041,
#7042,#7043),.UNSPECIFIED.,.F.,.F.,(4,1,1,2,4),(-0.0475852113939661,-0.0285511268363796,
-0.0190340845575864,0.,0.000302470075321742),.UNSPECIFIED.);
#74=B_SPLINE_CURVE_WITH_KNOTS('',3,(#7093,#7094,#7095,#7096,#7097,#7098,
#7099,#7100,#7101,#7102),.UNSPECIFIED.,.F.,.F.,(4,2,2,2,4),(0.0753732624824588,
0.0847905230058115,0.0942077835291642,0.10362787116843,0.113047958807696),
 .UNSPECIFIED.);
#75=B_SPLINE_CURVE_WITH_KNOTS('',3,(#7115,#7116,#7117,#7118,#7119,#7120,
#7121,#7122,#7123,#7124),.UNSPECIFIED.,.F.,.F.,(4,2,2,2,4),(0.0376985661572217,
0.0471186537964876,0.0565387414357534,0.0659560019591061,0.0753732624824588),
 .UNSPECIFIED.);
#76=B_SPLINE_CURVE_WITH_KNOTS('',3,(#7126,#7127,#7128,#7129,#7130,#7131,
#7132,#7133,#7134,#7135),.UNSPECIFIED.,.F.,.F.,(4,2,2,2,4),(0.0377911285392653,
0.0472437982417185,0.0566964679441716,0.0661108627589895,0.0755252575738074),
 .UNSPECIFIED.);
#77=B_SPLINE_CURVE_WITH_KNOTS('',3,(#7141,#7142,#7143,#7144,#7145,#7146,
#7147,#7148,#7149,#7150),.UNSPECIFIED.,.F.,.F.,(4,2,2,2,4),(0.0753732631199242,
0.0847905236432769,0.0942077841666296,0.103627871805896,0.113047959445161),
 .UNSPECIFIED.);
#78=B_SPLINE_CURVE_WITH_KNOTS('',3,(#7166,#7167,#7168,#7169,#7170,#7171,
#7172,#7173,#7174,#7175),.UNSPECIFIED.,.F.,.F.,(4,2,2,2,4),(0.0755252683046124,
0.0849396631194303,0.0943540579342482,0.103806727636701,0.113259397339154),
 .UNSPECIFIED.);
#79=B_SPLINE_CURVE_WITH_KNOTS('',3,(#7245,#7246,#7247,#7248,#7249,#7250,
#7251,#7252),.UNSPECIFIED.,.F.,.F.,(4,2,1,1,4),(-0.000303869057270139,0.,
0.0190253636186495,0.0285380454279743,0.0475634090466239),.UNSPECIFIED.);
#80=B_SPLINE_CURVE_WITH_KNOTS('',3,(#7277,#7278,#7279,#7280,#7281,#7282,
#7283,#7284,#7285,#7286),.UNSPECIFIED.,.F.,.F.,(4,1,1,1,1,2,4),(0.,0.00951268180932296,
0.0190253636186459,0.0285380454279689,0.0380507272372919,0.0475634090466148,
0.0478672781038942),.UNSPECIFIED.);
#81=B_SPLINE_CURVE_WITH_KNOTS('',3,(#7295,#7296,#7297,#7298,#7299,#7300,
#7301,#7302,#7303,#7304),.UNSPECIFIED.,.F.,.F.,(4,2,1,1,1,1,4),(-0.0478672781038942,
-0.0475634090466148,-0.0380507272372919,-0.0285380454279689,-0.0190253636186459,
-0.00951268180932296,0.),.UNSPECIFIED.);
#82=B_SPLINE_CURVE_WITH_KNOTS('',3,(#7308,#7309,#7310,#7311,#7312,#7313,
#7314,#7315,#7316,#7317),.UNSPECIFIED.,.F.,.F.,(4,2,2,2,4),(0.0376944366822715,
0.0471141217836174,0.0565338068849633,0.0659510545843643,0.0753683022837652),
 .UNSPECIFIED.);
#83=B_SPLINE_CURVE_WITH_KNOTS('',3,(#7384,#7385,#7386,#7387,#7388,#7389,
#7390,#7391),.UNSPECIFIED.,.F.,.F.,(4,1,1,2,4),(-0.0475634090466239,-0.0285380454279743,
-0.0190253636186495,0.,0.000303869057270139),.UNSPECIFIED.);
#84=B_SPLINE_CURVE_WITH_KNOTS('',3,(#7396,#7397,#7398,#7399,#7400,#7401,
#7402,#7403,#7404,#7405),.UNSPECIFIED.,.F.,.F.,(4,2,2,2,4),(0.15073660456753,
0.160153852266931,0.169571099966332,0.178990785067678,0.188410470169024),
 .UNSPECIFIED.);
#85=B_SPLINE_CURVE_WITH_KNOTS('',3,(#7463,#7464,#7465,#7466,#7467,#7468,
#7469,#7470,#7471,#7472),.UNSPECIFIED.,.F.,.F.,(4,2,2,2,4),(0.0376944366822715,
0.0471141217836174,0.0565338068849633,0.0659510545843642,0.0753683022837652),
 .UNSPECIFIED.);
#86=B_SPLINE_CURVE_WITH_KNOTS('',3,(#7474,#7475,#7476,#7477,#7478,#7479,
#7480,#7481,#7482,#7483),.UNSPECIFIED.,.F.,.F.,(4,2,2,2,4),(0.0377751908197238,
0.0472232615522564,0.0566713322847889,0.0660860861287597,0.0755008399727305),
 .UNSPECIFIED.);
#87=B_SPLINE_CURVE_WITH_KNOTS('',3,(#7489,#7490,#7491,#7492,#7493,#7494,
#7495,#7496,#7497,#7498),.UNSPECIFIED.,.F.,.F.,(4,2,2,2,4),(0.0753683022837652,
0.0847855499831661,0.0942027976825671,0.103622482783913,0.113042167885259),
 .UNSPECIFIED.);
#88=B_SPLINE_CURVE_WITH_KNOTS('',3,(#7518,#7519,#7520,#7521,#7522,#7523,
#7524,#7525,#7526,#7527),.UNSPECIFIED.,.F.,.F.,(4,2,2,2,4),(0.0755008399727304,
0.0849155938167012,0.0943303476606721,0.103778418393205,0.113226489125737),
 .UNSPECIFIED.);
#89=B_SPLINE_CURVE_WITH_KNOTS('',3,(#7637,#7638,#7639,#7640,#7641,#7642,
#7643,#7644,#7645,#7646),.UNSPECIFIED.,.F.,.F.,(4,1,1,1,1,2,4),(0.,0.00950884075610198,
0.019017681512204,0.0285265222683059,0.0380353630244079,0.0475442037805099,
0.0478492829288311),.UNSPECIFIED.);
#90=B_SPLINE_CURVE_WITH_KNOTS('',3,(#7651,#7652,#7653,#7654,#7655,#7656,
#7657,#7658,#7659,#7660),.UNSPECIFIED.,.F.,.F.,(4,2,1,1,1,1,4),(-0.0478492829288311,
-0.0475442037805099,-0.0380353630244079,-0.0285265222683059,-0.019017681512204,
-0.00950884075610198,0.),.UNSPECIFIED.);
#91=B_SPLINE_CURVE_WITH_KNOTS('',3,(#7732,#7733,#7734,#7735,#7736,#7737,
#7738,#7739,#7740,#7741),.UNSPECIFIED.,.F.,.F.,(4,2,2,2,4),(0.113055411186475,
0.122474771602605,0.131894132018734,0.141311369372666,0.150728606726597),
 .UNSPECIFIED.);
#92=B_SPLINE_CURVE_WITH_KNOTS('',3,(#7744,#7745,#7746,#7747,#7748,#7749,
#7750,#7751),.UNSPECIFIED.,.F.,.F.,(4,1,1,2,4),(-0.0475442037804816,-0.0380353630243853,
-0.028526522268289,0.,0.000305079148349534),.UNSPECIFIED.);
#93=B_SPLINE_CURVE_WITH_KNOTS('',3,(#7787,#7788,#7789,#7790,#7791,#7792,
#7793,#7794),.UNSPECIFIED.,.F.,.F.,(4,2,1,1,4),(-0.000305079148349534,0.,
0.028526522268289,0.0380353630243853,0.0475442037804816),.UNSPECIFIED.);
#94=B_SPLINE_CURVE_WITH_KNOTS('',3,(#7809,#7810,#7811,#7812,#7813,#7814,
#7815,#7816,#7817,#7818),.UNSPECIFIED.,.F.,.F.,(4,2,2,2,4),(0.0753643033632987,
0.0847815407172301,0.0941987780711615,0.103618138487291,0.113037498903421),
 .UNSPECIFIED.);
#95=B_SPLINE_CURVE_WITH_KNOTS('',3,(#7838,#7839,#7840,#7841,#7842,#7843,
#7844,#7845,#7846,#7847,#7848,#7849,#7850,#7851),.UNSPECIFIED.,.F.,.F.,
(4,2,2,2,2,2,4),(0.0944200224059693,0.205311726428677,0.227970923143413,
0.23212034914271,0.234506888718933,0.236143505422813,0.236193679328865),
 .UNSPECIFIED.);
#96=B_SPLINE_CURVE_WITH_KNOTS('',3,(#7875,#7876,#7877,#7878,#7879,#7880,
#7881,#7882,#7883,#7884),.UNSPECIFIED.,.F.,.F.,(4,2,2,2,4),(0.0376911078231764,
0.0471104682393064,0.0565298286554363,0.0659470660093677,0.0753643033632991),
 .UNSPECIFIED.);
#97=B_SPLINE_CURVE_WITH_KNOTS('',3,(#7889,#7890,#7891,#7892,#7893,#7894,
#7895,#7896,#7897,#7898),.UNSPECIFIED.,.F.,.F.,(4,2,2,2,4),(0.0753643033632992,
0.0847815407172306,0.094198778071162,0.103618138487292,0.113037498903422),
 .UNSPECIFIED.);
#98=B_SPLINE_CURVE_WITH_KNOTS('',3,(#7940,#7941,#7942,#7943,#7944,#7945,
#7946,#7947,#7948,#7949,#7950,#7951,#7952,#7953),.UNSPECIFIED.,.F.,.F.,
(4,2,2,2,2,2,4),(0.236193679328738,0.237655321160627,0.239577009822661,
0.243030725876008,0.251597236998652,0.290084066461802,0.339050718354157),
 .UNSPECIFIED.);
#99=B_SPLINE_CURVE_WITH_KNOTS('',3,(#8004,#8005,#8006,#8007,#8008,#8009,
#8010,#8011),.UNSPECIFIED.,.F.,.F.,(4,2,1,1,4),(-0.000307468946381332,0.,
0.0285029547009438,0.0380039396012585,0.0475049245015731),.UNSPECIFIED.);
#100=B_SPLINE_CURVE_WITH_KNOTS('',3,(#8039,#8040,#8041,#8042,#8043,#8044,
#8045,#8046,#8047,#8048),.UNSPECIFIED.,.F.,.F.,(4,1,1,1,1,2,4),(0.,0.00950098490031357,
0.0190019698006271,0.0285029547009407,0.0380039396012543,0.0475049245015678,
0.0478123934479547),.UNSPECIFIED.);
#101=B_SPLINE_CURVE_WITH_KNOTS('',3,(#8051,#8052,#8053,#8054,#8055,#8056,
#8057,#8058,#8059,#8060),.UNSPECIFIED.,.F.,.F.,(4,2,1,1,1,1,4),(-0.0478123934479547,
-0.0475049245015678,-0.0380039396012543,-0.0285029547009407,-0.0190019698006271,
-0.00950098490031357,0.),.UNSPECIFIED.);
#102=B_SPLINE_CURVE_WITH_KNOTS('',3,(#8143,#8144,#8145,#8146,#8147,#8148,
#8149,#8150,#8151,#8152),.UNSPECIFIED.,.F.,.F.,(4,2,2,2,4),(0.113042283756971,
0.12246106211715,0.131879840477329,0.141297059281301,0.150714278085273),
 .UNSPECIFIED.);
#103=B_SPLINE_CURVE_WITH_KNOTS('',3,(#8156,#8157,#8158,#8159,#8160,#8161,
#8162,#8163),.UNSPECIFIED.,.F.,.F.,(4,1,1,2,4),(-0.0475049245015731,-0.0380039396012585,
-0.0285029547009438,0.,0.000307468946381332),.UNSPECIFIED.);
#104=B_SPLINE_CURVE_WITH_KNOTS('',3,(#8213,#8214,#8215,#8216,#8217,#8218,
#8219,#8220,#8221,#8222),.UNSPECIFIED.,.F.,.F.,(4,2,2,2,4),(0.075357138946216,
0.0847743577501877,0.0941915765541595,0.103610354914339,0.113029133274518),
 .UNSPECIFIED.);
#105=B_SPLINE_CURVE_WITH_KNOTS('',3,(#8235,#8236,#8237,#8238,#8239,#8240,
#8241,#8242,#8243,#8244),.UNSPECIFIED.,.F.,.F.,(4,2,2,2,4),(0.0376851446179144,
0.0471039229780935,0.0565227013382726,0.0659399201422443,0.0753571389462161),
 .UNSPECIFIED.);
#106=B_SPLINE_CURVE_WITH_KNOTS('',3,(#8246,#8247,#8248,#8249,#8250,#8251,
#8252,#8253,#8254,#8255),.UNSPECIFIED.,.F.,.F.,(4,2,2,2,4),(0.0377384648226011,
0.0471759134247744,0.0566133620269477,0.0660289452673699,0.0754445285077921),
 .UNSPECIFIED.);
#107=B_SPLINE_CURVE_WITH_KNOTS('',3,(#8261,#8262,#8263,#8264,#8265,#8266,
#8267,#8268,#8269,#8270),.UNSPECIFIED.,.F.,.F.,(4,2,2,2,4),(0.075357138946216,
0.0847743577501877,0.0941915765541594,0.103610354914338,0.113029133274518),
 .UNSPECIFIED.);
#108=B_SPLINE_CURVE_WITH_KNOTS('',3,(#8290,#8291,#8292,#8293,#8294,#8295,
#8296,#8297,#8298,#8299),.UNSPECIFIED.,.F.,.F.,(4,2,2,2,4),(0.0754445319734545,
0.0848601152138767,0.0942756984542989,0.103713147056472,0.113150595658645),
 .UNSPECIFIED.);
#109=B_SPLINE_CURVE_WITH_KNOTS('',3,(#8379,#8380,#8381,#8382,#8383,#8384,
#8385,#8386),.UNSPECIFIED.,.F.,.F.,(4,1,1,2,4),(0.,0.0189967744583498,0.0284951616875247,
0.0474919361458744,0.0478001642160734),.UNSPECIFIED.);
#110=B_SPLINE_CURVE_WITH_KNOTS('',3,(#8392,#8393,#8394,#8395,#8396,#8397,
#8398,#8399),.UNSPECIFIED.,.F.,.F.,(4,2,1,1,4),(-0.0478001642160734,-0.0474919361458744,
-0.0284951616875247,-0.0189967744583498,0.),.UNSPECIFIED.);
#111=B_SPLINE_CURVE_WITH_KNOTS('',3,(#8468,#8469,#8470,#8471,#8472,#8473,
#8474,#8475,#8476,#8477),.UNSPECIFIED.,.F.,.F.,(4,2,2,2,4),(0.113038462694416,
0.122457071543766,0.131875680393116,0.141292893793892,0.150710107194667),
 .UNSPECIFIED.);
#112=B_SPLINE_CURVE_WITH_KNOTS('',3,(#8482,#8483,#8484,#8485,#8486,#8487,
#8488,#8489),.UNSPECIFIED.,.F.,.F.,(4,1,1,2,4),(-0.047491936145851,-0.0379935489166808,
-0.0284951616875106,0.,0.000308228070222373),.UNSPECIFIED.);
#113=B_SPLINE_CURVE_WITH_KNOTS('',3,(#8526,#8527,#8528,#8529,#8530,#8531,
#8532,#8533),.UNSPECIFIED.,.F.,.F.,(4,2,1,1,4),(-0.000308228070222373,0.,
0.0284951616875106,0.0379935489166808,0.047491936145851),.UNSPECIFIED.);
#114=B_SPLINE_CURVE_WITH_KNOTS('',3,(#8551,#8552,#8553,#8554,#8555,#8556,
#8557,#8558,#8559,#8560),.UNSPECIFIED.,.F.,.F.,(4,2,2,2,4),(0.0753550535201968,
0.0847722669209723,0.0941894803217479,0.103608089171098,0.113026698020448),
 .UNSPECIFIED.);
#115=B_SPLINE_CURVE_WITH_KNOTS('',3,(#8581,#8582,#8583,#8584,#8585,#8586,
#8587,#8588,#8589,#8590,#8591,#8592,#8593,#8594,#8595,#8596),
 .UNSPECIFIED.,.F.,.F.,(4,2,2,2,2,2,2,4),(0.108660037453462,0.112605604692397,
0.259560719245737,0.287054201395998,0.29224581636409,0.295192084517642,
0.29715781421508,0.297380823387391),.UNSPECIFIED.);
#116=B_SPLINE_CURVE_WITH_KNOTS('',3,(#8620,#8621,#8622,#8623,#8624,#8625,
#8626,#8627,#8628,#8629),.UNSPECIFIED.,.F.,.F.,(4,2,2,2,4),(0.0376834091742186,
0.0471020180235689,0.0565206268729191,0.0659378402736947,0.0753550536744702),
 .UNSPECIFIED.);
#117=B_SPLINE_CURVE_WITH_KNOTS('',3,(#8635,#8636,#8637,#8638,#8639,#8640,
#8641,#8642,#8643,#8644),.UNSPECIFIED.,.F.,.F.,(4,2,2,2,4),(0.0753550535201968,
0.0847722669209724,0.0941894803217479,0.103608089171098,0.113026698020448),
 .UNSPECIFIED.);
#118=B_SPLINE_CURVE_WITH_KNOTS('',3,(#8686,#8687,#8688,#8689,#8690,#8691,
#8692,#8693,#8694,#8695,#8696,#8697,#8698,#8699),.UNSPECIFIED.,.F.,.F.,
(4,2,2,2,2,2,4),(0.297380823387371,0.298930557920235,0.301111046936287,
0.304938641762154,0.314289464051855,0.355650066308276,0.441795469400968),
 .UNSPECIFIED.);
#119=B_SPLINE_CURVE_WITH_KNOTS('',3,(#8814,#8815,#8816,#8817,#8818,#8819,
#8820,#8821,#8822,#8823),.UNSPECIFIED.,.F.,.F.,(4,2,2,2,4),(0.0753510828147316,
0.0847682859231225,0.0941854890315133,0.103603775021373,0.113022061011233),
 .UNSPECIFIED.);
#120=B_SPLINE_CURVE_WITH_KNOTS('',3,(#8872,#8873,#8874,#8875,#8876,#8877,
#8878,#8879),.UNSPECIFIED.,.F.,.F.,(4,1,1,2,4),(-0.0474644866860799,-0.028478692011648,
-0.018985794674432,0.,0.000309769350296013),.UNSPECIFIED.);
#121=B_SPLINE_CURVE_WITH_KNOTS('',3,(#8880,#8881,#8882,#8883,#8884,#8885,
#8886,#8887),.UNSPECIFIED.,.F.,.F.,(4,2,1,1,4),(-0.000309769350296013,0.,
0.018985794674432,0.028478692011648,0.0474644866860799),.UNSPECIFIED.);
#122=B_SPLINE_CURVE_WITH_KNOTS('',3,(#8895,#8896,#8897,#8898,#8899,#8900,
#8901,#8902,#8903,#8904),.UNSPECIFIED.,.F.,.F.,(4,2,2,2,4),(0.113031187525729,
0.122449473515589,0.131867759505449,0.14128496261384,0.15070216572223),
 .UNSPECIFIED.);
#123=B_SPLINE_CURVE_WITH_KNOTS('',3,(#8909,#8910,#8911,#8912,#8913),
 .UNSPECIFIED.,.F.,.F.,(4,1,4),(0.,0.0336754661788909,0.0785760877507454),
 .UNSPECIFIED.);
#124=B_SPLINE_CURVE_WITH_KNOTS('',3,(#8974,#8975,#8976,#8977,#8978,#8979,
#8980,#8981),.UNSPECIFIED.,.F.,.F.,(4,1,1,2,4),(0.,0.0189857946744482,0.0284786920116724,
0.0474644866861206,0.0477742560363766),.UNSPECIFIED.);
#125=B_SPLINE_CURVE_WITH_KNOTS('',3,(#8982,#8983,#8984,#8985,#8986,#8987,
#8988,#8989),.UNSPECIFIED.,.F.,.F.,(4,2,1,1,4),(-0.0477742560363766,-0.0474644866861206,
-0.0284786920116724,-0.0189857946744482,0.),.UNSPECIFIED.);
#126=B_SPLINE_CURVE_WITH_KNOTS('',3,(#9005,#9006,#9007,#9008,#9009),
 .UNSPECIFIED.,.F.,.F.,(4,1,4),(0.,0.0336754661788908,0.0785760877507453),
 .UNSPECIFIED.);
#127=B_SPLINE_CURVE_WITH_KNOTS('',3,(#9046,#9047,#9048,#9049,#9050),
 .UNSPECIFIED.,.F.,.F.,(4,1,4),(-0.0785760877507454,-0.0336754661788909,
0.),.UNSPECIFIED.);
#128=B_SPLINE_CURVE_WITH_KNOTS('',3,(#9090,#9091,#9092,#9093,#9094),
 .UNSPECIFIED.,.F.,.F.,(4,1,4),(-0.0785760877507453,-0.0336754661788908,
0.),.UNSPECIFIED.);
#129=TOROIDAL_SURFACE('',#4669,6.1,1.);
#130=TOROIDAL_SURFACE('',#4670,2.,1.);
#131=TOROIDAL_SURFACE('',#4681,6.1,1.);
#132=TOROIDAL_SURFACE('',#4686,2.,1.);
#133=TOROIDAL_SURFACE('',#4756,7.5,0.5);
#134=TOROIDAL_SURFACE('',#4765,7.5,0.5);
#135=TOROIDAL_SURFACE('',#4817,8.,0.5);
#136=TOROIDAL_SURFACE('',#4823,7.99999999999999,0.5);
#137=TOROIDAL_SURFACE('',#4878,8.5,0.5);
#138=TOROIDAL_SURFACE('',#4886,8.5,0.5);
#139=TOROIDAL_SURFACE('',#4898,8.75,0.25);
#140=TOROIDAL_SURFACE('',#4916,8.75,0.25);
#141=TOROIDAL_SURFACE('',#4949,9.75,0.5);
#142=TOROIDAL_SURFACE('',#4959,9.75,0.5);
#143=TOROIDAL_SURFACE('',#5006,10.25,0.5);
#144=TOROIDAL_SURFACE('',#5016,10.25,0.5);
#145=TOROIDAL_SURFACE('',#5030,10.5,0.25);
#146=TOROIDAL_SURFACE('',#5049,10.5,0.25);
#147=TOROIDAL_SURFACE('',#5100,11.5,0.5);
#148=TOROIDAL_SURFACE('',#5107,11.5,0.5);
#149=TOROIDAL_SURFACE('',#5122,11.,1.);
#150=TOROIDAL_SURFACE('',#5127,11.,1.);
#151=TOROIDAL_SURFACE('',#5135,2.,1.);
#152=TOROIDAL_SURFACE('',#5140,2.,1.);
#153=ELLIPSE('',#4668,1.41421356237309,1.);
#154=ELLIPSE('',#4685,1.4142135623731,1.);
#155=ELLIPSE('',#4689,1.00187402522692,1.);
#156=ELLIPSE('',#4703,0.517638090446169,0.5);
#157=ELLIPSE('',#4709,0.517638088163501,0.5);
#158=ELLIPSE('',#4720,1.00187402530238,1.);
#159=ELLIPSE('',#4741,1.00187402530238,1.);
#160=ELLIPSE('',#4742,1.00187402530238,1.);
#161=ELLIPSE('',#4778,1.00187402522692,1.);
#162=ELLIPSE('',#4785,1.00187402522692,1.);
#163=ELLIPSE('',#4836,1.00187402522692,1.);
#164=ELLIPSE('',#4837,1.00187402530238,1.);
#165=ELLIPSE('',#4842,1.00187402530238,1.);
#166=ELLIPSE('',#4847,1.00187402522692,1.);
#167=ELLIPSE('',#4870,1.00187402530238,1.);
#168=ELLIPSE('',#4871,1.00187402522692,1.);
#169=ELLIPSE('',#4910,1.00187402522692,1.);
#170=ELLIPSE('',#4911,1.00187402530238,1.);
#171=ELLIPSE('',#4972,1.00187402522692,1.);
#172=ELLIPSE('',#4973,1.00187402530238,1.);
#173=ELLIPSE('',#4978,1.00187402530238,1.);
#174=ELLIPSE('',#4983,1.00187402522692,1.);
#175=ELLIPSE('',#5043,1.00187402522692,1.);
#176=ELLIPSE('',#5044,1.00187402530238,1.);
#177=ELLIPSE('',#5052,1.00187402530238,1.);
#178=ELLIPSE('',#5057,1.00187402522692,1.);
#179=ELLIPSE('',#5066,1.00187402530238,1.);
#180=ELLIPSE('',#5067,1.00187402522692,1.);
#181=ELLIPSE('',#5114,0.517638090205042,0.5);
#182=ELLIPSE('',#5117,0.517638090205043,0.5);
#183=ELLIPSE('',#5134,1.4142135623731,1.);
#184=ELLIPSE('',#5139,1.41421356237309,1.);
#185=FACE_BOUND('',#620,.T.);
#186=FACE_BOUND('',#621,.T.);
#187=FACE_BOUND('',#631,.T.);
#188=FACE_BOUND('',#659,.T.);
#189=FACE_BOUND('',#667,.T.);
#190=FACE_BOUND('',#691,.T.);
#191=FACE_BOUND('',#692,.T.);
#192=FACE_BOUND('',#696,.T.);
#193=FACE_BOUND('',#725,.T.);
#194=FACE_BOUND('',#729,.T.);
#195=FACE_BOUND('',#730,.T.);
#196=FACE_BOUND('',#734,.T.);
#197=FACE_BOUND('',#768,.T.);
#198=FACE_BOUND('',#772,.T.);
#199=FACE_BOUND('',#773,.T.);
#200=FACE_BOUND('',#779,.T.);
#201=FACE_BOUND('',#805,.T.);
#202=FACE_BOUND('',#809,.T.);
#203=FACE_BOUND('',#810,.T.);
#204=FACE_BOUND('',#817,.T.);
#205=FACE_BOUND('',#847,.T.);
#206=FACE_BOUND('',#851,.T.);
#207=FACE_BOUND('',#852,.T.);
#208=FACE_BOUND('',#859,.T.);
#209=FACE_BOUND('',#864,.T.);
#210=FACE_BOUND('',#865,.T.);
#211=FACE_BOUND('',#869,.T.);
#212=FACE_BOUND('',#871,.T.);
#213=CYLINDRICAL_SURFACE('',#4647,1.);
#214=CYLINDRICAL_SURFACE('',#4650,1.);
#215=CYLINDRICAL_SURFACE('',#4654,3.);
#216=CYLINDRICAL_SURFACE('',#4660,3.);
#217=CYLINDRICAL_SURFACE('',#4662,7.1);
#218=CYLINDRICAL_SURFACE('',#4666,1.);
#219=CYLINDRICAL_SURFACE('',#4674,1.);
#220=CYLINDRICAL_SURFACE('',#4678,7.1);
#221=CYLINDRICAL_SURFACE('',#4683,1.);
#222=CYLINDRICAL_SURFACE('',#4688,1.);
#223=CYLINDRICAL_SURFACE('',#4690,1.);
#224=CYLINDRICAL_SURFACE('',#4694,0.5);
#225=CYLINDRICAL_SURFACE('',#4698,0.5);
#226=CYLINDRICAL_SURFACE('',#4701,0.5);
#227=CYLINDRICAL_SURFACE('',#4705,0.5);
#228=CYLINDRICAL_SURFACE('',#4708,0.5);
#229=CYLINDRICAL_SURFACE('',#4710,0.5);
#230=CYLINDRICAL_SURFACE('',#4714,0.25);
#231=CYLINDRICAL_SURFACE('',#4715,5.6);
#232=CYLINDRICAL_SURFACE('',#4723,0.25);
#233=CYLINDRICAL_SURFACE('',#4724,1.);
#234=CYLINDRICAL_SURFACE('',#4726,6.5);
#235=CYLINDRICAL_SURFACE('',#4727,6.5);
#236=CYLINDRICAL_SURFACE('',#4728,8.);
#237=CYLINDRICAL_SURFACE('',#4732,1.);
#238=CYLINDRICAL_SURFACE('',#4735,1.);
#239=CYLINDRICAL_SURFACE('',#4740,1.);
#240=CYLINDRICAL_SURFACE('',#4743,0.5);
#241=CYLINDRICAL_SURFACE('',#4746,0.5);
#242=CYLINDRICAL_SURFACE('',#4749,8.);
#243=CYLINDRICAL_SURFACE('',#4753,0.5);
#244=CYLINDRICAL_SURFACE('',#4759,0.5);
#245=CYLINDRICAL_SURFACE('',#4764,0.25);
#246=CYLINDRICAL_SURFACE('',#4770,0.25);
#247=CYLINDRICAL_SURFACE('',#4772,0.25);
#248=CYLINDRICAL_SURFACE('',#4773,6.5);
#249=CYLINDRICAL_SURFACE('',#4780,0.25);
#250=CYLINDRICAL_SURFACE('',#4784,1.);
#251=CYLINDRICAL_SURFACE('',#4788,7.);
#252=CYLINDRICAL_SURFACE('',#4789,7.);
#253=CYLINDRICAL_SURFACE('',#4791,8.5);
#254=CYLINDRICAL_SURFACE('',#4795,1.);
#255=CYLINDRICAL_SURFACE('',#4798,1.);
#256=CYLINDRICAL_SURFACE('',#4801,0.5);
#257=CYLINDRICAL_SURFACE('',#4804,0.5);
#258=CYLINDRICAL_SURFACE('',#4807,8.5);
#259=CYLINDRICAL_SURFACE('',#4811,0.5);
#260=CYLINDRICAL_SURFACE('',#4814,0.5);
#261=CYLINDRICAL_SURFACE('',#4819,0.25);
#262=CYLINDRICAL_SURFACE('',#4825,0.25);
#263=CYLINDRICAL_SURFACE('',#4830,0.25);
#264=CYLINDRICAL_SURFACE('',#4831,7.);
#265=CYLINDRICAL_SURFACE('',#4839,0.25);
#266=CYLINDRICAL_SURFACE('',#4841,1.);
#267=CYLINDRICAL_SURFACE('',#4846,1.);
#268=CYLINDRICAL_SURFACE('',#4850,7.5);
#269=CYLINDRICAL_SURFACE('',#4851,7.5);
#270=CYLINDRICAL_SURFACE('',#4853,9.);
#271=CYLINDRICAL_SURFACE('',#4858,1.);
#272=CYLINDRICAL_SURFACE('',#4861,1.);
#273=CYLINDRICAL_SURFACE('',#4864,0.5);
#274=CYLINDRICAL_SURFACE('',#4875,0.5);
#275=CYLINDRICAL_SURFACE('',#4880,0.5);
#276=CYLINDRICAL_SURFACE('',#4885,0.25);
#277=CYLINDRICAL_SURFACE('',#4891,0.25);
#278=CYLINDRICAL_SURFACE('',#4893,0.5);
#279=CYLINDRICAL_SURFACE('',#4895,9.);
#280=CYLINDRICAL_SURFACE('',#4903,0.25);
#281=CYLINDRICAL_SURFACE('',#4904,7.5);
#282=CYLINDRICAL_SURFACE('',#4913,0.25);
#283=CYLINDRICAL_SURFACE('',#4918,1.);
#284=CYLINDRICAL_SURFACE('',#4922,1.);
#285=CYLINDRICAL_SURFACE('',#4923,8.75);
#286=CYLINDRICAL_SURFACE('',#4924,8.75);
#287=CYLINDRICAL_SURFACE('',#4926,10.25);
#288=CYLINDRICAL_SURFACE('',#4930,1.);
#289=CYLINDRICAL_SURFACE('',#4933,1.);
#290=CYLINDRICAL_SURFACE('',#4936,0.5);
#291=CYLINDRICAL_SURFACE('',#4939,0.5);
#292=CYLINDRICAL_SURFACE('',#4942,10.25);
#293=CYLINDRICAL_SURFACE('',#4946,0.5);
#294=CYLINDRICAL_SURFACE('',#4952,0.5);
#295=CYLINDRICAL_SURFACE('',#4958,0.25);
#296=CYLINDRICAL_SURFACE('',#4964,0.25);
#297=CYLINDRICAL_SURFACE('',#4966,0.25);
#298=CYLINDRICAL_SURFACE('',#4967,8.75);
#299=CYLINDRICAL_SURFACE('',#4975,0.25);
#300=CYLINDRICAL_SURFACE('',#4977,1.);
#301=CYLINDRICAL_SURFACE('',#4982,1.);
#302=CYLINDRICAL_SURFACE('',#4985,9.25);
#303=CYLINDRICAL_SURFACE('',#4986,9.25);
#304=CYLINDRICAL_SURFACE('',#4989,10.75);
#305=CYLINDRICAL_SURFACE('',#4994,1.);
#306=CYLINDRICAL_SURFACE('',#4997,1.);
#307=CYLINDRICAL_SURFACE('',#5000,0.5);
#308=CYLINDRICAL_SURFACE('',#5003,0.5);
#309=CYLINDRICAL_SURFACE('',#5009,0.5);
#310=CYLINDRICAL_SURFACE('',#5015,0.25);
#311=CYLINDRICAL_SURFACE('',#5023,0.25);
#312=CYLINDRICAL_SURFACE('',#5025,0.5);
#313=CYLINDRICAL_SURFACE('',#5027,10.75);
#314=CYLINDRICAL_SURFACE('',#5035,0.25);
#315=CYLINDRICAL_SURFACE('',#5036,9.25);
#316=CYLINDRICAL_SURFACE('',#5046,0.25);
#317=CYLINDRICAL_SURFACE('',#5051,1.);
#318=CYLINDRICAL_SURFACE('',#5056,1.);
#319=CYLINDRICAL_SURFACE('',#5059,10.5);
#320=CYLINDRICAL_SURFACE('',#5060,10.5);
#321=CYLINDRICAL_SURFACE('',#5070,1.);
#322=CYLINDRICAL_SURFACE('',#5079,1.);
#323=CYLINDRICAL_SURFACE('',#5089,0.25);
#324=CYLINDRICAL_SURFACE('',#5093,10.5);
#325=CYLINDRICAL_SURFACE('',#5096,0.25);
#326=CYLINDRICAL_SURFACE('',#5103,0.5);
#327=CYLINDRICAL_SURFACE('',#5106,0.5);
#328=CYLINDRICAL_SURFACE('',#5110,0.5);
#329=CYLINDRICAL_SURFACE('',#5113,0.5);
#330=CYLINDRICAL_SURFACE('',#5115,0.5);
#331=CYLINDRICAL_SURFACE('',#5116,0.5);
#332=CYLINDRICAL_SURFACE('',#5119,0.5);
#333=CYLINDRICAL_SURFACE('',#5120,12.);
#334=CYLINDRICAL_SURFACE('',#5130,12.);
#335=CYLINDRICAL_SURFACE('',#5132,1.);
#336=CYLINDRICAL_SURFACE('',#5137,1.);
#337=CYLINDRICAL_SURFACE('',#5138,1.);
#338=CYLINDRICAL_SURFACE('',#5143,1.);
#339=CYLINDRICAL_SURFACE('',#5145,3.);
#340=CYLINDRICAL_SURFACE('',#5146,3.);
#341=CYLINDRICAL_SURFACE('',#5147,1.);
#342=CYLINDRICAL_SURFACE('',#5148,1.);
#343=FACE_OUTER_BOUND('',#613,.T.);
#344=FACE_OUTER_BOUND('',#614,.T.);
#345=FACE_OUTER_BOUND('',#615,.T.);
#346=FACE_OUTER_BOUND('',#616,.T.);
#347=FACE_OUTER_BOUND('',#617,.T.);
#348=FACE_OUTER_BOUND('',#618,.T.);
#349=FACE_OUTER_BOUND('',#619,.T.);
#350=FACE_OUTER_BOUND('',#622,.T.);
#351=FACE_OUTER_BOUND('',#623,.T.);
#352=FACE_OUTER_BOUND('',#624,.T.);
#353=FACE_OUTER_BOUND('',#625,.T.);
#354=FACE_OUTER_BOUND('',#626,.T.);
#355=FACE_OUTER_BOUND('',#627,.T.);
#356=FACE_OUTER_BOUND('',#628,.T.);
#357=FACE_OUTER_BOUND('',#629,.T.);
#358=FACE_OUTER_BOUND('',#630,.T.);
#359=FACE_OUTER_BOUND('',#632,.T.);
#360=FACE_OUTER_BOUND('',#633,.T.);
#361=FACE_OUTER_BOUND('',#634,.T.);
#362=FACE_OUTER_BOUND('',#635,.T.);
#363=FACE_OUTER_BOUND('',#636,.T.);
#364=FACE_OUTER_BOUND('',#637,.T.);
#365=FACE_OUTER_BOUND('',#638,.T.);
#366=FACE_OUTER_BOUND('',#639,.T.);
#367=FACE_OUTER_BOUND('',#640,.T.);
#368=FACE_OUTER_BOUND('',#641,.T.);
#369=FACE_OUTER_BOUND('',#642,.T.);
#370=FACE_OUTER_BOUND('',#643,.T.);
#371=FACE_OUTER_BOUND('',#644,.T.);
#372=FACE_OUTER_BOUND('',#645,.T.);
#373=FACE_OUTER_BOUND('',#646,.T.);
#374=FACE_OUTER_BOUND('',#647,.T.);
#375=FACE_OUTER_BOUND('',#648,.T.);
#376=FACE_OUTER_BOUND('',#649,.T.);
#377=FACE_OUTER_BOUND('',#650,.T.);
#378=FACE_OUTER_BOUND('',#651,.T.);
#379=FACE_OUTER_BOUND('',#652,.T.);
#380=FACE_OUTER_BOUND('',#653,.T.);
#381=FACE_OUTER_BOUND('',#654,.T.);
#382=FACE_OUTER_BOUND('',#655,.T.);
#383=FACE_OUTER_BOUND('',#656,.T.);
#384=FACE_OUTER_BOUND('',#657,.T.);
#385=FACE_OUTER_BOUND('',#658,.T.);
#386=FACE_OUTER_BOUND('',#660,.T.);
#387=FACE_OUTER_BOUND('',#661,.T.);
#388=FACE_OUTER_BOUND('',#662,.T.);
#389=FACE_OUTER_BOUND('',#663,.T.);
#390=FACE_OUTER_BOUND('',#664,.T.);
#391=FACE_OUTER_BOUND('',#665,.T.);
#392=FACE_OUTER_BOUND('',#666,.T.);
#393=FACE_OUTER_BOUND('',#668,.T.);
#394=FACE_OUTER_BOUND('',#669,.T.);
#395=FACE_OUTER_BOUND('',#670,.T.);
#396=FACE_OUTER_BOUND('',#671,.T.);
#397=FACE_OUTER_BOUND('',#672,.T.);
#398=FACE_OUTER_BOUND('',#673,.T.);
#399=FACE_OUTER_BOUND('',#674,.T.);
#400=FACE_OUTER_BOUND('',#675,.T.);
#401=FACE_OUTER_BOUND('',#676,.T.);
#402=FACE_OUTER_BOUND('',#677,.T.);
#403=FACE_OUTER_BOUND('',#678,.T.);
#404=FACE_OUTER_BOUND('',#679,.T.);
#405=FACE_OUTER_BOUND('',#680,.T.);
#406=FACE_OUTER_BOUND('',#681,.T.);
#407=FACE_OUTER_BOUND('',#682,.T.);
#408=FACE_OUTER_BOUND('',#683,.T.);
#409=FACE_OUTER_BOUND('',#684,.T.);
#410=FACE_OUTER_BOUND('',#685,.T.);
#411=FACE_OUTER_BOUND('',#686,.T.);
#412=FACE_OUTER_BOUND('',#687,.T.);
#413=FACE_OUTER_BOUND('',#688,.T.);
#414=FACE_OUTER_BOUND('',#689,.T.);
#415=FACE_OUTER_BOUND('',#690,.T.);
#416=FACE_OUTER_BOUND('',#693,.T.);
#417=FACE_OUTER_BOUND('',#694,.T.);
#418=FACE_OUTER_BOUND('',#695,.T.);
#419=FACE_OUTER_BOUND('',#697,.T.);
#420=FACE_OUTER_BOUND('',#698,.T.);
#421=FACE_OUTER_BOUND('',#699,.T.);
#422=FACE_OUTER_BOUND('',#700,.T.);
#423=FACE_OUTER_BOUND('',#701,.T.);
#424=FACE_OUTER_BOUND('',#702,.T.);
#425=FACE_OUTER_BOUND('',#703,.T.);
#426=FACE_OUTER_BOUND('',#704,.T.);
#427=FACE_OUTER_BOUND('',#705,.T.);
#428=FACE_OUTER_BOUND('',#706,.T.);
#429=FACE_OUTER_BOUND('',#707,.T.);
#430=FACE_OUTER_BOUND('',#708,.T.);
#431=FACE_OUTER_BOUND('',#709,.T.);
#432=FACE_OUTER_BOUND('',#710,.T.);
#433=FACE_OUTER_BOUND('',#711,.T.);
#434=FACE_OUTER_BOUND('',#712,.T.);
#435=FACE_OUTER_BOUND('',#713,.T.);
#436=FACE_OUTER_BOUND('',#714,.T.);
#437=FACE_OUTER_BOUND('',#715,.T.);
#438=FACE_OUTER_BOUND('',#716,.T.);
#439=FACE_OUTER_BOUND('',#717,.T.);
#440=FACE_OUTER_BOUND('',#718,.T.);
#441=FACE_OUTER_BOUND('',#719,.T.);
#442=FACE_OUTER_BOUND('',#720,.T.);
#443=FACE_OUTER_BOUND('',#721,.T.);
#444=FACE_OUTER_BOUND('',#722,.T.);
#445=FACE_OUTER_BOUND('',#723,.T.);
#446=FACE_OUTER_BOUND('',#724,.T.);
#447=FACE_OUTER_BOUND('',#726,.T.);
#448=FACE_OUTER_BOUND('',#727,.T.);
#449=FACE_OUTER_BOUND('',#728,.T.);
#450=FACE_OUTER_BOUND('',#731,.T.);
#451=FACE_OUTER_BOUND('',#732,.T.);
#452=FACE_OUTER_BOUND('',#733,.T.);
#453=FACE_OUTER_BOUND('',#735,.T.);
#454=FACE_OUTER_BOUND('',#736,.T.);
#455=FACE_OUTER_BOUND('',#737,.T.);
#456=FACE_OUTER_BOUND('',#738,.T.);
#457=FACE_OUTER_BOUND('',#739,.T.);
#458=FACE_OUTER_BOUND('',#740,.T.);
#459=FACE_OUTER_BOUND('',#741,.T.);
#460=FACE_OUTER_BOUND('',#742,.T.);
#461=FACE_OUTER_BOUND('',#743,.T.);
#462=FACE_OUTER_BOUND('',#744,.T.);
#463=FACE_OUTER_BOUND('',#745,.T.);
#464=FACE_OUTER_BOUND('',#746,.T.);
#465=FACE_OUTER_BOUND('',#747,.T.);
#466=FACE_OUTER_BOUND('',#748,.T.);
#467=FACE_OUTER_BOUND('',#749,.T.);
#468=FACE_OUTER_BOUND('',#750,.T.);
#469=FACE_OUTER_BOUND('',#751,.T.);
#470=FACE_OUTER_BOUND('',#752,.T.);
#471=FACE_OUTER_BOUND('',#753,.T.);
#472=FACE_OUTER_BOUND('',#754,.T.);
#473=FACE_OUTER_BOUND('',#755,.T.);
#474=FACE_OUTER_BOUND('',#756,.T.);
#475=FACE_OUTER_BOUND('',#757,.T.);
#476=FACE_OUTER_BOUND('',#758,.T.);
#477=FACE_OUTER_BOUND('',#759,.T.);
#478=FACE_OUTER_BOUND('',#760,.T.);
#479=FACE_OUTER_BOUND('',#761,.T.);
#480=FACE_OUTER_BOUND('',#762,.T.);
#481=FACE_OUTER_BOUND('',#763,.T.);
#482=FACE_OUTER_BOUND('',#764,.T.);
#483=FACE_OUTER_BOUND('',#765,.T.);
#484=FACE_OUTER_BOUND('',#766,.T.);
#485=FACE_OUTER_BOUND('',#767,.T.);
#486=FACE_OUTER_BOUND('',#769,.T.);
#487=FACE_OUTER_BOUND('',#770,.T.);
#488=FACE_OUTER_BOUND('',#771,.T.);
#489=FACE_OUTER_BOUND('',#774,.T.);
#490=FACE_OUTER_BOUND('',#775,.T.);
#491=FACE_OUTER_BOUND('',#776,.T.);
#492=FACE_OUTER_BOUND('',#777,.T.);
#493=FACE_OUTER_BOUND('',#778,.T.);
#494=FACE_OUTER_BOUND('',#780,.T.);
#495=FACE_OUTER_BOUND('',#781,.T.);
#496=FACE_OUTER_BOUND('',#782,.T.);
#497=FACE_OUTER_BOUND('',#783,.T.);
#498=FACE_OUTER_BOUND('',#784,.T.);
#499=FACE_OUTER_BOUND('',#785,.T.);
#500=FACE_OUTER_BOUND('',#786,.T.);
#501=FACE_OUTER_BOUND('',#787,.T.);
#502=FACE_OUTER_BOUND('',#788,.T.);
#503=FACE_OUTER_BOUND('',#789,.T.);
#504=FACE_OUTER_BOUND('',#790,.T.);
#505=FACE_OUTER_BOUND('',#791,.T.);
#506=FACE_OUTER_BOUND('',#792,.T.);
#507=FACE_OUTER_BOUND('',#793,.T.);
#508=FACE_OUTER_BOUND('',#794,.T.);
#509=FACE_OUTER_BOUND('',#795,.T.);
#510=FACE_OUTER_BOUND('',#796,.T.);
#511=FACE_OUTER_BOUND('',#797,.T.);
#512=FACE_OUTER_BOUND('',#798,.T.);
#513=FACE_OUTER_BOUND('',#799,.T.);
#514=FACE_OUTER_BOUND('',#800,.T.);
#515=FACE_OUTER_BOUND('',#801,.T.);
#516=FACE_OUTER_BOUND('',#802,.T.);
#517=FACE_OUTER_BOUND('',#803,.T.);
#518=FACE_OUTER_BOUND('',#804,.T.);
#519=FACE_OUTER_BOUND('',#806,.T.);
#520=FACE_OUTER_BOUND('',#807,.T.);
#521=FACE_OUTER_BOUND('',#808,.T.);
#522=FACE_OUTER_BOUND('',#811,.T.);
#523=FACE_OUTER_BOUND('',#812,.T.);
#524=FACE_OUTER_BOUND('',#813,.T.);
#525=FACE_OUTER_BOUND('',#814,.T.);
#526=FACE_OUTER_BOUND('',#815,.T.);
#527=FACE_OUTER_BOUND('',#816,.T.);
#528=FACE_OUTER_BOUND('',#818,.T.);
#529=FACE_OUTER_BOUND('',#819,.T.);
#530=FACE_OUTER_BOUND('',#820,.T.);
#531=FACE_OUTER_BOUND('',#821,.T.);
#532=FACE_OUTER_BOUND('',#822,.T.);
#533=FACE_OUTER_BOUND('',#823,.T.);
#534=FACE_OUTER_BOUND('',#824,.T.);
#535=FACE_OUTER_BOUND('',#825,.T.);
#536=FACE_OUTER_BOUND('',#826,.T.);
#537=FACE_OUTER_BOUND('',#827,.T.);
#538=FACE_OUTER_BOUND('',#828,.T.);
#539=FACE_OUTER_BOUND('',#829,.T.);
#540=FACE_OUTER_BOUND('',#830,.T.);
#541=FACE_OUTER_BOUND('',#831,.T.);
#542=FACE_OUTER_BOUND('',#832,.T.);
#543=FACE_OUTER_BOUND('',#833,.T.);
#544=FACE_OUTER_BOUND('',#834,.T.);
#545=FACE_OUTER_BOUND('',#835,.T.);
#546=FACE_OUTER_BOUND('',#836,.T.);
#547=FACE_OUTER_BOUND('',#837,.T.);
#548=FACE_OUTER_BOUND('',#838,.T.);
#549=FACE_OUTER_BOUND('',#839,.T.);
#550=FACE_OUTER_BOUND('',#840,.T.);
#551=FACE_OUTER_BOUND('',#841,.T.);
#552=FACE_OUTER_BOUND('',#842,.T.);
#553=FACE_OUTER_BOUND('',#843,.T.);
#554=FACE_OUTER_BOUND('',#844,.T.);
#555=FACE_OUTER_BOUND('',#845,.T.);
#556=FACE_OUTER_BOUND('',#846,.T.);
#557=FACE_OUTER_BOUND('',#848,.T.);
#558=FACE_OUTER_BOUND('',#849,.T.);
#559=FACE_OUTER_BOUND('',#850,.T.);
#560=FACE_OUTER_BOUND('',#853,.T.);
#561=FACE_OUTER_BOUND('',#854,.T.);
#562=FACE_OUTER_BOUND('',#855,.T.);
#563=FACE_OUTER_BOUND('',#856,.T.);
#564=FACE_OUTER_BOUND('',#857,.T.);
#565=FACE_OUTER_BOUND('',#858,.T.);
#566=FACE_OUTER_BOUND('',#860,.T.);
#567=FACE_OUTER_BOUND('',#861,.T.);
#568=FACE_OUTER_BOUND('',#862,.T.);
#569=FACE_OUTER_BOUND('',#863,.T.);
#570=FACE_OUTER_BOUND('',#866,.T.);
#571=FACE_OUTER_BOUND('',#867,.T.);
#572=FACE_OUTER_BOUND('',#868,.T.);
#573=FACE_OUTER_BOUND('',#870,.T.);
#574=FACE_OUTER_BOUND('',#872,.T.);
#575=FACE_OUTER_BOUND('',#873,.T.);
#576=FACE_OUTER_BOUND('',#874,.T.);
#577=FACE_OUTER_BOUND('',#875,.T.);
#578=FACE_OUTER_BOUND('',#876,.T.);
#579=FACE_OUTER_BOUND('',#877,.T.);
#580=FACE_OUTER_BOUND('',#878,.T.);
#581=FACE_OUTER_BOUND('',#879,.T.);
#582=FACE_OUTER_BOUND('',#880,.T.);
#583=FACE_OUTER_BOUND('',#881,.T.);
#584=FACE_OUTER_BOUND('',#882,.T.);
#585=FACE_OUTER_BOUND('',#883,.T.);
#586=FACE_OUTER_BOUND('',#884,.T.);
#587=FACE_OUTER_BOUND('',#885,.T.);
#588=FACE_OUTER_BOUND('',#886,.T.);
#589=FACE_OUTER_BOUND('',#887,.T.);
#590=FACE_OUTER_BOUND('',#888,.T.);
#591=FACE_OUTER_BOUND('',#889,.T.);
#592=FACE_OUTER_BOUND('',#890,.T.);
#593=FACE_OUTER_BOUND('',#891,.T.);
#594=FACE_OUTER_BOUND('',#892,.T.);
#595=FACE_OUTER_BOUND('',#893,.T.);
#596=FACE_OUTER_BOUND('',#894,.T.);
#597=FACE_OUTER_BOUND('',#895,.T.);
#598=FACE_OUTER_BOUND('',#896,.T.);
#599=FACE_OUTER_BOUND('',#897,.T.);
#600=FACE_OUTER_BOUND('',#898,.T.);
#601=FACE_OUTER_BOUND('',#899,.T.);
#602=FACE_OUTER_BOUND('',#900,.T.);
#603=FACE_OUTER_BOUND('',#901,.T.);
#604=FACE_OUTER_BOUND('',#902,.T.);
#605=FACE_OUTER_BOUND('',#903,.T.);
#606=FACE_OUTER_BOUND('',#904,.T.);
#607=FACE_OUTER_BOUND('',#905,.T.);
#608=FACE_OUTER_BOUND('',#906,.T.);
#609=FACE_OUTER_BOUND('',#907,.T.);
#610=FACE_OUTER_BOUND('',#908,.T.);
#611=FACE_OUTER_BOUND('',#909,.T.);
#612=FACE_OUTER_BOUND('',#910,.T.);
#613=EDGE_LOOP('',(#2918,#2919));
#614=EDGE_LOOP('',(#2920,#2921,#2922,#2923,#2924,#2925,#2926,#2927,#2928,
#2929,#2930,#2931));
#615=EDGE_LOOP('',(#2932,#2933,#2934,#2935));
#616=EDGE_LOOP('',(#2936,#2937,#2938,#2939));
#617=EDGE_LOOP('',(#2940,#2941,#2942,#2943));
#618=EDGE_LOOP('',(#2944,#2945,#2946,#2947));
#619=EDGE_LOOP('',(#2948,#2949,#2950,#2951,#2952,#2953));
#620=EDGE_LOOP('',(#2954));
#621=EDGE_LOOP('',(#2955));
#622=EDGE_LOOP('',(#2956,#2957,#2958,#2959));
#623=EDGE_LOOP('',(#2960,#2961,#2962,#2963));
#624=EDGE_LOOP('',(#2964,#2965,#2966,#2967,#2968));
#625=EDGE_LOOP('',(#2969,#2970,#2971,#2972));
#626=EDGE_LOOP('',(#2973,#2974,#2975,#2976));
#627=EDGE_LOOP('',(#2977,#2978,#2979,#2980));
#628=EDGE_LOOP('',(#2981,#2982,#2983,#2984));
#629=EDGE_LOOP('',(#2985,#2986,#2987,#2988));
#630=EDGE_LOOP('',(#2989,#2990,#2991,#2992,#2993));
#631=EDGE_LOOP('',(#2994));
#632=EDGE_LOOP('',(#2995,#2996,#2997,#2998));
#633=EDGE_LOOP('',(#2999,#3000,#3001,#3002));
#634=EDGE_LOOP('',(#3003,#3004,#3005,#3006));
#635=EDGE_LOOP('',(#3007,#3008,#3009,#3010));
#636=EDGE_LOOP('',(#3011,#3012,#3013,#3014));
#637=EDGE_LOOP('',(#3015,#3016,#3017,#3018));
#638=EDGE_LOOP('',(#3019,#3020,#3021,#3022));
#639=EDGE_LOOP('',(#3023,#3024,#3025,#3026));
#640=EDGE_LOOP('',(#3027,#3028,#3029,#3030,#3031));
#641=EDGE_LOOP('',(#3032,#3033,#3034,#3035));
#642=EDGE_LOOP('',(#3036,#3037,#3038,#3039,#3040,#3041));
#643=EDGE_LOOP('',(#3042,#3043,#3044,#3045));
#644=EDGE_LOOP('',(#3046,#3047,#3048,#3049));
#645=EDGE_LOOP('',(#3050,#3051,#3052,#3053));
#646=EDGE_LOOP('',(#3054,#3055,#3056,#3057));
#647=EDGE_LOOP('',(#3058,#3059,#3060,#3061,#3062,#3063));
#648=EDGE_LOOP('',(#3064,#3065,#3066,#3067));
#649=EDGE_LOOP('',(#3068,#3069,#3070,#3071));
#650=EDGE_LOOP('',(#3072,#3073,#3074,#3075,#3076,#3077));
#651=EDGE_LOOP('',(#3078,#3079,#3080,#3081));
#652=EDGE_LOOP('',(#3082,#3083,#3084,#3085));
#653=EDGE_LOOP('',(#3086,#3087,#3088,#3089,#3090,#3091));
#654=EDGE_LOOP('',(#3092,#3093,#3094,#3095,#3096,#3097,#3098,#3099,#3100,
#3101,#3102,#3103,#3104,#3105,#3106,#3107,#3108,#3109,#3110,#3111));
#655=EDGE_LOOP('',(#3112,#3113,#3114,#3115));
#656=EDGE_LOOP('',(#3116,#3117,#3118,#3119));
#657=EDGE_LOOP('',(#3120,#3121,#3122,#3123));
#658=EDGE_LOOP('',(#3124,#3125,#3126,#3127,#3128));
#659=EDGE_LOOP('',(#3129));
#660=EDGE_LOOP('',(#3130,#3131,#3132));
#661=EDGE_LOOP('',(#3133,#3134,#3135));
#662=EDGE_LOOP('',(#3136,#3137,#3138,#3139));
#663=EDGE_LOOP('',(#3140,#3141,#3142,#3143));
#664=EDGE_LOOP('',(#3144,#3145,#3146,#3147));
#665=EDGE_LOOP('',(#3148,#3149,#3150,#3151));
#666=EDGE_LOOP('',(#3152,#3153,#3154,#3155,#3156));
#667=EDGE_LOOP('',(#3157));
#668=EDGE_LOOP('',(#3158,#3159,#3160,#3161));
#669=EDGE_LOOP('',(#3162,#3163,#3164,#3165));
#670=EDGE_LOOP('',(#3166,#3167,#3168,#3169,#3170));
#671=EDGE_LOOP('',(#3171,#3172,#3173,#3174));
#672=EDGE_LOOP('',(#3175,#3176,#3177,#3178));
#673=EDGE_LOOP('',(#3179,#3180,#3181,#3182,#3183));
#674=EDGE_LOOP('',(#3184,#3185,#3186,#3187));
#675=EDGE_LOOP('',(#3188,#3189,#3190,#3191));
#676=EDGE_LOOP('',(#3192,#3193,#3194,#3195,#3196,#3197));
#677=EDGE_LOOP('',(#3198,#3199,#3200));
#678=EDGE_LOOP('',(#3201,#3202,#3203,#3204));
#679=EDGE_LOOP('',(#3205,#3206,#3207,#3208));
#680=EDGE_LOOP('',(#3209,#3210,#3211,#3212));
#681=EDGE_LOOP('',(#3213,#3214,#3215));
#682=EDGE_LOOP('',(#3216,#3217,#3218,#3219));
#683=EDGE_LOOP('',(#3220,#3221,#3222,#3223));
#684=EDGE_LOOP('',(#3224,#3225,#3226,#3227,#3228,#3229));
#685=EDGE_LOOP('',(#3230,#3231,#3232,#3233));
#686=EDGE_LOOP('',(#3234,#3235,#3236,#3237,#3238,#3239,#3240,#3241));
#687=EDGE_LOOP('',(#3242,#3243,#3244,#3245,#3246,#3247,#3248,#3249,#3250,
#3251,#3252,#3253,#3254,#3255,#3256,#3257,#3258,#3259,#3260,#3261));
#688=EDGE_LOOP('',(#3262,#3263,#3264,#3265));
#689=EDGE_LOOP('',(#3266,#3267,#3268,#3269));
#690=EDGE_LOOP('',(#3270,#3271,#3272,#3273));
#691=EDGE_LOOP('',(#3274));
#692=EDGE_LOOP('',(#3275));
#693=EDGE_LOOP('',(#3276,#3277,#3278,#3279));
#694=EDGE_LOOP('',(#3280,#3281,#3282,#3283));
#695=EDGE_LOOP('',(#3284,#3285,#3286,#3287,#3288));
#696=EDGE_LOOP('',(#3289));
#697=EDGE_LOOP('',(#3290,#3291,#3292,#3293,#3294,#3295,#3296,#3297,#3298,
#3299,#3300,#3301,#3302,#3303,#3304,#3305));
#698=EDGE_LOOP('',(#3306,#3307,#3308));
#699=EDGE_LOOP('',(#3309,#3310,#3311));
#700=EDGE_LOOP('',(#3312,#3313,#3314,#3315,#3316,#3317));
#701=EDGE_LOOP('',(#3318,#3319,#3320,#3321));
#702=EDGE_LOOP('',(#3322,#3323,#3324,#3325));
#703=EDGE_LOOP('',(#3326,#3327,#3328,#3329));
#704=EDGE_LOOP('',(#3330,#3331,#3332,#3333));
#705=EDGE_LOOP('',(#3334,#3335,#3336,#3337));
#706=EDGE_LOOP('',(#3338,#3339,#3340,#3341,#3342));
#707=EDGE_LOOP('',(#3343,#3344,#3345,#3346));
#708=EDGE_LOOP('',(#3347,#3348,#3349,#3350));
#709=EDGE_LOOP('',(#3351,#3352,#3353,#3354,#3355));
#710=EDGE_LOOP('',(#3356,#3357,#3358,#3359));
#711=EDGE_LOOP('',(#3360,#3361,#3362,#3363));
#712=EDGE_LOOP('',(#3364,#3365,#3366,#3367));
#713=EDGE_LOOP('',(#3368,#3369,#3370,#3371));
#714=EDGE_LOOP('',(#3372,#3373,#3374));
#715=EDGE_LOOP('',(#3375,#3376,#3377,#3378));
#716=EDGE_LOOP('',(#3379,#3380,#3381,#3382));
#717=EDGE_LOOP('',(#3383,#3384,#3385,#3386));
#718=EDGE_LOOP('',(#3387,#3388,#3389));
#719=EDGE_LOOP('',(#3390,#3391,#3392,#3393,#3394,#3395));
#720=EDGE_LOOP('',(#3396,#3397,#3398,#3399));
#721=EDGE_LOOP('',(#3400,#3401,#3402,#3403,#3404,#3405,#3406,#3407));
#722=EDGE_LOOP('',(#3408,#3409,#3410,#3411,#3412,#3413,#3414,#3415,#3416,
#3417,#3418,#3419,#3420,#3421,#3422,#3423,#3424,#3425,#3426,#3427));
#723=EDGE_LOOP('',(#3428,#3429,#3430,#3431));
#724=EDGE_LOOP('',(#3432,#3433,#3434,#3435,#3436));
#725=EDGE_LOOP('',(#3437));
#726=EDGE_LOOP('',(#3438,#3439,#3440,#3441));
#727=EDGE_LOOP('',(#3442,#3443,#3444,#3445));
#728=EDGE_LOOP('',(#3446,#3447,#3448,#3449));
#729=EDGE_LOOP('',(#3450));
#730=EDGE_LOOP('',(#3451));
#731=EDGE_LOOP('',(#3452,#3453,#3454,#3455));
#732=EDGE_LOOP('',(#3456,#3457,#3458,#3459));
#733=EDGE_LOOP('',(#3460,#3461,#3462,#3463,#3464));
#734=EDGE_LOOP('',(#3465));
#735=EDGE_LOOP('',(#3466,#3467,#3468,#3469,#3470,#3471,#3472,#3473,#3474,
#3475,#3476,#3477,#3478,#3479,#3480,#3481));
#736=EDGE_LOOP('',(#3482,#3483,#3484));
#737=EDGE_LOOP('',(#3485,#3486,#3487));
#738=EDGE_LOOP('',(#3488,#3489,#3490,#3491));
#739=EDGE_LOOP('',(#3492,#3493,#3494,#3495,#3496,#3497));
#740=EDGE_LOOP('',(#3498,#3499,#3500,#3501));
#741=EDGE_LOOP('',(#3502,#3503,#3504,#3505));
#742=EDGE_LOOP('',(#3506,#3507,#3508,#3509));
#743=EDGE_LOOP('',(#3510,#3511,#3512,#3513));
#744=EDGE_LOOP('',(#3514,#3515,#3516,#3517,#3518,#3519,#3520,#3521,#3522,
#3523,#3524,#3525,#3526,#3527,#3528,#3529));
#745=EDGE_LOOP('',(#3530,#3531,#3532,#3533,#3534));
#746=EDGE_LOOP('',(#3535,#3536,#3537,#3538));
#747=EDGE_LOOP('',(#3539,#3540,#3541,#3542));
#748=EDGE_LOOP('',(#3543,#3544,#3545,#3546));
#749=EDGE_LOOP('',(#3547,#3548,#3549));
#750=EDGE_LOOP('',(#3550,#3551,#3552,#3553));
#751=EDGE_LOOP('',(#3554,#3555,#3556,#3557));
#752=EDGE_LOOP('',(#3558,#3559,#3560,#3561));
#753=EDGE_LOOP('',(#3562,#3563,#3564));
#754=EDGE_LOOP('',(#3565,#3566,#3567,#3568));
#755=EDGE_LOOP('',(#3569,#3570,#3571,#3572));
#756=EDGE_LOOP('',(#3573,#3574,#3575,#3576));
#757=EDGE_LOOP('',(#3577,#3578,#3579,#3580,#3581));
#758=EDGE_LOOP('',(#3582,#3583,#3584,#3585,#3586,#3587));
#759=EDGE_LOOP('',(#3588,#3589,#3590,#3591));
#760=EDGE_LOOP('',(#3592,#3593,#3594,#3595));
#761=EDGE_LOOP('',(#3596,#3597,#3598,#3599));
#762=EDGE_LOOP('',(#3600,#3601,#3602,#3603,#3604,#3605,#3606,#3607));
#763=EDGE_LOOP('',(#3608,#3609,#3610,#3611,#3612,#3613,#3614,#3615,#3616,
#3617,#3618,#3619,#3620,#3621,#3622,#3623,#3624,#3625,#3626,#3627));
#764=EDGE_LOOP('',(#3628,#3629,#3630,#3631));
#765=EDGE_LOOP('',(#3632,#3633,#3634,#3635));
#766=EDGE_LOOP('',(#3636,#3637,#3638,#3639));
#767=EDGE_LOOP('',(#3640,#3641,#3642,#3643,#3644));
#768=EDGE_LOOP('',(#3645));
#769=EDGE_LOOP('',(#3646,#3647,#3648,#3649));
#770=EDGE_LOOP('',(#3650,#3651,#3652,#3653));
#771=EDGE_LOOP('',(#3654,#3655,#3656,#3657));
#772=EDGE_LOOP('',(#3658));
#773=EDGE_LOOP('',(#3659));
#774=EDGE_LOOP('',(#3660,#3661,#3662,#3663));
#775=EDGE_LOOP('',(#3664,#3665,#3666,#3667));
#776=EDGE_LOOP('',(#3668,#3669,#3670));
#777=EDGE_LOOP('',(#3671,#3672,#3673));
#778=EDGE_LOOP('',(#3674,#3675,#3676,#3677,#3678));
#779=EDGE_LOOP('',(#3679));
#780=EDGE_LOOP('',(#3680,#3681,#3682,#3683));
#781=EDGE_LOOP('',(#3684,#3685,#3686,#3687));
#782=EDGE_LOOP('',(#3688,#3689,#3690,#3691));
#783=EDGE_LOOP('',(#3692,#3693,#3694,#3695));
#784=EDGE_LOOP('',(#3696,#3697,#3698,#3699));
#785=EDGE_LOOP('',(#3700,#3701,#3702,#3703,#3704));
#786=EDGE_LOOP('',(#3705,#3706,#3707,#3708));
#787=EDGE_LOOP('',(#3709,#3710,#3711,#3712));
#788=EDGE_LOOP('',(#3713,#3714,#3715,#3716,#3717));
#789=EDGE_LOOP('',(#3718,#3719,#3720,#3721));
#790=EDGE_LOOP('',(#3722,#3723,#3724,#3725));
#791=EDGE_LOOP('',(#3726,#3727,#3728,#3729,#3730,#3731));
#792=EDGE_LOOP('',(#3732,#3733,#3734));
#793=EDGE_LOOP('',(#3735,#3736,#3737,#3738));
#794=EDGE_LOOP('',(#3739,#3740,#3741,#3742));
#795=EDGE_LOOP('',(#3743,#3744,#3745,#3746));
#796=EDGE_LOOP('',(#3747,#3748,#3749));
#797=EDGE_LOOP('',(#3750,#3751,#3752,#3753));
#798=EDGE_LOOP('',(#3754,#3755,#3756,#3757));
#799=EDGE_LOOP('',(#3758,#3759,#3760,#3761,#3762,#3763));
#800=EDGE_LOOP('',(#3764,#3765,#3766,#3767));
#801=EDGE_LOOP('',(#3768,#3769,#3770,#3771,#3772,#3773,#3774,#3775));
#802=EDGE_LOOP('',(#3776,#3777,#3778,#3779,#3780,#3781,#3782,#3783,#3784,
#3785,#3786,#3787,#3788,#3789,#3790,#3791,#3792,#3793,#3794,#3795));
#803=EDGE_LOOP('',(#3796,#3797,#3798,#3799));
#804=EDGE_LOOP('',(#3800,#3801,#3802,#3803,#3804));
#805=EDGE_LOOP('',(#3805));
#806=EDGE_LOOP('',(#3806,#3807,#3808,#3809));
#807=EDGE_LOOP('',(#3810,#3811,#3812,#3813));
#808=EDGE_LOOP('',(#3814,#3815,#3816,#3817));
#809=EDGE_LOOP('',(#3818));
#810=EDGE_LOOP('',(#3819));
#811=EDGE_LOOP('',(#3820,#3821,#3822,#3823));
#812=EDGE_LOOP('',(#3824,#3825,#3826,#3827));
#813=EDGE_LOOP('',(#3828,#3829,#3830,#3831,#3832,#3833,#3834,#3835,#3836,
#3837,#3838,#3839,#3840,#3841,#3842,#3843));
#814=EDGE_LOOP('',(#3844,#3845,#3846));
#815=EDGE_LOOP('',(#3847,#3848,#3849));
#816=EDGE_LOOP('',(#3850,#3851,#3852,#3853,#3854));
#817=EDGE_LOOP('',(#3855));
#818=EDGE_LOOP('',(#3856,#3857,#3858,#3859));
#819=EDGE_LOOP('',(#3860,#3861,#3862,#3863,#3864,#3865));
#820=EDGE_LOOP('',(#3866,#3867,#3868,#3869));
#821=EDGE_LOOP('',(#3870,#3871,#3872,#3873));
#822=EDGE_LOOP('',(#3874,#3875,#3876,#3877));
#823=EDGE_LOOP('',(#3878,#3879,#3880,#3881));
#824=EDGE_LOOP('',(#3882,#3883,#3884,#3885,#3886));
#825=EDGE_LOOP('',(#3887,#3888,#3889,#3890));
#826=EDGE_LOOP('',(#3891,#3892,#3893,#3894));
#827=EDGE_LOOP('',(#3895,#3896,#3897,#3898));
#828=EDGE_LOOP('',(#3899,#3900,#3901));
#829=EDGE_LOOP('',(#3902,#3903,#3904,#3905));
#830=EDGE_LOOP('',(#3906,#3907,#3908,#3909));
#831=EDGE_LOOP('',(#3910,#3911,#3912,#3913));
#832=EDGE_LOOP('',(#3914,#3915,#3916));
#833=EDGE_LOOP('',(#3917,#3918,#3919,#3920));
#834=EDGE_LOOP('',(#3921,#3922,#3923,#3924));
#835=EDGE_LOOP('',(#3925,#3926,#3927,#3928));
#836=EDGE_LOOP('',(#3929,#3930,#3931,#3932,#3933));
#837=EDGE_LOOP('',(#3934,#3935,#3936,#3937,#3938,#3939));
#838=EDGE_LOOP('',(#3940,#3941,#3942,#3943));
#839=EDGE_LOOP('',(#3944,#3945,#3946,#3947));
#840=EDGE_LOOP('',(#3948,#3949,#3950,#3951));
#841=EDGE_LOOP('',(#3952,#3953,#3954,#3955,#3956,#3957,#3958,#3959));
#842=EDGE_LOOP('',(#3960,#3961,#3962,#3963,#3964,#3965,#3966,#3967,#3968,
#3969,#3970,#3971,#3972,#3973,#3974,#3975,#3976,#3977,#3978,#3979));
#843=EDGE_LOOP('',(#3980,#3981,#3982,#3983));
#844=EDGE_LOOP('',(#3984,#3985,#3986,#3987));
#845=EDGE_LOOP('',(#3988,#3989,#3990,#3991));
#846=EDGE_LOOP('',(#3992,#3993,#3994,#3995,#3996));
#847=EDGE_LOOP('',(#3997));
#848=EDGE_LOOP('',(#3998,#3999,#4000,#4001));
#849=EDGE_LOOP('',(#4002,#4003,#4004,#4005));
#850=EDGE_LOOP('',(#4006,#4007,#4008,#4009));
#851=EDGE_LOOP('',(#4010));
#852=EDGE_LOOP('',(#4011));
#853=EDGE_LOOP('',(#4012,#4013,#4014,#4015));
#854=EDGE_LOOP('',(#4016,#4017,#4018,#4019));
#855=EDGE_LOOP('',(#4020,#4021,#4022,#4023,#4024,#4025,#4026,#4027,#4028,
#4029,#4030,#4031,#4032,#4033,#4034,#4035));
#856=EDGE_LOOP('',(#4036,#4037,#4038));
#857=EDGE_LOOP('',(#4039,#4040,#4041));
#858=EDGE_LOOP('',(#4042,#4043,#4044,#4045,#4046));
#859=EDGE_LOOP('',(#4047));
#860=EDGE_LOOP('',(#4048,#4049,#4050,#4051,#4052,#4053,#4054,#4055,#4056,
#4057,#4058,#4059,#4060,#4061,#4062,#4063));
#861=EDGE_LOOP('',(#4064,#4065,#4066,#4067));
#862=EDGE_LOOP('',(#4068,#4069,#4070,#4071));
#863=EDGE_LOOP('',(#4072,#4073,#4074,#4075,#4076,#4077));
#864=EDGE_LOOP('',(#4078));
#865=EDGE_LOOP('',(#4079));
#866=EDGE_LOOP('',(#4080,#4081,#4082,#4083));
#867=EDGE_LOOP('',(#4084,#4085,#4086,#4087));
#868=EDGE_LOOP('',(#4088,#4089,#4090,#4091,#4092,#4093));
#869=EDGE_LOOP('',(#4094));
#870=EDGE_LOOP('',(#4095,#4096,#4097,#4098,#4099,#4100));
#871=EDGE_LOOP('',(#4101));
#872=EDGE_LOOP('',(#4102,#4103,#4104,#4105));
#873=EDGE_LOOP('',(#4106,#4107,#4108,#4109));
#874=EDGE_LOOP('',(#4110,#4111,#4112));
#875=EDGE_LOOP('',(#4113,#4114,#4115,#4116,#4117,#4118));
#876=EDGE_LOOP('',(#4119,#4120,#4121,#4122,#4123,#4124));
#877=EDGE_LOOP('',(#4125,#4126,#4127,#4128));
#878=EDGE_LOOP('',(#4129,#4130,#4131,#4132));
#879=EDGE_LOOP('',(#4133,#4134,#4135));
#880=EDGE_LOOP('',(#4136,#4137,#4138,#4139));
#881=EDGE_LOOP('',(#4140,#4141,#4142,#4143,#4144));
#882=EDGE_LOOP('',(#4145,#4146,#4147,#4148,#4149,#4150));
#883=EDGE_LOOP('',(#4151,#4152,#4153,#4154));
#884=EDGE_LOOP('',(#4155,#4156,#4157,#4158));
#885=EDGE_LOOP('',(#4159,#4160,#4161,#4162,#4163));
#886=EDGE_LOOP('',(#4164,#4165,#4166,#4167));
#887=EDGE_LOOP('',(#4168,#4169,#4170,#4171));
#888=EDGE_LOOP('',(#4172,#4173,#4174,#4175));
#889=EDGE_LOOP('',(#4176,#4177,#4178,#4179));
#890=EDGE_LOOP('',(#4180,#4181,#4182,#4183));
#891=EDGE_LOOP('',(#4184,#4185,#4186,#4187));
#892=EDGE_LOOP('',(#4188,#4189,#4190,#4191));
#893=EDGE_LOOP('',(#4192,#4193,#4194,#4195));
#894=EDGE_LOOP('',(#4196,#4197,#4198,#4199,#4200,#4201,#4202,#4203,#4204,
#4205,#4206,#4207));
#895=EDGE_LOOP('',(#4208,#4209,#4210,#4211));
#896=EDGE_LOOP('',(#4212,#4213,#4214,#4215));
#897=EDGE_LOOP('',(#4216,#4217,#4218,#4219));
#898=EDGE_LOOP('',(#4220,#4221,#4222,#4223));
#899=EDGE_LOOP('',(#4224,#4225,#4226,#4227));
#900=EDGE_LOOP('',(#4228,#4229,#4230,#4231));
#901=EDGE_LOOP('',(#4232,#4233,#4234,#4235));
#902=EDGE_LOOP('',(#4236,#4237,#4238,#4239));
#903=EDGE_LOOP('',(#4240,#4241,#4242,#4243));
#904=EDGE_LOOP('',(#4244,#4245,#4246,#4247));
#905=EDGE_LOOP('',(#4248,#4249,#4250,#4251));
#906=EDGE_LOOP('',(#4252,#4253,#4254,#4255));
#907=EDGE_LOOP('',(#4256,#4257,#4258,#4259));
#908=EDGE_LOOP('',(#4260,#4261,#4262,#4263));
#909=EDGE_LOOP('',(#4264,#4265,#4266,#4267));
#910=EDGE_LOOP('',(#4268,#4269));
#911=LINE('',#6511,#1246);
#912=LINE('',#6515,#1247);
#913=LINE('',#6519,#1248);
#914=LINE('',#6521,#1249);
#915=LINE('',#6523,#1250);
#916=LINE('',#6525,#1251);
#917=LINE('',#6527,#1252);
#918=LINE('',#6529,#1253);
#919=LINE('',#6531,#1254);
#920=LINE('',#6535,#1255);
#921=LINE('',#6536,#1256);
#922=LINE('',#6541,#1257);
#923=LINE('',#6547,#1258);
#924=LINE('',#6552,#1259);
#925=LINE('',#6554,#1260);
#926=LINE('',#6556,#1261);
#927=LINE('',#6557,#1262);
#928=LINE('',#6563,#1263);
#929=LINE('',#6565,#1264);
#930=LINE('',#6569,#1265);
#931=LINE('',#6571,#1266);
#932=LINE('',#6572,#1267);
#933=LINE('',#6578,#1268);
#934=LINE('',#6582,#1269);
#935=LINE('',#6585,#1270);
#936=LINE('',#6588,#1271);
#937=LINE('',#6590,#1272);
#938=LINE('',#6591,#1273);
#939=LINE('',#6608,#1274);
#940=LINE('',#6612,#1275);
#941=LINE('',#6614,#1276);
#942=LINE('',#6616,#1277);
#943=LINE('',#6619,#1278);
#944=LINE('',#6622,#1279);
#945=LINE('',#6624,#1280);
#946=LINE('',#6625,#1281);
#947=LINE('',#6629,#1282);
#948=LINE('',#6650,#1283);
#949=LINE('',#6651,#1284);
#950=LINE('',#6652,#1285);
#951=LINE('',#6656,#1286);
#952=LINE('',#6663,#1287);
#953=LINE('',#6664,#1288);
#954=LINE('',#6668,#1289);
#955=LINE('',#6669,#1290);
#956=LINE('',#6670,#1291);
#957=LINE('',#6674,#1292);
#958=LINE('',#6709,#1293);
#959=LINE('',#6747,#1294);
#960=LINE('',#6750,#1295);
#961=LINE('',#6756,#1296);
#962=LINE('',#6757,#1297);
#963=LINE('',#6797,#1298);
#964=LINE('',#6815,#1299);
#965=LINE('',#6819,#1300);
#966=LINE('',#6847,#1301);
#967=LINE('',#6856,#1302);
#968=LINE('',#6859,#1303);
#969=LINE('',#6862,#1304);
#970=LINE('',#6864,#1305);
#971=LINE('',#6865,#1306);
#972=LINE('',#6870,#1307);
#973=LINE('',#6876,#1308);
#974=LINE('',#6881,#1309);
#975=LINE('',#6883,#1310);
#976=LINE('',#6885,#1311);
#977=LINE('',#6888,#1312);
#978=LINE('',#6893,#1313);
#979=LINE('',#6900,#1314);
#980=LINE('',#6914,#1315);
#981=LINE('',#6921,#1316);
#982=LINE('',#6924,#1317);
#983=LINE('',#6926,#1318);
#984=LINE('',#6927,#1319);
#985=LINE('',#6933,#1320);
#986=LINE('',#6957,#1321);
#987=LINE('',#6961,#1322);
#988=LINE('',#6962,#1323);
#989=LINE('',#6964,#1324);
#990=LINE('',#6966,#1325);
#991=LINE('',#6967,#1326);
#992=LINE('',#7033,#1327);
#993=LINE('',#7103,#1328);
#994=LINE('',#7104,#1329);
#995=LINE('',#7108,#1330);
#996=LINE('',#7110,#1331);
#997=LINE('',#7111,#1332);
#998=LINE('',#7112,#1333);
#999=LINE('',#7136,#1334);
#1000=LINE('',#7153,#1335);
#1001=LINE('',#7156,#1336);
#1002=LINE('',#7160,#1337);
#1003=LINE('',#7162,#1338);
#1004=LINE('',#7163,#1339);
#1005=LINE('',#7178,#1340);
#1006=LINE('',#7179,#1341);
#1007=LINE('',#7182,#1342);
#1008=LINE('',#7183,#1343);
#1009=LINE('',#7186,#1344);
#1010=LINE('',#7187,#1345);
#1011=LINE('',#7190,#1346);
#1012=LINE('',#7193,#1347);
#1013=LINE('',#7200,#1348);
#1014=LINE('',#7202,#1349);
#1015=LINE('',#7204,#1350);
#1016=LINE('',#7206,#1351);
#1017=LINE('',#7208,#1352);
#1018=LINE('',#7209,#1353);
#1019=LINE('',#7215,#1354);
#1020=LINE('',#7218,#1355);
#1021=LINE('',#7221,#1356);
#1022=LINE('',#7223,#1357);
#1023=LINE('',#7224,#1358);
#1024=LINE('',#7229,#1359);
#1025=LINE('',#7235,#1360);
#1026=LINE('',#7242,#1361);
#1027=LINE('',#7256,#1362);
#1028=LINE('',#7263,#1363);
#1029=LINE('',#7266,#1364);
#1030=LINE('',#7269,#1365);
#1031=LINE('',#7271,#1366);
#1032=LINE('',#7272,#1367);
#1033=LINE('',#7292,#1368);
#1034=LINE('',#7320,#1369);
#1035=LINE('',#7407,#1370);
#1036=LINE('',#7409,#1371);
#1037=LINE('',#7456,#1372);
#1038=LINE('',#7458,#1373);
#1039=LINE('',#7459,#1374);
#1040=LINE('',#7460,#1375);
#1041=LINE('',#7484,#1376);
#1042=LINE('',#7501,#1377);
#1043=LINE('',#7504,#1378);
#1044=LINE('',#7508,#1379);
#1045=LINE('',#7510,#1380);
#1046=LINE('',#7512,#1381);
#1047=LINE('',#7515,#1382);
#1048=LINE('',#7530,#1383);
#1049=LINE('',#7531,#1384);
#1050=LINE('',#7534,#1385);
#1051=LINE('',#7538,#1386);
#1052=LINE('',#7539,#1387);
#1053=LINE('',#7542,#1388);
#1054=LINE('',#7543,#1389);
#1055=LINE('',#7546,#1390);
#1056=LINE('',#7547,#1391);
#1057=LINE('',#7550,#1392);
#1058=LINE('',#7553,#1393);
#1059=LINE('',#7560,#1394);
#1060=LINE('',#7562,#1395);
#1061=LINE('',#7564,#1396);
#1062=LINE('',#7565,#1397);
#1063=LINE('',#7569,#1398);
#1064=LINE('',#7574,#1399);
#1065=LINE('',#7579,#1400);
#1066=LINE('',#7581,#1401);
#1067=LINE('',#7583,#1402);
#1068=LINE('',#7584,#1403);
#1069=LINE('',#7589,#1404);
#1070=LINE('',#7595,#1405);
#1071=LINE('',#7602,#1406);
#1072=LINE('',#7610,#1407);
#1073=LINE('',#7612,#1408);
#1074=LINE('',#7616,#1409);
#1075=LINE('',#7618,#1410);
#1076=LINE('',#7620,#1411);
#1077=LINE('',#7623,#1412);
#1078=LINE('',#7629,#1413);
#1079=LINE('',#7632,#1414);
#1080=LINE('',#7649,#1415);
#1081=LINE('',#7666,#1416);
#1082=LINE('',#7668,#1417);
#1083=LINE('',#7669,#1418);
#1084=LINE('',#7819,#1419);
#1085=LINE('',#7823,#1420);
#1086=LINE('',#7824,#1421);
#1087=LINE('',#7825,#1422);
#1088=LINE('',#7829,#1423);
#1089=LINE('',#7833,#1424);
#1090=LINE('',#7885,#1425);
#1091=LINE('',#7905,#1426);
#1092=LINE('',#7908,#1427);
#1093=LINE('',#7912,#1428);
#1094=LINE('',#7914,#1429);
#1095=LINE('',#7916,#1430);
#1096=LINE('',#7919,#1431);
#1097=LINE('',#7955,#1432);
#1098=LINE('',#7957,#1433);
#1099=LINE('',#7959,#1434);
#1100=LINE('',#7961,#1435);
#1101=LINE('',#7963,#1436);
#1102=LINE('',#7965,#1437);
#1103=LINE('',#7974,#1438);
#1104=LINE('',#7977,#1439);
#1105=LINE('',#7980,#1440);
#1106=LINE('',#7982,#1441);
#1107=LINE('',#7983,#1442);
#1108=LINE('',#7988,#1443);
#1109=LINE('',#7994,#1444);
#1110=LINE('',#8001,#1445);
#1111=LINE('',#8015,#1446);
#1112=LINE('',#8022,#1447);
#1113=LINE('',#8025,#1448);
#1114=LINE('',#8028,#1449);
#1115=LINE('',#8030,#1450);
#1116=LINE('',#8031,#1451);
#1117=LINE('',#8037,#1452);
#1118=LINE('',#8067,#1453);
#1119=LINE('',#8071,#1454);
#1120=LINE('',#8072,#1455);
#1121=LINE('',#8074,#1456);
#1122=LINE('',#8076,#1457);
#1123=LINE('',#8077,#1458);
#1124=LINE('',#8153,#1459);
#1125=LINE('',#8223,#1460);
#1126=LINE('',#8224,#1461);
#1127=LINE('',#8228,#1462);
#1128=LINE('',#8230,#1463);
#1129=LINE('',#8231,#1464);
#1130=LINE('',#8232,#1465);
#1131=LINE('',#8256,#1466);
#1132=LINE('',#8273,#1467);
#1133=LINE('',#8276,#1468);
#1134=LINE('',#8280,#1469);
#1135=LINE('',#8282,#1470);
#1136=LINE('',#8284,#1471);
#1137=LINE('',#8287,#1472);
#1138=LINE('',#8302,#1473);
#1139=LINE('',#8303,#1474);
#1140=LINE('',#8306,#1475);
#1141=LINE('',#8310,#1476);
#1142=LINE('',#8311,#1477);
#1143=LINE('',#8314,#1478);
#1144=LINE('',#8315,#1479);
#1145=LINE('',#8318,#1480);
#1146=LINE('',#8319,#1481);
#1147=LINE('',#8322,#1482);
#1148=LINE('',#8325,#1483);
#1149=LINE('',#8332,#1484);
#1150=LINE('',#8334,#1485);
#1151=LINE('',#8336,#1486);
#1152=LINE('',#8337,#1487);
#1153=LINE('',#8341,#1488);
#1154=LINE('',#8346,#1489);
#1155=LINE('',#8351,#1490);
#1156=LINE('',#8353,#1491);
#1157=LINE('',#8355,#1492);
#1158=LINE('',#8356,#1493);
#1159=LINE('',#8361,#1494);
#1160=LINE('',#8367,#1495);
#1161=LINE('',#8374,#1496);
#1162=LINE('',#8389,#1497);
#1163=LINE('',#8406,#1498);
#1164=LINE('',#8409,#1499);
#1165=LINE('',#8411,#1500);
#1166=LINE('',#8412,#1501);
#1167=LINE('',#8478,#1502);
#1168=LINE('',#8561,#1503);
#1169=LINE('',#8562,#1504);
#1170=LINE('',#8566,#1505);
#1171=LINE('',#8567,#1506);
#1172=LINE('',#8568,#1507);
#1173=LINE('',#8572,#1508);
#1174=LINE('',#8576,#1509);
#1175=LINE('',#8630,#1510);
#1176=LINE('',#8651,#1511);
#1177=LINE('',#8654,#1512);
#1178=LINE('',#8658,#1513);
#1179=LINE('',#8660,#1514);
#1180=LINE('',#8662,#1515);
#1181=LINE('',#8665,#1516);
#1182=LINE('',#8702,#1517);
#1183=LINE('',#8703,#1518);
#1184=LINE('',#8706,#1519);
#1185=LINE('',#8710,#1520);
#1186=LINE('',#8711,#1521);
#1187=LINE('',#8714,#1522);
#1188=LINE('',#8715,#1523);
#1189=LINE('',#8718,#1524);
#1190=LINE('',#8719,#1525);
#1191=LINE('',#8722,#1526);
#1192=LINE('',#8725,#1527);
#1193=LINE('',#8734,#1528);
#1194=LINE('',#8740,#1529);
#1195=LINE('',#8742,#1530);
#1196=LINE('',#8746,#1531);
#1197=LINE('',#8748,#1532);
#1198=LINE('',#8750,#1533);
#1199=LINE('',#8754,#1534);
#1200=LINE('',#8756,#1535);
#1201=LINE('',#8761,#1536);
#1202=LINE('',#8764,#1537);
#1203=LINE('',#8767,#1538);
#1204=LINE('',#8770,#1539);
#1205=LINE('',#8771,#1540);
#1206=LINE('',#8774,#1541);
#1207=LINE('',#8778,#1542);
#1208=LINE('',#8786,#1543);
#1209=LINE('',#8787,#1544);
#1210=LINE('',#8790,#1545);
#1211=LINE('',#8796,#1546);
#1212=LINE('',#8798,#1547);
#1213=LINE('',#8806,#1548);
#1214=LINE('',#8808,#1549);
#1215=LINE('',#8826,#1550);
#1216=LINE('',#8890,#1551);
#1217=LINE('',#8894,#1552);
#1218=LINE('',#8907,#1553);
#1219=LINE('',#8915,#1554);
#1220=LINE('',#8916,#1555);
#1221=LINE('',#8919,#1556);
#1222=LINE('',#8996,#1557);
#1223=LINE('',#8999,#1558);
#1224=LINE('',#9002,#1559);
#1225=LINE('',#9004,#1560);
#1226=LINE('',#9011,#1561);
#1227=LINE('',#9018,#1562);
#1228=LINE('',#9054,#1563);
#1229=LINE('',#9057,#1564);
#1230=LINE('',#9059,#1565);
#1231=LINE('',#9061,#1566);
#1232=LINE('',#9096,#1567);
#1233=LINE('',#9100,#1568);
#1234=LINE('',#9109,#1569);
#1235=LINE('',#9111,#1570);
#1236=LINE('',#9112,#1571);
#1237=LINE('',#9114,#1572);
#1238=LINE('',#9116,#1573);
#1239=LINE('',#9117,#1574);
#1240=LINE('',#9123,#1575);
#1241=LINE('',#9125,#1576);
#1242=LINE('',#9133,#1577);
#1243=LINE('',#9143,#1578);
#1244=LINE('',#9145,#1579);
#1245=LINE('',#9147,#1580);
#1246=VECTOR('',#5157,10.);
#1247=VECTOR('',#5160,10.);
#1248=VECTOR('',#5163,10.);
#1249=VECTOR('',#5164,10.);
#1250=VECTOR('',#5165,10.);
#1251=VECTOR('',#5166,10.);
#1252=VECTOR('',#5167,10.);
#1253=VECTOR('',#5168,10.);
#1254=VECTOR('',#5169,10.);
#1255=VECTOR('',#5172,10.);
#1256=VECTOR('',#5173,10.);
#1257=VECTOR('',#5178,1.);
#1258=VECTOR('',#5185,1.);
#1259=VECTOR('',#5190,10.);
#1260=VECTOR('',#5191,10.);
#1261=VECTOR('',#5192,10.);
#1262=VECTOR('',#5193,10.);
#1263=VECTOR('',#5202,10.);
#1264=VECTOR('',#5203,10.);
#1265=VECTOR('',#5208,10.);
#1266=VECTOR('',#5209,10.);
#1267=VECTOR('',#5210,10.);
#1268=VECTOR('',#5217,10.);
#1269=VECTOR('',#5220,10.);
#1270=VECTOR('',#5223,10.);
#1271=VECTOR('',#5226,10.);
#1272=VECTOR('',#5227,10.);
#1273=VECTOR('',#5228,10.);
#1274=VECTOR('',#5247,10.);
#1275=VECTOR('',#5250,10.);
#1276=VECTOR('',#5251,10.);
#1277=VECTOR('',#5252,10.);
#1278=VECTOR('',#5255,10.);
#1279=VECTOR('',#5258,10.);
#1280=VECTOR('',#5259,10.);
#1281=VECTOR('',#5260,10.);
#1282=VECTOR('',#5263,10.);
#1283=VECTOR('',#5290,10.);
#1284=VECTOR('',#5291,10.);
#1285=VECTOR('',#5292,10.);
#1286=VECTOR('',#5295,10.);
#1287=VECTOR('',#5296,10.);
#1288=VECTOR('',#5297,10.);
#1289=VECTOR('',#5300,10.);
#1290=VECTOR('',#5301,10.);
#1291=VECTOR('',#5302,10.);
#1292=VECTOR('',#5305,10.);
#1293=VECTOR('',#5322,10.);
#1294=VECTOR('',#5331,10.);
#1295=VECTOR('',#5334,10.);
#1296=VECTOR('',#5343,10.);
#1297=VECTOR('',#5344,10.);
#1298=VECTOR('',#5351,10.);
#1299=VECTOR('',#5360,10.);
#1300=VECTOR('',#5365,10.);
#1301=VECTOR('',#5374,10.);
#1302=VECTOR('',#5385,10.);
#1303=VECTOR('',#5388,10.);
#1304=VECTOR('',#5391,10.);
#1305=VECTOR('',#5392,10.);
#1306=VECTOR('',#5393,10.);
#1307=VECTOR('',#5398,1.);
#1308=VECTOR('',#5405,1.);
#1309=VECTOR('',#5410,10.);
#1310=VECTOR('',#5411,10.);
#1311=VECTOR('',#5412,10.);
#1312=VECTOR('',#5415,10.);
#1313=VECTOR('',#5420,10.);
#1314=VECTOR('',#5429,10.);
#1315=VECTOR('',#5434,10.);
#1316=VECTOR('',#5441,10.);
#1317=VECTOR('',#5444,10.);
#1318=VECTOR('',#5447,10.);
#1319=VECTOR('',#5448,10.);
#1320=VECTOR('',#5453,10.);
#1321=VECTOR('',#5464,10.);
#1322=VECTOR('',#5467,10.);
#1323=VECTOR('',#5468,10.);
#1324=VECTOR('',#5469,10.);
#1325=VECTOR('',#5470,10.);
#1326=VECTOR('',#5471,10.);
#1327=VECTOR('',#5480,10.);
#1328=VECTOR('',#5493,10.);
#1329=VECTOR('',#5494,10.);
#1330=VECTOR('',#5497,10.);
#1331=VECTOR('',#5498,10.);
#1332=VECTOR('',#5499,10.);
#1333=VECTOR('',#5500,10.);
#1334=VECTOR('',#5503,10.);
#1335=VECTOR('',#5512,10.);
#1336=VECTOR('',#5515,10.);
#1337=VECTOR('',#5518,10.);
#1338=VECTOR('',#5519,10.);
#1339=VECTOR('',#5520,10.);
#1340=VECTOR('',#5527,10.);
#1341=VECTOR('',#5528,10.);
#1342=VECTOR('',#5531,10.);
#1343=VECTOR('',#5532,10.);
#1344=VECTOR('',#5535,10.);
#1345=VECTOR('',#5536,10.);
#1346=VECTOR('',#5539,10.);
#1347=VECTOR('',#5544,10.);
#1348=VECTOR('',#5553,10.);
#1349=VECTOR('',#5554,10.);
#1350=VECTOR('',#5555,10.);
#1351=VECTOR('',#5556,10.);
#1352=VECTOR('',#5557,10.);
#1353=VECTOR('',#5558,10.);
#1354=VECTOR('',#5563,10.);
#1355=VECTOR('',#5566,10.);
#1356=VECTOR('',#5569,10.);
#1357=VECTOR('',#5570,10.);
#1358=VECTOR('',#5571,10.);
#1359=VECTOR('',#5576,1.);
#1360=VECTOR('',#5583,1.);
#1361=VECTOR('',#5592,10.);
#1362=VECTOR('',#5597,10.);
#1363=VECTOR('',#5604,10.);
#1364=VECTOR('',#5607,10.);
#1365=VECTOR('',#5610,10.);
#1366=VECTOR('',#5611,10.);
#1367=VECTOR('',#5612,10.);
#1368=VECTOR('',#5625,10.);
#1369=VECTOR('',#5634,10.);
#1370=VECTOR('',#5645,10.);
#1371=VECTOR('',#5648,10.);
#1372=VECTOR('',#5655,10.);
#1373=VECTOR('',#5656,10.);
#1374=VECTOR('',#5657,10.);
#1375=VECTOR('',#5658,10.);
#1376=VECTOR('',#5661,10.);
#1377=VECTOR('',#5670,10.);
#1378=VECTOR('',#5673,10.);
#1379=VECTOR('',#5676,10.);
#1380=VECTOR('',#5677,10.);
#1381=VECTOR('',#5678,10.);
#1382=VECTOR('',#5681,10.);
#1383=VECTOR('',#5688,10.);
#1384=VECTOR('',#5689,10.);
#1385=VECTOR('',#5692,10.);
#1386=VECTOR('',#5697,10.);
#1387=VECTOR('',#5698,10.);
#1388=VECTOR('',#5701,10.);
#1389=VECTOR('',#5702,10.);
#1390=VECTOR('',#5705,10.);
#1391=VECTOR('',#5706,10.);
#1392=VECTOR('',#5709,10.);
#1393=VECTOR('',#5714,10.);
#1394=VECTOR('',#5723,10.);
#1395=VECTOR('',#5724,10.);
#1396=VECTOR('',#5725,10.);
#1397=VECTOR('',#5726,10.);
#1398=VECTOR('',#5729,10.);
#1399=VECTOR('',#5734,10.);
#1400=VECTOR('',#5739,10.);
#1401=VECTOR('',#5740,10.);
#1402=VECTOR('',#5741,10.);
#1403=VECTOR('',#5742,10.);
#1404=VECTOR('',#5747,1.);
#1405=VECTOR('',#5754,1.);
#1406=VECTOR('',#5763,10.);
#1407=VECTOR('',#5770,10.);
#1408=VECTOR('',#5771,10.);
#1409=VECTOR('',#5774,10.);
#1410=VECTOR('',#5775,10.);
#1411=VECTOR('',#5776,10.);
#1412=VECTOR('',#5779,10.);
#1413=VECTOR('',#5784,10.);
#1414=VECTOR('',#5787,10.);
#1415=VECTOR('',#5794,10.);
#1416=VECTOR('',#5805,10.);
#1417=VECTOR('',#5806,10.);
#1418=VECTOR('',#5807,10.);
#1419=VECTOR('',#5826,10.);
#1420=VECTOR('',#5829,10.);
#1421=VECTOR('',#5830,10.);
#1422=VECTOR('',#5831,10.);
#1423=VECTOR('',#5836,10.);
#1424=VECTOR('',#5839,10.);
#1425=VECTOR('',#5856,10.);
#1426=VECTOR('',#5867,10.);
#1427=VECTOR('',#5870,10.);
#1428=VECTOR('',#5873,10.);
#1429=VECTOR('',#5874,10.);
#1430=VECTOR('',#5875,10.);
#1431=VECTOR('',#5878,10.);
#1432=VECTOR('',#5891,10.);
#1433=VECTOR('',#5894,10.);
#1434=VECTOR('',#5897,10.);
#1435=VECTOR('',#5900,10.);
#1436=VECTOR('',#5903,10.);
#1437=VECTOR('',#5906,10.);
#1438=VECTOR('',#5917,10.);
#1439=VECTOR('',#5920,10.);
#1440=VECTOR('',#5923,10.);
#1441=VECTOR('',#5924,10.);
#1442=VECTOR('',#5925,10.);
#1443=VECTOR('',#5930,1.);
#1444=VECTOR('',#5937,1.);
#1445=VECTOR('',#5946,10.);
#1446=VECTOR('',#5951,10.);
#1447=VECTOR('',#5958,10.);
#1448=VECTOR('',#5961,10.);
#1449=VECTOR('',#5964,10.);
#1450=VECTOR('',#5965,10.);
#1451=VECTOR('',#5966,10.);
#1452=VECTOR('',#5971,10.);
#1453=VECTOR('',#5984,10.);
#1454=VECTOR('',#5987,10.);
#1455=VECTOR('',#5988,10.);
#1456=VECTOR('',#5989,10.);
#1457=VECTOR('',#5990,10.);
#1458=VECTOR('',#5991,10.);
#1459=VECTOR('',#6000,10.);
#1460=VECTOR('',#6013,10.);
#1461=VECTOR('',#6014,10.);
#1462=VECTOR('',#6017,10.);
#1463=VECTOR('',#6018,10.);
#1464=VECTOR('',#6019,10.);
#1465=VECTOR('',#6020,10.);
#1466=VECTOR('',#6023,10.);
#1467=VECTOR('',#6032,10.);
#1468=VECTOR('',#6035,10.);
#1469=VECTOR('',#6038,10.);
#1470=VECTOR('',#6039,10.);
#1471=VECTOR('',#6040,10.);
#1472=VECTOR('',#6043,10.);
#1473=VECTOR('',#6050,10.);
#1474=VECTOR('',#6051,10.);
#1475=VECTOR('',#6054,10.);
#1476=VECTOR('',#6059,10.);
#1477=VECTOR('',#6060,10.);
#1478=VECTOR('',#6063,10.);
#1479=VECTOR('',#6064,10.);
#1480=VECTOR('',#6067,10.);
#1481=VECTOR('',#6068,10.);
#1482=VECTOR('',#6071,10.);
#1483=VECTOR('',#6076,10.);
#1484=VECTOR('',#6085,10.);
#1485=VECTOR('',#6086,10.);
#1486=VECTOR('',#6087,10.);
#1487=VECTOR('',#6088,10.);
#1488=VECTOR('',#6091,10.);
#1489=VECTOR('',#6096,10.);
#1490=VECTOR('',#6101,10.);
#1491=VECTOR('',#6102,10.);
#1492=VECTOR('',#6103,10.);
#1493=VECTOR('',#6104,10.);
#1494=VECTOR('',#6109,1.);
#1495=VECTOR('',#6116,1.);
#1496=VECTOR('',#6125,10.);
#1497=VECTOR('',#6132,10.);
#1498=VECTOR('',#6143,10.);
#1499=VECTOR('',#6146,10.);
#1500=VECTOR('',#6147,10.);
#1501=VECTOR('',#6148,10.);
#1502=VECTOR('',#6157,10.);
#1503=VECTOR('',#6174,10.);
#1504=VECTOR('',#6175,10.);
#1505=VECTOR('',#6178,10.);
#1506=VECTOR('',#6179,10.);
#1507=VECTOR('',#6180,10.);
#1508=VECTOR('',#6185,10.);
#1509=VECTOR('',#6188,10.);
#1510=VECTOR('',#6205,10.);
#1511=VECTOR('',#6218,10.);
#1512=VECTOR('',#6221,10.);
#1513=VECTOR('',#6224,10.);
#1514=VECTOR('',#6225,10.);
#1515=VECTOR('',#6226,10.);
#1516=VECTOR('',#6229,10.);
#1517=VECTOR('',#6242,10.);
#1518=VECTOR('',#6243,10.);
#1519=VECTOR('',#6246,10.);
#1520=VECTOR('',#6251,10.);
#1521=VECTOR('',#6252,10.);
#1522=VECTOR('',#6255,10.);
#1523=VECTOR('',#6256,10.);
#1524=VECTOR('',#6259,10.);
#1525=VECTOR('',#6260,10.);
#1526=VECTOR('',#6263,10.);
#1527=VECTOR('',#6268,10.);
#1528=VECTOR('',#6279,10.);
#1529=VECTOR('',#6284,10.);
#1530=VECTOR('',#6285,10.);
#1531=VECTOR('',#6288,10.);
#1532=VECTOR('',#6289,10.);
#1533=VECTOR('',#6290,10.);
#1534=VECTOR('',#6293,10.);
#1535=VECTOR('',#6294,10.);
#1536=VECTOR('',#6299,10.);
#1537=VECTOR('',#6302,10.);
#1538=VECTOR('',#6305,10.);
#1539=VECTOR('',#6308,10.);
#1540=VECTOR('',#6309,10.);
#1541=VECTOR('',#6312,10.);
#1542=VECTOR('',#6315,10.);
#1543=VECTOR('',#6324,10.);
#1544=VECTOR('',#6325,10.);
#1545=VECTOR('',#6328,10.);
#1546=VECTOR('',#6335,10.);
#1547=VECTOR('',#6336,10.);
#1548=VECTOR('',#6345,10.);
#1549=VECTOR('',#6346,10.);
#1550=VECTOR('',#6355,10.);
#1551=VECTOR('',#6362,10.);
#1552=VECTOR('',#6365,10.);
#1553=VECTOR('',#6368,10.);
#1554=VECTOR('',#6369,10.);
#1555=VECTOR('',#6370,10.);
#1556=VECTOR('',#6373,10.);
#1557=VECTOR('',#6388,10.);
#1558=VECTOR('',#6391,10.);
#1559=VECTOR('',#6394,10.);
#1560=VECTOR('',#6395,10.);
#1561=VECTOR('',#6398,10.);
#1562=VECTOR('',#6407,10.);
#1563=VECTOR('',#6414,10.);
#1564=VECTOR('',#6419,10.);
#1565=VECTOR('',#6422,10.);
#1566=VECTOR('',#6423,10.);
#1567=VECTOR('',#6430,10.);
#1568=VECTOR('',#6435,10.);
#1569=VECTOR('',#6446,10.);
#1570=VECTOR('',#6447,10.);
#1571=VECTOR('',#6448,10.);
#1572=VECTOR('',#6449,10.);
#1573=VECTOR('',#6450,10.);
#1574=VECTOR('',#6451,10.);
#1575=VECTOR('',#6460,10.);
#1576=VECTOR('',#6463,10.);
#1577=VECTOR('',#6478,10.);
#1578=VECTOR('',#6497,1.);
#1579=VECTOR('',#6500,1.);
#1580=VECTOR('',#6503,10.);
#1581=CIRCLE('',#4643,5.6);
#1582=CIRCLE('',#4645,6.1);
#1583=CIRCLE('',#4646,6.1);
#1584=CIRCLE('',#4648,1.);
#1585=CIRCLE('',#4649,0.999999999999991);
#1586=CIRCLE('',#4651,1.);
#1587=CIRCLE('',#4652,0.999999999999999);
#1588=CIRCLE('',#4655,3.);
#1589=CIRCLE('',#4656,3.);
#1590=CIRCLE('',#4658,3.);
#1591=CIRCLE('',#4661,3.);
#1592=CIRCLE('',#4663,7.1);
#1593=CIRCLE('',#4664,7.1);
#1594=CIRCLE('',#4667,1.);
#1595=CIRCLE('',#4671,1.);
#1596=CIRCLE('',#4672,1.);
#1597=CIRCLE('',#4673,2.);
#1598=CIRCLE('',#4676,2.);
#1599=CIRCLE('',#4679,7.1);
#1600=CIRCLE('',#4680,7.1);
#1601=CIRCLE('',#4682,1.);
#1602=CIRCLE('',#4684,1.);
#1603=CIRCLE('',#4687,1.);
#1604=CIRCLE('',#4695,0.5);
#1605=CIRCLE('',#4696,0.49999998652704);
#1606=CIRCLE('',#4697,0.5);
#1607=CIRCLE('',#4699,0.499999999999999);
#1608=CIRCLE('',#4700,0.5);
#1609=CIRCLE('',#4702,0.5);
#1610=CIRCLE('',#4704,0.499999999999999);
#1611=CIRCLE('',#4706,0.5);
#1612=CIRCLE('',#4707,0.5);
#1613=CIRCLE('',#4712,0.25);
#1614=CIRCLE('',#4713,0.25);
#1615=CIRCLE('',#4716,5.6);
#1616=CIRCLE('',#4718,0.25);
#1617=CIRCLE('',#4719,6.5);
#1618=CIRCLE('',#4721,6.5);
#1619=CIRCLE('',#4722,0.249999999999999);
#1620=CIRCLE('',#4729,8.);
#1621=CIRCLE('',#4730,8.);
#1622=CIRCLE('',#4733,1.);
#1623=CIRCLE('',#4734,0.999999999999991);
#1624=CIRCLE('',#4736,1.);
#1625=CIRCLE('',#4737,0.999999999999999);
#1626=CIRCLE('',#4739,0.5);
#1627=CIRCLE('',#4744,0.5);
#1628=CIRCLE('',#4745,0.5);
#1629=CIRCLE('',#4747,0.5);
#1630=CIRCLE('',#4748,0.5);
#1631=CIRCLE('',#4750,8.);
#1632=CIRCLE('',#4751,8.);
#1633=CIRCLE('',#4754,0.5);
#1634=CIRCLE('',#4755,0.5);
#1635=CIRCLE('',#4757,0.5);
#1636=CIRCLE('',#4758,7.5);
#1637=CIRCLE('',#4761,0.25);
#1638=CIRCLE('',#4762,0.25);
#1639=CIRCLE('',#4763,0.249999999999999);
#1640=CIRCLE('',#4766,7.5);
#1641=CIRCLE('',#4767,0.249999999999999);
#1642=CIRCLE('',#4768,0.249999999999999);
#1643=CIRCLE('',#4769,0.25);
#1644=CIRCLE('',#4774,6.5);
#1645=CIRCLE('',#4775,6.5);
#1646=CIRCLE('',#4777,7.);
#1647=CIRCLE('',#4779,7.);
#1648=CIRCLE('',#4792,8.49999999999999);
#1649=CIRCLE('',#4793,8.5);
#1650=CIRCLE('',#4796,1.);
#1651=CIRCLE('',#4797,0.999999999999991);
#1652=CIRCLE('',#4799,1.);
#1653=CIRCLE('',#4800,0.999999999999999);
#1654=CIRCLE('',#4802,0.5);
#1655=CIRCLE('',#4803,0.499999999999998);
#1656=CIRCLE('',#4805,0.5);
#1657=CIRCLE('',#4806,0.5);
#1658=CIRCLE('',#4808,8.5);
#1659=CIRCLE('',#4809,8.5);
#1660=CIRCLE('',#4812,0.5);
#1661=CIRCLE('',#4813,0.5);
#1662=CIRCLE('',#4815,0.499999999999998);
#1663=CIRCLE('',#4816,0.5);
#1664=CIRCLE('',#4818,8.);
#1665=CIRCLE('',#4820,0.249999999999999);
#1666=CIRCLE('',#4821,0.249999999999999);
#1667=CIRCLE('',#4822,0.25);
#1668=CIRCLE('',#4824,8.);
#1669=CIRCLE('',#4826,0.25);
#1670=CIRCLE('',#4827,0.25);
#1671=CIRCLE('',#4828,0.25);
#1672=CIRCLE('',#4832,7.);
#1673=CIRCLE('',#4833,7.);
#1674=CIRCLE('',#4835,7.5);
#1675=CIRCLE('',#4838,7.5);
#1676=CIRCLE('',#4854,9.);
#1677=CIRCLE('',#4855,9.);
#1678=CIRCLE('',#4856,9.);
#1679=CIRCLE('',#4859,1.);
#1680=CIRCLE('',#4860,0.999999999999991);
#1681=CIRCLE('',#4862,1.);
#1682=CIRCLE('',#4863,0.999999999999999);
#1683=CIRCLE('',#4865,0.5);
#1684=CIRCLE('',#4866,0.499999999999998);
#1685=CIRCLE('',#4868,0.25);
#1686=CIRCLE('',#4869,8.5);
#1687=CIRCLE('',#4872,8.5);
#1688=CIRCLE('',#4873,0.25);
#1689=CIRCLE('',#4874,7.5);
#1690=CIRCLE('',#4876,0.5);
#1691=CIRCLE('',#4877,0.5);
#1692=CIRCLE('',#4879,0.499999999999998);
#1693=CIRCLE('',#4881,0.5);
#1694=CIRCLE('',#4883,0.250000000000002);
#1695=CIRCLE('',#4884,0.250000000000001);
#1696=CIRCLE('',#4887,9.);
#1697=CIRCLE('',#4888,0.249999999999999);
#1698=CIRCLE('',#4889,0.5);
#1699=CIRCLE('',#4890,0.249999999999999);
#1700=CIRCLE('',#4894,0.5);
#1701=CIRCLE('',#4896,9.);
#1702=CIRCLE('',#4897,9.);
#1703=CIRCLE('',#4899,8.75);
#1704=CIRCLE('',#4900,0.250000000000002);
#1705=CIRCLE('',#4901,0.25);
#1706=CIRCLE('',#4902,0.25);
#1707=CIRCLE('',#4905,7.5);
#1708=CIRCLE('',#4907,8.75);
#1709=CIRCLE('',#4908,0.25);
#1710=CIRCLE('',#4909,8.75);
#1711=CIRCLE('',#4912,8.75);
#1712=CIRCLE('',#4914,0.250000000000002);
#1713=CIRCLE('',#4915,0.25);
#1714=CIRCLE('',#4927,10.25);
#1715=CIRCLE('',#4928,10.25);
#1716=CIRCLE('',#4931,1.);
#1717=CIRCLE('',#4932,0.999999999999999);
#1718=CIRCLE('',#4934,1.);
#1719=CIRCLE('',#4935,0.999999999999991);
#1720=CIRCLE('',#4937,0.5);
#1721=CIRCLE('',#4938,0.499999999999998);
#1722=CIRCLE('',#4940,0.5);
#1723=CIRCLE('',#4941,0.5);
#1724=CIRCLE('',#4943,10.25);
#1725=CIRCLE('',#4944,10.25);
#1726=CIRCLE('',#4947,0.5);
#1727=CIRCLE('',#4948,0.5);
#1728=CIRCLE('',#4950,0.499999999999998);
#1729=CIRCLE('',#4951,9.75);
#1730=CIRCLE('',#4953,0.5);
#1731=CIRCLE('',#4955,0.25);
#1732=CIRCLE('',#4956,0.25);
#1733=CIRCLE('',#4957,0.25);
#1734=CIRCLE('',#4960,9.75);
#1735=CIRCLE('',#4961,0.250000000000004);
#1736=CIRCLE('',#4962,0.250000000000004);
#1737=CIRCLE('',#4963,0.25);
#1738=CIRCLE('',#4968,8.75);
#1739=CIRCLE('',#4969,8.75);
#1740=CIRCLE('',#4971,9.25);
#1741=CIRCLE('',#4974,9.25);
#1742=CIRCLE('',#4990,10.75);
#1743=CIRCLE('',#4991,10.75);
#1744=CIRCLE('',#4992,10.75);
#1745=CIRCLE('',#4995,1.);
#1746=CIRCLE('',#4996,0.999999999999991);
#1747=CIRCLE('',#4998,1.);
#1748=CIRCLE('',#4999,0.999999999999999);
#1749=CIRCLE('',#5001,0.5);
#1750=CIRCLE('',#5002,0.499999999999998);
#1751=CIRCLE('',#5004,0.5);
#1752=CIRCLE('',#5005,0.5);
#1753=CIRCLE('',#5007,0.499999999999998);
#1754=CIRCLE('',#5008,10.25);
#1755=CIRCLE('',#5010,0.5);
#1756=CIRCLE('',#5012,0.250000000000001);
#1757=CIRCLE('',#5013,0.25);
#1758=CIRCLE('',#5014,0.249999999999999);
#1759=CIRCLE('',#5017,10.25);
#1760=CIRCLE('',#5018,10.75);
#1761=CIRCLE('',#5019,0.250000000000004);
#1762=CIRCLE('',#5020,0.5);
#1763=CIRCLE('',#5021,0.250000000000004);
#1764=CIRCLE('',#5022,0.25);
#1765=CIRCLE('',#5026,0.5);
#1766=CIRCLE('',#5028,10.75);
#1767=CIRCLE('',#5029,10.75);
#1768=CIRCLE('',#5031,10.5);
#1769=CIRCLE('',#5032,0.25);
#1770=CIRCLE('',#5033,0.25);
#1771=CIRCLE('',#5034,0.249999999999999);
#1772=CIRCLE('',#5037,9.25);
#1773=CIRCLE('',#5038,9.25);
#1774=CIRCLE('',#5040,10.5);
#1775=CIRCLE('',#5041,0.25);
#1776=CIRCLE('',#5042,10.5);
#1777=CIRCLE('',#5045,10.5);
#1778=CIRCLE('',#5047,0.250000000000002);
#1779=CIRCLE('',#5048,0.250000000000003);
#1780=CIRCLE('',#5063,10.5);
#1781=CIRCLE('',#5064,0.25);
#1782=CIRCLE('',#5065,11.5);
#1783=CIRCLE('',#5068,11.5);
#1784=CIRCLE('',#5069,0.25);
#1785=CIRCLE('',#5071,0.999999999999999);
#1786=CIRCLE('',#5074,3.);
#1787=CIRCLE('',#5075,3.);
#1788=CIRCLE('',#5076,0.999999999999999);
#1789=CIRCLE('',#5077,0.999999999999991);
#1790=CIRCLE('',#5080,1.);
#1791=CIRCLE('',#5082,0.5);
#1792=CIRCLE('',#5083,2.);
#1793=CIRCLE('',#5084,1.);
#1794=CIRCLE('',#5086,2.);
#1795=CIRCLE('',#5087,0.5);
#1796=CIRCLE('',#5088,1.);
#1797=CIRCLE('',#5090,0.250000000000004);
#1798=CIRCLE('',#5091,0.250000000000004);
#1799=CIRCLE('',#5092,0.5);
#1800=CIRCLE('',#5094,10.5);
#1801=CIRCLE('',#5097,0.249999999999999);
#1802=CIRCLE('',#5098,0.250000000000001);
#1803=CIRCLE('',#5099,0.5);
#1804=CIRCLE('',#5101,12.);
#1805=CIRCLE('',#5102,0.499999999999998);
#1806=CIRCLE('',#5104,0.499999999999997);
#1807=CIRCLE('',#5108,0.499999999999998);
#1808=CIRCLE('',#5109,12.);
#1809=CIRCLE('',#5111,0.500000000000001);
#1810=CIRCLE('',#5112,0.499999999999998);
#1811=CIRCLE('',#5118,0.5);
#1812=CIRCLE('',#5121,12.);
#1813=CIRCLE('',#5123,11.);
#1814=CIRCLE('',#5124,1.);
#1815=CIRCLE('',#5126,11.);
#1816=CIRCLE('',#5128,12.);
#1817=CIRCLE('',#5129,1.);
#1818=CIRCLE('',#5133,1.);
#1819=CIRCLE('',#5136,3.);
#1820=CIRCLE('',#5141,1.);
#1821=CIRCLE('',#5142,3.);
#1822=VERTEX_POINT('',#6508);
#1823=VERTEX_POINT('',#6509);
#1824=VERTEX_POINT('',#6513);
#1825=VERTEX_POINT('',#6514);
#1826=VERTEX_POINT('',#6516);
#1827=VERTEX_POINT('',#6518);
#1828=VERTEX_POINT('',#6520);
#1829=VERTEX_POINT('',#6522);
#1830=VERTEX_POINT('',#6524);
#1831=VERTEX_POINT('',#6526);
#1832=VERTEX_POINT('',#6528);
#1833=VERTEX_POINT('',#6530);
#1834=VERTEX_POINT('',#6532);
#1835=VERTEX_POINT('',#6534);
#1836=VERTEX_POINT('',#6538);
#1837=VERTEX_POINT('',#6540);
#1838=VERTEX_POINT('',#6544);
#1839=VERTEX_POINT('',#6546);
#1840=VERTEX_POINT('',#6550);
#1841=VERTEX_POINT('',#6551);
#1842=VERTEX_POINT('',#6553);
#1843=VERTEX_POINT('',#6555);
#1844=VERTEX_POINT('',#6562);
#1845=VERTEX_POINT('',#6564);
#1846=VERTEX_POINT('',#6568);
#1847=VERTEX_POINT('',#6570);
#1848=VERTEX_POINT('',#6576);
#1849=VERTEX_POINT('',#6577);
#1850=VERTEX_POINT('',#6579);
#1851=VERTEX_POINT('',#6581);
#1852=VERTEX_POINT('',#6583);
#1853=VERTEX_POINT('',#6587);
#1854=VERTEX_POINT('',#6589);
#1855=VERTEX_POINT('',#6602);
#1856=VERTEX_POINT('',#6604);
#1857=VERTEX_POINT('',#6610);
#1858=VERTEX_POINT('',#6611);
#1859=VERTEX_POINT('',#6613);
#1860=VERTEX_POINT('',#6615);
#1861=VERTEX_POINT('',#6617);
#1862=VERTEX_POINT('',#6621);
#1863=VERTEX_POINT('',#6623);
#1864=VERTEX_POINT('',#6627);
#1865=VERTEX_POINT('',#6628);
#1866=VERTEX_POINT('',#6648);
#1867=VERTEX_POINT('',#6649);
#1868=VERTEX_POINT('',#6654);
#1869=VERTEX_POINT('',#6655);
#1870=VERTEX_POINT('',#6657);
#1871=VERTEX_POINT('',#6666);
#1872=VERTEX_POINT('',#6667);
#1873=VERTEX_POINT('',#6672);
#1874=VERTEX_POINT('',#6673);
#1875=VERTEX_POINT('',#6707);
#1876=VERTEX_POINT('',#6736);
#1877=VERTEX_POINT('',#6744);
#1878=VERTEX_POINT('',#6745);
#1879=VERTEX_POINT('',#6748);
#1880=VERTEX_POINT('',#6755);
#1881=VERTEX_POINT('',#6767);
#1882=VERTEX_POINT('',#6782);
#1883=VERTEX_POINT('',#6786);
#1884=VERTEX_POINT('',#6799);
#1885=VERTEX_POINT('',#6812);
#1886=VERTEX_POINT('',#6813);
#1887=VERTEX_POINT('',#6817);
#1888=VERTEX_POINT('',#6852);
#1889=VERTEX_POINT('',#6853);
#1890=VERTEX_POINT('',#6855);
#1891=VERTEX_POINT('',#6857);
#1892=VERTEX_POINT('',#6861);
#1893=VERTEX_POINT('',#6863);
#1894=VERTEX_POINT('',#6867);
#1895=VERTEX_POINT('',#6869);
#1896=VERTEX_POINT('',#6873);
#1897=VERTEX_POINT('',#6875);
#1898=VERTEX_POINT('',#6879);
#1899=VERTEX_POINT('',#6880);
#1900=VERTEX_POINT('',#6882);
#1901=VERTEX_POINT('',#6884);
#1902=VERTEX_POINT('',#6886);
#1903=VERTEX_POINT('',#6890);
#1904=VERTEX_POINT('',#6892);
#1905=VERTEX_POINT('',#6896);
#1906=VERTEX_POINT('',#6898);
#1907=VERTEX_POINT('',#6902);
#1908=VERTEX_POINT('',#6911);
#1909=VERTEX_POINT('',#6913);
#1910=VERTEX_POINT('',#6917);
#1911=VERTEX_POINT('',#6918);
#1912=VERTEX_POINT('',#6920);
#1913=VERTEX_POINT('',#6922);
#1914=VERTEX_POINT('',#6929);
#1915=VERTEX_POINT('',#6930);
#1916=VERTEX_POINT('',#6932);
#1917=VERTEX_POINT('',#6944);
#1918=VERTEX_POINT('',#6953);
#1919=VERTEX_POINT('',#6959);
#1920=VERTEX_POINT('',#6960);
#1921=VERTEX_POINT('',#6963);
#1922=VERTEX_POINT('',#6965);
#1923=VERTEX_POINT('',#7018);
#1924=VERTEX_POINT('',#7022);
#1925=VERTEX_POINT('',#7035);
#1926=VERTEX_POINT('',#7087);
#1927=VERTEX_POINT('',#7091);
#1928=VERTEX_POINT('',#7092);
#1929=VERTEX_POINT('',#7106);
#1930=VERTEX_POINT('',#7107);
#1931=VERTEX_POINT('',#7109);
#1932=VERTEX_POINT('',#7114);
#1933=VERTEX_POINT('',#7125);
#1934=VERTEX_POINT('',#7139);
#1935=VERTEX_POINT('',#7152);
#1936=VERTEX_POINT('',#7155);
#1937=VERTEX_POINT('',#7157);
#1938=VERTEX_POINT('',#7159);
#1939=VERTEX_POINT('',#7161);
#1940=VERTEX_POINT('',#7177);
#1941=VERTEX_POINT('',#7181);
#1942=VERTEX_POINT('',#7185);
#1943=VERTEX_POINT('',#7189);
#1944=VERTEX_POINT('',#7198);
#1945=VERTEX_POINT('',#7199);
#1946=VERTEX_POINT('',#7201);
#1947=VERTEX_POINT('',#7203);
#1948=VERTEX_POINT('',#7205);
#1949=VERTEX_POINT('',#7207);
#1950=VERTEX_POINT('',#7211);
#1951=VERTEX_POINT('',#7212);
#1952=VERTEX_POINT('',#7214);
#1953=VERTEX_POINT('',#7216);
#1954=VERTEX_POINT('',#7220);
#1955=VERTEX_POINT('',#7222);
#1956=VERTEX_POINT('',#7226);
#1957=VERTEX_POINT('',#7228);
#1958=VERTEX_POINT('',#7232);
#1959=VERTEX_POINT('',#7234);
#1960=VERTEX_POINT('',#7238);
#1961=VERTEX_POINT('',#7240);
#1962=VERTEX_POINT('',#7244);
#1963=VERTEX_POINT('',#7253);
#1964=VERTEX_POINT('',#7255);
#1965=VERTEX_POINT('',#7259);
#1966=VERTEX_POINT('',#7260);
#1967=VERTEX_POINT('',#7262);
#1968=VERTEX_POINT('',#7264);
#1969=VERTEX_POINT('',#7268);
#1970=VERTEX_POINT('',#7270);
#1971=VERTEX_POINT('',#7274);
#1972=VERTEX_POINT('',#7288);
#1973=VERTEX_POINT('',#7290);
#1974=VERTEX_POINT('',#7294);
#1975=VERTEX_POINT('',#7307);
#1976=VERTEX_POINT('',#7318);
#1977=VERTEX_POINT('',#7383);
#1978=VERTEX_POINT('',#7394);
#1979=VERTEX_POINT('',#7395);
#1980=VERTEX_POINT('',#7406);
#1981=VERTEX_POINT('',#7454);
#1982=VERTEX_POINT('',#7455);
#1983=VERTEX_POINT('',#7457);
#1984=VERTEX_POINT('',#7462);
#1985=VERTEX_POINT('',#7473);
#1986=VERTEX_POINT('',#7487);
#1987=VERTEX_POINT('',#7500);
#1988=VERTEX_POINT('',#7503);
#1989=VERTEX_POINT('',#7505);
#1990=VERTEX_POINT('',#7507);
#1991=VERTEX_POINT('',#7509);
#1992=VERTEX_POINT('',#7511);
#1993=VERTEX_POINT('',#7513);
#1994=VERTEX_POINT('',#7529);
#1995=VERTEX_POINT('',#7533);
#1996=VERTEX_POINT('',#7537);
#1997=VERTEX_POINT('',#7541);
#1998=VERTEX_POINT('',#7545);
#1999=VERTEX_POINT('',#7549);
#2000=VERTEX_POINT('',#7558);
#2001=VERTEX_POINT('',#7559);
#2002=VERTEX_POINT('',#7561);
#2003=VERTEX_POINT('',#7563);
#2004=VERTEX_POINT('',#7567);
#2005=VERTEX_POINT('',#7568);
#2006=VERTEX_POINT('',#7571);
#2007=VERTEX_POINT('',#7573);
#2008=VERTEX_POINT('',#7577);
#2009=VERTEX_POINT('',#7578);
#2010=VERTEX_POINT('',#7580);
#2011=VERTEX_POINT('',#7582);
#2012=VERTEX_POINT('',#7586);
#2013=VERTEX_POINT('',#7588);
#2014=VERTEX_POINT('',#7592);
#2015=VERTEX_POINT('',#7594);
#2016=VERTEX_POINT('',#7598);
#2017=VERTEX_POINT('',#7600);
#2018=VERTEX_POINT('',#7604);
#2019=VERTEX_POINT('',#7605);
#2020=VERTEX_POINT('',#7607);
#2021=VERTEX_POINT('',#7609);
#2022=VERTEX_POINT('',#7611);
#2023=VERTEX_POINT('',#7613);
#2024=VERTEX_POINT('',#7615);
#2025=VERTEX_POINT('',#7617);
#2026=VERTEX_POINT('',#7619);
#2027=VERTEX_POINT('',#7621);
#2028=VERTEX_POINT('',#7624);
#2029=VERTEX_POINT('',#7626);
#2030=VERTEX_POINT('',#7628);
#2031=VERTEX_POINT('',#7630);
#2032=VERTEX_POINT('',#7634);
#2033=VERTEX_POINT('',#7636);
#2034=VERTEX_POINT('',#7647);
#2035=VERTEX_POINT('',#7665);
#2036=VERTEX_POINT('',#7667);
#2037=VERTEX_POINT('',#7743);
#2038=VERTEX_POINT('',#7785);
#2039=VERTEX_POINT('',#7804);
#2040=VERTEX_POINT('',#7808);
#2041=VERTEX_POINT('',#7821);
#2042=VERTEX_POINT('',#7822);
#2043=VERTEX_POINT('',#7827);
#2044=VERTEX_POINT('',#7831);
#2045=VERTEX_POINT('',#7832);
#2046=VERTEX_POINT('',#7837);
#2047=VERTEX_POINT('',#7852);
#2048=VERTEX_POINT('',#7870);
#2049=VERTEX_POINT('',#7874);
#2050=VERTEX_POINT('',#7887);
#2051=VERTEX_POINT('',#7900);
#2052=VERTEX_POINT('',#7901);
#2053=VERTEX_POINT('',#7903);
#2054=VERTEX_POINT('',#7907);
#2055=VERTEX_POINT('',#7909);
#2056=VERTEX_POINT('',#7911);
#2057=VERTEX_POINT('',#7913);
#2058=VERTEX_POINT('',#7915);
#2059=VERTEX_POINT('',#7917);
#2060=VERTEX_POINT('',#7970);
#2061=VERTEX_POINT('',#7971);
#2062=VERTEX_POINT('',#7973);
#2063=VERTEX_POINT('',#7975);
#2064=VERTEX_POINT('',#7979);
#2065=VERTEX_POINT('',#7981);
#2066=VERTEX_POINT('',#7985);
#2067=VERTEX_POINT('',#7987);
#2068=VERTEX_POINT('',#7991);
#2069=VERTEX_POINT('',#7993);
#2070=VERTEX_POINT('',#7997);
#2071=VERTEX_POINT('',#7999);
#2072=VERTEX_POINT('',#8003);
#2073=VERTEX_POINT('',#8012);
#2074=VERTEX_POINT('',#8014);
#2075=VERTEX_POINT('',#8018);
#2076=VERTEX_POINT('',#8019);
#2077=VERTEX_POINT('',#8021);
#2078=VERTEX_POINT('',#8023);
#2079=VERTEX_POINT('',#8027);
#2080=VERTEX_POINT('',#8029);
#2081=VERTEX_POINT('',#8033);
#2082=VERTEX_POINT('',#8034);
#2083=VERTEX_POINT('',#8036);
#2084=VERTEX_POINT('',#8050);
#2085=VERTEX_POINT('',#8061);
#2086=VERTEX_POINT('',#8065);
#2087=VERTEX_POINT('',#8069);
#2088=VERTEX_POINT('',#8070);
#2089=VERTEX_POINT('',#8073);
#2090=VERTEX_POINT('',#8075);
#2091=VERTEX_POINT('',#8138);
#2092=VERTEX_POINT('',#8142);
#2093=VERTEX_POINT('',#8155);
#2094=VERTEX_POINT('',#8207);
#2095=VERTEX_POINT('',#8211);
#2096=VERTEX_POINT('',#8212);
#2097=VERTEX_POINT('',#8226);
#2098=VERTEX_POINT('',#8227);
#2099=VERTEX_POINT('',#8229);
#2100=VERTEX_POINT('',#8234);
#2101=VERTEX_POINT('',#8245);
#2102=VERTEX_POINT('',#8259);
#2103=VERTEX_POINT('',#8272);
#2104=VERTEX_POINT('',#8275);
#2105=VERTEX_POINT('',#8277);
#2106=VERTEX_POINT('',#8279);
#2107=VERTEX_POINT('',#8281);
#2108=VERTEX_POINT('',#8283);
#2109=VERTEX_POINT('',#8285);
#2110=VERTEX_POINT('',#8301);
#2111=VERTEX_POINT('',#8305);
#2112=VERTEX_POINT('',#8309);
#2113=VERTEX_POINT('',#8313);
#2114=VERTEX_POINT('',#8317);
#2115=VERTEX_POINT('',#8321);
#2116=VERTEX_POINT('',#8330);
#2117=VERTEX_POINT('',#8331);
#2118=VERTEX_POINT('',#8333);
#2119=VERTEX_POINT('',#8335);
#2120=VERTEX_POINT('',#8339);
#2121=VERTEX_POINT('',#8340);
#2122=VERTEX_POINT('',#8343);
#2123=VERTEX_POINT('',#8345);
#2124=VERTEX_POINT('',#8349);
#2125=VERTEX_POINT('',#8350);
#2126=VERTEX_POINT('',#8352);
#2127=VERTEX_POINT('',#8354);
#2128=VERTEX_POINT('',#8358);
#2129=VERTEX_POINT('',#8360);
#2130=VERTEX_POINT('',#8364);
#2131=VERTEX_POINT('',#8366);
#2132=VERTEX_POINT('',#8370);
#2133=VERTEX_POINT('',#8372);
#2134=VERTEX_POINT('',#8376);
#2135=VERTEX_POINT('',#8378);
#2136=VERTEX_POINT('',#8387);
#2137=VERTEX_POINT('',#8391);
#2138=VERTEX_POINT('',#8400);
#2139=VERTEX_POINT('',#8404);
#2140=VERTEX_POINT('',#8408);
#2141=VERTEX_POINT('',#8410);
#2142=VERTEX_POINT('',#8463);
#2143=VERTEX_POINT('',#8467);
#2144=VERTEX_POINT('',#8480);
#2145=VERTEX_POINT('',#8481);
#2146=VERTEX_POINT('',#8524);
#2147=VERTEX_POINT('',#8543);
#2148=VERTEX_POINT('',#8545);
#2149=VERTEX_POINT('',#8549);
#2150=VERTEX_POINT('',#8550);
#2151=VERTEX_POINT('',#8564);
#2152=VERTEX_POINT('',#8565);
#2153=VERTEX_POINT('',#8570);
#2154=VERTEX_POINT('',#8574);
#2155=VERTEX_POINT('',#8575);
#2156=VERTEX_POINT('',#8580);
#2157=VERTEX_POINT('',#8597);
#2158=VERTEX_POINT('',#8615);
#2159=VERTEX_POINT('',#8619);
#2160=VERTEX_POINT('',#8633);
#2161=VERTEX_POINT('',#8646);
#2162=VERTEX_POINT('',#8647);
#2163=VERTEX_POINT('',#8649);
#2164=VERTEX_POINT('',#8653);
#2165=VERTEX_POINT('',#8655);
#2166=VERTEX_POINT('',#8657);
#2167=VERTEX_POINT('',#8659);
#2168=VERTEX_POINT('',#8661);
#2169=VERTEX_POINT('',#8663);
#2170=VERTEX_POINT('',#8701);
#2171=VERTEX_POINT('',#8705);
#2172=VERTEX_POINT('',#8709);
#2173=VERTEX_POINT('',#8713);
#2174=VERTEX_POINT('',#8717);
#2175=VERTEX_POINT('',#8721);
#2176=VERTEX_POINT('',#8730);
#2177=VERTEX_POINT('',#8731);
#2178=VERTEX_POINT('',#8733);
#2179=VERTEX_POINT('',#8735);
#2180=VERTEX_POINT('',#8737);
#2181=VERTEX_POINT('',#8739);
#2182=VERTEX_POINT('',#8741);
#2183=VERTEX_POINT('',#8743);
#2184=VERTEX_POINT('',#8745);
#2185=VERTEX_POINT('',#8747);
#2186=VERTEX_POINT('',#8749);
#2187=VERTEX_POINT('',#8751);
#2188=VERTEX_POINT('',#8753);
#2189=VERTEX_POINT('',#8755);
#2190=VERTEX_POINT('',#8757);
#2191=VERTEX_POINT('',#8759);
#2192=VERTEX_POINT('',#8763);
#2193=VERTEX_POINT('',#8765);
#2194=VERTEX_POINT('',#8769);
#2195=VERTEX_POINT('',#8773);
#2196=VERTEX_POINT('',#8775);
#2197=VERTEX_POINT('',#8777);
#2198=VERTEX_POINT('',#8780);
#2199=VERTEX_POINT('',#8782);
#2200=VERTEX_POINT('',#8785);
#2201=VERTEX_POINT('',#8789);
#2202=VERTEX_POINT('',#8793);
#2203=VERTEX_POINT('',#8795);
#2204=VERTEX_POINT('',#8797);
#2205=VERTEX_POINT('',#8800);
#2206=VERTEX_POINT('',#8803);
#2207=VERTEX_POINT('',#8805);
#2208=VERTEX_POINT('',#8807);
#2209=VERTEX_POINT('',#8810);
#2210=VERTEX_POINT('',#8813);
#2211=VERTEX_POINT('',#8824);
#2212=VERTEX_POINT('',#8836);
#2213=VERTEX_POINT('',#8871);
#2214=VERTEX_POINT('',#8889);
#2215=VERTEX_POINT('',#8891);
#2216=VERTEX_POINT('',#8893);
#2217=VERTEX_POINT('',#8906);
#2218=VERTEX_POINT('',#8908);
#2219=VERTEX_POINT('',#8914);
#2220=VERTEX_POINT('',#8918);
#2221=VERTEX_POINT('',#8930);
#2222=VERTEX_POINT('',#8973);
#2223=VERTEX_POINT('',#8991);
#2224=VERTEX_POINT('',#8995);
#2225=VERTEX_POINT('',#8997);
#2226=VERTEX_POINT('',#9001);
#2227=VERTEX_POINT('',#9003);
#2228=VERTEX_POINT('',#9013);
#2229=VERTEX_POINT('',#9017);
#2230=VERTEX_POINT('',#9045);
#2231=VERTEX_POINT('',#9053);
#2232=VERTEX_POINT('',#9060);
#2233=VERTEX_POINT('',#9088);
#2234=VERTEX_POINT('',#9098);
#2235=VERTEX_POINT('',#9102);
#2236=VERTEX_POINT('',#9106);
#2237=VERTEX_POINT('',#9108);
#2238=VERTEX_POINT('',#9110);
#2239=VERTEX_POINT('',#9113);
#2240=VERTEX_POINT('',#9115);
#2241=VERTEX_POINT('',#9119);
#2242=EDGE_CURVE('',#1822,#1823,#1581,.T.);
#2243=EDGE_CURVE('',#1823,#1822,#911,.T.);
#2244=EDGE_CURVE('',#1824,#1825,#912,.T.);
#2245=EDGE_CURVE('',#1826,#1824,#1582,.T.);
#2246=EDGE_CURVE('',#1827,#1826,#913,.T.);
#2247=EDGE_CURVE('',#1828,#1827,#914,.T.);
#2248=EDGE_CURVE('',#1829,#1828,#915,.T.);
#2249=EDGE_CURVE('',#1829,#1830,#916,.T.);
#2250=EDGE_CURVE('',#1831,#1830,#917,.T.);
#2251=EDGE_CURVE('',#1832,#1831,#918,.T.);
#2252=EDGE_CURVE('',#1833,#1832,#919,.T.);
#2253=EDGE_CURVE('',#1834,#1833,#1583,.T.);
#2254=EDGE_CURVE('',#1835,#1834,#920,.T.);
#2255=EDGE_CURVE('',#1825,#1835,#921,.T.);
#2256=EDGE_CURVE('',#1836,#1836,#1584,.T.);
#2257=EDGE_CURVE('',#1836,#1837,#922,.T.);
#2258=EDGE_CURVE('',#1837,#1837,#1585,.T.);
#2259=EDGE_CURVE('',#1838,#1838,#1586,.T.);
#2260=EDGE_CURVE('',#1838,#1839,#923,.T.);
#2261=EDGE_CURVE('',#1839,#1839,#1587,.T.);
#2262=EDGE_CURVE('',#1840,#1841,#924,.T.);
#2263=EDGE_CURVE('',#1842,#1840,#925,.T.);
#2264=EDGE_CURVE('',#1843,#1842,#926,.T.);
#2265=EDGE_CURVE('',#1841,#1843,#927,.T.);
#2266=EDGE_CURVE('',#1843,#1828,#1588,.T.);
#2267=EDGE_CURVE('',#1842,#1829,#1589,.T.);
#2268=EDGE_CURVE('',#1844,#1840,#928,.T.);
#2269=EDGE_CURVE('',#1844,#1845,#929,.T.);
#2270=EDGE_CURVE('',#1830,#1845,#1590,.T.);
#2271=EDGE_CURVE('',#1846,#1844,#930,.T.);
#2272=EDGE_CURVE('',#1847,#1846,#931,.T.);
#2273=EDGE_CURVE('',#1845,#1847,#932,.T.);
#2274=EDGE_CURVE('',#1831,#1847,#1591,.T.);
#2275=EDGE_CURVE('',#1848,#1849,#933,.T.);
#2276=EDGE_CURVE('',#1850,#1848,#1592,.T.);
#2277=EDGE_CURVE('',#1851,#1850,#934,.T.);
#2278=EDGE_CURVE('',#1852,#1851,#1593,.T.);
#2279=EDGE_CURVE('',#1849,#1852,#935,.T.);
#2280=EDGE_CURVE('',#1851,#1853,#936,.T.);
#2281=EDGE_CURVE('',#1854,#1850,#937,.T.);
#2282=EDGE_CURVE('',#1853,#1854,#938,.T.);
#2283=EDGE_CURVE('',#1851,#1826,#1594,.T.);
#2284=EDGE_CURVE('',#1827,#1853,#153,.T.);
#2285=EDGE_CURVE('',#1852,#1824,#61,.T.);
#2286=EDGE_CURVE('',#1855,#1843,#1595,.T.);
#2287=EDGE_CURVE('',#1856,#1828,#1596,.T.);
#2288=EDGE_CURVE('',#1856,#1855,#1597,.T.);
#2289=EDGE_CURVE('',#1853,#1856,#939,.T.);
#2290=EDGE_CURVE('',#1857,#1858,#940,.T.);
#2291=EDGE_CURVE('',#1859,#1857,#941,.T.);
#2292=EDGE_CURVE('',#1860,#1859,#942,.T.);
#2293=EDGE_CURVE('',#1861,#1860,#1598,.T.);
#2294=EDGE_CURVE('',#1858,#1861,#943,.T.);
#2295=EDGE_CURVE('',#1859,#1862,#944,.T.);
#2296=EDGE_CURVE('',#1863,#1857,#945,.T.);
#2297=EDGE_CURVE('',#1862,#1863,#946,.T.);
#2298=EDGE_CURVE('',#1864,#1865,#947,.T.);
#2299=EDGE_CURVE('',#1862,#1864,#1599,.T.);
#2300=EDGE_CURVE('',#1865,#1863,#1600,.T.);
#2301=EDGE_CURVE('',#1834,#1864,#62,.T.);
#2302=EDGE_CURVE('',#1862,#1833,#1601,.T.);
#2303=EDGE_CURVE('',#1860,#1831,#1602,.T.);
#2304=EDGE_CURVE('',#1832,#1859,#154,.T.);
#2305=EDGE_CURVE('',#1861,#1847,#1603,.T.);
#2306=EDGE_CURVE('',#1858,#1846,#155,.T.);
#2307=EDGE_CURVE('',#1866,#1867,#948,.T.);
#2308=EDGE_CURVE('',#1822,#1866,#949,.T.);
#2309=EDGE_CURVE('',#1823,#1867,#950,.T.);
#2310=EDGE_CURVE('',#1868,#1869,#951,.T.);
#2311=EDGE_CURVE('',#1870,#1868,#63,.T.);
#2312=EDGE_CURVE('',#1867,#1870,#952,.T.);
#2313=EDGE_CURVE('',#1823,#1869,#953,.T.);
#2314=EDGE_CURVE('',#1871,#1872,#954,.T.);
#2315=EDGE_CURVE('',#1869,#1871,#955,.T.);
#2316=EDGE_CURVE('',#1823,#1872,#956,.T.);
#2317=EDGE_CURVE('',#1873,#1874,#957,.T.);
#2318=EDGE_CURVE('',#1848,#1873,#1604,.T.);
#2319=EDGE_CURVE('',#1869,#1849,#1605,.T.);
#2320=EDGE_CURVE('',#1874,#1871,#1606,.T.);
#2321=EDGE_CURVE('',#1868,#1852,#1607,.T.);
#2322=EDGE_CURVE('',#1870,#1824,#1608,.T.);
#2323=EDGE_CURVE('',#1875,#1834,#1609,.T.);
#2324=EDGE_CURVE('',#1875,#1866,#958,.T.);
#2325=EDGE_CURVE('',#1835,#1866,#156,.T.);
#2326=EDGE_CURVE('',#1876,#1864,#1610,.T.);
#2327=EDGE_CURVE('',#1876,#1875,#64,.T.);
#2328=EDGE_CURVE('',#1877,#1878,#1611,.T.);
#2329=EDGE_CURVE('',#1877,#1876,#959,.T.);
#2330=EDGE_CURVE('',#1865,#1879,#1612,.F.);
#2331=EDGE_CURVE('',#1878,#1879,#960,.T.);
#2332=EDGE_CURVE('',#1825,#1867,#157,.T.);
#2333=EDGE_CURVE('',#1880,#1877,#961,.T.);
#2334=EDGE_CURVE('',#1822,#1880,#962,.T.);
#2335=EDGE_CURVE('',#1878,#1881,#65,.F.);
#2336=EDGE_CURVE('',#1881,#1882,#1613,.T.);
#2337=EDGE_CURVE('',#1877,#1882,#1614,.T.);
#2338=EDGE_CURVE('',#1883,#1880,#66,.T.);
#2339=EDGE_CURVE('',#1882,#1883,#963,.T.);
#2340=EDGE_CURVE('',#1872,#1884,#67,.T.);
#2341=EDGE_CURVE('',#1884,#1883,#1615,.T.);
#2342=EDGE_CURVE('',#1885,#1886,#1616,.T.);
#2343=EDGE_CURVE('',#1884,#1885,#964,.T.);
#2344=EDGE_CURVE('',#1881,#1879,#1617,.T.);
#2345=EDGE_CURVE('',#1841,#1887,#158,.T.);
#2346=EDGE_CURVE('',#1887,#1854,#965,.T.);
#2347=EDGE_CURVE('',#1873,#1886,#1618,.T.);
#2348=EDGE_CURVE('',#1874,#1886,#68,.T.);
#2349=EDGE_CURVE('',#1885,#1871,#1619,.T.);
#2350=EDGE_CURVE('',#1855,#1887,#966,.T.);
#2351=EDGE_CURVE('',#1888,#1889,#1620,.T.);
#2352=EDGE_CURVE('',#1888,#1890,#967,.T.);
#2353=EDGE_CURVE('',#1891,#1890,#1621,.T.);
#2354=EDGE_CURVE('',#1889,#1891,#968,.T.);
#2355=EDGE_CURVE('',#1892,#1888,#969,.T.);
#2356=EDGE_CURVE('',#1892,#1893,#970,.T.);
#2357=EDGE_CURVE('',#1890,#1893,#971,.T.);
#2358=EDGE_CURVE('',#1894,#1894,#1622,.T.);
#2359=EDGE_CURVE('',#1894,#1895,#972,.T.);
#2360=EDGE_CURVE('',#1895,#1895,#1623,.T.);
#2361=EDGE_CURVE('',#1896,#1896,#1624,.T.);
#2362=EDGE_CURVE('',#1896,#1897,#973,.T.);
#2363=EDGE_CURVE('',#1897,#1897,#1625,.T.);
#2364=EDGE_CURVE('',#1898,#1899,#974,.T.);
#2365=EDGE_CURVE('',#1900,#1898,#975,.T.);
#2366=EDGE_CURVE('',#1900,#1901,#976,.T.);
#2367=EDGE_CURVE('',#1902,#1901,#1626,.F.);
#2368=EDGE_CURVE('',#1902,#1899,#977,.T.);
#2369=EDGE_CURVE('',#1903,#1898,#159,.T.);
#2370=EDGE_CURVE('',#1903,#1904,#978,.T.);
#2371=EDGE_CURVE('',#1904,#1900,#160,.T.);
#2372=EDGE_CURVE('',#1905,#1892,#1627,.F.);
#2373=EDGE_CURVE('',#1906,#1888,#1628,.T.);
#2374=EDGE_CURVE('',#1906,#1905,#979,.T.);
#2375=EDGE_CURVE('',#1889,#1907,#69,.T.);
#2376=EDGE_CURVE('',#1891,#1908,#1629,.F.);
#2377=EDGE_CURVE('',#1908,#1909,#980,.T.);
#2378=EDGE_CURVE('',#1907,#1909,#1630,.T.);
#2379=EDGE_CURVE('',#1910,#1911,#1631,.T.);
#2380=EDGE_CURVE('',#1912,#1910,#981,.T.);
#2381=EDGE_CURVE('',#1913,#1912,#1632,.T.);
#2382=EDGE_CURVE('',#1911,#1913,#982,.T.);
#2383=EDGE_CURVE('',#1911,#1902,#983,.T.);
#2384=EDGE_CURVE('',#1899,#1913,#984,.T.);
#2385=EDGE_CURVE('',#1914,#1915,#1633,.T.);
#2386=EDGE_CURVE('',#1914,#1916,#985,.T.);
#2387=EDGE_CURVE('',#1916,#1912,#1634,.F.);
#2388=EDGE_CURVE('',#1915,#1910,#70,.T.);
#2389=EDGE_CURVE('',#1910,#1917,#71,.T.);
#2390=EDGE_CURVE('',#1918,#1911,#1635,.T.);
#2391=EDGE_CURVE('',#1918,#1917,#1636,.T.);
#2392=EDGE_CURVE('',#1901,#1918,#986,.T.);
#2393=EDGE_CURVE('',#1919,#1920,#987,.T.);
#2394=EDGE_CURVE('',#1916,#1919,#988,.T.);
#2395=EDGE_CURVE('',#1921,#1914,#989,.T.);
#2396=EDGE_CURVE('',#1921,#1922,#990,.T.);
#2397=EDGE_CURVE('',#1920,#1922,#991,.T.);
#2398=EDGE_CURVE('',#1915,#1917,#1637,.T.);
#2399=EDGE_CURVE('',#1917,#1923,#1638,.T.);
#2400=EDGE_CURVE('',#1914,#1923,#1639,.T.);
#2401=EDGE_CURVE('',#1924,#1921,#72,.T.);
#2402=EDGE_CURVE('',#1923,#1924,#992,.T.);
#2403=EDGE_CURVE('',#1925,#1889,#73,.T.);
#2404=EDGE_CURVE('',#1925,#1906,#1640,.T.);
#2405=EDGE_CURVE('',#1925,#1907,#1641,.T.);
#2406=EDGE_CURVE('',#1926,#1909,#1642,.T.);
#2407=EDGE_CURVE('',#1926,#1925,#1643,.T.);
#2408=EDGE_CURVE('',#1927,#1928,#74,.T.);
#2409=EDGE_CURVE('',#1928,#1926,#993,.T.);
#2410=EDGE_CURVE('',#1909,#1927,#994,.T.);
#2411=EDGE_CURVE('',#1929,#1930,#995,.T.);
#2412=EDGE_CURVE('',#1931,#1929,#996,.T.);
#2413=EDGE_CURVE('',#1927,#1931,#997,.T.);
#2414=EDGE_CURVE('',#1930,#1908,#998,.T.);
#2415=EDGE_CURVE('',#1932,#1931,#75,.T.);
#2416=EDGE_CURVE('',#1929,#1933,#76,.F.);
#2417=EDGE_CURVE('',#1933,#1932,#999,.T.);
#2418=EDGE_CURVE('',#1924,#1928,#1644,.T.);
#2419=EDGE_CURVE('',#1934,#1932,#1645,.T.);
#2420=EDGE_CURVE('',#1922,#1934,#77,.T.);
#2421=EDGE_CURVE('',#1934,#1935,#1000,.T.);
#2422=EDGE_CURVE('',#1933,#1930,#1646,.T.);
#2423=EDGE_CURVE('',#1893,#1936,#1001,.T.);
#2424=EDGE_CURVE('',#1936,#1937,#161,.T.);
#2425=EDGE_CURVE('',#1937,#1938,#1002,.T.);
#2426=EDGE_CURVE('',#1938,#1939,#1003,.T.);
#2427=EDGE_CURVE('',#1939,#1903,#1004,.T.);
#2428=EDGE_CURVE('',#1919,#1935,#1647,.T.);
#2429=EDGE_CURVE('',#1920,#1935,#78,.T.);
#2430=EDGE_CURVE('',#1940,#1939,#1005,.T.);
#2431=EDGE_CURVE('',#1940,#1904,#1006,.T.);
#2432=EDGE_CURVE('',#1938,#1941,#1007,.T.);
#2433=EDGE_CURVE('',#1941,#1940,#1008,.T.);
#2434=EDGE_CURVE('',#1942,#1937,#1009,.T.);
#2435=EDGE_CURVE('',#1942,#1941,#1010,.T.);
#2436=EDGE_CURVE('',#1936,#1943,#1011,.T.);
#2437=EDGE_CURVE('',#1943,#1942,#162,.T.);
#2438=EDGE_CURVE('',#1905,#1943,#1012,.T.);
#2439=EDGE_CURVE('',#1944,#1945,#1013,.T.);
#2440=EDGE_CURVE('',#1946,#1944,#1014,.T.);
#2441=EDGE_CURVE('',#1947,#1946,#1015,.T.);
#2442=EDGE_CURVE('',#1948,#1947,#1016,.T.);
#2443=EDGE_CURVE('',#1948,#1949,#1017,.T.);
#2444=EDGE_CURVE('',#1945,#1949,#1018,.T.);
#2445=EDGE_CURVE('',#1950,#1951,#1648,.T.);
#2446=EDGE_CURVE('',#1950,#1952,#1019,.T.);
#2447=EDGE_CURVE('',#1953,#1952,#1649,.T.);
#2448=EDGE_CURVE('',#1951,#1953,#1020,.T.);
#2449=EDGE_CURVE('',#1954,#1950,#1021,.T.);
#2450=EDGE_CURVE('',#1954,#1955,#1022,.T.);
#2451=EDGE_CURVE('',#1952,#1955,#1023,.T.);
#2452=EDGE_CURVE('',#1956,#1956,#1650,.T.);
#2453=EDGE_CURVE('',#1956,#1957,#1024,.T.);
#2454=EDGE_CURVE('',#1957,#1957,#1651,.T.);
#2455=EDGE_CURVE('',#1958,#1958,#1652,.T.);
#2456=EDGE_CURVE('',#1958,#1959,#1025,.T.);
#2457=EDGE_CURVE('',#1959,#1959,#1653,.T.);
#2458=EDGE_CURVE('',#1960,#1954,#1654,.F.);
#2459=EDGE_CURVE('',#1961,#1950,#1655,.T.);
#2460=EDGE_CURVE('',#1961,#1960,#1026,.T.);
#2461=EDGE_CURVE('',#1951,#1962,#79,.T.);
#2462=EDGE_CURVE('',#1953,#1963,#1656,.F.);
#2463=EDGE_CURVE('',#1963,#1964,#1027,.T.);
#2464=EDGE_CURVE('',#1962,#1964,#1657,.T.);
#2465=EDGE_CURVE('',#1965,#1966,#1658,.T.);
#2466=EDGE_CURVE('',#1967,#1965,#1028,.T.);
#2467=EDGE_CURVE('',#1968,#1967,#1659,.T.);
#2468=EDGE_CURVE('',#1966,#1968,#1029,.T.);
#2469=EDGE_CURVE('',#1966,#1969,#1030,.T.);
#2470=EDGE_CURVE('',#1970,#1968,#1031,.T.);
#2471=EDGE_CURVE('',#1969,#1970,#1032,.T.);
#2472=EDGE_CURVE('',#1947,#1971,#1660,.T.);
#2473=EDGE_CURVE('',#1946,#1967,#1661,.F.);
#2474=EDGE_CURVE('',#1971,#1965,#80,.T.);
#2475=EDGE_CURVE('',#1972,#1966,#1662,.T.);
#2476=EDGE_CURVE('',#1969,#1973,#1663,.F.);
#2477=EDGE_CURVE('',#1973,#1972,#1033,.T.);
#2478=EDGE_CURVE('',#1965,#1974,#81,.T.);
#2479=EDGE_CURVE('',#1972,#1974,#1664,.T.);
#2480=EDGE_CURVE('',#1975,#1948,#82,.T.);
#2481=EDGE_CURVE('',#1976,#1947,#1665,.T.);
#2482=EDGE_CURVE('',#1976,#1975,#1034,.T.);
#2483=EDGE_CURVE('',#1974,#1971,#1666,.T.);
#2484=EDGE_CURVE('',#1974,#1976,#1667,.T.);
#2485=EDGE_CURVE('',#1977,#1951,#83,.T.);
#2486=EDGE_CURVE('',#1977,#1961,#1668,.T.);
#2487=EDGE_CURVE('',#1978,#1979,#84,.T.);
#2488=EDGE_CURVE('',#1979,#1980,#1035,.T.);
#2489=EDGE_CURVE('',#1964,#1980,#1669,.T.);
#2490=EDGE_CURVE('',#1964,#1978,#1036,.T.);
#2491=EDGE_CURVE('',#1980,#1977,#1670,.T.);
#2492=EDGE_CURVE('',#1962,#1977,#1671,.T.);
#2493=EDGE_CURVE('',#1981,#1982,#1037,.T.);
#2494=EDGE_CURVE('',#1983,#1981,#1038,.T.);
#2495=EDGE_CURVE('',#1978,#1983,#1039,.T.);
#2496=EDGE_CURVE('',#1982,#1963,#1040,.T.);
#2497=EDGE_CURVE('',#1984,#1983,#85,.T.);
#2498=EDGE_CURVE('',#1981,#1985,#86,.F.);
#2499=EDGE_CURVE('',#1985,#1984,#1041,.T.);
#2500=EDGE_CURVE('',#1975,#1979,#1672,.T.);
#2501=EDGE_CURVE('',#1986,#1984,#1673,.T.);
#2502=EDGE_CURVE('',#1949,#1986,#87,.T.);
#2503=EDGE_CURVE('',#1986,#1987,#1042,.T.);
#2504=EDGE_CURVE('',#1985,#1982,#1674,.T.);
#2505=EDGE_CURVE('',#1955,#1988,#1043,.T.);
#2506=EDGE_CURVE('',#1988,#1989,#163,.T.);
#2507=EDGE_CURVE('',#1989,#1990,#1044,.T.);
#2508=EDGE_CURVE('',#1990,#1991,#1045,.T.);
#2509=EDGE_CURVE('',#1991,#1992,#1046,.T.);
#2510=EDGE_CURVE('',#1992,#1993,#164,.T.);
#2511=EDGE_CURVE('',#1993,#1970,#1047,.T.);
#2512=EDGE_CURVE('',#1944,#1987,#1675,.T.);
#2513=EDGE_CURVE('',#1945,#1987,#88,.T.);
#2514=EDGE_CURVE('',#1994,#1993,#1048,.T.);
#2515=EDGE_CURVE('',#1994,#1973,#1049,.T.);
#2516=EDGE_CURVE('',#1992,#1995,#1050,.T.);
#2517=EDGE_CURVE('',#1995,#1994,#165,.T.);
#2518=EDGE_CURVE('',#1996,#1991,#1051,.T.);
#2519=EDGE_CURVE('',#1996,#1995,#1052,.T.);
#2520=EDGE_CURVE('',#1990,#1997,#1053,.T.);
#2521=EDGE_CURVE('',#1997,#1996,#1054,.T.);
#2522=EDGE_CURVE('',#1998,#1989,#1055,.T.);
#2523=EDGE_CURVE('',#1998,#1997,#1056,.T.);
#2524=EDGE_CURVE('',#1988,#1999,#1057,.T.);
#2525=EDGE_CURVE('',#1999,#1998,#166,.T.);
#2526=EDGE_CURVE('',#1960,#1999,#1058,.T.);
#2527=EDGE_CURVE('',#2000,#2001,#1059,.T.);
#2528=EDGE_CURVE('',#2000,#2002,#1060,.T.);
#2529=EDGE_CURVE('',#2003,#2002,#1061,.T.);
#2530=EDGE_CURVE('',#2001,#2003,#1062,.T.);
#2531=EDGE_CURVE('',#2004,#2005,#1063,.T.);
#2532=EDGE_CURVE('',#2002,#2004,#1676,.T.);
#2533=EDGE_CURVE('',#2006,#2000,#1677,.T.);
#2534=EDGE_CURVE('',#2007,#2006,#1064,.T.);
#2535=EDGE_CURVE('',#2005,#2007,#1678,.T.);
#2536=EDGE_CURVE('',#2008,#2009,#1065,.T.);
#2537=EDGE_CURVE('',#2008,#2010,#1066,.T.);
#2538=EDGE_CURVE('',#2011,#2010,#1067,.T.);
#2539=EDGE_CURVE('',#2009,#2011,#1068,.T.);
#2540=EDGE_CURVE('',#2012,#2012,#1679,.T.);
#2541=EDGE_CURVE('',#2012,#2013,#1069,.T.);
#2542=EDGE_CURVE('',#2013,#2013,#1680,.T.);
#2543=EDGE_CURVE('',#2014,#2014,#1681,.T.);
#2544=EDGE_CURVE('',#2014,#2015,#1070,.T.);
#2545=EDGE_CURVE('',#2015,#2015,#1682,.T.);
#2546=EDGE_CURVE('',#2016,#2008,#1683,.F.);
#2547=EDGE_CURVE('',#2017,#2009,#1684,.T.);
#2548=EDGE_CURVE('',#2017,#2016,#1071,.T.);
#2549=EDGE_CURVE('',#2018,#2019,#1685,.T.);
#2550=EDGE_CURVE('',#2020,#2018,#1686,.T.);
#2551=EDGE_CURVE('',#2021,#2020,#1072,.T.);
#2552=EDGE_CURVE('',#2022,#2021,#1073,.T.);
#2553=EDGE_CURVE('',#2023,#2022,#167,.T.);
#2554=EDGE_CURVE('',#2024,#2023,#1074,.T.);
#2555=EDGE_CURVE('',#2025,#2024,#1075,.T.);
#2556=EDGE_CURVE('',#2026,#2025,#1076,.T.);
#2557=EDGE_CURVE('',#2027,#2026,#168,.T.);
#2558=EDGE_CURVE('',#2016,#2027,#1077,.T.);
#2559=EDGE_CURVE('',#2028,#2017,#1687,.T.);
#2560=EDGE_CURVE('',#2029,#2028,#1688,.T.);
#2561=EDGE_CURVE('',#2030,#2029,#1078,.T.);
#2562=EDGE_CURVE('',#2031,#2030,#1689,.T.);
#2563=EDGE_CURVE('',#2019,#2031,#1079,.T.);
#2564=EDGE_CURVE('',#2007,#2032,#1690,.T.);
#2565=EDGE_CURVE('',#2033,#2006,#89,.T.);
#2566=EDGE_CURVE('',#2034,#2033,#1691,.T.);
#2567=EDGE_CURVE('',#2034,#2032,#1080,.T.);
#2568=EDGE_CURVE('',#2006,#2018,#90,.T.);
#2569=EDGE_CURVE('',#2020,#2000,#1692,.T.);
#2570=EDGE_CURVE('',#2001,#2021,#1693,.F.);
#2571=EDGE_CURVE('',#2032,#2035,#1081,.T.);
#2572=EDGE_CURVE('',#2036,#2034,#1082,.T.);
#2573=EDGE_CURVE('',#2036,#2035,#1083,.T.);
#2574=EDGE_CURVE('',#2033,#2018,#1694,.T.);
#2575=EDGE_CURVE('',#2034,#2019,#1695,.T.);
#2576=EDGE_CURVE('',#2031,#2036,#91,.T.);
#2577=EDGE_CURVE('',#2028,#2037,#92,.T.);
#2578=EDGE_CURVE('',#2009,#2037,#1696,.T.);
#2579=EDGE_CURVE('',#2028,#2038,#1697,.T.);
#2580=EDGE_CURVE('',#2037,#2038,#93,.T.);
#2581=EDGE_CURVE('',#2038,#2039,#1698,.T.);
#2582=EDGE_CURVE('',#2029,#2039,#1699,.T.);
#2583=EDGE_CURVE('',#2040,#2030,#94,.T.);
#2584=EDGE_CURVE('',#2039,#2040,#1084,.T.);
#2585=EDGE_CURVE('',#2041,#2042,#1085,.T.);
#2586=EDGE_CURVE('',#2040,#2041,#1086,.T.);
#2587=EDGE_CURVE('',#2042,#2039,#1087,.T.);
#2588=EDGE_CURVE('',#2042,#2043,#1700,.T.);
#2589=EDGE_CURVE('',#2037,#2043,#1088,.T.);
#2590=EDGE_CURVE('',#2044,#2045,#1089,.T.);
#2591=EDGE_CURVE('',#2043,#2044,#1701,.T.);
#2592=EDGE_CURVE('',#2045,#2011,#1702,.T.);
#2593=EDGE_CURVE('',#2044,#2046,#95,.F.);
#2594=EDGE_CURVE('',#2046,#2047,#1703,.T.);
#2595=EDGE_CURVE('',#2043,#2047,#1704,.T.);
#2596=EDGE_CURVE('',#2047,#2048,#1705,.T.);
#2597=EDGE_CURVE('',#2042,#2048,#1706,.T.);
#2598=EDGE_CURVE('',#2049,#2041,#96,.T.);
#2599=EDGE_CURVE('',#2048,#2049,#1090,.T.);
#2600=EDGE_CURVE('',#2050,#2049,#1707,.T.);
#2601=EDGE_CURVE('',#2035,#2050,#97,.T.);
#2602=EDGE_CURVE('',#2051,#2052,#1708,.T.);
#2603=EDGE_CURVE('',#2053,#2051,#1709,.T.);
#2604=EDGE_CURVE('',#2050,#2053,#1091,.T.);
#2605=EDGE_CURVE('',#2046,#2045,#1710,.T.);
#2606=EDGE_CURVE('',#2010,#2054,#1092,.T.);
#2607=EDGE_CURVE('',#2054,#2055,#169,.T.);
#2608=EDGE_CURVE('',#2055,#2056,#1093,.T.);
#2609=EDGE_CURVE('',#2056,#2057,#1094,.T.);
#2610=EDGE_CURVE('',#2057,#2058,#1095,.T.);
#2611=EDGE_CURVE('',#2058,#2059,#170,.T.);
#2612=EDGE_CURVE('',#2059,#2003,#1096,.T.);
#2613=EDGE_CURVE('',#2004,#2052,#1711,.T.);
#2614=EDGE_CURVE('',#2032,#2053,#1712,.T.);
#2615=EDGE_CURVE('',#2007,#2051,#1713,.T.);
#2616=EDGE_CURVE('',#2005,#2052,#98,.T.);
#2617=EDGE_CURVE('',#2022,#2059,#1097,.T.);
#2618=EDGE_CURVE('',#2058,#2023,#1098,.T.);
#2619=EDGE_CURVE('',#2024,#2057,#1099,.T.);
#2620=EDGE_CURVE('',#2056,#2025,#1100,.T.);
#2621=EDGE_CURVE('',#2026,#2055,#1101,.T.);
#2622=EDGE_CURVE('',#2054,#2027,#1102,.T.);
#2623=EDGE_CURVE('',#2060,#2061,#1714,.T.);
#2624=EDGE_CURVE('',#2060,#2062,#1103,.T.);
#2625=EDGE_CURVE('',#2063,#2062,#1715,.T.);
#2626=EDGE_CURVE('',#2061,#2063,#1104,.T.);
#2627=EDGE_CURVE('',#2064,#2060,#1105,.T.);
#2628=EDGE_CURVE('',#2064,#2065,#1106,.T.);
#2629=EDGE_CURVE('',#2062,#2065,#1107,.T.);
#2630=EDGE_CURVE('',#2066,#2066,#1716,.T.);
#2631=EDGE_CURVE('',#2066,#2067,#1108,.T.);
#2632=EDGE_CURVE('',#2067,#2067,#1717,.T.);
#2633=EDGE_CURVE('',#2068,#2068,#1718,.T.);
#2634=EDGE_CURVE('',#2068,#2069,#1109,.T.);
#2635=EDGE_CURVE('',#2069,#2069,#1719,.T.);
#2636=EDGE_CURVE('',#2070,#2064,#1720,.F.);
#2637=EDGE_CURVE('',#2071,#2060,#1721,.T.);
#2638=EDGE_CURVE('',#2071,#2070,#1110,.T.);
#2639=EDGE_CURVE('',#2061,#2072,#99,.T.);
#2640=EDGE_CURVE('',#2063,#2073,#1722,.F.);
#2641=EDGE_CURVE('',#2073,#2074,#1111,.T.);
#2642=EDGE_CURVE('',#2072,#2074,#1723,.T.);
#2643=EDGE_CURVE('',#2075,#2076,#1724,.T.);
#2644=EDGE_CURVE('',#2077,#2075,#1112,.T.);
#2645=EDGE_CURVE('',#2078,#2077,#1725,.T.);
#2646=EDGE_CURVE('',#2076,#2078,#1113,.T.);
#2647=EDGE_CURVE('',#2076,#2079,#1114,.T.);
#2648=EDGE_CURVE('',#2080,#2078,#1115,.T.);
#2649=EDGE_CURVE('',#2079,#2080,#1116,.T.);
#2650=EDGE_CURVE('',#2081,#2082,#1726,.T.);
#2651=EDGE_CURVE('',#2081,#2083,#1117,.T.);
#2652=EDGE_CURVE('',#2083,#2077,#1727,.F.);
#2653=EDGE_CURVE('',#2082,#2075,#100,.T.);
#2654=EDGE_CURVE('',#2075,#2084,#101,.T.);
#2655=EDGE_CURVE('',#2085,#2076,#1728,.T.);
#2656=EDGE_CURVE('',#2085,#2084,#1729,.T.);
#2657=EDGE_CURVE('',#2079,#2086,#1730,.F.);
#2658=EDGE_CURVE('',#2086,#2085,#1118,.T.);
#2659=EDGE_CURVE('',#2087,#2088,#1119,.T.);
#2660=EDGE_CURVE('',#2083,#2087,#1120,.T.);
#2661=EDGE_CURVE('',#2089,#2081,#1121,.T.);
#2662=EDGE_CURVE('',#2089,#2090,#1122,.T.);
#2663=EDGE_CURVE('',#2088,#2090,#1123,.T.);
#2664=EDGE_CURVE('',#2082,#2084,#1731,.T.);
#2665=EDGE_CURVE('',#2084,#2091,#1732,.T.);
#2666=EDGE_CURVE('',#2081,#2091,#1733,.T.);
#2667=EDGE_CURVE('',#2092,#2089,#102,.T.);
#2668=EDGE_CURVE('',#2091,#2092,#1124,.T.);
#2669=EDGE_CURVE('',#2093,#2061,#103,.T.);
#2670=EDGE_CURVE('',#2093,#2071,#1734,.T.);
#2671=EDGE_CURVE('',#2093,#2072,#1735,.T.);
#2672=EDGE_CURVE('',#2094,#2074,#1736,.T.);
#2673=EDGE_CURVE('',#2094,#2093,#1737,.T.);
#2674=EDGE_CURVE('',#2095,#2096,#104,.T.);
#2675=EDGE_CURVE('',#2096,#2094,#1125,.T.);
#2676=EDGE_CURVE('',#2074,#2095,#1126,.T.);
#2677=EDGE_CURVE('',#2097,#2098,#1127,.T.);
#2678=EDGE_CURVE('',#2099,#2097,#1128,.T.);
#2679=EDGE_CURVE('',#2095,#2099,#1129,.T.);
#2680=EDGE_CURVE('',#2098,#2073,#1130,.T.);
#2681=EDGE_CURVE('',#2100,#2099,#105,.T.);
#2682=EDGE_CURVE('',#2097,#2101,#106,.F.);
#2683=EDGE_CURVE('',#2101,#2100,#1131,.T.);
#2684=EDGE_CURVE('',#2092,#2096,#1738,.T.);
#2685=EDGE_CURVE('',#2102,#2100,#1739,.T.);
#2686=EDGE_CURVE('',#2090,#2102,#107,.T.);
#2687=EDGE_CURVE('',#2102,#2103,#1132,.T.);
#2688=EDGE_CURVE('',#2101,#2098,#1740,.T.);
#2689=EDGE_CURVE('',#2065,#2104,#1133,.T.);
#2690=EDGE_CURVE('',#2104,#2105,#171,.T.);
#2691=EDGE_CURVE('',#2105,#2106,#1134,.T.);
#2692=EDGE_CURVE('',#2106,#2107,#1135,.T.);
#2693=EDGE_CURVE('',#2107,#2108,#1136,.T.);
#2694=EDGE_CURVE('',#2108,#2109,#172,.T.);
#2695=EDGE_CURVE('',#2109,#2080,#1137,.T.);
#2696=EDGE_CURVE('',#2087,#2103,#1741,.T.);
#2697=EDGE_CURVE('',#2088,#2103,#108,.T.);
#2698=EDGE_CURVE('',#2110,#2109,#1138,.T.);
#2699=EDGE_CURVE('',#2110,#2086,#1139,.T.);
#2700=EDGE_CURVE('',#2108,#2111,#1140,.T.);
#2701=EDGE_CURVE('',#2111,#2110,#173,.T.);
#2702=EDGE_CURVE('',#2112,#2107,#1141,.T.);
#2703=EDGE_CURVE('',#2112,#2111,#1142,.T.);
#2704=EDGE_CURVE('',#2106,#2113,#1143,.T.);
#2705=EDGE_CURVE('',#2113,#2112,#1144,.T.);
#2706=EDGE_CURVE('',#2114,#2105,#1145,.T.);
#2707=EDGE_CURVE('',#2114,#2113,#1146,.T.);
#2708=EDGE_CURVE('',#2104,#2115,#1147,.T.);
#2709=EDGE_CURVE('',#2115,#2114,#174,.T.);
#2710=EDGE_CURVE('',#2070,#2115,#1148,.T.);
#2711=EDGE_CURVE('',#2116,#2117,#1149,.T.);
#2712=EDGE_CURVE('',#2116,#2118,#1150,.T.);
#2713=EDGE_CURVE('',#2119,#2118,#1151,.T.);
#2714=EDGE_CURVE('',#2117,#2119,#1152,.T.);
#2715=EDGE_CURVE('',#2120,#2121,#1153,.T.);
#2716=EDGE_CURVE('',#2118,#2120,#1742,.T.);
#2717=EDGE_CURVE('',#2122,#2116,#1743,.T.);
#2718=EDGE_CURVE('',#2123,#2122,#1154,.T.);
#2719=EDGE_CURVE('',#2121,#2123,#1744,.T.);
#2720=EDGE_CURVE('',#2124,#2125,#1155,.T.);
#2721=EDGE_CURVE('',#2124,#2126,#1156,.T.);
#2722=EDGE_CURVE('',#2127,#2126,#1157,.T.);
#2723=EDGE_CURVE('',#2125,#2127,#1158,.T.);
#2724=EDGE_CURVE('',#2128,#2128,#1745,.T.);
#2725=EDGE_CURVE('',#2128,#2129,#1159,.T.);
#2726=EDGE_CURVE('',#2129,#2129,#1746,.T.);
#2727=EDGE_CURVE('',#2130,#2130,#1747,.T.);
#2728=EDGE_CURVE('',#2130,#2131,#1160,.T.);
#2729=EDGE_CURVE('',#2131,#2131,#1748,.T.);
#2730=EDGE_CURVE('',#2132,#2124,#1749,.F.);
#2731=EDGE_CURVE('',#2133,#2125,#1750,.T.);
#2732=EDGE_CURVE('',#2133,#2132,#1161,.T.);
#2733=EDGE_CURVE('',#2123,#2134,#1751,.T.);
#2734=EDGE_CURVE('',#2135,#2122,#109,.T.);
#2735=EDGE_CURVE('',#2136,#2135,#1752,.T.);
#2736=EDGE_CURVE('',#2136,#2134,#1162,.T.);
#2737=EDGE_CURVE('',#2122,#2137,#110,.T.);
#2738=EDGE_CURVE('',#2138,#2116,#1753,.T.);
#2739=EDGE_CURVE('',#2138,#2137,#1754,.T.);
#2740=EDGE_CURVE('',#2117,#2139,#1755,.F.);
#2741=EDGE_CURVE('',#2139,#2138,#1163,.T.);
#2742=EDGE_CURVE('',#2134,#2140,#1164,.T.);
#2743=EDGE_CURVE('',#2141,#2136,#1165,.T.);
#2744=EDGE_CURVE('',#2141,#2140,#1166,.T.);
#2745=EDGE_CURVE('',#2135,#2137,#1756,.T.);
#2746=EDGE_CURVE('',#2137,#2142,#1757,.T.);
#2747=EDGE_CURVE('',#2136,#2142,#1758,.T.);
#2748=EDGE_CURVE('',#2143,#2141,#111,.T.);
#2749=EDGE_CURVE('',#2142,#2143,#1167,.T.);
#2750=EDGE_CURVE('',#2144,#2145,#112,.T.);
#2751=EDGE_CURVE('',#2144,#2133,#1759,.T.);
#2752=EDGE_CURVE('',#2125,#2145,#1760,.T.);
#2753=EDGE_CURVE('',#2144,#2146,#1761,.T.);
#2754=EDGE_CURVE('',#2145,#2146,#113,.T.);
#2755=EDGE_CURVE('',#2146,#2147,#1762,.T.);
#2756=EDGE_CURVE('',#2148,#2147,#1763,.T.);
#2757=EDGE_CURVE('',#2148,#2144,#1764,.T.);
#2758=EDGE_CURVE('',#2149,#2150,#114,.T.);
#2759=EDGE_CURVE('',#2150,#2148,#1168,.T.);
#2760=EDGE_CURVE('',#2147,#2149,#1169,.T.);
#2761=EDGE_CURVE('',#2151,#2152,#1170,.T.);
#2762=EDGE_CURVE('',#2149,#2151,#1171,.T.);
#2763=EDGE_CURVE('',#2152,#2147,#1172,.T.);
#2764=EDGE_CURVE('',#2152,#2153,#1765,.T.);
#2765=EDGE_CURVE('',#2145,#2153,#1173,.T.);
#2766=EDGE_CURVE('',#2154,#2155,#1174,.T.);
#2767=EDGE_CURVE('',#2153,#2154,#1766,.T.);
#2768=EDGE_CURVE('',#2155,#2127,#1767,.T.);
#2769=EDGE_CURVE('',#2154,#2156,#115,.F.);
#2770=EDGE_CURVE('',#2156,#2157,#1768,.T.);
#2771=EDGE_CURVE('',#2153,#2157,#1769,.T.);
#2772=EDGE_CURVE('',#2157,#2158,#1770,.T.);
#2773=EDGE_CURVE('',#2152,#2158,#1771,.T.);
#2774=EDGE_CURVE('',#2159,#2151,#116,.T.);
#2775=EDGE_CURVE('',#2158,#2159,#1175,.T.);
#2776=EDGE_CURVE('',#2143,#2150,#1772,.T.);
#2777=EDGE_CURVE('',#2160,#2159,#1773,.T.);
#2778=EDGE_CURVE('',#2140,#2160,#117,.T.);
#2779=EDGE_CURVE('',#2161,#2162,#1774,.T.);
#2780=EDGE_CURVE('',#2163,#2161,#1775,.T.);
#2781=EDGE_CURVE('',#2160,#2163,#1176,.T.);
#2782=EDGE_CURVE('',#2156,#2155,#1776,.T.);
#2783=EDGE_CURVE('',#2126,#2164,#1177,.T.);
#2784=EDGE_CURVE('',#2164,#2165,#175,.T.);
#2785=EDGE_CURVE('',#2165,#2166,#1178,.T.);
#2786=EDGE_CURVE('',#2166,#2167,#1179,.T.);
#2787=EDGE_CURVE('',#2167,#2168,#1180,.T.);
#2788=EDGE_CURVE('',#2168,#2169,#176,.T.);
#2789=EDGE_CURVE('',#2169,#2119,#1181,.T.);
#2790=EDGE_CURVE('',#2120,#2162,#1777,.T.);
#2791=EDGE_CURVE('',#2134,#2163,#1778,.T.);
#2792=EDGE_CURVE('',#2123,#2161,#1779,.T.);
#2793=EDGE_CURVE('',#2121,#2162,#118,.T.);
#2794=EDGE_CURVE('',#2170,#2169,#1182,.T.);
#2795=EDGE_CURVE('',#2170,#2139,#1183,.T.);
#2796=EDGE_CURVE('',#2168,#2171,#1184,.T.);
#2797=EDGE_CURVE('',#2171,#2170,#177,.T.);
#2798=EDGE_CURVE('',#2172,#2167,#1185,.T.);
#2799=EDGE_CURVE('',#2172,#2171,#1186,.T.);
#2800=EDGE_CURVE('',#2166,#2173,#1187,.T.);
#2801=EDGE_CURVE('',#2173,#2172,#1188,.T.);
#2802=EDGE_CURVE('',#2174,#2165,#1189,.T.);
#2803=EDGE_CURVE('',#2174,#2173,#1190,.T.);
#2804=EDGE_CURVE('',#2164,#2175,#1191,.T.);
#2805=EDGE_CURVE('',#2175,#2174,#178,.T.);
#2806=EDGE_CURVE('',#2132,#2175,#1192,.T.);
#2807=EDGE_CURVE('',#2176,#2177,#1780,.T.);
#2808=EDGE_CURVE('',#2178,#2176,#1193,.T.);
#2809=EDGE_CURVE('',#2179,#2178,#1781,.T.);
#2810=EDGE_CURVE('',#2180,#2179,#1782,.T.);
#2811=EDGE_CURVE('',#2181,#2180,#1194,.T.);
#2812=EDGE_CURVE('',#2182,#2181,#1195,.T.);
#2813=EDGE_CURVE('',#2183,#2182,#179,.T.);
#2814=EDGE_CURVE('',#2184,#2183,#1196,.T.);
#2815=EDGE_CURVE('',#2185,#2184,#1197,.T.);
#2816=EDGE_CURVE('',#2186,#2185,#1198,.T.);
#2817=EDGE_CURVE('',#2187,#2186,#180,.T.);
#2818=EDGE_CURVE('',#2188,#2187,#1199,.T.);
#2819=EDGE_CURVE('',#2189,#2188,#1200,.T.);
#2820=EDGE_CURVE('',#2190,#2189,#1783,.T.);
#2821=EDGE_CURVE('',#2191,#2190,#1784,.T.);
#2822=EDGE_CURVE('',#2177,#2191,#1201,.T.);
#2823=EDGE_CURVE('',#2186,#2192,#1202,.T.);
#2824=EDGE_CURVE('',#2193,#2192,#1785,.T.);
#2825=EDGE_CURVE('',#2193,#2187,#1203,.T.);
#2826=EDGE_CURVE('',#2194,#2185,#1204,.T.);
#2827=EDGE_CURVE('',#2192,#2194,#1205,.T.);
#2828=EDGE_CURVE('',#2184,#2195,#1206,.T.);
#2829=EDGE_CURVE('',#2196,#2195,#1786,.T.);
#2830=EDGE_CURVE('',#2197,#2196,#1207,.T.);
#2831=EDGE_CURVE('',#2194,#2197,#1787,.T.);
#2832=EDGE_CURVE('',#2198,#2198,#1788,.T.);
#2833=EDGE_CURVE('',#2199,#2199,#1789,.T.);
#2834=EDGE_CURVE('',#2200,#2183,#1208,.T.);
#2835=EDGE_CURVE('',#2195,#2200,#1209,.T.);
#2836=EDGE_CURVE('',#2182,#2201,#1210,.T.);
#2837=EDGE_CURVE('',#2201,#2200,#1790,.T.);
#2838=EDGE_CURVE('',#2202,#2181,#1791,.F.);
#2839=EDGE_CURVE('',#2202,#2203,#1211,.T.);
#2840=EDGE_CURVE('',#2204,#2203,#1212,.T.);
#2841=EDGE_CURVE('',#2201,#2204,#1792,.T.);
#2842=EDGE_CURVE('',#2205,#2205,#1793,.T.);
#2843=EDGE_CURVE('',#2206,#2193,#1794,.T.);
#2844=EDGE_CURVE('',#2207,#2206,#1213,.T.);
#2845=EDGE_CURVE('',#2208,#2207,#1214,.T.);
#2846=EDGE_CURVE('',#2188,#2208,#1795,.F.);
#2847=EDGE_CURVE('',#2209,#2209,#1796,.T.);
#2848=EDGE_CURVE('',#2210,#2177,#119,.T.);
#2849=EDGE_CURVE('',#2191,#2211,#1797,.T.);
#2850=EDGE_CURVE('',#2211,#2210,#1215,.T.);
#2851=EDGE_CURVE('',#2190,#2212,#1798,.T.);
#2852=EDGE_CURVE('',#2212,#2211,#1799,.T.);
#2853=EDGE_CURVE('',#2190,#2213,#120,.T.);
#2854=EDGE_CURVE('',#2213,#2212,#121,.T.);
#2855=EDGE_CURVE('',#2210,#2214,#1216,.T.);
#2856=EDGE_CURVE('',#2215,#2214,#1800,.T.);
#2857=EDGE_CURVE('',#2216,#2215,#1217,.T.);
#2858=EDGE_CURVE('',#2176,#2216,#122,.T.);
#2859=EDGE_CURVE('',#2217,#2211,#1218,.T.);
#2860=EDGE_CURVE('',#2218,#2217,#123,.T.);
#2861=EDGE_CURVE('',#2219,#2218,#1219,.T.);
#2862=EDGE_CURVE('',#2214,#2219,#1220,.T.);
#2863=EDGE_CURVE('',#2216,#2220,#1221,.T.);
#2864=EDGE_CURVE('',#2220,#2178,#1801,.T.);
#2865=EDGE_CURVE('',#2221,#2179,#1802,.T.);
#2866=EDGE_CURVE('',#2220,#2221,#1803,.T.);
#2867=EDGE_CURVE('',#2221,#2222,#124,.T.);
#2868=EDGE_CURVE('',#2222,#2179,#125,.T.);
#2869=EDGE_CURVE('',#2222,#2223,#1804,.T.);
#2870=EDGE_CURVE('',#2180,#2223,#1805,.T.);
#2871=EDGE_CURVE('',#2220,#2224,#1222,.T.);
#2872=EDGE_CURVE('',#2224,#2225,#1806,.T.);
#2873=EDGE_CURVE('',#2225,#2222,#1223,.T.);
#2874=EDGE_CURVE('',#2215,#2226,#1224,.T.);
#2875=EDGE_CURVE('',#2227,#2226,#1225,.T.);
#2876=EDGE_CURVE('',#2224,#2227,#126,.T.);
#2877=EDGE_CURVE('',#2223,#2202,#1226,.T.);
#2878=EDGE_CURVE('',#2189,#2228,#1807,.T.);
#2879=EDGE_CURVE('',#2228,#2213,#1808,.T.);
#2880=EDGE_CURVE('',#2213,#2229,#1227,.T.);
#2881=EDGE_CURVE('',#2229,#2217,#1809,.T.);
#2882=EDGE_CURVE('',#2229,#2230,#127,.T.);
#2883=EDGE_CURVE('',#2230,#2218,#1810,.T.);
#2884=EDGE_CURVE('',#2230,#2231,#1228,.T.);
#2885=EDGE_CURVE('',#2231,#2219,#181,.T.);
#2886=EDGE_CURVE('',#2208,#2228,#1229,.T.);
#2887=EDGE_CURVE('',#2226,#2219,#1230,.T.);
#2888=EDGE_CURVE('',#2231,#2232,#1231,.T.);
#2889=EDGE_CURVE('',#2232,#2226,#182,.T.);
#2890=EDGE_CURVE('',#2227,#2233,#1811,.T.);
#2891=EDGE_CURVE('',#2233,#2225,#128,.T.);
#2892=EDGE_CURVE('',#2232,#2233,#1232,.T.);
#2893=EDGE_CURVE('',#2234,#2225,#1812,.T.);
#2894=EDGE_CURVE('',#2223,#2234,#1233,.T.);
#2895=EDGE_CURVE('',#2233,#2235,#1813,.T.);
#2896=EDGE_CURVE('',#2234,#2235,#1814,.T.);
#2897=EDGE_CURVE('',#2236,#2230,#1815,.T.);
#2898=EDGE_CURVE('',#2237,#2236,#1234,.T.);
#2899=EDGE_CURVE('',#2238,#2237,#1235,.T.);
#2900=EDGE_CURVE('',#2197,#2238,#1236,.T.);
#2901=EDGE_CURVE('',#2239,#2196,#1237,.T.);
#2902=EDGE_CURVE('',#2240,#2239,#1238,.T.);
#2903=EDGE_CURVE('',#2235,#2240,#1239,.T.);
#2904=EDGE_CURVE('',#2229,#2241,#1816,.T.);
#2905=EDGE_CURVE('',#2241,#2236,#1817,.T.);
#2906=EDGE_CURVE('',#2228,#2241,#1240,.T.);
#2907=EDGE_CURVE('',#2241,#2207,#1241,.T.);
#2908=EDGE_CURVE('',#2206,#2238,#1818,.T.);
#2909=EDGE_CURVE('',#2237,#2207,#183,.T.);
#2910=EDGE_CURVE('',#2192,#2238,#1819,.T.);
#2911=EDGE_CURVE('',#2203,#2234,#1242,.T.);
#2912=EDGE_CURVE('',#2240,#2203,#184,.T.);
#2913=EDGE_CURVE('',#2204,#2239,#1820,.T.);
#2914=EDGE_CURVE('',#2239,#2200,#1821,.T.);
#2915=EDGE_CURVE('',#2209,#2198,#1243,.T.);
#2916=EDGE_CURVE('',#2205,#2199,#1244,.T.);
#2917=EDGE_CURVE('',#2214,#2215,#1245,.T.);
#2918=ORIENTED_EDGE('',*,*,#2242,.T.);
#2919=ORIENTED_EDGE('',*,*,#2243,.T.);
#2920=ORIENTED_EDGE('',*,*,#2244,.F.);
#2921=ORIENTED_EDGE('',*,*,#2245,.F.);
#2922=ORIENTED_EDGE('',*,*,#2246,.F.);
#2923=ORIENTED_EDGE('',*,*,#2247,.F.);
#2924=ORIENTED_EDGE('',*,*,#2248,.F.);
#2925=ORIENTED_EDGE('',*,*,#2249,.T.);
#2926=ORIENTED_EDGE('',*,*,#2250,.F.);
#2927=ORIENTED_EDGE('',*,*,#2251,.F.);
#2928=ORIENTED_EDGE('',*,*,#2252,.F.);
#2929=ORIENTED_EDGE('',*,*,#2253,.F.);
#2930=ORIENTED_EDGE('',*,*,#2254,.F.);
#2931=ORIENTED_EDGE('',*,*,#2255,.F.);
#2932=ORIENTED_EDGE('',*,*,#2256,.F.);
#2933=ORIENTED_EDGE('',*,*,#2257,.T.);
#2934=ORIENTED_EDGE('',*,*,#2258,.F.);
#2935=ORIENTED_EDGE('',*,*,#2257,.F.);
#2936=ORIENTED_EDGE('',*,*,#2259,.F.);
#2937=ORIENTED_EDGE('',*,*,#2260,.T.);
#2938=ORIENTED_EDGE('',*,*,#2261,.F.);
#2939=ORIENTED_EDGE('',*,*,#2260,.F.);
#2940=ORIENTED_EDGE('',*,*,#2262,.F.);
#2941=ORIENTED_EDGE('',*,*,#2263,.F.);
#2942=ORIENTED_EDGE('',*,*,#2264,.F.);
#2943=ORIENTED_EDGE('',*,*,#2265,.F.);
#2944=ORIENTED_EDGE('',*,*,#2266,.F.);
#2945=ORIENTED_EDGE('',*,*,#2264,.T.);
#2946=ORIENTED_EDGE('',*,*,#2267,.T.);
#2947=ORIENTED_EDGE('',*,*,#2248,.T.);
#2948=ORIENTED_EDGE('',*,*,#2268,.F.);
#2949=ORIENTED_EDGE('',*,*,#2269,.T.);
#2950=ORIENTED_EDGE('',*,*,#2270,.F.);
#2951=ORIENTED_EDGE('',*,*,#2249,.F.);
#2952=ORIENTED_EDGE('',*,*,#2267,.F.);
#2953=ORIENTED_EDGE('',*,*,#2263,.T.);
#2954=ORIENTED_EDGE('',*,*,#2261,.T.);
#2955=ORIENTED_EDGE('',*,*,#2258,.T.);
#2956=ORIENTED_EDGE('',*,*,#2271,.F.);
#2957=ORIENTED_EDGE('',*,*,#2272,.F.);
#2958=ORIENTED_EDGE('',*,*,#2273,.F.);
#2959=ORIENTED_EDGE('',*,*,#2269,.F.);
#2960=ORIENTED_EDGE('',*,*,#2274,.F.);
#2961=ORIENTED_EDGE('',*,*,#2250,.T.);
#2962=ORIENTED_EDGE('',*,*,#2270,.T.);
#2963=ORIENTED_EDGE('',*,*,#2273,.T.);
#2964=ORIENTED_EDGE('',*,*,#2275,.F.);
#2965=ORIENTED_EDGE('',*,*,#2276,.F.);
#2966=ORIENTED_EDGE('',*,*,#2277,.F.);
#2967=ORIENTED_EDGE('',*,*,#2278,.F.);
#2968=ORIENTED_EDGE('',*,*,#2279,.F.);
#2969=ORIENTED_EDGE('',*,*,#2280,.F.);
#2970=ORIENTED_EDGE('',*,*,#2277,.T.);
#2971=ORIENTED_EDGE('',*,*,#2281,.F.);
#2972=ORIENTED_EDGE('',*,*,#2282,.F.);
#2973=ORIENTED_EDGE('',*,*,#2246,.T.);
#2974=ORIENTED_EDGE('',*,*,#2283,.F.);
#2975=ORIENTED_EDGE('',*,*,#2280,.T.);
#2976=ORIENTED_EDGE('',*,*,#2284,.F.);
#2977=ORIENTED_EDGE('',*,*,#2285,.F.);
#2978=ORIENTED_EDGE('',*,*,#2278,.T.);
#2979=ORIENTED_EDGE('',*,*,#2283,.T.);
#2980=ORIENTED_EDGE('',*,*,#2245,.T.);
#2981=ORIENTED_EDGE('',*,*,#2286,.T.);
#2982=ORIENTED_EDGE('',*,*,#2266,.T.);
#2983=ORIENTED_EDGE('',*,*,#2287,.F.);
#2984=ORIENTED_EDGE('',*,*,#2288,.T.);
#2985=ORIENTED_EDGE('',*,*,#2289,.T.);
#2986=ORIENTED_EDGE('',*,*,#2287,.T.);
#2987=ORIENTED_EDGE('',*,*,#2247,.T.);
#2988=ORIENTED_EDGE('',*,*,#2284,.T.);
#2989=ORIENTED_EDGE('',*,*,#2290,.F.);
#2990=ORIENTED_EDGE('',*,*,#2291,.F.);
#2991=ORIENTED_EDGE('',*,*,#2292,.F.);
#2992=ORIENTED_EDGE('',*,*,#2293,.F.);
#2993=ORIENTED_EDGE('',*,*,#2294,.F.);
#2994=ORIENTED_EDGE('',*,*,#2259,.T.);
#2995=ORIENTED_EDGE('',*,*,#2295,.F.);
#2996=ORIENTED_EDGE('',*,*,#2291,.T.);
#2997=ORIENTED_EDGE('',*,*,#2296,.F.);
#2998=ORIENTED_EDGE('',*,*,#2297,.F.);
#2999=ORIENTED_EDGE('',*,*,#2298,.F.);
#3000=ORIENTED_EDGE('',*,*,#2299,.F.);
#3001=ORIENTED_EDGE('',*,*,#2297,.T.);
#3002=ORIENTED_EDGE('',*,*,#2300,.F.);
#3003=ORIENTED_EDGE('',*,*,#2301,.F.);
#3004=ORIENTED_EDGE('',*,*,#2253,.T.);
#3005=ORIENTED_EDGE('',*,*,#2302,.F.);
#3006=ORIENTED_EDGE('',*,*,#2299,.T.);
#3007=ORIENTED_EDGE('',*,*,#2251,.T.);
#3008=ORIENTED_EDGE('',*,*,#2303,.F.);
#3009=ORIENTED_EDGE('',*,*,#2292,.T.);
#3010=ORIENTED_EDGE('',*,*,#2304,.F.);
#3011=ORIENTED_EDGE('',*,*,#2303,.T.);
#3012=ORIENTED_EDGE('',*,*,#2274,.T.);
#3013=ORIENTED_EDGE('',*,*,#2305,.F.);
#3014=ORIENTED_EDGE('',*,*,#2293,.T.);
#3015=ORIENTED_EDGE('',*,*,#2306,.F.);
#3016=ORIENTED_EDGE('',*,*,#2294,.T.);
#3017=ORIENTED_EDGE('',*,*,#2305,.T.);
#3018=ORIENTED_EDGE('',*,*,#2272,.T.);
#3019=ORIENTED_EDGE('',*,*,#2295,.T.);
#3020=ORIENTED_EDGE('',*,*,#2302,.T.);
#3021=ORIENTED_EDGE('',*,*,#2252,.T.);
#3022=ORIENTED_EDGE('',*,*,#2304,.T.);
#3023=ORIENTED_EDGE('',*,*,#2307,.F.);
#3024=ORIENTED_EDGE('',*,*,#2308,.F.);
#3025=ORIENTED_EDGE('',*,*,#2243,.F.);
#3026=ORIENTED_EDGE('',*,*,#2309,.T.);
#3027=ORIENTED_EDGE('',*,*,#2310,.F.);
#3028=ORIENTED_EDGE('',*,*,#2311,.F.);
#3029=ORIENTED_EDGE('',*,*,#2312,.F.);
#3030=ORIENTED_EDGE('',*,*,#2309,.F.);
#3031=ORIENTED_EDGE('',*,*,#2313,.T.);
#3032=ORIENTED_EDGE('',*,*,#2314,.F.);
#3033=ORIENTED_EDGE('',*,*,#2315,.F.);
#3034=ORIENTED_EDGE('',*,*,#2313,.F.);
#3035=ORIENTED_EDGE('',*,*,#2316,.T.);
#3036=ORIENTED_EDGE('',*,*,#2317,.F.);
#3037=ORIENTED_EDGE('',*,*,#2318,.F.);
#3038=ORIENTED_EDGE('',*,*,#2275,.T.);
#3039=ORIENTED_EDGE('',*,*,#2319,.F.);
#3040=ORIENTED_EDGE('',*,*,#2315,.T.);
#3041=ORIENTED_EDGE('',*,*,#2320,.F.);
#3042=ORIENTED_EDGE('',*,*,#2319,.T.);
#3043=ORIENTED_EDGE('',*,*,#2279,.T.);
#3044=ORIENTED_EDGE('',*,*,#2321,.F.);
#3045=ORIENTED_EDGE('',*,*,#2310,.T.);
#3046=ORIENTED_EDGE('',*,*,#2321,.T.);
#3047=ORIENTED_EDGE('',*,*,#2285,.T.);
#3048=ORIENTED_EDGE('',*,*,#2322,.F.);
#3049=ORIENTED_EDGE('',*,*,#2311,.T.);
#3050=ORIENTED_EDGE('',*,*,#2254,.T.);
#3051=ORIENTED_EDGE('',*,*,#2323,.F.);
#3052=ORIENTED_EDGE('',*,*,#2324,.T.);
#3053=ORIENTED_EDGE('',*,*,#2325,.F.);
#3054=ORIENTED_EDGE('',*,*,#2323,.T.);
#3055=ORIENTED_EDGE('',*,*,#2301,.T.);
#3056=ORIENTED_EDGE('',*,*,#2326,.F.);
#3057=ORIENTED_EDGE('',*,*,#2327,.T.);
#3058=ORIENTED_EDGE('',*,*,#2328,.F.);
#3059=ORIENTED_EDGE('',*,*,#2329,.T.);
#3060=ORIENTED_EDGE('',*,*,#2326,.T.);
#3061=ORIENTED_EDGE('',*,*,#2298,.T.);
#3062=ORIENTED_EDGE('',*,*,#2330,.T.);
#3063=ORIENTED_EDGE('',*,*,#2331,.F.);
#3064=ORIENTED_EDGE('',*,*,#2255,.T.);
#3065=ORIENTED_EDGE('',*,*,#2325,.T.);
#3066=ORIENTED_EDGE('',*,*,#2307,.T.);
#3067=ORIENTED_EDGE('',*,*,#2332,.F.);
#3068=ORIENTED_EDGE('',*,*,#2312,.T.);
#3069=ORIENTED_EDGE('',*,*,#2322,.T.);
#3070=ORIENTED_EDGE('',*,*,#2244,.T.);
#3071=ORIENTED_EDGE('',*,*,#2332,.T.);
#3072=ORIENTED_EDGE('',*,*,#2333,.F.);
#3073=ORIENTED_EDGE('',*,*,#2334,.F.);
#3074=ORIENTED_EDGE('',*,*,#2308,.T.);
#3075=ORIENTED_EDGE('',*,*,#2324,.F.);
#3076=ORIENTED_EDGE('',*,*,#2327,.F.);
#3077=ORIENTED_EDGE('',*,*,#2329,.F.);
#3078=ORIENTED_EDGE('',*,*,#2335,.T.);
#3079=ORIENTED_EDGE('',*,*,#2336,.T.);
#3080=ORIENTED_EDGE('',*,*,#2337,.F.);
#3081=ORIENTED_EDGE('',*,*,#2328,.T.);
#3082=ORIENTED_EDGE('',*,*,#2338,.T.);
#3083=ORIENTED_EDGE('',*,*,#2333,.T.);
#3084=ORIENTED_EDGE('',*,*,#2337,.T.);
#3085=ORIENTED_EDGE('',*,*,#2339,.T.);
#3086=ORIENTED_EDGE('',*,*,#2340,.F.);
#3087=ORIENTED_EDGE('',*,*,#2316,.F.);
#3088=ORIENTED_EDGE('',*,*,#2242,.F.);
#3089=ORIENTED_EDGE('',*,*,#2334,.T.);
#3090=ORIENTED_EDGE('',*,*,#2338,.F.);
#3091=ORIENTED_EDGE('',*,*,#2341,.F.);
#3092=ORIENTED_EDGE('',*,*,#2342,.F.);
#3093=ORIENTED_EDGE('',*,*,#2343,.F.);
#3094=ORIENTED_EDGE('',*,*,#2341,.T.);
#3095=ORIENTED_EDGE('',*,*,#2339,.F.);
#3096=ORIENTED_EDGE('',*,*,#2336,.F.);
#3097=ORIENTED_EDGE('',*,*,#2344,.T.);
#3098=ORIENTED_EDGE('',*,*,#2330,.F.);
#3099=ORIENTED_EDGE('',*,*,#2300,.T.);
#3100=ORIENTED_EDGE('',*,*,#2296,.T.);
#3101=ORIENTED_EDGE('',*,*,#2290,.T.);
#3102=ORIENTED_EDGE('',*,*,#2306,.T.);
#3103=ORIENTED_EDGE('',*,*,#2271,.T.);
#3104=ORIENTED_EDGE('',*,*,#2268,.T.);
#3105=ORIENTED_EDGE('',*,*,#2262,.T.);
#3106=ORIENTED_EDGE('',*,*,#2345,.T.);
#3107=ORIENTED_EDGE('',*,*,#2346,.T.);
#3108=ORIENTED_EDGE('',*,*,#2281,.T.);
#3109=ORIENTED_EDGE('',*,*,#2276,.T.);
#3110=ORIENTED_EDGE('',*,*,#2318,.T.);
#3111=ORIENTED_EDGE('',*,*,#2347,.T.);
#3112=ORIENTED_EDGE('',*,*,#2348,.F.);
#3113=ORIENTED_EDGE('',*,*,#2320,.T.);
#3114=ORIENTED_EDGE('',*,*,#2349,.F.);
#3115=ORIENTED_EDGE('',*,*,#2342,.T.);
#3116=ORIENTED_EDGE('',*,*,#2340,.T.);
#3117=ORIENTED_EDGE('',*,*,#2343,.T.);
#3118=ORIENTED_EDGE('',*,*,#2349,.T.);
#3119=ORIENTED_EDGE('',*,*,#2314,.T.);
#3120=ORIENTED_EDGE('',*,*,#2345,.F.);
#3121=ORIENTED_EDGE('',*,*,#2265,.T.);
#3122=ORIENTED_EDGE('',*,*,#2286,.F.);
#3123=ORIENTED_EDGE('',*,*,#2350,.T.);
#3124=ORIENTED_EDGE('',*,*,#2346,.F.);
#3125=ORIENTED_EDGE('',*,*,#2350,.F.);
#3126=ORIENTED_EDGE('',*,*,#2288,.F.);
#3127=ORIENTED_EDGE('',*,*,#2289,.F.);
#3128=ORIENTED_EDGE('',*,*,#2282,.T.);
#3129=ORIENTED_EDGE('',*,*,#2256,.T.);
#3130=ORIENTED_EDGE('',*,*,#2344,.F.);
#3131=ORIENTED_EDGE('',*,*,#2335,.F.);
#3132=ORIENTED_EDGE('',*,*,#2331,.T.);
#3133=ORIENTED_EDGE('',*,*,#2347,.F.);
#3134=ORIENTED_EDGE('',*,*,#2317,.T.);
#3135=ORIENTED_EDGE('',*,*,#2348,.T.);
#3136=ORIENTED_EDGE('',*,*,#2351,.F.);
#3137=ORIENTED_EDGE('',*,*,#2352,.T.);
#3138=ORIENTED_EDGE('',*,*,#2353,.F.);
#3139=ORIENTED_EDGE('',*,*,#2354,.F.);
#3140=ORIENTED_EDGE('',*,*,#2355,.F.);
#3141=ORIENTED_EDGE('',*,*,#2356,.T.);
#3142=ORIENTED_EDGE('',*,*,#2357,.F.);
#3143=ORIENTED_EDGE('',*,*,#2352,.F.);
#3144=ORIENTED_EDGE('',*,*,#2358,.F.);
#3145=ORIENTED_EDGE('',*,*,#2359,.T.);
#3146=ORIENTED_EDGE('',*,*,#2360,.F.);
#3147=ORIENTED_EDGE('',*,*,#2359,.F.);
#3148=ORIENTED_EDGE('',*,*,#2361,.F.);
#3149=ORIENTED_EDGE('',*,*,#2362,.T.);
#3150=ORIENTED_EDGE('',*,*,#2363,.F.);
#3151=ORIENTED_EDGE('',*,*,#2362,.F.);
#3152=ORIENTED_EDGE('',*,*,#2364,.F.);
#3153=ORIENTED_EDGE('',*,*,#2365,.F.);
#3154=ORIENTED_EDGE('',*,*,#2366,.T.);
#3155=ORIENTED_EDGE('',*,*,#2367,.F.);
#3156=ORIENTED_EDGE('',*,*,#2368,.T.);
#3157=ORIENTED_EDGE('',*,*,#2358,.T.);
#3158=ORIENTED_EDGE('',*,*,#2369,.F.);
#3159=ORIENTED_EDGE('',*,*,#2370,.T.);
#3160=ORIENTED_EDGE('',*,*,#2371,.T.);
#3161=ORIENTED_EDGE('',*,*,#2365,.T.);
#3162=ORIENTED_EDGE('',*,*,#2372,.T.);
#3163=ORIENTED_EDGE('',*,*,#2355,.T.);
#3164=ORIENTED_EDGE('',*,*,#2373,.F.);
#3165=ORIENTED_EDGE('',*,*,#2374,.T.);
#3166=ORIENTED_EDGE('',*,*,#2375,.F.);
#3167=ORIENTED_EDGE('',*,*,#2354,.T.);
#3168=ORIENTED_EDGE('',*,*,#2376,.T.);
#3169=ORIENTED_EDGE('',*,*,#2377,.T.);
#3170=ORIENTED_EDGE('',*,*,#2378,.F.);
#3171=ORIENTED_EDGE('',*,*,#2379,.F.);
#3172=ORIENTED_EDGE('',*,*,#2380,.F.);
#3173=ORIENTED_EDGE('',*,*,#2381,.F.);
#3174=ORIENTED_EDGE('',*,*,#2382,.F.);
#3175=ORIENTED_EDGE('',*,*,#2383,.F.);
#3176=ORIENTED_EDGE('',*,*,#2382,.T.);
#3177=ORIENTED_EDGE('',*,*,#2384,.F.);
#3178=ORIENTED_EDGE('',*,*,#2368,.F.);
#3179=ORIENTED_EDGE('',*,*,#2385,.F.);
#3180=ORIENTED_EDGE('',*,*,#2386,.T.);
#3181=ORIENTED_EDGE('',*,*,#2387,.T.);
#3182=ORIENTED_EDGE('',*,*,#2380,.T.);
#3183=ORIENTED_EDGE('',*,*,#2388,.F.);
#3184=ORIENTED_EDGE('',*,*,#2389,.F.);
#3185=ORIENTED_EDGE('',*,*,#2379,.T.);
#3186=ORIENTED_EDGE('',*,*,#2390,.F.);
#3187=ORIENTED_EDGE('',*,*,#2391,.T.);
#3188=ORIENTED_EDGE('',*,*,#2390,.T.);
#3189=ORIENTED_EDGE('',*,*,#2383,.T.);
#3190=ORIENTED_EDGE('',*,*,#2367,.T.);
#3191=ORIENTED_EDGE('',*,*,#2392,.T.);
#3192=ORIENTED_EDGE('',*,*,#2393,.F.);
#3193=ORIENTED_EDGE('',*,*,#2394,.F.);
#3194=ORIENTED_EDGE('',*,*,#2386,.F.);
#3195=ORIENTED_EDGE('',*,*,#2395,.F.);
#3196=ORIENTED_EDGE('',*,*,#2396,.T.);
#3197=ORIENTED_EDGE('',*,*,#2397,.F.);
#3198=ORIENTED_EDGE('',*,*,#2388,.T.);
#3199=ORIENTED_EDGE('',*,*,#2389,.T.);
#3200=ORIENTED_EDGE('',*,*,#2398,.F.);
#3201=ORIENTED_EDGE('',*,*,#2398,.T.);
#3202=ORIENTED_EDGE('',*,*,#2399,.T.);
#3203=ORIENTED_EDGE('',*,*,#2400,.F.);
#3204=ORIENTED_EDGE('',*,*,#2385,.T.);
#3205=ORIENTED_EDGE('',*,*,#2401,.T.);
#3206=ORIENTED_EDGE('',*,*,#2395,.T.);
#3207=ORIENTED_EDGE('',*,*,#2400,.T.);
#3208=ORIENTED_EDGE('',*,*,#2402,.T.);
#3209=ORIENTED_EDGE('',*,*,#2403,.F.);
#3210=ORIENTED_EDGE('',*,*,#2404,.T.);
#3211=ORIENTED_EDGE('',*,*,#2373,.T.);
#3212=ORIENTED_EDGE('',*,*,#2351,.T.);
#3213=ORIENTED_EDGE('',*,*,#2405,.F.);
#3214=ORIENTED_EDGE('',*,*,#2403,.T.);
#3215=ORIENTED_EDGE('',*,*,#2375,.T.);
#3216=ORIENTED_EDGE('',*,*,#2405,.T.);
#3217=ORIENTED_EDGE('',*,*,#2378,.T.);
#3218=ORIENTED_EDGE('',*,*,#2406,.F.);
#3219=ORIENTED_EDGE('',*,*,#2407,.T.);
#3220=ORIENTED_EDGE('',*,*,#2408,.T.);
#3221=ORIENTED_EDGE('',*,*,#2409,.T.);
#3222=ORIENTED_EDGE('',*,*,#2406,.T.);
#3223=ORIENTED_EDGE('',*,*,#2410,.T.);
#3224=ORIENTED_EDGE('',*,*,#2411,.F.);
#3225=ORIENTED_EDGE('',*,*,#2412,.F.);
#3226=ORIENTED_EDGE('',*,*,#2413,.F.);
#3227=ORIENTED_EDGE('',*,*,#2410,.F.);
#3228=ORIENTED_EDGE('',*,*,#2377,.F.);
#3229=ORIENTED_EDGE('',*,*,#2414,.F.);
#3230=ORIENTED_EDGE('',*,*,#2415,.T.);
#3231=ORIENTED_EDGE('',*,*,#2412,.T.);
#3232=ORIENTED_EDGE('',*,*,#2416,.T.);
#3233=ORIENTED_EDGE('',*,*,#2417,.T.);
#3234=ORIENTED_EDGE('',*,*,#2418,.T.);
#3235=ORIENTED_EDGE('',*,*,#2408,.F.);
#3236=ORIENTED_EDGE('',*,*,#2413,.T.);
#3237=ORIENTED_EDGE('',*,*,#2415,.F.);
#3238=ORIENTED_EDGE('',*,*,#2419,.F.);
#3239=ORIENTED_EDGE('',*,*,#2420,.F.);
#3240=ORIENTED_EDGE('',*,*,#2396,.F.);
#3241=ORIENTED_EDGE('',*,*,#2401,.F.);
#3242=ORIENTED_EDGE('',*,*,#2421,.F.);
#3243=ORIENTED_EDGE('',*,*,#2419,.T.);
#3244=ORIENTED_EDGE('',*,*,#2417,.F.);
#3245=ORIENTED_EDGE('',*,*,#2422,.T.);
#3246=ORIENTED_EDGE('',*,*,#2414,.T.);
#3247=ORIENTED_EDGE('',*,*,#2376,.F.);
#3248=ORIENTED_EDGE('',*,*,#2353,.T.);
#3249=ORIENTED_EDGE('',*,*,#2357,.T.);
#3250=ORIENTED_EDGE('',*,*,#2423,.T.);
#3251=ORIENTED_EDGE('',*,*,#2424,.T.);
#3252=ORIENTED_EDGE('',*,*,#2425,.T.);
#3253=ORIENTED_EDGE('',*,*,#2426,.T.);
#3254=ORIENTED_EDGE('',*,*,#2427,.T.);
#3255=ORIENTED_EDGE('',*,*,#2369,.T.);
#3256=ORIENTED_EDGE('',*,*,#2364,.T.);
#3257=ORIENTED_EDGE('',*,*,#2384,.T.);
#3258=ORIENTED_EDGE('',*,*,#2381,.T.);
#3259=ORIENTED_EDGE('',*,*,#2387,.F.);
#3260=ORIENTED_EDGE('',*,*,#2394,.T.);
#3261=ORIENTED_EDGE('',*,*,#2428,.T.);
#3262=ORIENTED_EDGE('',*,*,#2420,.T.);
#3263=ORIENTED_EDGE('',*,*,#2421,.T.);
#3264=ORIENTED_EDGE('',*,*,#2429,.F.);
#3265=ORIENTED_EDGE('',*,*,#2397,.T.);
#3266=ORIENTED_EDGE('',*,*,#2427,.F.);
#3267=ORIENTED_EDGE('',*,*,#2430,.F.);
#3268=ORIENTED_EDGE('',*,*,#2431,.T.);
#3269=ORIENTED_EDGE('',*,*,#2370,.F.);
#3270=ORIENTED_EDGE('',*,*,#2426,.F.);
#3271=ORIENTED_EDGE('',*,*,#2432,.T.);
#3272=ORIENTED_EDGE('',*,*,#2433,.T.);
#3273=ORIENTED_EDGE('',*,*,#2430,.T.);
#3274=ORIENTED_EDGE('',*,*,#2360,.T.);
#3275=ORIENTED_EDGE('',*,*,#2363,.T.);
#3276=ORIENTED_EDGE('',*,*,#2425,.F.);
#3277=ORIENTED_EDGE('',*,*,#2434,.F.);
#3278=ORIENTED_EDGE('',*,*,#2435,.T.);
#3279=ORIENTED_EDGE('',*,*,#2432,.F.);
#3280=ORIENTED_EDGE('',*,*,#2424,.F.);
#3281=ORIENTED_EDGE('',*,*,#2436,.T.);
#3282=ORIENTED_EDGE('',*,*,#2437,.T.);
#3283=ORIENTED_EDGE('',*,*,#2434,.T.);
#3284=ORIENTED_EDGE('',*,*,#2423,.F.);
#3285=ORIENTED_EDGE('',*,*,#2356,.F.);
#3286=ORIENTED_EDGE('',*,*,#2372,.F.);
#3287=ORIENTED_EDGE('',*,*,#2438,.T.);
#3288=ORIENTED_EDGE('',*,*,#2436,.F.);
#3289=ORIENTED_EDGE('',*,*,#2361,.T.);
#3290=ORIENTED_EDGE('',*,*,#2371,.F.);
#3291=ORIENTED_EDGE('',*,*,#2431,.F.);
#3292=ORIENTED_EDGE('',*,*,#2433,.F.);
#3293=ORIENTED_EDGE('',*,*,#2435,.F.);
#3294=ORIENTED_EDGE('',*,*,#2437,.F.);
#3295=ORIENTED_EDGE('',*,*,#2438,.F.);
#3296=ORIENTED_EDGE('',*,*,#2374,.F.);
#3297=ORIENTED_EDGE('',*,*,#2404,.F.);
#3298=ORIENTED_EDGE('',*,*,#2407,.F.);
#3299=ORIENTED_EDGE('',*,*,#2409,.F.);
#3300=ORIENTED_EDGE('',*,*,#2418,.F.);
#3301=ORIENTED_EDGE('',*,*,#2402,.F.);
#3302=ORIENTED_EDGE('',*,*,#2399,.F.);
#3303=ORIENTED_EDGE('',*,*,#2391,.F.);
#3304=ORIENTED_EDGE('',*,*,#2392,.F.);
#3305=ORIENTED_EDGE('',*,*,#2366,.F.);
#3306=ORIENTED_EDGE('',*,*,#2422,.F.);
#3307=ORIENTED_EDGE('',*,*,#2416,.F.);
#3308=ORIENTED_EDGE('',*,*,#2411,.T.);
#3309=ORIENTED_EDGE('',*,*,#2428,.F.);
#3310=ORIENTED_EDGE('',*,*,#2393,.T.);
#3311=ORIENTED_EDGE('',*,*,#2429,.T.);
#3312=ORIENTED_EDGE('',*,*,#2439,.F.);
#3313=ORIENTED_EDGE('',*,*,#2440,.F.);
#3314=ORIENTED_EDGE('',*,*,#2441,.F.);
#3315=ORIENTED_EDGE('',*,*,#2442,.F.);
#3316=ORIENTED_EDGE('',*,*,#2443,.T.);
#3317=ORIENTED_EDGE('',*,*,#2444,.F.);
#3318=ORIENTED_EDGE('',*,*,#2445,.F.);
#3319=ORIENTED_EDGE('',*,*,#2446,.T.);
#3320=ORIENTED_EDGE('',*,*,#2447,.F.);
#3321=ORIENTED_EDGE('',*,*,#2448,.F.);
#3322=ORIENTED_EDGE('',*,*,#2449,.F.);
#3323=ORIENTED_EDGE('',*,*,#2450,.T.);
#3324=ORIENTED_EDGE('',*,*,#2451,.F.);
#3325=ORIENTED_EDGE('',*,*,#2446,.F.);
#3326=ORIENTED_EDGE('',*,*,#2452,.F.);
#3327=ORIENTED_EDGE('',*,*,#2453,.T.);
#3328=ORIENTED_EDGE('',*,*,#2454,.F.);
#3329=ORIENTED_EDGE('',*,*,#2453,.F.);
#3330=ORIENTED_EDGE('',*,*,#2455,.F.);
#3331=ORIENTED_EDGE('',*,*,#2456,.T.);
#3332=ORIENTED_EDGE('',*,*,#2457,.F.);
#3333=ORIENTED_EDGE('',*,*,#2456,.F.);
#3334=ORIENTED_EDGE('',*,*,#2458,.T.);
#3335=ORIENTED_EDGE('',*,*,#2449,.T.);
#3336=ORIENTED_EDGE('',*,*,#2459,.F.);
#3337=ORIENTED_EDGE('',*,*,#2460,.T.);
#3338=ORIENTED_EDGE('',*,*,#2461,.F.);
#3339=ORIENTED_EDGE('',*,*,#2448,.T.);
#3340=ORIENTED_EDGE('',*,*,#2462,.T.);
#3341=ORIENTED_EDGE('',*,*,#2463,.T.);
#3342=ORIENTED_EDGE('',*,*,#2464,.F.);
#3343=ORIENTED_EDGE('',*,*,#2465,.F.);
#3344=ORIENTED_EDGE('',*,*,#2466,.F.);
#3345=ORIENTED_EDGE('',*,*,#2467,.F.);
#3346=ORIENTED_EDGE('',*,*,#2468,.F.);
#3347=ORIENTED_EDGE('',*,*,#2469,.F.);
#3348=ORIENTED_EDGE('',*,*,#2468,.T.);
#3349=ORIENTED_EDGE('',*,*,#2470,.F.);
#3350=ORIENTED_EDGE('',*,*,#2471,.F.);
#3351=ORIENTED_EDGE('',*,*,#2472,.F.);
#3352=ORIENTED_EDGE('',*,*,#2441,.T.);
#3353=ORIENTED_EDGE('',*,*,#2473,.T.);
#3354=ORIENTED_EDGE('',*,*,#2466,.T.);
#3355=ORIENTED_EDGE('',*,*,#2474,.F.);
#3356=ORIENTED_EDGE('',*,*,#2475,.T.);
#3357=ORIENTED_EDGE('',*,*,#2469,.T.);
#3358=ORIENTED_EDGE('',*,*,#2476,.T.);
#3359=ORIENTED_EDGE('',*,*,#2477,.T.);
#3360=ORIENTED_EDGE('',*,*,#2478,.F.);
#3361=ORIENTED_EDGE('',*,*,#2465,.T.);
#3362=ORIENTED_EDGE('',*,*,#2475,.F.);
#3363=ORIENTED_EDGE('',*,*,#2479,.T.);
#3364=ORIENTED_EDGE('',*,*,#2480,.T.);
#3365=ORIENTED_EDGE('',*,*,#2442,.T.);
#3366=ORIENTED_EDGE('',*,*,#2481,.F.);
#3367=ORIENTED_EDGE('',*,*,#2482,.T.);
#3368=ORIENTED_EDGE('',*,*,#2481,.T.);
#3369=ORIENTED_EDGE('',*,*,#2472,.T.);
#3370=ORIENTED_EDGE('',*,*,#2483,.F.);
#3371=ORIENTED_EDGE('',*,*,#2484,.T.);
#3372=ORIENTED_EDGE('',*,*,#2474,.T.);
#3373=ORIENTED_EDGE('',*,*,#2478,.T.);
#3374=ORIENTED_EDGE('',*,*,#2483,.T.);
#3375=ORIENTED_EDGE('',*,*,#2485,.F.);
#3376=ORIENTED_EDGE('',*,*,#2486,.T.);
#3377=ORIENTED_EDGE('',*,*,#2459,.T.);
#3378=ORIENTED_EDGE('',*,*,#2445,.T.);
#3379=ORIENTED_EDGE('',*,*,#2487,.T.);
#3380=ORIENTED_EDGE('',*,*,#2488,.T.);
#3381=ORIENTED_EDGE('',*,*,#2489,.F.);
#3382=ORIENTED_EDGE('',*,*,#2490,.T.);
#3383=ORIENTED_EDGE('',*,*,#2489,.T.);
#3384=ORIENTED_EDGE('',*,*,#2491,.T.);
#3385=ORIENTED_EDGE('',*,*,#2492,.F.);
#3386=ORIENTED_EDGE('',*,*,#2464,.T.);
#3387=ORIENTED_EDGE('',*,*,#2492,.T.);
#3388=ORIENTED_EDGE('',*,*,#2485,.T.);
#3389=ORIENTED_EDGE('',*,*,#2461,.T.);
#3390=ORIENTED_EDGE('',*,*,#2493,.F.);
#3391=ORIENTED_EDGE('',*,*,#2494,.F.);
#3392=ORIENTED_EDGE('',*,*,#2495,.F.);
#3393=ORIENTED_EDGE('',*,*,#2490,.F.);
#3394=ORIENTED_EDGE('',*,*,#2463,.F.);
#3395=ORIENTED_EDGE('',*,*,#2496,.F.);
#3396=ORIENTED_EDGE('',*,*,#2497,.T.);
#3397=ORIENTED_EDGE('',*,*,#2494,.T.);
#3398=ORIENTED_EDGE('',*,*,#2498,.T.);
#3399=ORIENTED_EDGE('',*,*,#2499,.T.);
#3400=ORIENTED_EDGE('',*,*,#2500,.T.);
#3401=ORIENTED_EDGE('',*,*,#2487,.F.);
#3402=ORIENTED_EDGE('',*,*,#2495,.T.);
#3403=ORIENTED_EDGE('',*,*,#2497,.F.);
#3404=ORIENTED_EDGE('',*,*,#2501,.F.);
#3405=ORIENTED_EDGE('',*,*,#2502,.F.);
#3406=ORIENTED_EDGE('',*,*,#2443,.F.);
#3407=ORIENTED_EDGE('',*,*,#2480,.F.);
#3408=ORIENTED_EDGE('',*,*,#2503,.F.);
#3409=ORIENTED_EDGE('',*,*,#2501,.T.);
#3410=ORIENTED_EDGE('',*,*,#2499,.F.);
#3411=ORIENTED_EDGE('',*,*,#2504,.T.);
#3412=ORIENTED_EDGE('',*,*,#2496,.T.);
#3413=ORIENTED_EDGE('',*,*,#2462,.F.);
#3414=ORIENTED_EDGE('',*,*,#2447,.T.);
#3415=ORIENTED_EDGE('',*,*,#2451,.T.);
#3416=ORIENTED_EDGE('',*,*,#2505,.T.);
#3417=ORIENTED_EDGE('',*,*,#2506,.T.);
#3418=ORIENTED_EDGE('',*,*,#2507,.T.);
#3419=ORIENTED_EDGE('',*,*,#2508,.T.);
#3420=ORIENTED_EDGE('',*,*,#2509,.T.);
#3421=ORIENTED_EDGE('',*,*,#2510,.T.);
#3422=ORIENTED_EDGE('',*,*,#2511,.T.);
#3423=ORIENTED_EDGE('',*,*,#2470,.T.);
#3424=ORIENTED_EDGE('',*,*,#2467,.T.);
#3425=ORIENTED_EDGE('',*,*,#2473,.F.);
#3426=ORIENTED_EDGE('',*,*,#2440,.T.);
#3427=ORIENTED_EDGE('',*,*,#2512,.T.);
#3428=ORIENTED_EDGE('',*,*,#2502,.T.);
#3429=ORIENTED_EDGE('',*,*,#2503,.T.);
#3430=ORIENTED_EDGE('',*,*,#2513,.F.);
#3431=ORIENTED_EDGE('',*,*,#2444,.T.);
#3432=ORIENTED_EDGE('',*,*,#2511,.F.);
#3433=ORIENTED_EDGE('',*,*,#2514,.F.);
#3434=ORIENTED_EDGE('',*,*,#2515,.T.);
#3435=ORIENTED_EDGE('',*,*,#2476,.F.);
#3436=ORIENTED_EDGE('',*,*,#2471,.T.);
#3437=ORIENTED_EDGE('',*,*,#2452,.T.);
#3438=ORIENTED_EDGE('',*,*,#2510,.F.);
#3439=ORIENTED_EDGE('',*,*,#2516,.T.);
#3440=ORIENTED_EDGE('',*,*,#2517,.T.);
#3441=ORIENTED_EDGE('',*,*,#2514,.T.);
#3442=ORIENTED_EDGE('',*,*,#2509,.F.);
#3443=ORIENTED_EDGE('',*,*,#2518,.F.);
#3444=ORIENTED_EDGE('',*,*,#2519,.T.);
#3445=ORIENTED_EDGE('',*,*,#2516,.F.);
#3446=ORIENTED_EDGE('',*,*,#2508,.F.);
#3447=ORIENTED_EDGE('',*,*,#2520,.T.);
#3448=ORIENTED_EDGE('',*,*,#2521,.T.);
#3449=ORIENTED_EDGE('',*,*,#2518,.T.);
#3450=ORIENTED_EDGE('',*,*,#2457,.T.);
#3451=ORIENTED_EDGE('',*,*,#2454,.T.);
#3452=ORIENTED_EDGE('',*,*,#2507,.F.);
#3453=ORIENTED_EDGE('',*,*,#2522,.F.);
#3454=ORIENTED_EDGE('',*,*,#2523,.T.);
#3455=ORIENTED_EDGE('',*,*,#2520,.F.);
#3456=ORIENTED_EDGE('',*,*,#2506,.F.);
#3457=ORIENTED_EDGE('',*,*,#2524,.T.);
#3458=ORIENTED_EDGE('',*,*,#2525,.T.);
#3459=ORIENTED_EDGE('',*,*,#2522,.T.);
#3460=ORIENTED_EDGE('',*,*,#2505,.F.);
#3461=ORIENTED_EDGE('',*,*,#2450,.F.);
#3462=ORIENTED_EDGE('',*,*,#2458,.F.);
#3463=ORIENTED_EDGE('',*,*,#2526,.T.);
#3464=ORIENTED_EDGE('',*,*,#2524,.F.);
#3465=ORIENTED_EDGE('',*,*,#2455,.T.);
#3466=ORIENTED_EDGE('',*,*,#2477,.F.);
#3467=ORIENTED_EDGE('',*,*,#2515,.F.);
#3468=ORIENTED_EDGE('',*,*,#2517,.F.);
#3469=ORIENTED_EDGE('',*,*,#2519,.F.);
#3470=ORIENTED_EDGE('',*,*,#2521,.F.);
#3471=ORIENTED_EDGE('',*,*,#2523,.F.);
#3472=ORIENTED_EDGE('',*,*,#2525,.F.);
#3473=ORIENTED_EDGE('',*,*,#2526,.F.);
#3474=ORIENTED_EDGE('',*,*,#2460,.F.);
#3475=ORIENTED_EDGE('',*,*,#2486,.F.);
#3476=ORIENTED_EDGE('',*,*,#2491,.F.);
#3477=ORIENTED_EDGE('',*,*,#2488,.F.);
#3478=ORIENTED_EDGE('',*,*,#2500,.F.);
#3479=ORIENTED_EDGE('',*,*,#2482,.F.);
#3480=ORIENTED_EDGE('',*,*,#2484,.F.);
#3481=ORIENTED_EDGE('',*,*,#2479,.F.);
#3482=ORIENTED_EDGE('',*,*,#2504,.F.);
#3483=ORIENTED_EDGE('',*,*,#2498,.F.);
#3484=ORIENTED_EDGE('',*,*,#2493,.T.);
#3485=ORIENTED_EDGE('',*,*,#2512,.F.);
#3486=ORIENTED_EDGE('',*,*,#2439,.T.);
#3487=ORIENTED_EDGE('',*,*,#2513,.T.);
#3488=ORIENTED_EDGE('',*,*,#2527,.F.);
#3489=ORIENTED_EDGE('',*,*,#2528,.T.);
#3490=ORIENTED_EDGE('',*,*,#2529,.F.);
#3491=ORIENTED_EDGE('',*,*,#2530,.F.);
#3492=ORIENTED_EDGE('',*,*,#2531,.F.);
#3493=ORIENTED_EDGE('',*,*,#2532,.F.);
#3494=ORIENTED_EDGE('',*,*,#2528,.F.);
#3495=ORIENTED_EDGE('',*,*,#2533,.F.);
#3496=ORIENTED_EDGE('',*,*,#2534,.F.);
#3497=ORIENTED_EDGE('',*,*,#2535,.F.);
#3498=ORIENTED_EDGE('',*,*,#2536,.F.);
#3499=ORIENTED_EDGE('',*,*,#2537,.T.);
#3500=ORIENTED_EDGE('',*,*,#2538,.F.);
#3501=ORIENTED_EDGE('',*,*,#2539,.F.);
#3502=ORIENTED_EDGE('',*,*,#2540,.F.);
#3503=ORIENTED_EDGE('',*,*,#2541,.T.);
#3504=ORIENTED_EDGE('',*,*,#2542,.F.);
#3505=ORIENTED_EDGE('',*,*,#2541,.F.);
#3506=ORIENTED_EDGE('',*,*,#2543,.F.);
#3507=ORIENTED_EDGE('',*,*,#2544,.T.);
#3508=ORIENTED_EDGE('',*,*,#2545,.F.);
#3509=ORIENTED_EDGE('',*,*,#2544,.F.);
#3510=ORIENTED_EDGE('',*,*,#2546,.T.);
#3511=ORIENTED_EDGE('',*,*,#2536,.T.);
#3512=ORIENTED_EDGE('',*,*,#2547,.F.);
#3513=ORIENTED_EDGE('',*,*,#2548,.T.);
#3514=ORIENTED_EDGE('',*,*,#2549,.F.);
#3515=ORIENTED_EDGE('',*,*,#2550,.F.);
#3516=ORIENTED_EDGE('',*,*,#2551,.F.);
#3517=ORIENTED_EDGE('',*,*,#2552,.F.);
#3518=ORIENTED_EDGE('',*,*,#2553,.F.);
#3519=ORIENTED_EDGE('',*,*,#2554,.F.);
#3520=ORIENTED_EDGE('',*,*,#2555,.F.);
#3521=ORIENTED_EDGE('',*,*,#2556,.F.);
#3522=ORIENTED_EDGE('',*,*,#2557,.F.);
#3523=ORIENTED_EDGE('',*,*,#2558,.F.);
#3524=ORIENTED_EDGE('',*,*,#2548,.F.);
#3525=ORIENTED_EDGE('',*,*,#2559,.F.);
#3526=ORIENTED_EDGE('',*,*,#2560,.F.);
#3527=ORIENTED_EDGE('',*,*,#2561,.F.);
#3528=ORIENTED_EDGE('',*,*,#2562,.F.);
#3529=ORIENTED_EDGE('',*,*,#2563,.F.);
#3530=ORIENTED_EDGE('',*,*,#2564,.F.);
#3531=ORIENTED_EDGE('',*,*,#2534,.T.);
#3532=ORIENTED_EDGE('',*,*,#2565,.F.);
#3533=ORIENTED_EDGE('',*,*,#2566,.F.);
#3534=ORIENTED_EDGE('',*,*,#2567,.T.);
#3535=ORIENTED_EDGE('',*,*,#2568,.F.);
#3536=ORIENTED_EDGE('',*,*,#2533,.T.);
#3537=ORIENTED_EDGE('',*,*,#2569,.F.);
#3538=ORIENTED_EDGE('',*,*,#2550,.T.);
#3539=ORIENTED_EDGE('',*,*,#2569,.T.);
#3540=ORIENTED_EDGE('',*,*,#2527,.T.);
#3541=ORIENTED_EDGE('',*,*,#2570,.T.);
#3542=ORIENTED_EDGE('',*,*,#2551,.T.);
#3543=ORIENTED_EDGE('',*,*,#2571,.F.);
#3544=ORIENTED_EDGE('',*,*,#2567,.F.);
#3545=ORIENTED_EDGE('',*,*,#2572,.F.);
#3546=ORIENTED_EDGE('',*,*,#2573,.T.);
#3547=ORIENTED_EDGE('',*,*,#2565,.T.);
#3548=ORIENTED_EDGE('',*,*,#2568,.T.);
#3549=ORIENTED_EDGE('',*,*,#2574,.F.);
#3550=ORIENTED_EDGE('',*,*,#2574,.T.);
#3551=ORIENTED_EDGE('',*,*,#2549,.T.);
#3552=ORIENTED_EDGE('',*,*,#2575,.F.);
#3553=ORIENTED_EDGE('',*,*,#2566,.T.);
#3554=ORIENTED_EDGE('',*,*,#2576,.T.);
#3555=ORIENTED_EDGE('',*,*,#2572,.T.);
#3556=ORIENTED_EDGE('',*,*,#2575,.T.);
#3557=ORIENTED_EDGE('',*,*,#2563,.T.);
#3558=ORIENTED_EDGE('',*,*,#2577,.F.);
#3559=ORIENTED_EDGE('',*,*,#2559,.T.);
#3560=ORIENTED_EDGE('',*,*,#2547,.T.);
#3561=ORIENTED_EDGE('',*,*,#2578,.T.);
#3562=ORIENTED_EDGE('',*,*,#2579,.F.);
#3563=ORIENTED_EDGE('',*,*,#2577,.T.);
#3564=ORIENTED_EDGE('',*,*,#2580,.T.);
#3565=ORIENTED_EDGE('',*,*,#2579,.T.);
#3566=ORIENTED_EDGE('',*,*,#2581,.T.);
#3567=ORIENTED_EDGE('',*,*,#2582,.F.);
#3568=ORIENTED_EDGE('',*,*,#2560,.T.);
#3569=ORIENTED_EDGE('',*,*,#2583,.T.);
#3570=ORIENTED_EDGE('',*,*,#2561,.T.);
#3571=ORIENTED_EDGE('',*,*,#2582,.T.);
#3572=ORIENTED_EDGE('',*,*,#2584,.T.);
#3573=ORIENTED_EDGE('',*,*,#2585,.F.);
#3574=ORIENTED_EDGE('',*,*,#2586,.F.);
#3575=ORIENTED_EDGE('',*,*,#2584,.F.);
#3576=ORIENTED_EDGE('',*,*,#2587,.F.);
#3577=ORIENTED_EDGE('',*,*,#2588,.F.);
#3578=ORIENTED_EDGE('',*,*,#2587,.T.);
#3579=ORIENTED_EDGE('',*,*,#2581,.F.);
#3580=ORIENTED_EDGE('',*,*,#2580,.F.);
#3581=ORIENTED_EDGE('',*,*,#2589,.T.);
#3582=ORIENTED_EDGE('',*,*,#2590,.F.);
#3583=ORIENTED_EDGE('',*,*,#2591,.F.);
#3584=ORIENTED_EDGE('',*,*,#2589,.F.);
#3585=ORIENTED_EDGE('',*,*,#2578,.F.);
#3586=ORIENTED_EDGE('',*,*,#2539,.T.);
#3587=ORIENTED_EDGE('',*,*,#2592,.F.);
#3588=ORIENTED_EDGE('',*,*,#2593,.T.);
#3589=ORIENTED_EDGE('',*,*,#2594,.T.);
#3590=ORIENTED_EDGE('',*,*,#2595,.F.);
#3591=ORIENTED_EDGE('',*,*,#2591,.T.);
#3592=ORIENTED_EDGE('',*,*,#2595,.T.);
#3593=ORIENTED_EDGE('',*,*,#2596,.T.);
#3594=ORIENTED_EDGE('',*,*,#2597,.F.);
#3595=ORIENTED_EDGE('',*,*,#2588,.T.);
#3596=ORIENTED_EDGE('',*,*,#2598,.T.);
#3597=ORIENTED_EDGE('',*,*,#2585,.T.);
#3598=ORIENTED_EDGE('',*,*,#2597,.T.);
#3599=ORIENTED_EDGE('',*,*,#2599,.T.);
#3600=ORIENTED_EDGE('',*,*,#2562,.T.);
#3601=ORIENTED_EDGE('',*,*,#2583,.F.);
#3602=ORIENTED_EDGE('',*,*,#2586,.T.);
#3603=ORIENTED_EDGE('',*,*,#2598,.F.);
#3604=ORIENTED_EDGE('',*,*,#2600,.F.);
#3605=ORIENTED_EDGE('',*,*,#2601,.F.);
#3606=ORIENTED_EDGE('',*,*,#2573,.F.);
#3607=ORIENTED_EDGE('',*,*,#2576,.F.);
#3608=ORIENTED_EDGE('',*,*,#2602,.F.);
#3609=ORIENTED_EDGE('',*,*,#2603,.F.);
#3610=ORIENTED_EDGE('',*,*,#2604,.F.);
#3611=ORIENTED_EDGE('',*,*,#2600,.T.);
#3612=ORIENTED_EDGE('',*,*,#2599,.F.);
#3613=ORIENTED_EDGE('',*,*,#2596,.F.);
#3614=ORIENTED_EDGE('',*,*,#2594,.F.);
#3615=ORIENTED_EDGE('',*,*,#2605,.T.);
#3616=ORIENTED_EDGE('',*,*,#2592,.T.);
#3617=ORIENTED_EDGE('',*,*,#2538,.T.);
#3618=ORIENTED_EDGE('',*,*,#2606,.T.);
#3619=ORIENTED_EDGE('',*,*,#2607,.T.);
#3620=ORIENTED_EDGE('',*,*,#2608,.T.);
#3621=ORIENTED_EDGE('',*,*,#2609,.T.);
#3622=ORIENTED_EDGE('',*,*,#2610,.T.);
#3623=ORIENTED_EDGE('',*,*,#2611,.T.);
#3624=ORIENTED_EDGE('',*,*,#2612,.T.);
#3625=ORIENTED_EDGE('',*,*,#2529,.T.);
#3626=ORIENTED_EDGE('',*,*,#2532,.T.);
#3627=ORIENTED_EDGE('',*,*,#2613,.T.);
#3628=ORIENTED_EDGE('',*,*,#2601,.T.);
#3629=ORIENTED_EDGE('',*,*,#2604,.T.);
#3630=ORIENTED_EDGE('',*,*,#2614,.F.);
#3631=ORIENTED_EDGE('',*,*,#2571,.T.);
#3632=ORIENTED_EDGE('',*,*,#2614,.T.);
#3633=ORIENTED_EDGE('',*,*,#2603,.T.);
#3634=ORIENTED_EDGE('',*,*,#2615,.F.);
#3635=ORIENTED_EDGE('',*,*,#2564,.T.);
#3636=ORIENTED_EDGE('',*,*,#2616,.F.);
#3637=ORIENTED_EDGE('',*,*,#2535,.T.);
#3638=ORIENTED_EDGE('',*,*,#2615,.T.);
#3639=ORIENTED_EDGE('',*,*,#2602,.T.);
#3640=ORIENTED_EDGE('',*,*,#2612,.F.);
#3641=ORIENTED_EDGE('',*,*,#2617,.F.);
#3642=ORIENTED_EDGE('',*,*,#2552,.T.);
#3643=ORIENTED_EDGE('',*,*,#2570,.F.);
#3644=ORIENTED_EDGE('',*,*,#2530,.T.);
#3645=ORIENTED_EDGE('',*,*,#2540,.T.);
#3646=ORIENTED_EDGE('',*,*,#2611,.F.);
#3647=ORIENTED_EDGE('',*,*,#2618,.T.);
#3648=ORIENTED_EDGE('',*,*,#2553,.T.);
#3649=ORIENTED_EDGE('',*,*,#2617,.T.);
#3650=ORIENTED_EDGE('',*,*,#2610,.F.);
#3651=ORIENTED_EDGE('',*,*,#2619,.F.);
#3652=ORIENTED_EDGE('',*,*,#2554,.T.);
#3653=ORIENTED_EDGE('',*,*,#2618,.F.);
#3654=ORIENTED_EDGE('',*,*,#2609,.F.);
#3655=ORIENTED_EDGE('',*,*,#2620,.T.);
#3656=ORIENTED_EDGE('',*,*,#2555,.T.);
#3657=ORIENTED_EDGE('',*,*,#2619,.T.);
#3658=ORIENTED_EDGE('',*,*,#2542,.T.);
#3659=ORIENTED_EDGE('',*,*,#2545,.T.);
#3660=ORIENTED_EDGE('',*,*,#2608,.F.);
#3661=ORIENTED_EDGE('',*,*,#2621,.F.);
#3662=ORIENTED_EDGE('',*,*,#2556,.T.);
#3663=ORIENTED_EDGE('',*,*,#2620,.F.);
#3664=ORIENTED_EDGE('',*,*,#2607,.F.);
#3665=ORIENTED_EDGE('',*,*,#2622,.T.);
#3666=ORIENTED_EDGE('',*,*,#2557,.T.);
#3667=ORIENTED_EDGE('',*,*,#2621,.T.);
#3668=ORIENTED_EDGE('',*,*,#2605,.F.);
#3669=ORIENTED_EDGE('',*,*,#2593,.F.);
#3670=ORIENTED_EDGE('',*,*,#2590,.T.);
#3671=ORIENTED_EDGE('',*,*,#2613,.F.);
#3672=ORIENTED_EDGE('',*,*,#2531,.T.);
#3673=ORIENTED_EDGE('',*,*,#2616,.T.);
#3674=ORIENTED_EDGE('',*,*,#2606,.F.);
#3675=ORIENTED_EDGE('',*,*,#2537,.F.);
#3676=ORIENTED_EDGE('',*,*,#2546,.F.);
#3677=ORIENTED_EDGE('',*,*,#2558,.T.);
#3678=ORIENTED_EDGE('',*,*,#2622,.F.);
#3679=ORIENTED_EDGE('',*,*,#2543,.T.);
#3680=ORIENTED_EDGE('',*,*,#2623,.F.);
#3681=ORIENTED_EDGE('',*,*,#2624,.T.);
#3682=ORIENTED_EDGE('',*,*,#2625,.F.);
#3683=ORIENTED_EDGE('',*,*,#2626,.F.);
#3684=ORIENTED_EDGE('',*,*,#2627,.F.);
#3685=ORIENTED_EDGE('',*,*,#2628,.T.);
#3686=ORIENTED_EDGE('',*,*,#2629,.F.);
#3687=ORIENTED_EDGE('',*,*,#2624,.F.);
#3688=ORIENTED_EDGE('',*,*,#2630,.F.);
#3689=ORIENTED_EDGE('',*,*,#2631,.T.);
#3690=ORIENTED_EDGE('',*,*,#2632,.F.);
#3691=ORIENTED_EDGE('',*,*,#2631,.F.);
#3692=ORIENTED_EDGE('',*,*,#2633,.F.);
#3693=ORIENTED_EDGE('',*,*,#2634,.T.);
#3694=ORIENTED_EDGE('',*,*,#2635,.F.);
#3695=ORIENTED_EDGE('',*,*,#2634,.F.);
#3696=ORIENTED_EDGE('',*,*,#2636,.T.);
#3697=ORIENTED_EDGE('',*,*,#2627,.T.);
#3698=ORIENTED_EDGE('',*,*,#2637,.F.);
#3699=ORIENTED_EDGE('',*,*,#2638,.T.);
#3700=ORIENTED_EDGE('',*,*,#2639,.F.);
#3701=ORIENTED_EDGE('',*,*,#2626,.T.);
#3702=ORIENTED_EDGE('',*,*,#2640,.T.);
#3703=ORIENTED_EDGE('',*,*,#2641,.T.);
#3704=ORIENTED_EDGE('',*,*,#2642,.F.);
#3705=ORIENTED_EDGE('',*,*,#2643,.F.);
#3706=ORIENTED_EDGE('',*,*,#2644,.F.);
#3707=ORIENTED_EDGE('',*,*,#2645,.F.);
#3708=ORIENTED_EDGE('',*,*,#2646,.F.);
#3709=ORIENTED_EDGE('',*,*,#2647,.F.);
#3710=ORIENTED_EDGE('',*,*,#2646,.T.);
#3711=ORIENTED_EDGE('',*,*,#2648,.F.);
#3712=ORIENTED_EDGE('',*,*,#2649,.F.);
#3713=ORIENTED_EDGE('',*,*,#2650,.F.);
#3714=ORIENTED_EDGE('',*,*,#2651,.T.);
#3715=ORIENTED_EDGE('',*,*,#2652,.T.);
#3716=ORIENTED_EDGE('',*,*,#2644,.T.);
#3717=ORIENTED_EDGE('',*,*,#2653,.F.);
#3718=ORIENTED_EDGE('',*,*,#2654,.F.);
#3719=ORIENTED_EDGE('',*,*,#2643,.T.);
#3720=ORIENTED_EDGE('',*,*,#2655,.F.);
#3721=ORIENTED_EDGE('',*,*,#2656,.T.);
#3722=ORIENTED_EDGE('',*,*,#2655,.T.);
#3723=ORIENTED_EDGE('',*,*,#2647,.T.);
#3724=ORIENTED_EDGE('',*,*,#2657,.T.);
#3725=ORIENTED_EDGE('',*,*,#2658,.T.);
#3726=ORIENTED_EDGE('',*,*,#2659,.F.);
#3727=ORIENTED_EDGE('',*,*,#2660,.F.);
#3728=ORIENTED_EDGE('',*,*,#2651,.F.);
#3729=ORIENTED_EDGE('',*,*,#2661,.F.);
#3730=ORIENTED_EDGE('',*,*,#2662,.T.);
#3731=ORIENTED_EDGE('',*,*,#2663,.F.);
#3732=ORIENTED_EDGE('',*,*,#2653,.T.);
#3733=ORIENTED_EDGE('',*,*,#2654,.T.);
#3734=ORIENTED_EDGE('',*,*,#2664,.F.);
#3735=ORIENTED_EDGE('',*,*,#2664,.T.);
#3736=ORIENTED_EDGE('',*,*,#2665,.T.);
#3737=ORIENTED_EDGE('',*,*,#2666,.F.);
#3738=ORIENTED_EDGE('',*,*,#2650,.T.);
#3739=ORIENTED_EDGE('',*,*,#2667,.T.);
#3740=ORIENTED_EDGE('',*,*,#2661,.T.);
#3741=ORIENTED_EDGE('',*,*,#2666,.T.);
#3742=ORIENTED_EDGE('',*,*,#2668,.T.);
#3743=ORIENTED_EDGE('',*,*,#2669,.F.);
#3744=ORIENTED_EDGE('',*,*,#2670,.T.);
#3745=ORIENTED_EDGE('',*,*,#2637,.T.);
#3746=ORIENTED_EDGE('',*,*,#2623,.T.);
#3747=ORIENTED_EDGE('',*,*,#2671,.F.);
#3748=ORIENTED_EDGE('',*,*,#2669,.T.);
#3749=ORIENTED_EDGE('',*,*,#2639,.T.);
#3750=ORIENTED_EDGE('',*,*,#2671,.T.);
#3751=ORIENTED_EDGE('',*,*,#2642,.T.);
#3752=ORIENTED_EDGE('',*,*,#2672,.F.);
#3753=ORIENTED_EDGE('',*,*,#2673,.T.);
#3754=ORIENTED_EDGE('',*,*,#2674,.T.);
#3755=ORIENTED_EDGE('',*,*,#2675,.T.);
#3756=ORIENTED_EDGE('',*,*,#2672,.T.);
#3757=ORIENTED_EDGE('',*,*,#2676,.T.);
#3758=ORIENTED_EDGE('',*,*,#2677,.F.);
#3759=ORIENTED_EDGE('',*,*,#2678,.F.);
#3760=ORIENTED_EDGE('',*,*,#2679,.F.);
#3761=ORIENTED_EDGE('',*,*,#2676,.F.);
#3762=ORIENTED_EDGE('',*,*,#2641,.F.);
#3763=ORIENTED_EDGE('',*,*,#2680,.F.);
#3764=ORIENTED_EDGE('',*,*,#2681,.T.);
#3765=ORIENTED_EDGE('',*,*,#2678,.T.);
#3766=ORIENTED_EDGE('',*,*,#2682,.T.);
#3767=ORIENTED_EDGE('',*,*,#2683,.T.);
#3768=ORIENTED_EDGE('',*,*,#2684,.T.);
#3769=ORIENTED_EDGE('',*,*,#2674,.F.);
#3770=ORIENTED_EDGE('',*,*,#2679,.T.);
#3771=ORIENTED_EDGE('',*,*,#2681,.F.);
#3772=ORIENTED_EDGE('',*,*,#2685,.F.);
#3773=ORIENTED_EDGE('',*,*,#2686,.F.);
#3774=ORIENTED_EDGE('',*,*,#2662,.F.);
#3775=ORIENTED_EDGE('',*,*,#2667,.F.);
#3776=ORIENTED_EDGE('',*,*,#2687,.F.);
#3777=ORIENTED_EDGE('',*,*,#2685,.T.);
#3778=ORIENTED_EDGE('',*,*,#2683,.F.);
#3779=ORIENTED_EDGE('',*,*,#2688,.T.);
#3780=ORIENTED_EDGE('',*,*,#2680,.T.);
#3781=ORIENTED_EDGE('',*,*,#2640,.F.);
#3782=ORIENTED_EDGE('',*,*,#2625,.T.);
#3783=ORIENTED_EDGE('',*,*,#2629,.T.);
#3784=ORIENTED_EDGE('',*,*,#2689,.T.);
#3785=ORIENTED_EDGE('',*,*,#2690,.T.);
#3786=ORIENTED_EDGE('',*,*,#2691,.T.);
#3787=ORIENTED_EDGE('',*,*,#2692,.T.);
#3788=ORIENTED_EDGE('',*,*,#2693,.T.);
#3789=ORIENTED_EDGE('',*,*,#2694,.T.);
#3790=ORIENTED_EDGE('',*,*,#2695,.T.);
#3791=ORIENTED_EDGE('',*,*,#2648,.T.);
#3792=ORIENTED_EDGE('',*,*,#2645,.T.);
#3793=ORIENTED_EDGE('',*,*,#2652,.F.);
#3794=ORIENTED_EDGE('',*,*,#2660,.T.);
#3795=ORIENTED_EDGE('',*,*,#2696,.T.);
#3796=ORIENTED_EDGE('',*,*,#2686,.T.);
#3797=ORIENTED_EDGE('',*,*,#2687,.T.);
#3798=ORIENTED_EDGE('',*,*,#2697,.F.);
#3799=ORIENTED_EDGE('',*,*,#2663,.T.);
#3800=ORIENTED_EDGE('',*,*,#2695,.F.);
#3801=ORIENTED_EDGE('',*,*,#2698,.F.);
#3802=ORIENTED_EDGE('',*,*,#2699,.T.);
#3803=ORIENTED_EDGE('',*,*,#2657,.F.);
#3804=ORIENTED_EDGE('',*,*,#2649,.T.);
#3805=ORIENTED_EDGE('',*,*,#2633,.T.);
#3806=ORIENTED_EDGE('',*,*,#2694,.F.);
#3807=ORIENTED_EDGE('',*,*,#2700,.T.);
#3808=ORIENTED_EDGE('',*,*,#2701,.T.);
#3809=ORIENTED_EDGE('',*,*,#2698,.T.);
#3810=ORIENTED_EDGE('',*,*,#2693,.F.);
#3811=ORIENTED_EDGE('',*,*,#2702,.F.);
#3812=ORIENTED_EDGE('',*,*,#2703,.T.);
#3813=ORIENTED_EDGE('',*,*,#2700,.F.);
#3814=ORIENTED_EDGE('',*,*,#2692,.F.);
#3815=ORIENTED_EDGE('',*,*,#2704,.T.);
#3816=ORIENTED_EDGE('',*,*,#2705,.T.);
#3817=ORIENTED_EDGE('',*,*,#2702,.T.);
#3818=ORIENTED_EDGE('',*,*,#2635,.T.);
#3819=ORIENTED_EDGE('',*,*,#2632,.T.);
#3820=ORIENTED_EDGE('',*,*,#2691,.F.);
#3821=ORIENTED_EDGE('',*,*,#2706,.F.);
#3822=ORIENTED_EDGE('',*,*,#2707,.T.);
#3823=ORIENTED_EDGE('',*,*,#2704,.F.);
#3824=ORIENTED_EDGE('',*,*,#2690,.F.);
#3825=ORIENTED_EDGE('',*,*,#2708,.T.);
#3826=ORIENTED_EDGE('',*,*,#2709,.T.);
#3827=ORIENTED_EDGE('',*,*,#2706,.T.);
#3828=ORIENTED_EDGE('',*,*,#2684,.F.);
#3829=ORIENTED_EDGE('',*,*,#2668,.F.);
#3830=ORIENTED_EDGE('',*,*,#2665,.F.);
#3831=ORIENTED_EDGE('',*,*,#2656,.F.);
#3832=ORIENTED_EDGE('',*,*,#2658,.F.);
#3833=ORIENTED_EDGE('',*,*,#2699,.F.);
#3834=ORIENTED_EDGE('',*,*,#2701,.F.);
#3835=ORIENTED_EDGE('',*,*,#2703,.F.);
#3836=ORIENTED_EDGE('',*,*,#2705,.F.);
#3837=ORIENTED_EDGE('',*,*,#2707,.F.);
#3838=ORIENTED_EDGE('',*,*,#2709,.F.);
#3839=ORIENTED_EDGE('',*,*,#2710,.F.);
#3840=ORIENTED_EDGE('',*,*,#2638,.F.);
#3841=ORIENTED_EDGE('',*,*,#2670,.F.);
#3842=ORIENTED_EDGE('',*,*,#2673,.F.);
#3843=ORIENTED_EDGE('',*,*,#2675,.F.);
#3844=ORIENTED_EDGE('',*,*,#2688,.F.);
#3845=ORIENTED_EDGE('',*,*,#2682,.F.);
#3846=ORIENTED_EDGE('',*,*,#2677,.T.);
#3847=ORIENTED_EDGE('',*,*,#2696,.F.);
#3848=ORIENTED_EDGE('',*,*,#2659,.T.);
#3849=ORIENTED_EDGE('',*,*,#2697,.T.);
#3850=ORIENTED_EDGE('',*,*,#2689,.F.);
#3851=ORIENTED_EDGE('',*,*,#2628,.F.);
#3852=ORIENTED_EDGE('',*,*,#2636,.F.);
#3853=ORIENTED_EDGE('',*,*,#2710,.T.);
#3854=ORIENTED_EDGE('',*,*,#2708,.F.);
#3855=ORIENTED_EDGE('',*,*,#2630,.T.);
#3856=ORIENTED_EDGE('',*,*,#2711,.F.);
#3857=ORIENTED_EDGE('',*,*,#2712,.T.);
#3858=ORIENTED_EDGE('',*,*,#2713,.F.);
#3859=ORIENTED_EDGE('',*,*,#2714,.F.);
#3860=ORIENTED_EDGE('',*,*,#2715,.F.);
#3861=ORIENTED_EDGE('',*,*,#2716,.F.);
#3862=ORIENTED_EDGE('',*,*,#2712,.F.);
#3863=ORIENTED_EDGE('',*,*,#2717,.F.);
#3864=ORIENTED_EDGE('',*,*,#2718,.F.);
#3865=ORIENTED_EDGE('',*,*,#2719,.F.);
#3866=ORIENTED_EDGE('',*,*,#2720,.F.);
#3867=ORIENTED_EDGE('',*,*,#2721,.T.);
#3868=ORIENTED_EDGE('',*,*,#2722,.F.);
#3869=ORIENTED_EDGE('',*,*,#2723,.F.);
#3870=ORIENTED_EDGE('',*,*,#2724,.F.);
#3871=ORIENTED_EDGE('',*,*,#2725,.T.);
#3872=ORIENTED_EDGE('',*,*,#2726,.F.);
#3873=ORIENTED_EDGE('',*,*,#2725,.F.);
#3874=ORIENTED_EDGE('',*,*,#2727,.F.);
#3875=ORIENTED_EDGE('',*,*,#2728,.T.);
#3876=ORIENTED_EDGE('',*,*,#2729,.F.);
#3877=ORIENTED_EDGE('',*,*,#2728,.F.);
#3878=ORIENTED_EDGE('',*,*,#2730,.T.);
#3879=ORIENTED_EDGE('',*,*,#2720,.T.);
#3880=ORIENTED_EDGE('',*,*,#2731,.F.);
#3881=ORIENTED_EDGE('',*,*,#2732,.T.);
#3882=ORIENTED_EDGE('',*,*,#2733,.F.);
#3883=ORIENTED_EDGE('',*,*,#2718,.T.);
#3884=ORIENTED_EDGE('',*,*,#2734,.F.);
#3885=ORIENTED_EDGE('',*,*,#2735,.F.);
#3886=ORIENTED_EDGE('',*,*,#2736,.T.);
#3887=ORIENTED_EDGE('',*,*,#2737,.F.);
#3888=ORIENTED_EDGE('',*,*,#2717,.T.);
#3889=ORIENTED_EDGE('',*,*,#2738,.F.);
#3890=ORIENTED_EDGE('',*,*,#2739,.T.);
#3891=ORIENTED_EDGE('',*,*,#2738,.T.);
#3892=ORIENTED_EDGE('',*,*,#2711,.T.);
#3893=ORIENTED_EDGE('',*,*,#2740,.T.);
#3894=ORIENTED_EDGE('',*,*,#2741,.T.);
#3895=ORIENTED_EDGE('',*,*,#2742,.F.);
#3896=ORIENTED_EDGE('',*,*,#2736,.F.);
#3897=ORIENTED_EDGE('',*,*,#2743,.F.);
#3898=ORIENTED_EDGE('',*,*,#2744,.T.);
#3899=ORIENTED_EDGE('',*,*,#2734,.T.);
#3900=ORIENTED_EDGE('',*,*,#2737,.T.);
#3901=ORIENTED_EDGE('',*,*,#2745,.F.);
#3902=ORIENTED_EDGE('',*,*,#2745,.T.);
#3903=ORIENTED_EDGE('',*,*,#2746,.T.);
#3904=ORIENTED_EDGE('',*,*,#2747,.F.);
#3905=ORIENTED_EDGE('',*,*,#2735,.T.);
#3906=ORIENTED_EDGE('',*,*,#2748,.T.);
#3907=ORIENTED_EDGE('',*,*,#2743,.T.);
#3908=ORIENTED_EDGE('',*,*,#2747,.T.);
#3909=ORIENTED_EDGE('',*,*,#2749,.T.);
#3910=ORIENTED_EDGE('',*,*,#2750,.F.);
#3911=ORIENTED_EDGE('',*,*,#2751,.T.);
#3912=ORIENTED_EDGE('',*,*,#2731,.T.);
#3913=ORIENTED_EDGE('',*,*,#2752,.T.);
#3914=ORIENTED_EDGE('',*,*,#2753,.F.);
#3915=ORIENTED_EDGE('',*,*,#2750,.T.);
#3916=ORIENTED_EDGE('',*,*,#2754,.T.);
#3917=ORIENTED_EDGE('',*,*,#2753,.T.);
#3918=ORIENTED_EDGE('',*,*,#2755,.T.);
#3919=ORIENTED_EDGE('',*,*,#2756,.F.);
#3920=ORIENTED_EDGE('',*,*,#2757,.T.);
#3921=ORIENTED_EDGE('',*,*,#2758,.T.);
#3922=ORIENTED_EDGE('',*,*,#2759,.T.);
#3923=ORIENTED_EDGE('',*,*,#2756,.T.);
#3924=ORIENTED_EDGE('',*,*,#2760,.T.);
#3925=ORIENTED_EDGE('',*,*,#2761,.F.);
#3926=ORIENTED_EDGE('',*,*,#2762,.F.);
#3927=ORIENTED_EDGE('',*,*,#2760,.F.);
#3928=ORIENTED_EDGE('',*,*,#2763,.F.);
#3929=ORIENTED_EDGE('',*,*,#2764,.F.);
#3930=ORIENTED_EDGE('',*,*,#2763,.T.);
#3931=ORIENTED_EDGE('',*,*,#2755,.F.);
#3932=ORIENTED_EDGE('',*,*,#2754,.F.);
#3933=ORIENTED_EDGE('',*,*,#2765,.T.);
#3934=ORIENTED_EDGE('',*,*,#2766,.F.);
#3935=ORIENTED_EDGE('',*,*,#2767,.F.);
#3936=ORIENTED_EDGE('',*,*,#2765,.F.);
#3937=ORIENTED_EDGE('',*,*,#2752,.F.);
#3938=ORIENTED_EDGE('',*,*,#2723,.T.);
#3939=ORIENTED_EDGE('',*,*,#2768,.F.);
#3940=ORIENTED_EDGE('',*,*,#2769,.T.);
#3941=ORIENTED_EDGE('',*,*,#2770,.T.);
#3942=ORIENTED_EDGE('',*,*,#2771,.F.);
#3943=ORIENTED_EDGE('',*,*,#2767,.T.);
#3944=ORIENTED_EDGE('',*,*,#2771,.T.);
#3945=ORIENTED_EDGE('',*,*,#2772,.T.);
#3946=ORIENTED_EDGE('',*,*,#2773,.F.);
#3947=ORIENTED_EDGE('',*,*,#2764,.T.);
#3948=ORIENTED_EDGE('',*,*,#2774,.T.);
#3949=ORIENTED_EDGE('',*,*,#2761,.T.);
#3950=ORIENTED_EDGE('',*,*,#2773,.T.);
#3951=ORIENTED_EDGE('',*,*,#2775,.T.);
#3952=ORIENTED_EDGE('',*,*,#2776,.T.);
#3953=ORIENTED_EDGE('',*,*,#2758,.F.);
#3954=ORIENTED_EDGE('',*,*,#2762,.T.);
#3955=ORIENTED_EDGE('',*,*,#2774,.F.);
#3956=ORIENTED_EDGE('',*,*,#2777,.F.);
#3957=ORIENTED_EDGE('',*,*,#2778,.F.);
#3958=ORIENTED_EDGE('',*,*,#2744,.F.);
#3959=ORIENTED_EDGE('',*,*,#2748,.F.);
#3960=ORIENTED_EDGE('',*,*,#2779,.F.);
#3961=ORIENTED_EDGE('',*,*,#2780,.F.);
#3962=ORIENTED_EDGE('',*,*,#2781,.F.);
#3963=ORIENTED_EDGE('',*,*,#2777,.T.);
#3964=ORIENTED_EDGE('',*,*,#2775,.F.);
#3965=ORIENTED_EDGE('',*,*,#2772,.F.);
#3966=ORIENTED_EDGE('',*,*,#2770,.F.);
#3967=ORIENTED_EDGE('',*,*,#2782,.T.);
#3968=ORIENTED_EDGE('',*,*,#2768,.T.);
#3969=ORIENTED_EDGE('',*,*,#2722,.T.);
#3970=ORIENTED_EDGE('',*,*,#2783,.T.);
#3971=ORIENTED_EDGE('',*,*,#2784,.T.);
#3972=ORIENTED_EDGE('',*,*,#2785,.T.);
#3973=ORIENTED_EDGE('',*,*,#2786,.T.);
#3974=ORIENTED_EDGE('',*,*,#2787,.T.);
#3975=ORIENTED_EDGE('',*,*,#2788,.T.);
#3976=ORIENTED_EDGE('',*,*,#2789,.T.);
#3977=ORIENTED_EDGE('',*,*,#2713,.T.);
#3978=ORIENTED_EDGE('',*,*,#2716,.T.);
#3979=ORIENTED_EDGE('',*,*,#2790,.T.);
#3980=ORIENTED_EDGE('',*,*,#2778,.T.);
#3981=ORIENTED_EDGE('',*,*,#2781,.T.);
#3982=ORIENTED_EDGE('',*,*,#2791,.F.);
#3983=ORIENTED_EDGE('',*,*,#2742,.T.);
#3984=ORIENTED_EDGE('',*,*,#2791,.T.);
#3985=ORIENTED_EDGE('',*,*,#2780,.T.);
#3986=ORIENTED_EDGE('',*,*,#2792,.F.);
#3987=ORIENTED_EDGE('',*,*,#2733,.T.);
#3988=ORIENTED_EDGE('',*,*,#2793,.F.);
#3989=ORIENTED_EDGE('',*,*,#2719,.T.);
#3990=ORIENTED_EDGE('',*,*,#2792,.T.);
#3991=ORIENTED_EDGE('',*,*,#2779,.T.);
#3992=ORIENTED_EDGE('',*,*,#2789,.F.);
#3993=ORIENTED_EDGE('',*,*,#2794,.F.);
#3994=ORIENTED_EDGE('',*,*,#2795,.T.);
#3995=ORIENTED_EDGE('',*,*,#2740,.F.);
#3996=ORIENTED_EDGE('',*,*,#2714,.T.);
#3997=ORIENTED_EDGE('',*,*,#2724,.T.);
#3998=ORIENTED_EDGE('',*,*,#2788,.F.);
#3999=ORIENTED_EDGE('',*,*,#2796,.T.);
#4000=ORIENTED_EDGE('',*,*,#2797,.T.);
#4001=ORIENTED_EDGE('',*,*,#2794,.T.);
#4002=ORIENTED_EDGE('',*,*,#2787,.F.);
#4003=ORIENTED_EDGE('',*,*,#2798,.F.);
#4004=ORIENTED_EDGE('',*,*,#2799,.T.);
#4005=ORIENTED_EDGE('',*,*,#2796,.F.);
#4006=ORIENTED_EDGE('',*,*,#2786,.F.);
#4007=ORIENTED_EDGE('',*,*,#2800,.T.);
#4008=ORIENTED_EDGE('',*,*,#2801,.T.);
#4009=ORIENTED_EDGE('',*,*,#2798,.T.);
#4010=ORIENTED_EDGE('',*,*,#2726,.T.);
#4011=ORIENTED_EDGE('',*,*,#2729,.T.);
#4012=ORIENTED_EDGE('',*,*,#2785,.F.);
#4013=ORIENTED_EDGE('',*,*,#2802,.F.);
#4014=ORIENTED_EDGE('',*,*,#2803,.T.);
#4015=ORIENTED_EDGE('',*,*,#2800,.F.);
#4016=ORIENTED_EDGE('',*,*,#2784,.F.);
#4017=ORIENTED_EDGE('',*,*,#2804,.T.);
#4018=ORIENTED_EDGE('',*,*,#2805,.T.);
#4019=ORIENTED_EDGE('',*,*,#2802,.T.);
#4020=ORIENTED_EDGE('',*,*,#2776,.F.);
#4021=ORIENTED_EDGE('',*,*,#2749,.F.);
#4022=ORIENTED_EDGE('',*,*,#2746,.F.);
#4023=ORIENTED_EDGE('',*,*,#2739,.F.);
#4024=ORIENTED_EDGE('',*,*,#2741,.F.);
#4025=ORIENTED_EDGE('',*,*,#2795,.F.);
#4026=ORIENTED_EDGE('',*,*,#2797,.F.);
#4027=ORIENTED_EDGE('',*,*,#2799,.F.);
#4028=ORIENTED_EDGE('',*,*,#2801,.F.);
#4029=ORIENTED_EDGE('',*,*,#2803,.F.);
#4030=ORIENTED_EDGE('',*,*,#2805,.F.);
#4031=ORIENTED_EDGE('',*,*,#2806,.F.);
#4032=ORIENTED_EDGE('',*,*,#2732,.F.);
#4033=ORIENTED_EDGE('',*,*,#2751,.F.);
#4034=ORIENTED_EDGE('',*,*,#2757,.F.);
#4035=ORIENTED_EDGE('',*,*,#2759,.F.);
#4036=ORIENTED_EDGE('',*,*,#2782,.F.);
#4037=ORIENTED_EDGE('',*,*,#2769,.F.);
#4038=ORIENTED_EDGE('',*,*,#2766,.T.);
#4039=ORIENTED_EDGE('',*,*,#2790,.F.);
#4040=ORIENTED_EDGE('',*,*,#2715,.T.);
#4041=ORIENTED_EDGE('',*,*,#2793,.T.);
#4042=ORIENTED_EDGE('',*,*,#2783,.F.);
#4043=ORIENTED_EDGE('',*,*,#2721,.F.);
#4044=ORIENTED_EDGE('',*,*,#2730,.F.);
#4045=ORIENTED_EDGE('',*,*,#2806,.T.);
#4046=ORIENTED_EDGE('',*,*,#2804,.F.);
#4047=ORIENTED_EDGE('',*,*,#2727,.T.);
#4048=ORIENTED_EDGE('',*,*,#2807,.F.);
#4049=ORIENTED_EDGE('',*,*,#2808,.F.);
#4050=ORIENTED_EDGE('',*,*,#2809,.F.);
#4051=ORIENTED_EDGE('',*,*,#2810,.F.);
#4052=ORIENTED_EDGE('',*,*,#2811,.F.);
#4053=ORIENTED_EDGE('',*,*,#2812,.F.);
#4054=ORIENTED_EDGE('',*,*,#2813,.F.);
#4055=ORIENTED_EDGE('',*,*,#2814,.F.);
#4056=ORIENTED_EDGE('',*,*,#2815,.F.);
#4057=ORIENTED_EDGE('',*,*,#2816,.F.);
#4058=ORIENTED_EDGE('',*,*,#2817,.F.);
#4059=ORIENTED_EDGE('',*,*,#2818,.F.);
#4060=ORIENTED_EDGE('',*,*,#2819,.F.);
#4061=ORIENTED_EDGE('',*,*,#2820,.F.);
#4062=ORIENTED_EDGE('',*,*,#2821,.F.);
#4063=ORIENTED_EDGE('',*,*,#2822,.F.);
#4064=ORIENTED_EDGE('',*,*,#2817,.T.);
#4065=ORIENTED_EDGE('',*,*,#2823,.T.);
#4066=ORIENTED_EDGE('',*,*,#2824,.F.);
#4067=ORIENTED_EDGE('',*,*,#2825,.T.);
#4068=ORIENTED_EDGE('',*,*,#2816,.T.);
#4069=ORIENTED_EDGE('',*,*,#2826,.F.);
#4070=ORIENTED_EDGE('',*,*,#2827,.F.);
#4071=ORIENTED_EDGE('',*,*,#2823,.F.);
#4072=ORIENTED_EDGE('',*,*,#2815,.T.);
#4073=ORIENTED_EDGE('',*,*,#2828,.T.);
#4074=ORIENTED_EDGE('',*,*,#2829,.F.);
#4075=ORIENTED_EDGE('',*,*,#2830,.F.);
#4076=ORIENTED_EDGE('',*,*,#2831,.F.);
#4077=ORIENTED_EDGE('',*,*,#2826,.T.);
#4078=ORIENTED_EDGE('',*,*,#2832,.T.);
#4079=ORIENTED_EDGE('',*,*,#2833,.T.);
#4080=ORIENTED_EDGE('',*,*,#2814,.T.);
#4081=ORIENTED_EDGE('',*,*,#2834,.F.);
#4082=ORIENTED_EDGE('',*,*,#2835,.F.);
#4083=ORIENTED_EDGE('',*,*,#2828,.F.);
#4084=ORIENTED_EDGE('',*,*,#2813,.T.);
#4085=ORIENTED_EDGE('',*,*,#2836,.T.);
#4086=ORIENTED_EDGE('',*,*,#2837,.T.);
#4087=ORIENTED_EDGE('',*,*,#2834,.T.);
#4088=ORIENTED_EDGE('',*,*,#2812,.T.);
#4089=ORIENTED_EDGE('',*,*,#2838,.F.);
#4090=ORIENTED_EDGE('',*,*,#2839,.T.);
#4091=ORIENTED_EDGE('',*,*,#2840,.F.);
#4092=ORIENTED_EDGE('',*,*,#2841,.F.);
#4093=ORIENTED_EDGE('',*,*,#2836,.F.);
#4094=ORIENTED_EDGE('',*,*,#2842,.T.);
#4095=ORIENTED_EDGE('',*,*,#2818,.T.);
#4096=ORIENTED_EDGE('',*,*,#2825,.F.);
#4097=ORIENTED_EDGE('',*,*,#2843,.F.);
#4098=ORIENTED_EDGE('',*,*,#2844,.F.);
#4099=ORIENTED_EDGE('',*,*,#2845,.F.);
#4100=ORIENTED_EDGE('',*,*,#2846,.F.);
#4101=ORIENTED_EDGE('',*,*,#2847,.T.);
#4102=ORIENTED_EDGE('',*,*,#2848,.T.);
#4103=ORIENTED_EDGE('',*,*,#2822,.T.);
#4104=ORIENTED_EDGE('',*,*,#2849,.T.);
#4105=ORIENTED_EDGE('',*,*,#2850,.T.);
#4106=ORIENTED_EDGE('',*,*,#2851,.T.);
#4107=ORIENTED_EDGE('',*,*,#2852,.T.);
#4108=ORIENTED_EDGE('',*,*,#2849,.F.);
#4109=ORIENTED_EDGE('',*,*,#2821,.T.);
#4110=ORIENTED_EDGE('',*,*,#2851,.F.);
#4111=ORIENTED_EDGE('',*,*,#2853,.T.);
#4112=ORIENTED_EDGE('',*,*,#2854,.T.);
#4113=ORIENTED_EDGE('',*,*,#2807,.T.);
#4114=ORIENTED_EDGE('',*,*,#2848,.F.);
#4115=ORIENTED_EDGE('',*,*,#2855,.T.);
#4116=ORIENTED_EDGE('',*,*,#2856,.F.);
#4117=ORIENTED_EDGE('',*,*,#2857,.F.);
#4118=ORIENTED_EDGE('',*,*,#2858,.F.);
#4119=ORIENTED_EDGE('',*,*,#2850,.F.);
#4120=ORIENTED_EDGE('',*,*,#2859,.F.);
#4121=ORIENTED_EDGE('',*,*,#2860,.F.);
#4122=ORIENTED_EDGE('',*,*,#2861,.F.);
#4123=ORIENTED_EDGE('',*,*,#2862,.F.);
#4124=ORIENTED_EDGE('',*,*,#2855,.F.);
#4125=ORIENTED_EDGE('',*,*,#2858,.T.);
#4126=ORIENTED_EDGE('',*,*,#2863,.T.);
#4127=ORIENTED_EDGE('',*,*,#2864,.T.);
#4128=ORIENTED_EDGE('',*,*,#2808,.T.);
#4129=ORIENTED_EDGE('',*,*,#2865,.T.);
#4130=ORIENTED_EDGE('',*,*,#2809,.T.);
#4131=ORIENTED_EDGE('',*,*,#2864,.F.);
#4132=ORIENTED_EDGE('',*,*,#2866,.T.);
#4133=ORIENTED_EDGE('',*,*,#2867,.T.);
#4134=ORIENTED_EDGE('',*,*,#2868,.T.);
#4135=ORIENTED_EDGE('',*,*,#2865,.F.);
#4136=ORIENTED_EDGE('',*,*,#2868,.F.);
#4137=ORIENTED_EDGE('',*,*,#2869,.T.);
#4138=ORIENTED_EDGE('',*,*,#2870,.F.);
#4139=ORIENTED_EDGE('',*,*,#2810,.T.);
#4140=ORIENTED_EDGE('',*,*,#2867,.F.);
#4141=ORIENTED_EDGE('',*,*,#2866,.F.);
#4142=ORIENTED_EDGE('',*,*,#2871,.T.);
#4143=ORIENTED_EDGE('',*,*,#2872,.T.);
#4144=ORIENTED_EDGE('',*,*,#2873,.T.);
#4145=ORIENTED_EDGE('',*,*,#2863,.F.);
#4146=ORIENTED_EDGE('',*,*,#2857,.T.);
#4147=ORIENTED_EDGE('',*,*,#2874,.T.);
#4148=ORIENTED_EDGE('',*,*,#2875,.F.);
#4149=ORIENTED_EDGE('',*,*,#2876,.F.);
#4150=ORIENTED_EDGE('',*,*,#2871,.F.);
#4151=ORIENTED_EDGE('',*,*,#2870,.T.);
#4152=ORIENTED_EDGE('',*,*,#2877,.T.);
#4153=ORIENTED_EDGE('',*,*,#2838,.T.);
#4154=ORIENTED_EDGE('',*,*,#2811,.T.);
#4155=ORIENTED_EDGE('',*,*,#2853,.F.);
#4156=ORIENTED_EDGE('',*,*,#2820,.T.);
#4157=ORIENTED_EDGE('',*,*,#2878,.T.);
#4158=ORIENTED_EDGE('',*,*,#2879,.T.);
#4159=ORIENTED_EDGE('',*,*,#2854,.F.);
#4160=ORIENTED_EDGE('',*,*,#2880,.T.);
#4161=ORIENTED_EDGE('',*,*,#2881,.T.);
#4162=ORIENTED_EDGE('',*,*,#2859,.T.);
#4163=ORIENTED_EDGE('',*,*,#2852,.F.);
#4164=ORIENTED_EDGE('',*,*,#2881,.F.);
#4165=ORIENTED_EDGE('',*,*,#2882,.T.);
#4166=ORIENTED_EDGE('',*,*,#2883,.T.);
#4167=ORIENTED_EDGE('',*,*,#2860,.T.);
#4168=ORIENTED_EDGE('',*,*,#2861,.T.);
#4169=ORIENTED_EDGE('',*,*,#2883,.F.);
#4170=ORIENTED_EDGE('',*,*,#2884,.T.);
#4171=ORIENTED_EDGE('',*,*,#2885,.T.);
#4172=ORIENTED_EDGE('',*,*,#2846,.T.);
#4173=ORIENTED_EDGE('',*,*,#2886,.T.);
#4174=ORIENTED_EDGE('',*,*,#2878,.F.);
#4175=ORIENTED_EDGE('',*,*,#2819,.T.);
#4176=ORIENTED_EDGE('',*,*,#2887,.T.);
#4177=ORIENTED_EDGE('',*,*,#2885,.F.);
#4178=ORIENTED_EDGE('',*,*,#2888,.T.);
#4179=ORIENTED_EDGE('',*,*,#2889,.T.);
#4180=ORIENTED_EDGE('',*,*,#2890,.T.);
#4181=ORIENTED_EDGE('',*,*,#2891,.T.);
#4182=ORIENTED_EDGE('',*,*,#2872,.F.);
#4183=ORIENTED_EDGE('',*,*,#2876,.T.);
#4184=ORIENTED_EDGE('',*,*,#2892,.T.);
#4185=ORIENTED_EDGE('',*,*,#2890,.F.);
#4186=ORIENTED_EDGE('',*,*,#2875,.T.);
#4187=ORIENTED_EDGE('',*,*,#2889,.F.);
#4188=ORIENTED_EDGE('',*,*,#2869,.F.);
#4189=ORIENTED_EDGE('',*,*,#2873,.F.);
#4190=ORIENTED_EDGE('',*,*,#2893,.F.);
#4191=ORIENTED_EDGE('',*,*,#2894,.F.);
#4192=ORIENTED_EDGE('',*,*,#2891,.F.);
#4193=ORIENTED_EDGE('',*,*,#2895,.T.);
#4194=ORIENTED_EDGE('',*,*,#2896,.F.);
#4195=ORIENTED_EDGE('',*,*,#2893,.T.);
#4196=ORIENTED_EDGE('',*,*,#2892,.F.);
#4197=ORIENTED_EDGE('',*,*,#2888,.F.);
#4198=ORIENTED_EDGE('',*,*,#2884,.F.);
#4199=ORIENTED_EDGE('',*,*,#2897,.F.);
#4200=ORIENTED_EDGE('',*,*,#2898,.F.);
#4201=ORIENTED_EDGE('',*,*,#2899,.F.);
#4202=ORIENTED_EDGE('',*,*,#2900,.F.);
#4203=ORIENTED_EDGE('',*,*,#2830,.T.);
#4204=ORIENTED_EDGE('',*,*,#2901,.F.);
#4205=ORIENTED_EDGE('',*,*,#2902,.F.);
#4206=ORIENTED_EDGE('',*,*,#2903,.F.);
#4207=ORIENTED_EDGE('',*,*,#2895,.F.);
#4208=ORIENTED_EDGE('',*,*,#2882,.F.);
#4209=ORIENTED_EDGE('',*,*,#2904,.T.);
#4210=ORIENTED_EDGE('',*,*,#2905,.T.);
#4211=ORIENTED_EDGE('',*,*,#2897,.T.);
#4212=ORIENTED_EDGE('',*,*,#2880,.F.);
#4213=ORIENTED_EDGE('',*,*,#2879,.F.);
#4214=ORIENTED_EDGE('',*,*,#2906,.T.);
#4215=ORIENTED_EDGE('',*,*,#2904,.F.);
#4216=ORIENTED_EDGE('',*,*,#2886,.F.);
#4217=ORIENTED_EDGE('',*,*,#2845,.T.);
#4218=ORIENTED_EDGE('',*,*,#2907,.F.);
#4219=ORIENTED_EDGE('',*,*,#2906,.F.);
#4220=ORIENTED_EDGE('',*,*,#2844,.T.);
#4221=ORIENTED_EDGE('',*,*,#2908,.T.);
#4222=ORIENTED_EDGE('',*,*,#2899,.T.);
#4223=ORIENTED_EDGE('',*,*,#2909,.T.);
#4224=ORIENTED_EDGE('',*,*,#2824,.T.);
#4225=ORIENTED_EDGE('',*,*,#2910,.T.);
#4226=ORIENTED_EDGE('',*,*,#2908,.F.);
#4227=ORIENTED_EDGE('',*,*,#2843,.T.);
#4228=ORIENTED_EDGE('',*,*,#2898,.T.);
#4229=ORIENTED_EDGE('',*,*,#2905,.F.);
#4230=ORIENTED_EDGE('',*,*,#2907,.T.);
#4231=ORIENTED_EDGE('',*,*,#2909,.F.);
#4232=ORIENTED_EDGE('',*,*,#2911,.T.);
#4233=ORIENTED_EDGE('',*,*,#2896,.T.);
#4234=ORIENTED_EDGE('',*,*,#2903,.T.);
#4235=ORIENTED_EDGE('',*,*,#2912,.T.);
#4236=ORIENTED_EDGE('',*,*,#2913,.T.);
#4237=ORIENTED_EDGE('',*,*,#2914,.T.);
#4238=ORIENTED_EDGE('',*,*,#2837,.F.);
#4239=ORIENTED_EDGE('',*,*,#2841,.T.);
#4240=ORIENTED_EDGE('',*,*,#2902,.T.);
#4241=ORIENTED_EDGE('',*,*,#2913,.F.);
#4242=ORIENTED_EDGE('',*,*,#2840,.T.);
#4243=ORIENTED_EDGE('',*,*,#2912,.F.);
#4244=ORIENTED_EDGE('',*,*,#2877,.F.);
#4245=ORIENTED_EDGE('',*,*,#2894,.T.);
#4246=ORIENTED_EDGE('',*,*,#2911,.F.);
#4247=ORIENTED_EDGE('',*,*,#2839,.F.);
#4248=ORIENTED_EDGE('',*,*,#2910,.F.);
#4249=ORIENTED_EDGE('',*,*,#2827,.T.);
#4250=ORIENTED_EDGE('',*,*,#2831,.T.);
#4251=ORIENTED_EDGE('',*,*,#2900,.T.);
#4252=ORIENTED_EDGE('',*,*,#2914,.F.);
#4253=ORIENTED_EDGE('',*,*,#2901,.T.);
#4254=ORIENTED_EDGE('',*,*,#2829,.T.);
#4255=ORIENTED_EDGE('',*,*,#2835,.T.);
#4256=ORIENTED_EDGE('',*,*,#2847,.F.);
#4257=ORIENTED_EDGE('',*,*,#2915,.T.);
#4258=ORIENTED_EDGE('',*,*,#2832,.F.);
#4259=ORIENTED_EDGE('',*,*,#2915,.F.);
#4260=ORIENTED_EDGE('',*,*,#2842,.F.);
#4261=ORIENTED_EDGE('',*,*,#2916,.T.);
#4262=ORIENTED_EDGE('',*,*,#2833,.F.);
#4263=ORIENTED_EDGE('',*,*,#2916,.F.);
#4264=ORIENTED_EDGE('',*,*,#2887,.F.);
#4265=ORIENTED_EDGE('',*,*,#2874,.F.);
#4266=ORIENTED_EDGE('',*,*,#2917,.F.);
#4267=ORIENTED_EDGE('',*,*,#2862,.T.);
#4268=ORIENTED_EDGE('',*,*,#2856,.T.);
#4269=ORIENTED_EDGE('',*,*,#2917,.T.);
#4270=PLANE('',#4642);
#4271=PLANE('',#4644);
#4272=PLANE('',#4653);
#4273=PLANE('',#4657);
#4274=PLANE('',#4659);
#4275=PLANE('',#4665);
#4276=PLANE('',#4675);
#4277=PLANE('',#4677);
#4278=PLANE('',#4691);
#4279=PLANE('',#4692);
#4280=PLANE('',#4693);
#4281=PLANE('',#4711);
#4282=PLANE('',#4717);
#4283=PLANE('',#4725);
#4284=PLANE('',#4731);
#4285=PLANE('',#4738);
#4286=PLANE('',#4752);
#4287=PLANE('',#4760);
#4288=PLANE('',#4771);
#4289=PLANE('',#4776);
#4290=PLANE('',#4781);
#4291=PLANE('',#4782);
#4292=PLANE('',#4783);
#4293=PLANE('',#4786);
#4294=PLANE('',#4787);
#4295=PLANE('',#4790);
#4296=PLANE('',#4794);
#4297=PLANE('',#4810);
#4298=PLANE('',#4829);
#4299=PLANE('',#4834);
#4300=PLANE('',#4840);
#4301=PLANE('',#4843);
#4302=PLANE('',#4844);
#4303=PLANE('',#4845);
#4304=PLANE('',#4848);
#4305=PLANE('',#4849);
#4306=PLANE('',#4852);
#4307=PLANE('',#4857);
#4308=PLANE('',#4867);
#4309=PLANE('',#4882);
#4310=PLANE('',#4892);
#4311=PLANE('',#4906);
#4312=PLANE('',#4917);
#4313=PLANE('',#4919);
#4314=PLANE('',#4920);
#4315=PLANE('',#4921);
#4316=PLANE('',#4925);
#4317=PLANE('',#4929);
#4318=PLANE('',#4945);
#4319=PLANE('',#4954);
#4320=PLANE('',#4965);
#4321=PLANE('',#4970);
#4322=PLANE('',#4976);
#4323=PLANE('',#4979);
#4324=PLANE('',#4980);
#4325=PLANE('',#4981);
#4326=PLANE('',#4984);
#4327=PLANE('',#4987);
#4328=PLANE('',#4988);
#4329=PLANE('',#4993);
#4330=PLANE('',#5011);
#4331=PLANE('',#5024);
#4332=PLANE('',#5039);
#4333=PLANE('',#5050);
#4334=PLANE('',#5053);
#4335=PLANE('',#5054);
#4336=PLANE('',#5055);
#4337=PLANE('',#5058);
#4338=PLANE('',#5061);
#4339=PLANE('',#5062);
#4340=PLANE('',#5072);
#4341=PLANE('',#5073);
#4342=PLANE('',#5078);
#4343=PLANE('',#5081);
#4344=PLANE('',#5085);
#4345=PLANE('',#5095);
#4346=PLANE('',#5105);
#4347=PLANE('',#5125);
#4348=PLANE('',#5131);
#4349=PLANE('',#5144);
#4350=PLANE('',#5149);
#4351=PLANE('',#5150);
#4352=ADVANCED_FACE('',(#343),#4270,.F.);
#4353=ADVANCED_FACE('',(#344),#4271,.T.);
#4354=ADVANCED_FACE('',(#345),#213,.F.);
#4355=ADVANCED_FACE('',(#346),#214,.F.);
#4356=ADVANCED_FACE('',(#347),#4272,.T.);
#4357=ADVANCED_FACE('',(#348),#215,.T.);
#4358=ADVANCED_FACE('',(#349,#185,#186),#4273,.T.);
#4359=ADVANCED_FACE('',(#350),#4274,.T.);
#4360=ADVANCED_FACE('',(#351),#216,.T.);
#4361=ADVANCED_FACE('',(#352),#217,.T.);
#4362=ADVANCED_FACE('',(#353),#4275,.T.);
#4363=ADVANCED_FACE('',(#354),#218,.T.);
#4364=ADVANCED_FACE('',(#355),#129,.T.);
#4365=ADVANCED_FACE('',(#356),#130,.T.);
#4366=ADVANCED_FACE('',(#357),#219,.T.);
#4367=ADVANCED_FACE('',(#358,#187),#4276,.T.);
#4368=ADVANCED_FACE('',(#359),#4277,.T.);
#4369=ADVANCED_FACE('',(#360),#220,.T.);
#4370=ADVANCED_FACE('',(#361),#131,.T.);
#4371=ADVANCED_FACE('',(#362),#221,.T.);
#4372=ADVANCED_FACE('',(#363),#132,.T.);
#4373=ADVANCED_FACE('',(#364),#222,.T.);
#4374=ADVANCED_FACE('',(#365),#223,.T.);
#4375=ADVANCED_FACE('',(#366),#4278,.T.);
#4376=ADVANCED_FACE('',(#367),#4279,.T.);
#4377=ADVANCED_FACE('',(#368),#4280,.T.);
#4378=ADVANCED_FACE('',(#369),#224,.T.);
#4379=ADVANCED_FACE('',(#370),#225,.T.);
#4380=ADVANCED_FACE('',(#371),#45,.F.);
#4381=ADVANCED_FACE('',(#372),#226,.T.);
#4382=ADVANCED_FACE('',(#373),#46,.F.);
#4383=ADVANCED_FACE('',(#374),#227,.T.);
#4384=ADVANCED_FACE('',(#375),#228,.T.);
#4385=ADVANCED_FACE('',(#376),#229,.T.);
#4386=ADVANCED_FACE('',(#377),#4281,.T.);
#4387=ADVANCED_FACE('',(#378),#27,.F.);
#4388=ADVANCED_FACE('',(#379),#230,.T.);
#4389=ADVANCED_FACE('',(#380),#231,.F.);
#4390=ADVANCED_FACE('',(#381),#4282,.T.);
#4391=ADVANCED_FACE('',(#382),#28,.F.);
#4392=ADVANCED_FACE('',(#383),#232,.T.);
#4393=ADVANCED_FACE('',(#384),#233,.T.);
#4394=ADVANCED_FACE('',(#385,#188),#4283,.T.);
#4395=ADVANCED_FACE('',(#386),#234,.F.);
#4396=ADVANCED_FACE('',(#387),#235,.F.);
#4397=ADVANCED_FACE('',(#388),#236,.T.);
#4398=ADVANCED_FACE('',(#389),#4284,.T.);
#4399=ADVANCED_FACE('',(#390),#237,.F.);
#4400=ADVANCED_FACE('',(#391),#238,.F.);
#4401=ADVANCED_FACE('',(#392,#189),#4285,.T.);
#4402=ADVANCED_FACE('',(#393),#239,.T.);
#4403=ADVANCED_FACE('',(#394),#240,.T.);
#4404=ADVANCED_FACE('',(#395),#241,.T.);
#4405=ADVANCED_FACE('',(#396),#242,.T.);
#4406=ADVANCED_FACE('',(#397),#4286,.T.);
#4407=ADVANCED_FACE('',(#398),#243,.T.);
#4408=ADVANCED_FACE('',(#399),#133,.T.);
#4409=ADVANCED_FACE('',(#400),#244,.T.);
#4410=ADVANCED_FACE('',(#401),#4287,.T.);
#4411=ADVANCED_FACE('',(#402),#47,.F.);
#4412=ADVANCED_FACE('',(#403),#29,.F.);
#4413=ADVANCED_FACE('',(#404),#245,.T.);
#4414=ADVANCED_FACE('',(#405),#134,.T.);
#4415=ADVANCED_FACE('',(#406),#48,.F.);
#4416=ADVANCED_FACE('',(#407),#30,.F.);
#4417=ADVANCED_FACE('',(#408),#246,.T.);
#4418=ADVANCED_FACE('',(#409),#4288,.T.);
#4419=ADVANCED_FACE('',(#410),#247,.T.);
#4420=ADVANCED_FACE('',(#411),#248,.F.);
#4421=ADVANCED_FACE('',(#412),#4289,.T.);
#4422=ADVANCED_FACE('',(#413),#249,.T.);
#4423=ADVANCED_FACE('',(#414),#4290,.T.);
#4424=ADVANCED_FACE('',(#415,#190,#191),#4291,.T.);
#4425=ADVANCED_FACE('',(#416),#4292,.T.);
#4426=ADVANCED_FACE('',(#417),#250,.T.);
#4427=ADVANCED_FACE('',(#418,#192),#4293,.T.);
#4428=ADVANCED_FACE('',(#419),#4294,.F.);
#4429=ADVANCED_FACE('',(#420),#251,.F.);
#4430=ADVANCED_FACE('',(#421),#252,.F.);
#4431=ADVANCED_FACE('',(#422),#4295,.T.);
#4432=ADVANCED_FACE('',(#423),#253,.T.);
#4433=ADVANCED_FACE('',(#424),#4296,.T.);
#4434=ADVANCED_FACE('',(#425),#254,.F.);
#4435=ADVANCED_FACE('',(#426),#255,.F.);
#4436=ADVANCED_FACE('',(#427),#256,.T.);
#4437=ADVANCED_FACE('',(#428),#257,.T.);
#4438=ADVANCED_FACE('',(#429),#258,.T.);
#4439=ADVANCED_FACE('',(#430),#4297,.T.);
#4440=ADVANCED_FACE('',(#431),#259,.T.);
#4441=ADVANCED_FACE('',(#432),#260,.T.);
#4442=ADVANCED_FACE('',(#433),#135,.T.);
#4443=ADVANCED_FACE('',(#434),#261,.T.);
#4444=ADVANCED_FACE('',(#435),#31,.F.);
#4445=ADVANCED_FACE('',(#436),#49,.F.);
#4446=ADVANCED_FACE('',(#437),#136,.T.);
#4447=ADVANCED_FACE('',(#438),#262,.T.);
#4448=ADVANCED_FACE('',(#439),#32,.F.);
#4449=ADVANCED_FACE('',(#440),#50,.F.);
#4450=ADVANCED_FACE('',(#441),#4298,.T.);
#4451=ADVANCED_FACE('',(#442),#263,.T.);
#4452=ADVANCED_FACE('',(#443),#264,.F.);
#4453=ADVANCED_FACE('',(#444),#4299,.T.);
#4454=ADVANCED_FACE('',(#445),#265,.T.);
#4455=ADVANCED_FACE('',(#446,#193),#4300,.T.);
#4456=ADVANCED_FACE('',(#447),#266,.T.);
#4457=ADVANCED_FACE('',(#448),#4301,.T.);
#4458=ADVANCED_FACE('',(#449,#194,#195),#4302,.T.);
#4459=ADVANCED_FACE('',(#450),#4303,.T.);
#4460=ADVANCED_FACE('',(#451),#267,.T.);
#4461=ADVANCED_FACE('',(#452,#196),#4304,.T.);
#4462=ADVANCED_FACE('',(#453),#4305,.F.);
#4463=ADVANCED_FACE('',(#454),#268,.F.);
#4464=ADVANCED_FACE('',(#455),#269,.F.);
#4465=ADVANCED_FACE('',(#456),#4306,.T.);
#4466=ADVANCED_FACE('',(#457),#270,.T.);
#4467=ADVANCED_FACE('',(#458),#4307,.T.);
#4468=ADVANCED_FACE('',(#459),#271,.F.);
#4469=ADVANCED_FACE('',(#460),#272,.F.);
#4470=ADVANCED_FACE('',(#461),#273,.T.);
#4471=ADVANCED_FACE('',(#462),#4308,.F.);
#4472=ADVANCED_FACE('',(#463),#274,.T.);
#4473=ADVANCED_FACE('',(#464),#137,.T.);
#4474=ADVANCED_FACE('',(#465),#275,.T.);
#4475=ADVANCED_FACE('',(#466),#4309,.T.);
#4476=ADVANCED_FACE('',(#467),#51,.F.);
#4477=ADVANCED_FACE('',(#468),#33,.F.);
#4478=ADVANCED_FACE('',(#469),#276,.T.);
#4479=ADVANCED_FACE('',(#470),#138,.T.);
#4480=ADVANCED_FACE('',(#471),#52,.F.);
#4481=ADVANCED_FACE('',(#472),#34,.F.);
#4482=ADVANCED_FACE('',(#473),#277,.T.);
#4483=ADVANCED_FACE('',(#474),#4310,.T.);
#4484=ADVANCED_FACE('',(#475),#278,.T.);
#4485=ADVANCED_FACE('',(#476),#279,.T.);
#4486=ADVANCED_FACE('',(#477),#139,.T.);
#4487=ADVANCED_FACE('',(#478),#35,.F.);
#4488=ADVANCED_FACE('',(#479),#280,.T.);
#4489=ADVANCED_FACE('',(#480),#281,.F.);
#4490=ADVANCED_FACE('',(#481),#4311,.T.);
#4491=ADVANCED_FACE('',(#482),#282,.T.);
#4492=ADVANCED_FACE('',(#483),#36,.F.);
#4493=ADVANCED_FACE('',(#484),#140,.T.);
#4494=ADVANCED_FACE('',(#485,#197),#4312,.T.);
#4495=ADVANCED_FACE('',(#486),#283,.T.);
#4496=ADVANCED_FACE('',(#487),#4313,.T.);
#4497=ADVANCED_FACE('',(#488,#198,#199),#4314,.T.);
#4498=ADVANCED_FACE('',(#489),#4315,.T.);
#4499=ADVANCED_FACE('',(#490),#284,.T.);
#4500=ADVANCED_FACE('',(#491),#285,.F.);
#4501=ADVANCED_FACE('',(#492),#286,.F.);
#4502=ADVANCED_FACE('',(#493,#200),#4316,.T.);
#4503=ADVANCED_FACE('',(#494),#287,.T.);
#4504=ADVANCED_FACE('',(#495),#4317,.T.);
#4505=ADVANCED_FACE('',(#496),#288,.F.);
#4506=ADVANCED_FACE('',(#497),#289,.F.);
#4507=ADVANCED_FACE('',(#498),#290,.T.);
#4508=ADVANCED_FACE('',(#499),#291,.T.);
#4509=ADVANCED_FACE('',(#500),#292,.T.);
#4510=ADVANCED_FACE('',(#501),#4318,.T.);
#4511=ADVANCED_FACE('',(#502),#293,.T.);
#4512=ADVANCED_FACE('',(#503),#141,.T.);
#4513=ADVANCED_FACE('',(#504),#294,.T.);
#4514=ADVANCED_FACE('',(#505),#4319,.T.);
#4515=ADVANCED_FACE('',(#506),#53,.F.);
#4516=ADVANCED_FACE('',(#507),#37,.F.);
#4517=ADVANCED_FACE('',(#508),#295,.T.);
#4518=ADVANCED_FACE('',(#509),#142,.T.);
#4519=ADVANCED_FACE('',(#510),#54,.F.);
#4520=ADVANCED_FACE('',(#511),#38,.F.);
#4521=ADVANCED_FACE('',(#512),#296,.T.);
#4522=ADVANCED_FACE('',(#513),#4320,.T.);
#4523=ADVANCED_FACE('',(#514),#297,.T.);
#4524=ADVANCED_FACE('',(#515),#298,.F.);
#4525=ADVANCED_FACE('',(#516),#4321,.T.);
#4526=ADVANCED_FACE('',(#517),#299,.T.);
#4527=ADVANCED_FACE('',(#518,#201),#4322,.T.);
#4528=ADVANCED_FACE('',(#519),#300,.T.);
#4529=ADVANCED_FACE('',(#520),#4323,.T.);
#4530=ADVANCED_FACE('',(#521,#202,#203),#4324,.T.);
#4531=ADVANCED_FACE('',(#522),#4325,.T.);
#4532=ADVANCED_FACE('',(#523),#301,.T.);
#4533=ADVANCED_FACE('',(#524),#4326,.F.);
#4534=ADVANCED_FACE('',(#525),#302,.F.);
#4535=ADVANCED_FACE('',(#526),#303,.F.);
#4536=ADVANCED_FACE('',(#527,#204),#4327,.T.);
#4537=ADVANCED_FACE('',(#528),#4328,.T.);
#4538=ADVANCED_FACE('',(#529),#304,.T.);
#4539=ADVANCED_FACE('',(#530),#4329,.T.);
#4540=ADVANCED_FACE('',(#531),#305,.F.);
#4541=ADVANCED_FACE('',(#532),#306,.F.);
#4542=ADVANCED_FACE('',(#533),#307,.T.);
#4543=ADVANCED_FACE('',(#534),#308,.T.);
#4544=ADVANCED_FACE('',(#535),#143,.T.);
#4545=ADVANCED_FACE('',(#536),#309,.T.);
#4546=ADVANCED_FACE('',(#537),#4330,.T.);
#4547=ADVANCED_FACE('',(#538),#55,.F.);
#4548=ADVANCED_FACE('',(#539),#39,.F.);
#4549=ADVANCED_FACE('',(#540),#310,.T.);
#4550=ADVANCED_FACE('',(#541),#144,.T.);
#4551=ADVANCED_FACE('',(#542),#56,.F.);
#4552=ADVANCED_FACE('',(#543),#40,.F.);
#4553=ADVANCED_FACE('',(#544),#311,.T.);
#4554=ADVANCED_FACE('',(#545),#4331,.T.);
#4555=ADVANCED_FACE('',(#546),#312,.T.);
#4556=ADVANCED_FACE('',(#547),#313,.T.);
#4557=ADVANCED_FACE('',(#548),#145,.T.);
#4558=ADVANCED_FACE('',(#549),#41,.F.);
#4559=ADVANCED_FACE('',(#550),#314,.T.);
#4560=ADVANCED_FACE('',(#551),#315,.F.);
#4561=ADVANCED_FACE('',(#552),#4332,.T.);
#4562=ADVANCED_FACE('',(#553),#316,.T.);
#4563=ADVANCED_FACE('',(#554),#42,.F.);
#4564=ADVANCED_FACE('',(#555),#146,.T.);
#4565=ADVANCED_FACE('',(#556,#205),#4333,.T.);
#4566=ADVANCED_FACE('',(#557),#317,.T.);
#4567=ADVANCED_FACE('',(#558),#4334,.T.);
#4568=ADVANCED_FACE('',(#559,#206,#207),#4335,.T.);
#4569=ADVANCED_FACE('',(#560),#4336,.T.);
#4570=ADVANCED_FACE('',(#561),#318,.T.);
#4571=ADVANCED_FACE('',(#562),#4337,.F.);
#4572=ADVANCED_FACE('',(#563),#319,.F.);
#4573=ADVANCED_FACE('',(#564),#320,.F.);
#4574=ADVANCED_FACE('',(#565,#208),#4338,.T.);
#4575=ADVANCED_FACE('',(#566),#4339,.F.);
#4576=ADVANCED_FACE('',(#567),#321,.T.);
#4577=ADVANCED_FACE('',(#568),#4340,.T.);
#4578=ADVANCED_FACE('',(#569,#209,#210),#4341,.T.);
#4579=ADVANCED_FACE('',(#570),#4342,.T.);
#4580=ADVANCED_FACE('',(#571),#322,.T.);
#4581=ADVANCED_FACE('',(#572,#211),#4343,.T.);
#4582=ADVANCED_FACE('',(#573,#212),#4344,.T.);
#4583=ADVANCED_FACE('',(#574),#323,.T.);
#4584=ADVANCED_FACE('',(#575),#43,.F.);
#4585=ADVANCED_FACE('',(#576),#57,.F.);
#4586=ADVANCED_FACE('',(#577),#324,.F.);
#4587=ADVANCED_FACE('',(#578),#4345,.T.);
#4588=ADVANCED_FACE('',(#579),#325,.T.);
#4589=ADVANCED_FACE('',(#580),#44,.F.);
#4590=ADVANCED_FACE('',(#581),#58,.F.);
#4591=ADVANCED_FACE('',(#582),#147,.T.);
#4592=ADVANCED_FACE('',(#583),#326,.T.);
#4593=ADVANCED_FACE('',(#584),#4346,.T.);
#4594=ADVANCED_FACE('',(#585),#327,.T.);
#4595=ADVANCED_FACE('',(#586),#148,.T.);
#4596=ADVANCED_FACE('',(#587),#328,.T.);
#4597=ADVANCED_FACE('',(#588),#59,.F.);
#4598=ADVANCED_FACE('',(#589),#329,.T.);
#4599=ADVANCED_FACE('',(#590),#330,.T.);
#4600=ADVANCED_FACE('',(#591),#331,.T.);
#4601=ADVANCED_FACE('',(#592),#60,.F.);
#4602=ADVANCED_FACE('',(#593),#332,.T.);
#4603=ADVANCED_FACE('',(#594),#333,.T.);
#4604=ADVANCED_FACE('',(#595),#149,.T.);
#4605=ADVANCED_FACE('',(#596),#4347,.T.);
#4606=ADVANCED_FACE('',(#597),#150,.T.);
#4607=ADVANCED_FACE('',(#598),#334,.T.);
#4608=ADVANCED_FACE('',(#599),#4348,.T.);
#4609=ADVANCED_FACE('',(#600),#335,.T.);
#4610=ADVANCED_FACE('',(#601),#151,.T.);
#4611=ADVANCED_FACE('',(#602),#336,.T.);
#4612=ADVANCED_FACE('',(#603),#337,.T.);
#4613=ADVANCED_FACE('',(#604),#152,.T.);
#4614=ADVANCED_FACE('',(#605),#338,.T.);
#4615=ADVANCED_FACE('',(#606),#4349,.T.);
#4616=ADVANCED_FACE('',(#607),#339,.T.);
#4617=ADVANCED_FACE('',(#608),#340,.T.);
#4618=ADVANCED_FACE('',(#609),#341,.F.);
#4619=ADVANCED_FACE('',(#610),#342,.F.);
#4620=ADVANCED_FACE('',(#611),#4350,.T.);
#4621=ADVANCED_FACE('',(#612),#4351,.F.);
#4622=CLOSED_SHELL('',(#4352,#4353,#4354,#4355,#4356,#4357,#4358,#4359,
#4360,#4361,#4362,#4363,#4364,#4365,#4366,#4367,#4368,#4369,#4370,#4371,
#4372,#4373,#4374,#4375,#4376,#4377,#4378,#4379,#4380,#4381,#4382,#4383,
#4384,#4385,#4386,#4387,#4388,#4389,#4390,#4391,#4392,#4393,#4394,#4395,
#4396));
#4623=CLOSED_SHELL('',(#4397,#4398,#4399,#4400,#4401,#4402,#4403,#4404,
#4405,#4406,#4407,#4408,#4409,#4410,#4411,#4412,#4413,#4414,#4415,#4416,
#4417,#4418,#4419,#4420,#4421,#4422,#4423,#4424,#4425,#4426,#4427,#4428,
#4429,#4430));
#4624=CLOSED_SHELL('',(#4431,#4432,#4433,#4434,#4435,#4436,#4437,#4438,
#4439,#4440,#4441,#4442,#4443,#4444,#4445,#4446,#4447,#4448,#4449,#4450,
#4451,#4452,#4453,#4454,#4455,#4456,#4457,#4458,#4459,#4460,#4461,#4462,
#4463,#4464));
#4625=CLOSED_SHELL('',(#4465,#4466,#4467,#4468,#4469,#4470,#4471,#4472,
#4473,#4474,#4475,#4476,#4477,#4478,#4479,#4480,#4481,#4482,#4483,#4484,
#4485,#4486,#4487,#4488,#4489,#4490,#4491,#4492,#4493,#4494,#4495,#4496,
#4497,#4498,#4499,#4500,#4501,#4502));
#4626=CLOSED_SHELL('',(#4503,#4504,#4505,#4506,#4507,#4508,#4509,#4510,
#4511,#4512,#4513,#4514,#4515,#4516,#4517,#4518,#4519,#4520,#4521,#4522,
#4523,#4524,#4525,#4526,#4527,#4528,#4529,#4530,#4531,#4532,#4533,#4534,
#4535,#4536));
#4627=CLOSED_SHELL('',(#4537,#4538,#4539,#4540,#4541,#4542,#4543,#4544,
#4545,#4546,#4547,#4548,#4549,#4550,#4551,#4552,#4553,#4554,#4555,#4556,
#4557,#4558,#4559,#4560,#4561,#4562,#4563,#4564,#4565,#4566,#4567,#4568,
#4569,#4570,#4571,#4572,#4573,#4574));
#4628=CLOSED_SHELL('',(#4575,#4576,#4577,#4578,#4579,#4580,#4581,#4582,
#4583,#4584,#4585,#4586,#4587,#4588,#4589,#4590,#4591,#4592,#4593,#4594,
#4595,#4596,#4597,#4598,#4599,#4600,#4601,#4602,#4603,#4604,#4605,#4606,
#4607,#4608,#4609,#4610,#4611,#4612,#4613,#4614,#4615,#4616,#4617,#4618,
#4619,#4620,#4621));
#4629=DERIVED_UNIT_ELEMENT(#4631,1.);
#4630=DERIVED_UNIT_ELEMENT(#9154,-3.);
#4631=(
MASS_UNIT()
NAMED_UNIT(*)
SI_UNIT(.KILO.,.GRAM.)
);
#4632=DERIVED_UNIT((#4629,#4630));
#4633=MEASURE_REPRESENTATION_ITEM('density measure',
POSITIVE_RATIO_MEASURE(7850.),#4632);
#4634=PROPERTY_DEFINITION_REPRESENTATION(#4639,#4636);
#4635=PROPERTY_DEFINITION_REPRESENTATION(#4640,#4637);
#4636=REPRESENTATION('material name',(#4638),#9151);
#4637=REPRESENTATION('density',(#4633),#9151);
#4638=DESCRIPTIVE_REPRESENTATION_ITEM('Steel','Steel');
#4639=PROPERTY_DEFINITION('material property','material name',#9161);
#4640=PROPERTY_DEFINITION('material property','density of part',#9161);
#4641=AXIS2_PLACEMENT_3D('',#6506,#5151,#5152);
#4642=AXIS2_PLACEMENT_3D('',#6507,#5153,#5154);
#4643=AXIS2_PLACEMENT_3D('',#6510,#5155,#5156);
#4644=AXIS2_PLACEMENT_3D('',#6512,#5158,#5159);
#4645=AXIS2_PLACEMENT_3D('',#6517,#5161,#5162);
#4646=AXIS2_PLACEMENT_3D('',#6533,#5170,#5171);
#4647=AXIS2_PLACEMENT_3D('',#6537,#5174,#5175);
#4648=AXIS2_PLACEMENT_3D('',#6539,#5176,#5177);
#4649=AXIS2_PLACEMENT_3D('',#6542,#5179,#5180);
#4650=AXIS2_PLACEMENT_3D('',#6543,#5181,#5182);
#4651=AXIS2_PLACEMENT_3D('',#6545,#5183,#5184);
#4652=AXIS2_PLACEMENT_3D('',#6548,#5186,#5187);
#4653=AXIS2_PLACEMENT_3D('',#6549,#5188,#5189);
#4654=AXIS2_PLACEMENT_3D('',#6558,#5194,#5195);
#4655=AXIS2_PLACEMENT_3D('',#6559,#5196,#5197);
#4656=AXIS2_PLACEMENT_3D('',#6560,#5198,#5199);
#4657=AXIS2_PLACEMENT_3D('',#6561,#5200,#5201);
#4658=AXIS2_PLACEMENT_3D('',#6566,#5204,#5205);
#4659=AXIS2_PLACEMENT_3D('',#6567,#5206,#5207);
#4660=AXIS2_PLACEMENT_3D('',#6573,#5211,#5212);
#4661=AXIS2_PLACEMENT_3D('',#6574,#5213,#5214);
#4662=AXIS2_PLACEMENT_3D('',#6575,#5215,#5216);
#4663=AXIS2_PLACEMENT_3D('',#6580,#5218,#5219);
#4664=AXIS2_PLACEMENT_3D('',#6584,#5221,#5222);
#4665=AXIS2_PLACEMENT_3D('',#6586,#5224,#5225);
#4666=AXIS2_PLACEMENT_3D('',#6592,#5229,#5230);
#4667=AXIS2_PLACEMENT_3D('',#6593,#5231,#5232);
#4668=AXIS2_PLACEMENT_3D('',#6594,#5233,#5234);
#4669=AXIS2_PLACEMENT_3D('',#6595,#5235,#5236);
#4670=AXIS2_PLACEMENT_3D('',#6601,#5237,#5238);
#4671=AXIS2_PLACEMENT_3D('',#6603,#5239,#5240);
#4672=AXIS2_PLACEMENT_3D('',#6605,#5241,#5242);
#4673=AXIS2_PLACEMENT_3D('',#6606,#5243,#5244);
#4674=AXIS2_PLACEMENT_3D('',#6607,#5245,#5246);
#4675=AXIS2_PLACEMENT_3D('',#6609,#5248,#5249);
#4676=AXIS2_PLACEMENT_3D('',#6618,#5253,#5254);
#4677=AXIS2_PLACEMENT_3D('',#6620,#5256,#5257);
#4678=AXIS2_PLACEMENT_3D('',#6626,#5261,#5262);
#4679=AXIS2_PLACEMENT_3D('',#6630,#5264,#5265);
#4680=AXIS2_PLACEMENT_3D('',#6631,#5266,#5267);
#4681=AXIS2_PLACEMENT_3D('',#6632,#5268,#5269);
#4682=AXIS2_PLACEMENT_3D('',#6638,#5270,#5271);
#4683=AXIS2_PLACEMENT_3D('',#6639,#5272,#5273);
#4684=AXIS2_PLACEMENT_3D('',#6640,#5274,#5275);
#4685=AXIS2_PLACEMENT_3D('',#6641,#5276,#5277);
#4686=AXIS2_PLACEMENT_3D('',#6642,#5278,#5279);
#4687=AXIS2_PLACEMENT_3D('',#6643,#5280,#5281);
#4688=AXIS2_PLACEMENT_3D('',#6644,#5282,#5283);
#4689=AXIS2_PLACEMENT_3D('',#6645,#5284,#5285);
#4690=AXIS2_PLACEMENT_3D('',#6646,#5286,#5287);
#4691=AXIS2_PLACEMENT_3D('',#6647,#5288,#5289);
#4692=AXIS2_PLACEMENT_3D('',#6653,#5293,#5294);
#4693=AXIS2_PLACEMENT_3D('',#6665,#5298,#5299);
#4694=AXIS2_PLACEMENT_3D('',#6671,#5303,#5304);
#4695=AXIS2_PLACEMENT_3D('',#6675,#5306,#5307);
#4696=AXIS2_PLACEMENT_3D('',#6676,#5308,#5309);
#4697=AXIS2_PLACEMENT_3D('',#6677,#5310,#5311);
#4698=AXIS2_PLACEMENT_3D('',#6678,#5312,#5313);
#4699=AXIS2_PLACEMENT_3D('',#6679,#5314,#5315);
#4700=AXIS2_PLACEMENT_3D('',#6705,#5316,#5317);
#4701=AXIS2_PLACEMENT_3D('',#6706,#5318,#5319);
#4702=AXIS2_PLACEMENT_3D('',#6708,#5320,#5321);
#4703=AXIS2_PLACEMENT_3D('',#6710,#5323,#5324);
#4704=AXIS2_PLACEMENT_3D('',#6737,#5325,#5326);
#4705=AXIS2_PLACEMENT_3D('',#6743,#5327,#5328);
#4706=AXIS2_PLACEMENT_3D('',#6746,#5329,#5330);
#4707=AXIS2_PLACEMENT_3D('',#6749,#5332,#5333);
#4708=AXIS2_PLACEMENT_3D('',#6751,#5335,#5336);
#4709=AXIS2_PLACEMENT_3D('',#6752,#5337,#5338);
#4710=AXIS2_PLACEMENT_3D('',#6753,#5339,#5340);
#4711=AXIS2_PLACEMENT_3D('',#6754,#5341,#5342);
#4712=AXIS2_PLACEMENT_3D('',#6783,#5345,#5346);
#4713=AXIS2_PLACEMENT_3D('',#6784,#5347,#5348);
#4714=AXIS2_PLACEMENT_3D('',#6785,#5349,#5350);
#4715=AXIS2_PLACEMENT_3D('',#6798,#5352,#5353);
#4716=AXIS2_PLACEMENT_3D('',#6810,#5354,#5355);
#4717=AXIS2_PLACEMENT_3D('',#6811,#5356,#5357);
#4718=AXIS2_PLACEMENT_3D('',#6814,#5358,#5359);
#4719=AXIS2_PLACEMENT_3D('',#6816,#5361,#5362);
#4720=AXIS2_PLACEMENT_3D('',#6818,#5363,#5364);
#4721=AXIS2_PLACEMENT_3D('',#6820,#5366,#5367);
#4722=AXIS2_PLACEMENT_3D('',#6844,#5368,#5369);
#4723=AXIS2_PLACEMENT_3D('',#6845,#5370,#5371);
#4724=AXIS2_PLACEMENT_3D('',#6846,#5372,#5373);
#4725=AXIS2_PLACEMENT_3D('',#6848,#5375,#5376);
#4726=AXIS2_PLACEMENT_3D('',#6849,#5377,#5378);
#4727=AXIS2_PLACEMENT_3D('',#6850,#5379,#5380);
#4728=AXIS2_PLACEMENT_3D('',#6851,#5381,#5382);
#4729=AXIS2_PLACEMENT_3D('',#6854,#5383,#5384);
#4730=AXIS2_PLACEMENT_3D('',#6858,#5386,#5387);
#4731=AXIS2_PLACEMENT_3D('',#6860,#5389,#5390);
#4732=AXIS2_PLACEMENT_3D('',#6866,#5394,#5395);
#4733=AXIS2_PLACEMENT_3D('',#6868,#5396,#5397);
#4734=AXIS2_PLACEMENT_3D('',#6871,#5399,#5400);
#4735=AXIS2_PLACEMENT_3D('',#6872,#5401,#5402);
#4736=AXIS2_PLACEMENT_3D('',#6874,#5403,#5404);
#4737=AXIS2_PLACEMENT_3D('',#6877,#5406,#5407);
#4738=AXIS2_PLACEMENT_3D('',#6878,#5408,#5409);
#4739=AXIS2_PLACEMENT_3D('',#6887,#5413,#5414);
#4740=AXIS2_PLACEMENT_3D('',#6889,#5416,#5417);
#4741=AXIS2_PLACEMENT_3D('',#6891,#5418,#5419);
#4742=AXIS2_PLACEMENT_3D('',#6894,#5421,#5422);
#4743=AXIS2_PLACEMENT_3D('',#6895,#5423,#5424);
#4744=AXIS2_PLACEMENT_3D('',#6897,#5425,#5426);
#4745=AXIS2_PLACEMENT_3D('',#6899,#5427,#5428);
#4746=AXIS2_PLACEMENT_3D('',#6901,#5430,#5431);
#4747=AXIS2_PLACEMENT_3D('',#6912,#5432,#5433);
#4748=AXIS2_PLACEMENT_3D('',#6915,#5435,#5436);
#4749=AXIS2_PLACEMENT_3D('',#6916,#5437,#5438);
#4750=AXIS2_PLACEMENT_3D('',#6919,#5439,#5440);
#4751=AXIS2_PLACEMENT_3D('',#6923,#5442,#5443);
#4752=AXIS2_PLACEMENT_3D('',#6925,#5445,#5446);
#4753=AXIS2_PLACEMENT_3D('',#6928,#5449,#5450);
#4754=AXIS2_PLACEMENT_3D('',#6931,#5451,#5452);
#4755=AXIS2_PLACEMENT_3D('',#6934,#5454,#5455);
#4756=AXIS2_PLACEMENT_3D('',#6943,#5456,#5457);
#4757=AXIS2_PLACEMENT_3D('',#6954,#5458,#5459);
#4758=AXIS2_PLACEMENT_3D('',#6955,#5460,#5461);
#4759=AXIS2_PLACEMENT_3D('',#6956,#5462,#5463);
#4760=AXIS2_PLACEMENT_3D('',#6958,#5465,#5466);
#4761=AXIS2_PLACEMENT_3D('',#7008,#5472,#5473);
#4762=AXIS2_PLACEMENT_3D('',#7019,#5474,#5475);
#4763=AXIS2_PLACEMENT_3D('',#7020,#5476,#5477);
#4764=AXIS2_PLACEMENT_3D('',#7021,#5478,#5479);
#4765=AXIS2_PLACEMENT_3D('',#7034,#5481,#5482);
#4766=AXIS2_PLACEMENT_3D('',#7044,#5483,#5484);
#4767=AXIS2_PLACEMENT_3D('',#7077,#5485,#5486);
#4768=AXIS2_PLACEMENT_3D('',#7088,#5487,#5488);
#4769=AXIS2_PLACEMENT_3D('',#7089,#5489,#5490);
#4770=AXIS2_PLACEMENT_3D('',#7090,#5491,#5492);
#4771=AXIS2_PLACEMENT_3D('',#7105,#5495,#5496);
#4772=AXIS2_PLACEMENT_3D('',#7113,#5501,#5502);
#4773=AXIS2_PLACEMENT_3D('',#7137,#5504,#5505);
#4774=AXIS2_PLACEMENT_3D('',#7138,#5506,#5507);
#4775=AXIS2_PLACEMENT_3D('',#7140,#5508,#5509);
#4776=AXIS2_PLACEMENT_3D('',#7151,#5510,#5511);
#4777=AXIS2_PLACEMENT_3D('',#7154,#5513,#5514);
#4778=AXIS2_PLACEMENT_3D('',#7158,#5516,#5517);
#4779=AXIS2_PLACEMENT_3D('',#7164,#5521,#5522);
#4780=AXIS2_PLACEMENT_3D('',#7165,#5523,#5524);
#4781=AXIS2_PLACEMENT_3D('',#7176,#5525,#5526);
#4782=AXIS2_PLACEMENT_3D('',#7180,#5529,#5530);
#4783=AXIS2_PLACEMENT_3D('',#7184,#5533,#5534);
#4784=AXIS2_PLACEMENT_3D('',#7188,#5537,#5538);
#4785=AXIS2_PLACEMENT_3D('',#7191,#5540,#5541);
#4786=AXIS2_PLACEMENT_3D('',#7192,#5542,#5543);
#4787=AXIS2_PLACEMENT_3D('',#7194,#5545,#5546);
#4788=AXIS2_PLACEMENT_3D('',#7195,#5547,#5548);
#4789=AXIS2_PLACEMENT_3D('',#7196,#5549,#5550);
#4790=AXIS2_PLACEMENT_3D('',#7197,#5551,#5552);
#4791=AXIS2_PLACEMENT_3D('',#7210,#5559,#5560);
#4792=AXIS2_PLACEMENT_3D('',#7213,#5561,#5562);
#4793=AXIS2_PLACEMENT_3D('',#7217,#5564,#5565);
#4794=AXIS2_PLACEMENT_3D('',#7219,#5567,#5568);
#4795=AXIS2_PLACEMENT_3D('',#7225,#5572,#5573);
#4796=AXIS2_PLACEMENT_3D('',#7227,#5574,#5575);
#4797=AXIS2_PLACEMENT_3D('',#7230,#5577,#5578);
#4798=AXIS2_PLACEMENT_3D('',#7231,#5579,#5580);
#4799=AXIS2_PLACEMENT_3D('',#7233,#5581,#5582);
#4800=AXIS2_PLACEMENT_3D('',#7236,#5584,#5585);
#4801=AXIS2_PLACEMENT_3D('',#7237,#5586,#5587);
#4802=AXIS2_PLACEMENT_3D('',#7239,#5588,#5589);
#4803=AXIS2_PLACEMENT_3D('',#7241,#5590,#5591);
#4804=AXIS2_PLACEMENT_3D('',#7243,#5593,#5594);
#4805=AXIS2_PLACEMENT_3D('',#7254,#5595,#5596);
#4806=AXIS2_PLACEMENT_3D('',#7257,#5598,#5599);
#4807=AXIS2_PLACEMENT_3D('',#7258,#5600,#5601);
#4808=AXIS2_PLACEMENT_3D('',#7261,#5602,#5603);
#4809=AXIS2_PLACEMENT_3D('',#7265,#5605,#5606);
#4810=AXIS2_PLACEMENT_3D('',#7267,#5608,#5609);
#4811=AXIS2_PLACEMENT_3D('',#7273,#5613,#5614);
#4812=AXIS2_PLACEMENT_3D('',#7275,#5615,#5616);
#4813=AXIS2_PLACEMENT_3D('',#7276,#5617,#5618);
#4814=AXIS2_PLACEMENT_3D('',#7287,#5619,#5620);
#4815=AXIS2_PLACEMENT_3D('',#7289,#5621,#5622);
#4816=AXIS2_PLACEMENT_3D('',#7291,#5623,#5624);
#4817=AXIS2_PLACEMENT_3D('',#7293,#5626,#5627);
#4818=AXIS2_PLACEMENT_3D('',#7305,#5628,#5629);
#4819=AXIS2_PLACEMENT_3D('',#7306,#5630,#5631);
#4820=AXIS2_PLACEMENT_3D('',#7319,#5632,#5633);
#4821=AXIS2_PLACEMENT_3D('',#7330,#5635,#5636);
#4822=AXIS2_PLACEMENT_3D('',#7331,#5637,#5638);
#4823=AXIS2_PLACEMENT_3D('',#7382,#5639,#5640);
#4824=AXIS2_PLACEMENT_3D('',#7392,#5641,#5642);
#4825=AXIS2_PLACEMENT_3D('',#7393,#5643,#5644);
#4826=AXIS2_PLACEMENT_3D('',#7408,#5646,#5647);
#4827=AXIS2_PLACEMENT_3D('',#7419,#5649,#5650);
#4828=AXIS2_PLACEMENT_3D('',#7420,#5651,#5652);
#4829=AXIS2_PLACEMENT_3D('',#7453,#5653,#5654);
#4830=AXIS2_PLACEMENT_3D('',#7461,#5659,#5660);
#4831=AXIS2_PLACEMENT_3D('',#7485,#5662,#5663);
#4832=AXIS2_PLACEMENT_3D('',#7486,#5664,#5665);
#4833=AXIS2_PLACEMENT_3D('',#7488,#5666,#5667);
#4834=AXIS2_PLACEMENT_3D('',#7499,#5668,#5669);
#4835=AXIS2_PLACEMENT_3D('',#7502,#5671,#5672);
#4836=AXIS2_PLACEMENT_3D('',#7506,#5674,#5675);
#4837=AXIS2_PLACEMENT_3D('',#7514,#5679,#5680);
#4838=AXIS2_PLACEMENT_3D('',#7516,#5682,#5683);
#4839=AXIS2_PLACEMENT_3D('',#7517,#5684,#5685);
#4840=AXIS2_PLACEMENT_3D('',#7528,#5686,#5687);
#4841=AXIS2_PLACEMENT_3D('',#7532,#5690,#5691);
#4842=AXIS2_PLACEMENT_3D('',#7535,#5693,#5694);
#4843=AXIS2_PLACEMENT_3D('',#7536,#5695,#5696);
#4844=AXIS2_PLACEMENT_3D('',#7540,#5699,#5700);
#4845=AXIS2_PLACEMENT_3D('',#7544,#5703,#5704);
#4846=AXIS2_PLACEMENT_3D('',#7548,#5707,#5708);
#4847=AXIS2_PLACEMENT_3D('',#7551,#5710,#5711);
#4848=AXIS2_PLACEMENT_3D('',#7552,#5712,#5713);
#4849=AXIS2_PLACEMENT_3D('',#7554,#5715,#5716);
#4850=AXIS2_PLACEMENT_3D('',#7555,#5717,#5718);
#4851=AXIS2_PLACEMENT_3D('',#7556,#5719,#5720);
#4852=AXIS2_PLACEMENT_3D('',#7557,#5721,#5722);
#4853=AXIS2_PLACEMENT_3D('',#7566,#5727,#5728);
#4854=AXIS2_PLACEMENT_3D('',#7570,#5730,#5731);
#4855=AXIS2_PLACEMENT_3D('',#7572,#5732,#5733);
#4856=AXIS2_PLACEMENT_3D('',#7575,#5735,#5736);
#4857=AXIS2_PLACEMENT_3D('',#7576,#5737,#5738);
#4858=AXIS2_PLACEMENT_3D('',#7585,#5743,#5744);
#4859=AXIS2_PLACEMENT_3D('',#7587,#5745,#5746);
#4860=AXIS2_PLACEMENT_3D('',#7590,#5748,#5749);
#4861=AXIS2_PLACEMENT_3D('',#7591,#5750,#5751);
#4862=AXIS2_PLACEMENT_3D('',#7593,#5752,#5753);
#4863=AXIS2_PLACEMENT_3D('',#7596,#5755,#5756);
#4864=AXIS2_PLACEMENT_3D('',#7597,#5757,#5758);
#4865=AXIS2_PLACEMENT_3D('',#7599,#5759,#5760);
#4866=AXIS2_PLACEMENT_3D('',#7601,#5761,#5762);
#4867=AXIS2_PLACEMENT_3D('',#7603,#5764,#5765);
#4868=AXIS2_PLACEMENT_3D('',#7606,#5766,#5767);
#4869=AXIS2_PLACEMENT_3D('',#7608,#5768,#5769);
#4870=AXIS2_PLACEMENT_3D('',#7614,#5772,#5773);
#4871=AXIS2_PLACEMENT_3D('',#7622,#5777,#5778);
#4872=AXIS2_PLACEMENT_3D('',#7625,#5780,#5781);
#4873=AXIS2_PLACEMENT_3D('',#7627,#5782,#5783);
#4874=AXIS2_PLACEMENT_3D('',#7631,#5785,#5786);
#4875=AXIS2_PLACEMENT_3D('',#7633,#5788,#5789);
#4876=AXIS2_PLACEMENT_3D('',#7635,#5790,#5791);
#4877=AXIS2_PLACEMENT_3D('',#7648,#5792,#5793);
#4878=AXIS2_PLACEMENT_3D('',#7650,#5795,#5796);
#4879=AXIS2_PLACEMENT_3D('',#7661,#5797,#5798);
#4880=AXIS2_PLACEMENT_3D('',#7662,#5799,#5800);
#4881=AXIS2_PLACEMENT_3D('',#7663,#5801,#5802);
#4882=AXIS2_PLACEMENT_3D('',#7664,#5803,#5804);
#4883=AXIS2_PLACEMENT_3D('',#7720,#5808,#5809);
#4884=AXIS2_PLACEMENT_3D('',#7730,#5810,#5811);
#4885=AXIS2_PLACEMENT_3D('',#7731,#5812,#5813);
#4886=AXIS2_PLACEMENT_3D('',#7742,#5814,#5815);
#4887=AXIS2_PLACEMENT_3D('',#7752,#5816,#5817);
#4888=AXIS2_PLACEMENT_3D('',#7786,#5818,#5819);
#4889=AXIS2_PLACEMENT_3D('',#7805,#5820,#5821);
#4890=AXIS2_PLACEMENT_3D('',#7806,#5822,#5823);
#4891=AXIS2_PLACEMENT_3D('',#7807,#5824,#5825);
#4892=AXIS2_PLACEMENT_3D('',#7820,#5827,#5828);
#4893=AXIS2_PLACEMENT_3D('',#7826,#5832,#5833);
#4894=AXIS2_PLACEMENT_3D('',#7828,#5834,#5835);
#4895=AXIS2_PLACEMENT_3D('',#7830,#5837,#5838);
#4896=AXIS2_PLACEMENT_3D('',#7834,#5840,#5841);
#4897=AXIS2_PLACEMENT_3D('',#7835,#5842,#5843);
#4898=AXIS2_PLACEMENT_3D('',#7836,#5844,#5845);
#4899=AXIS2_PLACEMENT_3D('',#7853,#5846,#5847);
#4900=AXIS2_PLACEMENT_3D('',#7854,#5848,#5849);
#4901=AXIS2_PLACEMENT_3D('',#7871,#5850,#5851);
#4902=AXIS2_PLACEMENT_3D('',#7872,#5852,#5853);
#4903=AXIS2_PLACEMENT_3D('',#7873,#5854,#5855);
#4904=AXIS2_PLACEMENT_3D('',#7886,#5857,#5858);
#4905=AXIS2_PLACEMENT_3D('',#7888,#5859,#5860);
#4906=AXIS2_PLACEMENT_3D('',#7899,#5861,#5862);
#4907=AXIS2_PLACEMENT_3D('',#7902,#5863,#5864);
#4908=AXIS2_PLACEMENT_3D('',#7904,#5865,#5866);
#4909=AXIS2_PLACEMENT_3D('',#7906,#5868,#5869);
#4910=AXIS2_PLACEMENT_3D('',#7910,#5871,#5872);
#4911=AXIS2_PLACEMENT_3D('',#7918,#5876,#5877);
#4912=AXIS2_PLACEMENT_3D('',#7920,#5879,#5880);
#4913=AXIS2_PLACEMENT_3D('',#7921,#5881,#5882);
#4914=AXIS2_PLACEMENT_3D('',#7922,#5883,#5884);
#4915=AXIS2_PLACEMENT_3D('',#7938,#5885,#5886);
#4916=AXIS2_PLACEMENT_3D('',#7939,#5887,#5888);
#4917=AXIS2_PLACEMENT_3D('',#7954,#5889,#5890);
#4918=AXIS2_PLACEMENT_3D('',#7956,#5892,#5893);
#4919=AXIS2_PLACEMENT_3D('',#7958,#5895,#5896);
#4920=AXIS2_PLACEMENT_3D('',#7960,#5898,#5899);
#4921=AXIS2_PLACEMENT_3D('',#7962,#5901,#5902);
#4922=AXIS2_PLACEMENT_3D('',#7964,#5904,#5905);
#4923=AXIS2_PLACEMENT_3D('',#7966,#5907,#5908);
#4924=AXIS2_PLACEMENT_3D('',#7967,#5909,#5910);
#4925=AXIS2_PLACEMENT_3D('',#7968,#5911,#5912);
#4926=AXIS2_PLACEMENT_3D('',#7969,#5913,#5914);
#4927=AXIS2_PLACEMENT_3D('',#7972,#5915,#5916);
#4928=AXIS2_PLACEMENT_3D('',#7976,#5918,#5919);
#4929=AXIS2_PLACEMENT_3D('',#7978,#5921,#5922);
#4930=AXIS2_PLACEMENT_3D('',#7984,#5926,#5927);
#4931=AXIS2_PLACEMENT_3D('',#7986,#5928,#5929);
#4932=AXIS2_PLACEMENT_3D('',#7989,#5931,#5932);
#4933=AXIS2_PLACEMENT_3D('',#7990,#5933,#5934);
#4934=AXIS2_PLACEMENT_3D('',#7992,#5935,#5936);
#4935=AXIS2_PLACEMENT_3D('',#7995,#5938,#5939);
#4936=AXIS2_PLACEMENT_3D('',#7996,#5940,#5941);
#4937=AXIS2_PLACEMENT_3D('',#7998,#5942,#5943);
#4938=AXIS2_PLACEMENT_3D('',#8000,#5944,#5945);
#4939=AXIS2_PLACEMENT_3D('',#8002,#5947,#5948);
#4940=AXIS2_PLACEMENT_3D('',#8013,#5949,#5950);
#4941=AXIS2_PLACEMENT_3D('',#8016,#5952,#5953);
#4942=AXIS2_PLACEMENT_3D('',#8017,#5954,#5955);
#4943=AXIS2_PLACEMENT_3D('',#8020,#5956,#5957);
#4944=AXIS2_PLACEMENT_3D('',#8024,#5959,#5960);
#4945=AXIS2_PLACEMENT_3D('',#8026,#5962,#5963);
#4946=AXIS2_PLACEMENT_3D('',#8032,#5967,#5968);
#4947=AXIS2_PLACEMENT_3D('',#8035,#5969,#5970);
#4948=AXIS2_PLACEMENT_3D('',#8038,#5972,#5973);
#4949=AXIS2_PLACEMENT_3D('',#8049,#5974,#5975);
#4950=AXIS2_PLACEMENT_3D('',#8062,#5976,#5977);
#4951=AXIS2_PLACEMENT_3D('',#8063,#5978,#5979);
#4952=AXIS2_PLACEMENT_3D('',#8064,#5980,#5981);
#4953=AXIS2_PLACEMENT_3D('',#8066,#5982,#5983);
#4954=AXIS2_PLACEMENT_3D('',#8068,#5985,#5986);
#4955=AXIS2_PLACEMENT_3D('',#8128,#5992,#5993);
#4956=AXIS2_PLACEMENT_3D('',#8139,#5994,#5995);
#4957=AXIS2_PLACEMENT_3D('',#8140,#5996,#5997);
#4958=AXIS2_PLACEMENT_3D('',#8141,#5998,#5999);
#4959=AXIS2_PLACEMENT_3D('',#8154,#6001,#6002);
#4960=AXIS2_PLACEMENT_3D('',#8164,#6003,#6004);
#4961=AXIS2_PLACEMENT_3D('',#8197,#6005,#6006);
#4962=AXIS2_PLACEMENT_3D('',#8208,#6007,#6008);
#4963=AXIS2_PLACEMENT_3D('',#8209,#6009,#6010);
#4964=AXIS2_PLACEMENT_3D('',#8210,#6011,#6012);
#4965=AXIS2_PLACEMENT_3D('',#8225,#6015,#6016);
#4966=AXIS2_PLACEMENT_3D('',#8233,#6021,#6022);
#4967=AXIS2_PLACEMENT_3D('',#8257,#6024,#6025);
#4968=AXIS2_PLACEMENT_3D('',#8258,#6026,#6027);
#4969=AXIS2_PLACEMENT_3D('',#8260,#6028,#6029);
#4970=AXIS2_PLACEMENT_3D('',#8271,#6030,#6031);
#4971=AXIS2_PLACEMENT_3D('',#8274,#6033,#6034);
#4972=AXIS2_PLACEMENT_3D('',#8278,#6036,#6037);
#4973=AXIS2_PLACEMENT_3D('',#8286,#6041,#6042);
#4974=AXIS2_PLACEMENT_3D('',#8288,#6044,#6045);
#4975=AXIS2_PLACEMENT_3D('',#8289,#6046,#6047);
#4976=AXIS2_PLACEMENT_3D('',#8300,#6048,#6049);
#4977=AXIS2_PLACEMENT_3D('',#8304,#6052,#6053);
#4978=AXIS2_PLACEMENT_3D('',#8307,#6055,#6056);
#4979=AXIS2_PLACEMENT_3D('',#8308,#6057,#6058);
#4980=AXIS2_PLACEMENT_3D('',#8312,#6061,#6062);
#4981=AXIS2_PLACEMENT_3D('',#8316,#6065,#6066);
#4982=AXIS2_PLACEMENT_3D('',#8320,#6069,#6070);
#4983=AXIS2_PLACEMENT_3D('',#8323,#6072,#6073);
#4984=AXIS2_PLACEMENT_3D('',#8324,#6074,#6075);
#4985=AXIS2_PLACEMENT_3D('',#8326,#6077,#6078);
#4986=AXIS2_PLACEMENT_3D('',#8327,#6079,#6080);
#4987=AXIS2_PLACEMENT_3D('',#8328,#6081,#6082);
#4988=AXIS2_PLACEMENT_3D('',#8329,#6083,#6084);
#4989=AXIS2_PLACEMENT_3D('',#8338,#6089,#6090);
#4990=AXIS2_PLACEMENT_3D('',#8342,#6092,#6093);
#4991=AXIS2_PLACEMENT_3D('',#8344,#6094,#6095);
#4992=AXIS2_PLACEMENT_3D('',#8347,#6097,#6098);
#4993=AXIS2_PLACEMENT_3D('',#8348,#6099,#6100);
#4994=AXIS2_PLACEMENT_3D('',#8357,#6105,#6106);
#4995=AXIS2_PLACEMENT_3D('',#8359,#6107,#6108);
#4996=AXIS2_PLACEMENT_3D('',#8362,#6110,#6111);
#4997=AXIS2_PLACEMENT_3D('',#8363,#6112,#6113);
#4998=AXIS2_PLACEMENT_3D('',#8365,#6114,#6115);
#4999=AXIS2_PLACEMENT_3D('',#8368,#6117,#6118);
#5000=AXIS2_PLACEMENT_3D('',#8369,#6119,#6120);
#5001=AXIS2_PLACEMENT_3D('',#8371,#6121,#6122);
#5002=AXIS2_PLACEMENT_3D('',#8373,#6123,#6124);
#5003=AXIS2_PLACEMENT_3D('',#8375,#6126,#6127);
#5004=AXIS2_PLACEMENT_3D('',#8377,#6128,#6129);
#5005=AXIS2_PLACEMENT_3D('',#8388,#6130,#6131);
#5006=AXIS2_PLACEMENT_3D('',#8390,#6133,#6134);
#5007=AXIS2_PLACEMENT_3D('',#8401,#6135,#6136);
#5008=AXIS2_PLACEMENT_3D('',#8402,#6137,#6138);
#5009=AXIS2_PLACEMENT_3D('',#8403,#6139,#6140);
#5010=AXIS2_PLACEMENT_3D('',#8405,#6141,#6142);
#5011=AXIS2_PLACEMENT_3D('',#8407,#6144,#6145);
#5012=AXIS2_PLACEMENT_3D('',#8453,#6149,#6150);
#5013=AXIS2_PLACEMENT_3D('',#8464,#6151,#6152);
#5014=AXIS2_PLACEMENT_3D('',#8465,#6153,#6154);
#5015=AXIS2_PLACEMENT_3D('',#8466,#6155,#6156);
#5016=AXIS2_PLACEMENT_3D('',#8479,#6158,#6159);
#5017=AXIS2_PLACEMENT_3D('',#8490,#6160,#6161);
#5018=AXIS2_PLACEMENT_3D('',#8491,#6162,#6163);
#5019=AXIS2_PLACEMENT_3D('',#8525,#6164,#6165);
#5020=AXIS2_PLACEMENT_3D('',#8544,#6166,#6167);
#5021=AXIS2_PLACEMENT_3D('',#8546,#6168,#6169);
#5022=AXIS2_PLACEMENT_3D('',#8547,#6170,#6171);
#5023=AXIS2_PLACEMENT_3D('',#8548,#6172,#6173);
#5024=AXIS2_PLACEMENT_3D('',#8563,#6176,#6177);
#5025=AXIS2_PLACEMENT_3D('',#8569,#6181,#6182);
#5026=AXIS2_PLACEMENT_3D('',#8571,#6183,#6184);
#5027=AXIS2_PLACEMENT_3D('',#8573,#6186,#6187);
#5028=AXIS2_PLACEMENT_3D('',#8577,#6189,#6190);
#5029=AXIS2_PLACEMENT_3D('',#8578,#6191,#6192);
#5030=AXIS2_PLACEMENT_3D('',#8579,#6193,#6194);
#5031=AXIS2_PLACEMENT_3D('',#8598,#6195,#6196);
#5032=AXIS2_PLACEMENT_3D('',#8599,#6197,#6198);
#5033=AXIS2_PLACEMENT_3D('',#8616,#6199,#6200);
#5034=AXIS2_PLACEMENT_3D('',#8617,#6201,#6202);
#5035=AXIS2_PLACEMENT_3D('',#8618,#6203,#6204);
#5036=AXIS2_PLACEMENT_3D('',#8631,#6206,#6207);
#5037=AXIS2_PLACEMENT_3D('',#8632,#6208,#6209);
#5038=AXIS2_PLACEMENT_3D('',#8634,#6210,#6211);
#5039=AXIS2_PLACEMENT_3D('',#8645,#6212,#6213);
#5040=AXIS2_PLACEMENT_3D('',#8648,#6214,#6215);
#5041=AXIS2_PLACEMENT_3D('',#8650,#6216,#6217);
#5042=AXIS2_PLACEMENT_3D('',#8652,#6219,#6220);
#5043=AXIS2_PLACEMENT_3D('',#8656,#6222,#6223);
#5044=AXIS2_PLACEMENT_3D('',#8664,#6227,#6228);
#5045=AXIS2_PLACEMENT_3D('',#8666,#6230,#6231);
#5046=AXIS2_PLACEMENT_3D('',#8667,#6232,#6233);
#5047=AXIS2_PLACEMENT_3D('',#8668,#6234,#6235);
#5048=AXIS2_PLACEMENT_3D('',#8684,#6236,#6237);
#5049=AXIS2_PLACEMENT_3D('',#8685,#6238,#6239);
#5050=AXIS2_PLACEMENT_3D('',#8700,#6240,#6241);
#5051=AXIS2_PLACEMENT_3D('',#8704,#6244,#6245);
#5052=AXIS2_PLACEMENT_3D('',#8707,#6247,#6248);
#5053=AXIS2_PLACEMENT_3D('',#8708,#6249,#6250);
#5054=AXIS2_PLACEMENT_3D('',#8712,#6253,#6254);
#5055=AXIS2_PLACEMENT_3D('',#8716,#6257,#6258);
#5056=AXIS2_PLACEMENT_3D('',#8720,#6261,#6262);
#5057=AXIS2_PLACEMENT_3D('',#8723,#6264,#6265);
#5058=AXIS2_PLACEMENT_3D('',#8724,#6266,#6267);
#5059=AXIS2_PLACEMENT_3D('',#8726,#6269,#6270);
#5060=AXIS2_PLACEMENT_3D('',#8727,#6271,#6272);
#5061=AXIS2_PLACEMENT_3D('',#8728,#6273,#6274);
#5062=AXIS2_PLACEMENT_3D('',#8729,#6275,#6276);
#5063=AXIS2_PLACEMENT_3D('',#8732,#6277,#6278);
#5064=AXIS2_PLACEMENT_3D('',#8736,#6280,#6281);
#5065=AXIS2_PLACEMENT_3D('',#8738,#6282,#6283);
#5066=AXIS2_PLACEMENT_3D('',#8744,#6286,#6287);
#5067=AXIS2_PLACEMENT_3D('',#8752,#6291,#6292);
#5068=AXIS2_PLACEMENT_3D('',#8758,#6295,#6296);
#5069=AXIS2_PLACEMENT_3D('',#8760,#6297,#6298);
#5070=AXIS2_PLACEMENT_3D('',#8762,#6300,#6301);
#5071=AXIS2_PLACEMENT_3D('',#8766,#6303,#6304);
#5072=AXIS2_PLACEMENT_3D('',#8768,#6306,#6307);
#5073=AXIS2_PLACEMENT_3D('',#8772,#6310,#6311);
#5074=AXIS2_PLACEMENT_3D('',#8776,#6313,#6314);
#5075=AXIS2_PLACEMENT_3D('',#8779,#6316,#6317);
#5076=AXIS2_PLACEMENT_3D('',#8781,#6318,#6319);
#5077=AXIS2_PLACEMENT_3D('',#8783,#6320,#6321);
#5078=AXIS2_PLACEMENT_3D('',#8784,#6322,#6323);
#5079=AXIS2_PLACEMENT_3D('',#8788,#6326,#6327);
#5080=AXIS2_PLACEMENT_3D('',#8791,#6329,#6330);
#5081=AXIS2_PLACEMENT_3D('',#8792,#6331,#6332);
#5082=AXIS2_PLACEMENT_3D('',#8794,#6333,#6334);
#5083=AXIS2_PLACEMENT_3D('',#8799,#6337,#6338);
#5084=AXIS2_PLACEMENT_3D('',#8801,#6339,#6340);
#5085=AXIS2_PLACEMENT_3D('',#8802,#6341,#6342);
#5086=AXIS2_PLACEMENT_3D('',#8804,#6343,#6344);
#5087=AXIS2_PLACEMENT_3D('',#8809,#6347,#6348);
#5088=AXIS2_PLACEMENT_3D('',#8811,#6349,#6350);
#5089=AXIS2_PLACEMENT_3D('',#8812,#6351,#6352);
#5090=AXIS2_PLACEMENT_3D('',#8825,#6353,#6354);
#5091=AXIS2_PLACEMENT_3D('',#8837,#6356,#6357);
#5092=AXIS2_PLACEMENT_3D('',#8838,#6358,#6359);
#5093=AXIS2_PLACEMENT_3D('',#8888,#6360,#6361);
#5094=AXIS2_PLACEMENT_3D('',#8892,#6363,#6364);
#5095=AXIS2_PLACEMENT_3D('',#8905,#6366,#6367);
#5096=AXIS2_PLACEMENT_3D('',#8917,#6371,#6372);
#5097=AXIS2_PLACEMENT_3D('',#8920,#6374,#6375);
#5098=AXIS2_PLACEMENT_3D('',#8931,#6376,#6377);
#5099=AXIS2_PLACEMENT_3D('',#8932,#6378,#6379);
#5100=AXIS2_PLACEMENT_3D('',#8990,#6380,#6381);
#5101=AXIS2_PLACEMENT_3D('',#8992,#6382,#6383);
#5102=AXIS2_PLACEMENT_3D('',#8993,#6384,#6385);
#5103=AXIS2_PLACEMENT_3D('',#8994,#6386,#6387);
#5104=AXIS2_PLACEMENT_3D('',#8998,#6389,#6390);
#5105=AXIS2_PLACEMENT_3D('',#9000,#6392,#6393);
#5106=AXIS2_PLACEMENT_3D('',#9010,#6396,#6397);
#5107=AXIS2_PLACEMENT_3D('',#9012,#6399,#6400);
#5108=AXIS2_PLACEMENT_3D('',#9014,#6401,#6402);
#5109=AXIS2_PLACEMENT_3D('',#9015,#6403,#6404);
#5110=AXIS2_PLACEMENT_3D('',#9016,#6405,#6406);
#5111=AXIS2_PLACEMENT_3D('',#9019,#6408,#6409);
#5112=AXIS2_PLACEMENT_3D('',#9051,#6410,#6411);
#5113=AXIS2_PLACEMENT_3D('',#9052,#6412,#6413);
#5114=AXIS2_PLACEMENT_3D('',#9055,#6415,#6416);
#5115=AXIS2_PLACEMENT_3D('',#9056,#6417,#6418);
#5116=AXIS2_PLACEMENT_3D('',#9058,#6420,#6421);
#5117=AXIS2_PLACEMENT_3D('',#9062,#6424,#6425);
#5118=AXIS2_PLACEMENT_3D('',#9089,#6426,#6427);
#5119=AXIS2_PLACEMENT_3D('',#9095,#6428,#6429);
#5120=AXIS2_PLACEMENT_3D('',#9097,#6431,#6432);
#5121=AXIS2_PLACEMENT_3D('',#9099,#6433,#6434);
#5122=AXIS2_PLACEMENT_3D('',#9101,#6436,#6437);
#5123=AXIS2_PLACEMENT_3D('',#9103,#6438,#6439);
#5124=AXIS2_PLACEMENT_3D('',#9104,#6440,#6441);
#5125=AXIS2_PLACEMENT_3D('',#9105,#6442,#6443);
#5126=AXIS2_PLACEMENT_3D('',#9107,#6444,#6445);
#5127=AXIS2_PLACEMENT_3D('',#9118,#6452,#6453);
#5128=AXIS2_PLACEMENT_3D('',#9120,#6454,#6455);
#5129=AXIS2_PLACEMENT_3D('',#9121,#6456,#6457);
#5130=AXIS2_PLACEMENT_3D('',#9122,#6458,#6459);
#5131=AXIS2_PLACEMENT_3D('',#9124,#6461,#6462);
#5132=AXIS2_PLACEMENT_3D('',#9126,#6464,#6465);
#5133=AXIS2_PLACEMENT_3D('',#9127,#6466,#6467);
#5134=AXIS2_PLACEMENT_3D('',#9128,#6468,#6469);
#5135=AXIS2_PLACEMENT_3D('',#9129,#6470,#6471);
#5136=AXIS2_PLACEMENT_3D('',#9130,#6472,#6473);
#5137=AXIS2_PLACEMENT_3D('',#9131,#6474,#6475);
#5138=AXIS2_PLACEMENT_3D('',#9132,#6476,#6477);
#5139=AXIS2_PLACEMENT_3D('',#9134,#6479,#6480);
#5140=AXIS2_PLACEMENT_3D('',#9135,#6481,#6482);
#5141=AXIS2_PLACEMENT_3D('',#9136,#6483,#6484);
#5142=AXIS2_PLACEMENT_3D('',#9137,#6485,#6486);
#5143=AXIS2_PLACEMENT_3D('',#9138,#6487,#6488);
#5144=AXIS2_PLACEMENT_3D('',#9139,#6489,#6490);
#5145=AXIS2_PLACEMENT_3D('',#9140,#6491,#6492);
#5146=AXIS2_PLACEMENT_3D('',#9141,#6493,#6494);
#5147=AXIS2_PLACEMENT_3D('',#9142,#6495,#6496);
#5148=AXIS2_PLACEMENT_3D('',#9144,#6498,#6499);
#5149=AXIS2_PLACEMENT_3D('',#9146,#6501,#6502);
#5150=AXIS2_PLACEMENT_3D('',#9148,#6504,#6505);
#5151=DIRECTION('axis',(0.,0.,1.));
#5152=DIRECTION('refdir',(1.,0.,0.));
#5153=DIRECTION('center_axis',(0.,-1.,0.));
#5154=DIRECTION('ref_axis',(1.,0.,0.));
#5155=DIRECTION('center_axis',(0.,1.,0.));
#5156=DIRECTION('ref_axis',(0.,0.,-1.));
#5157=DIRECTION('',(1.,0.,-3.4769372268218E-9));
#5158=DIRECTION('center_axis',(0.,-1.,0.));
#5159=DIRECTION('ref_axis',(1.,0.,0.));
#5160=DIRECTION('',(0.866025416765005,0.,-0.499999977516999));
#5161=DIRECTION('center_axis',(0.,1.,0.));
#5162=DIRECTION('ref_axis',(-0.965925826289068,0.,0.258819045102521));
#5163=DIRECTION('',(-3.08395284618099E-16,0.,1.));
#5164=DIRECTION('',(1.,0.,1.11022302462516E-16));
#5165=DIRECTION('',(0.,0.,1.));
#5166=DIRECTION('',(1.,0.,1.65157144159104E-15));
#5167=DIRECTION('',(0.,0.,-1.));
#5168=DIRECTION('',(1.,0.,-1.11022302462516E-16));
#5169=DIRECTION('',(-3.08395284618099E-16,0.,-1.));
#5170=DIRECTION('center_axis',(0.,1.,0.));
#5171=DIRECTION('ref_axis',(0.965925826289173,0.,0.25881904510213));
#5172=DIRECTION('',(0.866025403784439,0.,0.5));
#5173=DIRECTION('',(1.,0.,-3.4769372268218E-9));
#5174=DIRECTION('center_axis',(0.,0.,-1.));
#5175=DIRECTION('ref_axis',(1.,0.,0.));
#5176=DIRECTION('center_axis',(1.11022302462516E-16,0.,-1.));
#5177=DIRECTION('ref_axis',(1.,0.,0.));
#5178=DIRECTION('',(0.,0.,-1.));
#5179=DIRECTION('center_axis',(1.83507937954571E-16,0.,1.));
#5180=DIRECTION('ref_axis',(1.,0.,0.));
#5181=DIRECTION('center_axis',(0.,0.,-1.));
#5182=DIRECTION('ref_axis',(1.,0.,0.));
#5183=DIRECTION('center_axis',(-1.11022302462516E-16,0.,-1.));
#5184=DIRECTION('ref_axis',(1.,0.,0.));
#5185=DIRECTION('',(0.,0.,-1.));
#5186=DIRECTION('center_axis',(1.83507937954571E-16,0.,1.));
#5187=DIRECTION('ref_axis',(1.,0.,0.));
#5188=DIRECTION('center_axis',(-0.998129480099238,-0.0611354312720941,0.));
#5189=DIRECTION('ref_axis',(-0.0611354312720941,0.998129480099238,0.));
#5190=DIRECTION('',(0.,0.,1.));
#5191=DIRECTION('',(-0.0611354312720941,0.998129480099238,1.12188369287054E-17));
#5192=DIRECTION('',(0.,0.,-1.));
#5193=DIRECTION('',(0.0611354312720941,-0.998129480099238,6.78739634186677E-18));
#5194=DIRECTION('center_axis',(0.,0.,-1.));
#5195=DIRECTION('ref_axis',(-0.685151285749324,-0.728400793269782,0.));
#5196=DIRECTION('center_axis',(-1.11022302462516E-16,0.,1.));
#5197=DIRECTION('ref_axis',(-0.685151285749325,-0.728400793269782,-9.25185853854297E-17));
#5198=DIRECTION('center_axis',(1.83507937954571E-16,0.,1.));
#5199=DIRECTION('ref_axis',(-0.685151285749324,-0.728400793269782,0.));
#5200=DIRECTION('center_axis',(-1.83507937954571E-16,0.,-1.));
#5201=DIRECTION('ref_axis',(-1.,0.,1.83507937954571E-16));
#5202=DIRECTION('',(-1.,0.,1.83507937954571E-16));
#5203=DIRECTION('',(-0.0611354300446481,-0.998129480174419,1.12188367034593E-17));
#5204=DIRECTION('center_axis',(1.83507937954571E-16,0.,1.));
#5205=DIRECTION('ref_axis',(0.685151286197199,-0.728400792848501,0.));
#5206=DIRECTION('center_axis',(0.998129480174419,-0.0611354300446481,0.));
#5207=DIRECTION('ref_axis',(-0.0611354300446481,-0.998129480174419,0.));
#5208=DIRECTION('',(0.,0.,-1.));
#5209=DIRECTION('',(0.0611354300446481,0.998129480174419,-6.78739620559289E-18));
#5210=DIRECTION('',(0.,0.,1.));
#5211=DIRECTION('center_axis',(0.,0.,1.));
#5212=DIRECTION('ref_axis',(0.685151286197199,-0.728400792848501,0.));
#5213=DIRECTION('center_axis',(1.11022302462516E-16,0.,1.));
#5214=DIRECTION('ref_axis',(0.685151286197198,-0.728400792848501,-9.25185853854297E-17));
#5215=DIRECTION('center_axis',(0.,1.,0.));
#5216=DIRECTION('ref_axis',(7.81847200440251E-17,0.,-1.));
#5217=DIRECTION('',(0.,-1.,0.));
#5218=DIRECTION('center_axis',(0.,1.,0.));
#5219=DIRECTION('ref_axis',(7.81847200440251E-17,0.,-1.));
#5220=DIRECTION('',(0.,1.,0.));
#5221=DIRECTION('center_axis',(0.,-1.,0.));
#5222=DIRECTION('ref_axis',(-0.965925826289068,0.,0.258819045102521));
#5223=DIRECTION('',(0.,-1.,0.));
#5224=DIRECTION('center_axis',(-1.,0.,-3.08395284618099E-16));
#5225=DIRECTION('ref_axis',(-3.08395284618099E-16,0.,1.));
#5226=DIRECTION('',(3.08395284618099E-16,0.,-1.));
#5227=DIRECTION('',(-3.08395284618099E-16,0.,1.));
#5228=DIRECTION('',(0.,1.,0.));
#5229=DIRECTION('center_axis',(3.08395284618099E-16,0.,-1.));
#5230=DIRECTION('ref_axis',(-0.707106781186547,-0.707106781186548,0.));
#5231=DIRECTION('center_axis',(-5.55111512312578E-16,0.,1.));
#5232=DIRECTION('ref_axis',(-1.,0.,-5.55111512312578E-16));
#5233=DIRECTION('center_axis',(-0.707106781186548,0.,-0.707106781186547));
#5234=DIRECTION('ref_axis',(0.707106781186547,0.,-0.707106781186548));
#5235=DIRECTION('center_axis',(0.,-1.,0.));
#5236=DIRECTION('ref_axis',(0.,0.,-1.));
#5237=DIRECTION('center_axis',(1.11022302462516E-16,0.,-1.));
#5238=DIRECTION('ref_axis',(-1.,0.,0.));
#5239=DIRECTION('center_axis',(0.0611354312720944,-0.998129480099238,0.));
#5240=DIRECTION('ref_axis',(0.,0.,1.));
#5241=DIRECTION('center_axis',(1.,0.,0.));
#5242=DIRECTION('ref_axis',(0.,0.,1.));
#5243=DIRECTION('center_axis',(1.11022302462516E-16,0.,-1.));
#5244=DIRECTION('ref_axis',(-0.685151285749325,-0.728400793269782,-7.6067073279043E-17));
#5245=DIRECTION('center_axis',(-1.,0.,-1.11022302462516E-16));
#5246=DIRECTION('ref_axis',(0.,-0.707106781186548,0.707106781186547));
#5247=DIRECTION('',(-1.,0.,-1.11022302462516E-16));
#5248=DIRECTION('center_axis',(1.11022302462516E-16,0.,1.));
#5249=DIRECTION('ref_axis',(1.,0.,-1.11022302462516E-16));
#5250=DIRECTION('',(1.,0.,-1.11022302462516E-16));
#5251=DIRECTION('',(0.,1.,0.));
#5252=DIRECTION('',(-1.,0.,1.11022302462516E-16));
#5253=DIRECTION('center_axis',(-1.11022302462516E-16,0.,-1.));
#5254=DIRECTION('ref_axis',(0.685151286197198,-0.728400792848501,-7.6067073328767E-17));
#5255=DIRECTION('',(-0.0611354300446481,-0.998129480174419,6.78739620559289E-18));
#5256=DIRECTION('center_axis',(1.,0.,-3.08395284618099E-16));
#5257=DIRECTION('ref_axis',(-3.08395284618099E-16,0.,-1.));
#5258=DIRECTION('',(3.08395284618099E-16,0.,1.));
#5259=DIRECTION('',(-3.08395284618099E-16,0.,-1.));
#5260=DIRECTION('',(0.,1.,0.));
#5261=DIRECTION('center_axis',(0.,1.,0.));
#5262=DIRECTION('ref_axis',(0.866025403784439,0.,0.5));
#5263=DIRECTION('',(0.,1.,0.));
#5264=DIRECTION('center_axis',(0.,-1.,0.));
#5265=DIRECTION('ref_axis',(0.965925826289173,0.,0.25881904510213));
#5266=DIRECTION('center_axis',(0.,1.,0.));
#5267=DIRECTION('ref_axis',(0.866025403784439,0.,0.5));
#5268=DIRECTION('center_axis',(0.,-1.,0.));
#5269=DIRECTION('ref_axis',(0.,0.,-1.));
#5270=DIRECTION('center_axis',(-2.77555756156289E-16,0.,-1.));
#5271=DIRECTION('ref_axis',(1.,0.,-2.77555756156289E-16));
#5272=DIRECTION('center_axis',(-1.,0.,1.11022302462516E-16));
#5273=DIRECTION('ref_axis',(0.,-0.707106781186547,0.707106781186548));
#5274=DIRECTION('center_axis',(1.,-1.11022302462516E-15,0.));
#5275=DIRECTION('ref_axis',(0.,0.,1.));
#5276=DIRECTION('center_axis',(-0.707106781186548,0.,0.707106781186547));
#5277=DIRECTION('ref_axis',(-0.707106781186547,0.,-0.707106781186548));
#5278=DIRECTION('center_axis',(-1.11022302462516E-16,0.,-1.));
#5279=DIRECTION('ref_axis',(-1.,0.,0.));
#5280=DIRECTION('center_axis',(0.0611354300446474,0.998129480174419,0.));
#5281=DIRECTION('ref_axis',(0.,0.,1.));
#5282=DIRECTION('center_axis',(0.0611354300446481,0.998129480174419,-6.78739620559289E-18));
#5283=DIRECTION('ref_axis',(0.705784123933536,-0.0432292771553261,0.707106781186548));
#5284=DIRECTION('center_axis',(0.,1.,0.));
#5285=DIRECTION('ref_axis',(1.,0.,-4.61958501505001E-14));
#5286=DIRECTION('center_axis',(3.08395284618099E-16,0.,1.));
#5287=DIRECTION('ref_axis',(0.707106781186548,-0.707106781186547,-1.96261557335472E-16));
#5288=DIRECTION('center_axis',(3.4769372268218E-9,0.,1.));
#5289=DIRECTION('ref_axis',(-1.,0.,3.4769372268218E-9));
#5290=DIRECTION('',(-1.,0.,3.4769372268218E-9));
#5291=DIRECTION('',(0.,-1.,0.));
#5292=DIRECTION('',(0.,-1.,0.));
#5293=DIRECTION('center_axis',(0.499999977516999,0.,0.866025416765005));
#5294=DIRECTION('ref_axis',(-0.866025416765005,0.,0.499999977516999));
#5295=DIRECTION('',(0.,1.,0.));
#5296=DIRECTION('',(-0.866025416765005,0.,0.499999977516999));
#5297=DIRECTION('',(-0.866025403784439,0.,0.5));
#5298=DIRECTION('center_axis',(0.5,0.,0.866025403784439));
#5299=DIRECTION('ref_axis',(0.866025403784439,0.,-0.5));
#5300=DIRECTION('',(0.866025403784439,0.,-0.5));
#5301=DIRECTION('',(0.,1.,0.));
#5302=DIRECTION('',(0.,1.,0.));
#5303=DIRECTION('center_axis',(0.,1.,0.));
#5304=DIRECTION('ref_axis',(-0.295247447928362,0.,0.955420820629208));
#5305=DIRECTION('',(0.,-1.,0.));
#5306=DIRECTION('center_axis',(0.,1.,0.));
#5307=DIRECTION('ref_axis',(-0.295247447928362,0.,0.955420820629208));
#5308=DIRECTION('center_axis',(0.,-1.,0.));
#5309=DIRECTION('ref_axis',(0.499999977516999,0.,0.866025416765005));
#5310=DIRECTION('center_axis',(0.,1.,0.));
#5311=DIRECTION('ref_axis',(0.190191587724544,0.,0.981746993862888));
#5312=DIRECTION('center_axis',(0.,-1.,0.));
#5313=DIRECTION('ref_axis',(-0.295247459352274,0.,0.955420817098951));
#5314=DIRECTION('center_axis',(-1.20515523254786E-16,-1.,-2.509141106391E-16));
#5315=DIRECTION('ref_axis',(0.499999977516999,-2.77555756156289E-16,0.866025416765005));
#5316=DIRECTION('center_axis',(0.866025416765005,2.47807420255764E-15,-0.499999977516998));
#5317=DIRECTION('ref_axis',(0.499999977516998,0.,0.866025416765005));
#5318=DIRECTION('center_axis',(-0.866025403784439,0.,-0.5));
#5319=DIRECTION('ref_axis',(-0.353553390593273,-0.707106781186548,0.612372435695794));
#5320=DIRECTION('center_axis',(0.866025403784439,-1.36785117407099E-15,
0.5));
#5321=DIRECTION('ref_axis',(-0.5,0.,0.866025403784439));
#5322=DIRECTION('',(-0.866025403784439,0.,-0.5));
#5323=DIRECTION('center_axis',(-0.965925826739016,0.,-0.258819043423292));
#5324=DIRECTION('ref_axis',(0.258819043423292,0.,-0.965925826739016));
#5325=DIRECTION('center_axis',(0.,1.,0.));
#5326=DIRECTION('ref_axis',(-0.499999999999999,0.,0.866025403784439));
#5327=DIRECTION('center_axis',(0.,1.,0.));
#5328=DIRECTION('ref_axis',(0.295247447928363,0.,0.955420820629208));
#5329=DIRECTION('center_axis',(0.,1.,0.));
#5330=DIRECTION('ref_axis',(-0.190191691644297,0.,0.981746973730747));
#5331=DIRECTION('',(0.,-1.,0.));
#5332=DIRECTION('center_axis',(0.,1.,0.));
#5333=DIRECTION('ref_axis',(0.295247447928363,0.,0.955420820629208));
#5334=DIRECTION('',(0.,1.,0.));
#5335=DIRECTION('center_axis',(-1.,0.,3.4769372268218E-9));
#5336=DIRECTION('ref_axis',(2.45856538855654E-9,-0.707106781186548,0.707106781186547));
#5337=DIRECTION('center_axis',(-0.965925829198737,-1.07239309565658E-15,
0.25881903424349));
#5338=DIRECTION('ref_axis',(-0.25881903424349,-4.00222575431207E-15,-0.965925829198737));
#5339=DIRECTION('center_axis',(-0.866025416765005,0.,0.499999977516999));
#5340=DIRECTION('ref_axis',(0.353553374695392,-0.707106781186548,0.612372444874441));
#5341=DIRECTION('center_axis',(-0.5,0.,0.866025403784439));
#5342=DIRECTION('ref_axis',(0.866025403784439,0.,0.5));
#5343=DIRECTION('',(0.866025403784439,0.,0.5));
#5344=DIRECTION('',(0.,1.,0.));
#5345=DIRECTION('center_axis',(0.,-1.,0.));
#5346=DIRECTION('ref_axis',(-0.190191691644297,0.,0.981746973730747));
#5347=DIRECTION('center_axis',(-0.866025403784439,0.,-0.499999999999999));
#5348=DIRECTION('ref_axis',(-0.499999999999999,0.,0.866025403784439));
#5349=DIRECTION('center_axis',(0.866025403784439,0.,0.5));
#5350=DIRECTION('ref_axis',(-0.353553390593275,0.707106781186546,0.612372435695796));
#5351=DIRECTION('',(-0.866025403784439,0.,-0.5));
#5352=DIRECTION('center_axis',(0.,1.,0.));
#5353=DIRECTION('ref_axis',(0.,0.,-1.));
#5354=DIRECTION('center_axis',(0.,-1.,0.));
#5355=DIRECTION('ref_axis',(0.,0.,-1.));
#5356=DIRECTION('center_axis',(0.,1.,0.));
#5357=DIRECTION('ref_axis',(1.,0.,0.));
#5358=DIRECTION('center_axis',(0.,-1.,0.));
#5359=DIRECTION('ref_axis',(0.190191587724544,0.,0.981746993862888));
#5360=DIRECTION('',(-0.866025403784439,0.,0.5));
#5361=DIRECTION('center_axis',(0.,-1.,0.));
#5362=DIRECTION('ref_axis',(0.,0.,-1.));
#5363=DIRECTION('center_axis',(0.,1.,0.));
#5364=DIRECTION('ref_axis',(-1.,0.,-4.63343684383159E-14));
#5365=DIRECTION('',(1.,0.,1.11022302462516E-16));
#5366=DIRECTION('center_axis',(0.,-1.,0.));
#5367=DIRECTION('ref_axis',(0.,0.,-1.));
#5368=DIRECTION('center_axis',(0.866025403784437,0.,-0.500000000000003));
#5369=DIRECTION('ref_axis',(0.,1.,0.));
#5370=DIRECTION('center_axis',(0.866025403784439,0.,-0.5));
#5371=DIRECTION('ref_axis',(0.353553390593274,0.707106781186547,0.612372435695795));
#5372=DIRECTION('center_axis',(-0.0611354312720941,0.998129480099238,-6.78739634186677E-18));
#5373=DIRECTION('ref_axis',(-0.705784123880374,-0.0432292780232618,0.707106781186547));
#5374=DIRECTION('',(-0.0611354312720941,0.998129480099238,-6.78739634186677E-18));
#5375=DIRECTION('center_axis',(-1.11022302462516E-16,0.,1.));
#5376=DIRECTION('ref_axis',(1.,0.,1.11022302462516E-16));
#5377=DIRECTION('center_axis',(0.,1.,0.));
#5378=DIRECTION('ref_axis',(0.,0.,-1.));
#5379=DIRECTION('center_axis',(0.,1.,0.));
#5380=DIRECTION('ref_axis',(0.,0.,-1.));
#5381=DIRECTION('center_axis',(0.,1.,0.));
#5382=DIRECTION('ref_axis',(0.866025403784439,0.,0.5));
#5383=DIRECTION('center_axis',(0.,-1.,0.));
#5384=DIRECTION('ref_axis',(0.965925826289068,0.,0.258819045102521));
#5385=DIRECTION('',(0.,1.,0.));
#5386=DIRECTION('center_axis',(0.,1.,0.));
#5387=DIRECTION('ref_axis',(0.866025403784439,0.,0.5));
#5388=DIRECTION('',(0.,1.,0.));
#5389=DIRECTION('center_axis',(1.,0.,4.93432455388959E-16));
#5390=DIRECTION('ref_axis',(4.93432455388959E-16,0.,-1.));
#5391=DIRECTION('',(-4.93432455388959E-16,0.,1.));
#5392=DIRECTION('',(0.,1.,0.));
#5393=DIRECTION('',(4.93432455388959E-16,0.,-1.));
#5394=DIRECTION('center_axis',(0.,0.,-1.));
#5395=DIRECTION('ref_axis',(1.,0.,0.));
#5396=DIRECTION('center_axis',(1.11022302462516E-16,0.,-1.));
#5397=DIRECTION('ref_axis',(1.,0.,0.));
#5398=DIRECTION('',(0.,0.,-1.));
#5399=DIRECTION('center_axis',(1.83507937954571E-16,0.,1.));
#5400=DIRECTION('ref_axis',(1.,0.,0.));
#5401=DIRECTION('center_axis',(0.,0.,-1.));
#5402=DIRECTION('ref_axis',(1.,0.,0.));
#5403=DIRECTION('center_axis',(-1.11022302462516E-16,0.,-1.));
#5404=DIRECTION('ref_axis',(1.,0.,0.));
#5405=DIRECTION('',(0.,0.,-1.));
#5406=DIRECTION('center_axis',(1.83507937954571E-16,0.,1.));
#5407=DIRECTION('ref_axis',(1.,0.,0.));
#5408=DIRECTION('center_axis',(-1.11022302462516E-16,0.,1.));
#5409=DIRECTION('ref_axis',(1.,0.,1.11022302462516E-16));
#5410=DIRECTION('',(1.,0.,1.11022302462516E-16));
#5411=DIRECTION('',(-0.0611354312720941,0.998129480099238,-6.78739634186677E-18));
#5412=DIRECTION('',(1.,0.,1.11022302462516E-16));
#5413=DIRECTION('center_axis',(1.11022302462516E-16,0.,-1.));
#5414=DIRECTION('ref_axis',(-0.707106781186544,-0.707106781186551,7.85046229341887E-16));
#5415=DIRECTION('',(0.,1.,0.));
#5416=DIRECTION('center_axis',(-0.0611354312720941,0.998129480099238,-6.78739634186677E-18));
#5417=DIRECTION('ref_axis',(-0.705784123880374,-0.0432292780232618,0.707106781186547));
#5418=DIRECTION('center_axis',(0.,1.,0.));
#5419=DIRECTION('ref_axis',(-1.,0.,-4.63343684383159E-14));
#5420=DIRECTION('',(0.0611354312720941,-0.998129480099238,6.78739634186677E-18));
#5421=DIRECTION('center_axis',(0.,1.,0.));
#5422=DIRECTION('ref_axis',(-1.,0.,-4.63343684383159E-14));
#5423=DIRECTION('center_axis',(-4.93432455388959E-16,0.,1.));
#5424=DIRECTION('ref_axis',(0.707106781186549,-0.707106781186546,3.43457725337076E-16));
#5425=DIRECTION('center_axis',(-1.11022302462516E-16,0.,-1.));
#5426=DIRECTION('ref_axis',(0.707106781186549,-0.707106781186546,3.43457725337076E-16));
#5427=DIRECTION('center_axis',(1.66533453693774E-15,0.,1.));
#5428=DIRECTION('ref_axis',(0.,-1.,0.));
#5429=DIRECTION('',(4.93432455388959E-16,0.,-1.));
#5430=DIRECTION('center_axis',(0.,1.,0.));
#5431=DIRECTION('ref_axis',(0.290890506501688,0.,0.956756349980073));
#5432=DIRECTION('center_axis',(0.,1.,0.));
#5433=DIRECTION('ref_axis',(0.290890506501688,0.,0.956756349980073));
#5434=DIRECTION('',(0.,-1.,0.));
#5435=DIRECTION('center_axis',(0.,-1.,0.));
#5436=DIRECTION('ref_axis',(-0.485478538743316,0.,0.874248585025824));
#5437=DIRECTION('center_axis',(0.,1.,0.));
#5438=DIRECTION('ref_axis',(0.,0.,-1.));
#5439=DIRECTION('center_axis',(0.,-1.,0.));
#5440=DIRECTION('ref_axis',(-0.965925826289068,0.,0.258819045102521));
#5441=DIRECTION('',(0.,-1.,0.));
#5442=DIRECTION('center_axis',(0.,1.,0.));
#5443=DIRECTION('ref_axis',(0.,0.,-1.));
#5444=DIRECTION('',(0.,1.,0.));
#5445=DIRECTION('center_axis',(-1.,0.,4.93432455388959E-16));
#5446=DIRECTION('ref_axis',(4.93432455388959E-16,0.,1.));
#5447=DIRECTION('',(-4.93432455388959E-16,0.,-1.));
#5448=DIRECTION('',(4.93432455388959E-16,0.,1.));
#5449=DIRECTION('center_axis',(0.,1.,0.));
#5450=DIRECTION('ref_axis',(-0.290890506501687,0.,0.956756349980073));
#5451=DIRECTION('center_axis',(0.,-1.,0.));
#5452=DIRECTION('ref_axis',(0.485478538743318,0.,0.874248585025823));
#5453=DIRECTION('',(0.,1.,0.));
#5454=DIRECTION('center_axis',(0.,1.,0.));
#5455=DIRECTION('ref_axis',(-0.290890506501687,0.,0.956756349980073));
#5456=DIRECTION('center_axis',(0.,1.,0.));
#5457=DIRECTION('ref_axis',(0.,0.,1.));
#5458=DIRECTION('center_axis',(-5.55111512312579E-16,0.,-1.));
#5459=DIRECTION('ref_axis',(0.,-1.,0.));
#5460=DIRECTION('center_axis',(0.,1.,0.));
#5461=DIRECTION('ref_axis',(-0.965925826289068,0.,0.258819045102521));
#5462=DIRECTION('center_axis',(4.93432455388959E-16,0.,1.));
#5463=DIRECTION('ref_axis',(-0.707106781186544,-0.707106781186551,7.85046229341887E-16));
#5464=DIRECTION('',(4.93432455388959E-16,0.,1.));
#5465=DIRECTION('center_axis',(0.500000000000003,0.,0.866025403784437));
#5466=DIRECTION('ref_axis',(0.866025403784437,0.,-0.500000000000003));
#5467=DIRECTION('',(0.,-1.,0.));
#5468=DIRECTION('',(0.866025403784437,0.,-0.500000000000003));
#5469=DIRECTION('',(-0.866025403784437,0.,0.500000000000003));
#5470=DIRECTION('',(0.,1.,0.));
#5471=DIRECTION('',(0.866025403784437,0.,-0.500000000000003));
#5472=DIRECTION('center_axis',(0.889954897373608,-5.20975506058275E-16,
-0.456048550749514));
#5473=DIRECTION('ref_axis',(0.456048550749514,0.,0.889954897373608));
#5474=DIRECTION('center_axis',(0.,1.,0.));
#5475=DIRECTION('ref_axis',(0.485478538743318,0.,0.874248585025823));
#5476=DIRECTION('center_axis',(0.866025403784436,0.,-0.500000000000004));
#5477=DIRECTION('ref_axis',(0.500000000000004,0.,0.866025403784436));
#5478=DIRECTION('center_axis',(-0.866025403784437,0.,0.500000000000003));
#5479=DIRECTION('ref_axis',(0.353553390593277,-0.707106781186547,0.612372435695793));
#5480=DIRECTION('',(0.866025403784437,0.,-0.500000000000003));
#5481=DIRECTION('center_axis',(0.,1.,0.));
#5482=DIRECTION('ref_axis',(0.,0.,1.));
#5483=DIRECTION('center_axis',(0.,1.,0.));
#5484=DIRECTION('ref_axis',(0.965925826289068,0.,0.258819045102521));
#5485=DIRECTION('center_axis',(-0.889954897373608,2.41858696293199E-15,
-0.456048550749513));
#5486=DIRECTION('ref_axis',(1.77635683940026E-14,-1.,-3.99680288865058E-14));
#5487=DIRECTION('center_axis',(-0.866025403784436,0.,-0.500000000000004));
#5488=DIRECTION('ref_axis',(0.,-1.,0.));
#5489=DIRECTION('center_axis',(0.,1.,0.));
#5490=DIRECTION('ref_axis',(-0.485478538743316,0.,0.874248585025824));
#5491=DIRECTION('center_axis',(0.866025403784437,0.,0.500000000000003));
#5492=DIRECTION('ref_axis',(-0.353553390593277,-0.707106781186547,0.612372435695793));
#5493=DIRECTION('',(0.866025403784437,0.,0.500000000000003));
#5494=DIRECTION('',(-0.866025403784437,0.,-0.500000000000003));
#5495=DIRECTION('center_axis',(-0.500000000000003,0.,0.866025403784437));
#5496=DIRECTION('ref_axis',(0.866025403784437,0.,0.500000000000003));
#5497=DIRECTION('',(0.,1.,0.));
#5498=DIRECTION('',(0.866025403784437,0.,0.500000000000003));
#5499=DIRECTION('',(0.,1.,0.));
#5500=DIRECTION('',(0.866025403784437,0.,0.500000000000003));
#5501=DIRECTION('center_axis',(0.866025403784437,0.,0.500000000000003));
#5502=DIRECTION('ref_axis',(-0.35355339059328,0.707106781186541,0.612372435695799));
#5503=DIRECTION('',(-0.866025403784437,0.,-0.500000000000003));
#5504=DIRECTION('center_axis',(0.,1.,0.));
#5505=DIRECTION('ref_axis',(0.,0.,-1.));
#5506=DIRECTION('center_axis',(0.,-1.,0.));
#5507=DIRECTION('ref_axis',(0.,0.,-1.));
#5508=DIRECTION('center_axis',(0.,-1.,0.));
#5509=DIRECTION('ref_axis',(0.,0.,-1.));
#5510=DIRECTION('center_axis',(0.,1.,0.));
#5511=DIRECTION('ref_axis',(-1.,0.,0.));
#5512=DIRECTION('',(-0.866025403784437,0.,0.500000000000003));
#5513=DIRECTION('center_axis',(0.,-1.,0.));
#5514=DIRECTION('ref_axis',(0.,0.,-1.));
#5515=DIRECTION('',(1.,0.,-1.11022302462516E-16));
#5516=DIRECTION('center_axis',(0.,1.,0.));
#5517=DIRECTION('ref_axis',(1.,0.,-4.61958501505001E-14));
#5518=DIRECTION('',(0.,0.,-1.));
#5519=DIRECTION('',(-1.,0.,1.83507937954571E-16));
#5520=DIRECTION('',(0.,0.,1.));
#5521=DIRECTION('center_axis',(0.,-1.,0.));
#5522=DIRECTION('ref_axis',(0.,0.,-1.));
#5523=DIRECTION('center_axis',(0.866025403784437,0.,-0.500000000000003));
#5524=DIRECTION('ref_axis',(0.35355339059328,0.707106781186541,0.612372435695799));
#5525=DIRECTION('center_axis',(-0.998129480099238,-0.0611354312720941,0.));
#5526=DIRECTION('ref_axis',(-0.0611354312720941,0.998129480099238,0.));
#5527=DIRECTION('',(-0.0611354312720941,0.998129480099238,1.12188369287054E-17));
#5528=DIRECTION('',(0.,0.,1.));
#5529=DIRECTION('center_axis',(-1.83507937954571E-16,0.,-1.));
#5530=DIRECTION('ref_axis',(-1.,0.,1.83507937954571E-16));
#5531=DIRECTION('',(-0.0611354300446481,-0.998129480174419,1.12188367034593E-17));
#5532=DIRECTION('',(-1.,0.,1.83507937954571E-16));
#5533=DIRECTION('center_axis',(0.998129480174419,-0.0611354300446481,0.));
#5534=DIRECTION('ref_axis',(-0.0611354300446481,-0.998129480174419,0.));
#5535=DIRECTION('',(0.0611354300446481,0.998129480174419,-6.78739620559289E-18));
#5536=DIRECTION('',(0.,0.,-1.));
#5537=DIRECTION('center_axis',(0.0611354300446481,0.998129480174419,-6.78739620559289E-18));
#5538=DIRECTION('ref_axis',(0.705784123933536,-0.0432292771553261,0.707106781186548));
#5539=DIRECTION('',(-0.0611354300446481,-0.998129480174419,6.78739620559289E-18));
#5540=DIRECTION('center_axis',(0.,1.,0.));
#5541=DIRECTION('ref_axis',(1.,0.,-4.61958501505001E-14));
#5542=DIRECTION('center_axis',(1.11022302462516E-16,0.,1.));
#5543=DIRECTION('ref_axis',(1.,0.,-1.11022302462516E-16));
#5544=DIRECTION('',(1.,0.,-1.11022302462516E-16));
#5545=DIRECTION('center_axis',(0.,1.,0.));
#5546=DIRECTION('ref_axis',(0.,0.,1.));
#5547=DIRECTION('center_axis',(0.,1.,0.));
#5548=DIRECTION('ref_axis',(0.,0.,-1.));
#5549=DIRECTION('center_axis',(0.,1.,0.));
#5550=DIRECTION('ref_axis',(0.,0.,-1.));
#5551=DIRECTION('center_axis',(0.499999999999999,0.,0.866025403784439));
#5552=DIRECTION('ref_axis',(0.866025403784439,0.,-0.499999999999999));
#5553=DIRECTION('',(0.,-1.,0.));
#5554=DIRECTION('',(0.866025403784439,0.,-0.499999999999999));
#5555=DIRECTION('',(0.,1.,0.));
#5556=DIRECTION('',(-0.866025403784439,0.,0.499999999999999));
#5557=DIRECTION('',(0.,1.,0.));
#5558=DIRECTION('',(0.866025403784439,0.,-0.499999999999999));
#5559=DIRECTION('center_axis',(0.,1.,0.));
#5560=DIRECTION('ref_axis',(0.866025403784439,0.,0.499999999999999));
#5561=DIRECTION('center_axis',(0.,-1.,0.));
#5562=DIRECTION('ref_axis',(0.965925826289068,0.,0.25881904510252));
#5563=DIRECTION('',(0.,1.,0.));
#5564=DIRECTION('center_axis',(0.,1.,0.));
#5565=DIRECTION('ref_axis',(0.866025403784439,0.,0.499999999999999));
#5566=DIRECTION('',(0.,1.,0.));
#5567=DIRECTION('center_axis',(1.,0.,-4.44089209850063E-16));
#5568=DIRECTION('ref_axis',(-4.44089209850063E-16,0.,-1.));
#5569=DIRECTION('',(4.44089209850063E-16,0.,1.));
#5570=DIRECTION('',(0.,1.,0.));
#5571=DIRECTION('',(-4.44089209850063E-16,0.,-1.));
#5572=DIRECTION('center_axis',(0.,0.,-1.));
#5573=DIRECTION('ref_axis',(1.,0.,0.));
#5574=DIRECTION('center_axis',(1.11022302462516E-16,0.,-1.));
#5575=DIRECTION('ref_axis',(1.,0.,0.));
#5576=DIRECTION('',(0.,0.,-1.));
#5577=DIRECTION('center_axis',(1.83507937954571E-16,0.,1.));
#5578=DIRECTION('ref_axis',(1.,0.,0.));
#5579=DIRECTION('center_axis',(0.,0.,-1.));
#5580=DIRECTION('ref_axis',(1.,0.,0.));
#5581=DIRECTION('center_axis',(-1.11022302462516E-16,0.,-1.));
#5582=DIRECTION('ref_axis',(1.,0.,0.));
#5583=DIRECTION('',(0.,0.,-1.));
#5584=DIRECTION('center_axis',(1.83507937954571E-16,0.,1.));
#5585=DIRECTION('ref_axis',(1.,0.,0.));
#5586=DIRECTION('center_axis',(4.44089209850063E-16,0.,1.));
#5587=DIRECTION('ref_axis',(0.707106781186551,-0.707106781186544,-3.92523114670943E-16));
#5588=DIRECTION('center_axis',(-1.11022302462516E-16,0.,-1.));
#5589=DIRECTION('ref_axis',(0.707106781186551,-0.707106781186544,-3.92523114670943E-16));
#5590=DIRECTION('center_axis',(0.,0.,1.));
#5591=DIRECTION('ref_axis',(0.,-1.,0.));
#5592=DIRECTION('',(-4.44089209850063E-16,0.,-1.));
#5593=DIRECTION('center_axis',(0.,1.,0.));
#5594=DIRECTION('ref_axis',(0.288892460206903,0.,0.957361554709402));
#5595=DIRECTION('center_axis',(0.,1.,0.));
#5596=DIRECTION('ref_axis',(0.288892460206903,0.,0.957361554709402));
#5597=DIRECTION('',(0.,-1.,0.));
#5598=DIRECTION('center_axis',(0.,-1.,0.));
#5599=DIRECTION('ref_axis',(-0.486392285223114,0.,0.873740547803201));
#5600=DIRECTION('center_axis',(0.,1.,0.));
#5601=DIRECTION('ref_axis',(0.,0.,-1.));
#5602=DIRECTION('center_axis',(0.,-1.,0.));
#5603=DIRECTION('ref_axis',(-0.965925826289069,0.,0.25881904510252));
#5604=DIRECTION('',(0.,-1.,0.));
#5605=DIRECTION('center_axis',(0.,1.,0.));
#5606=DIRECTION('ref_axis',(0.,0.,-1.));
#5607=DIRECTION('',(0.,1.,0.));
#5608=DIRECTION('center_axis',(-1.,0.,-4.44089209850063E-16));
#5609=DIRECTION('ref_axis',(-4.44089209850063E-16,0.,1.));
#5610=DIRECTION('',(4.44089209850063E-16,0.,-1.));
#5611=DIRECTION('',(-4.44089209850063E-16,0.,1.));
#5612=DIRECTION('',(0.,1.,0.));
#5613=DIRECTION('center_axis',(0.,1.,0.));
#5614=DIRECTION('ref_axis',(-0.288892460206902,0.,0.957361554709402));
#5615=DIRECTION('center_axis',(0.,-1.,0.));
#5616=DIRECTION('ref_axis',(0.486392285223114,0.,0.873740547803201));
#5617=DIRECTION('center_axis',(0.,1.,0.));
#5618=DIRECTION('ref_axis',(-0.288892460206902,0.,0.957361554709402));
#5619=DIRECTION('center_axis',(-4.44089209850063E-16,0.,1.));
#5620=DIRECTION('ref_axis',(-0.707106781186549,-0.707106781186546,0.));
#5621=DIRECTION('center_axis',(1.11022302462516E-15,0.,-1.));
#5622=DIRECTION('ref_axis',(0.,-1.,0.));
#5623=DIRECTION('center_axis',(1.11022302462516E-16,0.,-1.));
#5624=DIRECTION('ref_axis',(-0.707106781186549,-0.707106781186546,0.));
#5625=DIRECTION('',(4.93432455388959E-16,0.,1.));
#5626=DIRECTION('center_axis',(0.,1.,0.));
#5627=DIRECTION('ref_axis',(0.,0.,1.));
#5628=DIRECTION('center_axis',(0.,1.,0.));
#5629=DIRECTION('ref_axis',(-0.965925826289068,0.,0.25881904510252));
#5630=DIRECTION('center_axis',(0.866025403784439,0.,-0.499999999999999));
#5631=DIRECTION('ref_axis',(0.353553390593276,-0.70710678118654,0.612372435695801));
#5632=DIRECTION('center_axis',(-0.866025403784439,0.,0.5));
#5633=DIRECTION('ref_axis',(0.,-1.,0.));
#5634=DIRECTION('',(0.866025403784439,0.,-0.499999999999999));
#5635=DIRECTION('center_axis',(-0.888521463840208,-3.9458279481162E-15,
0.458835055652088));
#5636=DIRECTION('ref_axis',(4.44089209850064E-15,-1.,0.));
#5637=DIRECTION('center_axis',(0.,1.,0.));
#5638=DIRECTION('ref_axis',(0.486392285223114,0.,0.873740547803201));
#5639=DIRECTION('center_axis',(0.,1.,0.));
#5640=DIRECTION('ref_axis',(0.,0.,1.));
#5641=DIRECTION('center_axis',(0.,1.,0.));
#5642=DIRECTION('ref_axis',(0.965925826289068,0.,0.25881904510252));
#5643=DIRECTION('center_axis',(-0.866025403784439,0.,-0.499999999999999));
#5644=DIRECTION('ref_axis',(-0.35355339059327,-0.707106781186553,0.61237243569579));
#5645=DIRECTION('',(0.866025403784439,0.,0.499999999999999));
#5646=DIRECTION('center_axis',(0.866025403784439,0.,0.499999999999999));
#5647=DIRECTION('ref_axis',(-0.499999999999999,0.,0.866025403784439));
#5648=DIRECTION('',(-0.866025403784439,0.,-0.499999999999999));
#5649=DIRECTION('center_axis',(0.,1.,0.));
#5650=DIRECTION('ref_axis',(-0.486392285223114,0.,0.873740547803201));
#5651=DIRECTION('center_axis',(0.888521463840213,1.90819097495581E-15,0.458835055652077));
#5652=DIRECTION('ref_axis',(-0.458835055652077,0.,0.888521463840213));
#5653=DIRECTION('center_axis',(-0.499999999999999,0.,0.866025403784439));
#5654=DIRECTION('ref_axis',(0.866025403784439,0.,0.499999999999999));
#5655=DIRECTION('',(0.,1.,0.));
#5656=DIRECTION('',(0.866025403784439,0.,0.499999999999999));
#5657=DIRECTION('',(0.,1.,0.));
#5658=DIRECTION('',(0.866025403784439,0.,0.499999999999999));
#5659=DIRECTION('center_axis',(0.866025403784439,0.,0.499999999999999));
#5660=DIRECTION('ref_axis',(-0.35355339059327,0.707106781186553,0.61237243569579));
#5661=DIRECTION('',(-0.866025403784439,0.,-0.499999999999999));
#5662=DIRECTION('center_axis',(0.,1.,0.));
#5663=DIRECTION('ref_axis',(0.,0.,-1.));
#5664=DIRECTION('center_axis',(0.,-1.,0.));
#5665=DIRECTION('ref_axis',(0.,0.,-1.));
#5666=DIRECTION('center_axis',(0.,-1.,0.));
#5667=DIRECTION('ref_axis',(0.,0.,-1.));
#5668=DIRECTION('center_axis',(0.,1.,0.));
#5669=DIRECTION('ref_axis',(-1.,0.,0.));
#5670=DIRECTION('',(-0.866025403784439,0.,0.499999999999999));
#5671=DIRECTION('center_axis',(0.,-1.,0.));
#5672=DIRECTION('ref_axis',(0.,0.,-1.));
#5673=DIRECTION('',(1.,0.,-1.11022302462516E-16));
#5674=DIRECTION('center_axis',(0.,1.,0.));
#5675=DIRECTION('ref_axis',(1.,0.,-4.61958501505001E-14));
#5676=DIRECTION('',(0.,0.,-1.));
#5677=DIRECTION('',(-1.,0.,1.83507937954571E-16));
#5678=DIRECTION('',(0.,0.,1.));
#5679=DIRECTION('center_axis',(0.,1.,0.));
#5680=DIRECTION('ref_axis',(-1.,0.,-4.63343684383159E-14));
#5681=DIRECTION('',(1.,0.,1.11022302462516E-16));
#5682=DIRECTION('center_axis',(0.,-1.,0.));
#5683=DIRECTION('ref_axis',(0.,0.,-1.));
#5684=DIRECTION('center_axis',(0.866025403784439,0.,-0.499999999999999));
#5685=DIRECTION('ref_axis',(0.35355339059327,0.707106781186553,0.61237243569579));
#5686=DIRECTION('center_axis',(-1.11022302462516E-16,0.,1.));
#5687=DIRECTION('ref_axis',(1.,0.,1.11022302462516E-16));
#5688=DIRECTION('',(-0.0611354312720941,0.998129480099238,-6.78739634186677E-18));
#5689=DIRECTION('',(1.,0.,1.11022302462516E-16));
#5690=DIRECTION('center_axis',(-0.0611354312720941,0.998129480099238,-6.78739634186677E-18));
#5691=DIRECTION('ref_axis',(-0.705784123880374,-0.0432292780232618,0.707106781186547));
#5692=DIRECTION('',(0.0611354312720941,-0.998129480099238,6.78739634186677E-18));
#5693=DIRECTION('center_axis',(0.,1.,0.));
#5694=DIRECTION('ref_axis',(-1.,0.,-4.63343684383159E-14));
#5695=DIRECTION('center_axis',(-0.998129480099238,-0.0611354312720941,0.));
#5696=DIRECTION('ref_axis',(-0.0611354312720941,0.998129480099238,0.));
#5697=DIRECTION('',(-0.0611354312720941,0.998129480099238,1.12188369287054E-17));
#5698=DIRECTION('',(0.,0.,1.));
#5699=DIRECTION('center_axis',(-1.83507937954571E-16,0.,-1.));
#5700=DIRECTION('ref_axis',(-1.,0.,1.83507937954571E-16));
#5701=DIRECTION('',(-0.0611354300446481,-0.998129480174419,1.12188367034593E-17));
#5702=DIRECTION('',(-1.,0.,1.83507937954571E-16));
#5703=DIRECTION('center_axis',(0.998129480174419,-0.0611354300446481,0.));
#5704=DIRECTION('ref_axis',(-0.0611354300446481,-0.998129480174419,0.));
#5705=DIRECTION('',(0.0611354300446481,0.998129480174419,-6.78739620559289E-18));
#5706=DIRECTION('',(0.,0.,-1.));
#5707=DIRECTION('center_axis',(0.0611354300446481,0.998129480174419,-6.78739620559289E-18));
#5708=DIRECTION('ref_axis',(0.705784123933536,-0.0432292771553261,0.707106781186548));
#5709=DIRECTION('',(-0.0611354300446481,-0.998129480174419,6.78739620559289E-18));
#5710=DIRECTION('center_axis',(0.,1.,0.));
#5711=DIRECTION('ref_axis',(1.,0.,-4.61958501505001E-14));
#5712=DIRECTION('center_axis',(1.11022302462516E-16,0.,1.));
#5713=DIRECTION('ref_axis',(1.,0.,-1.11022302462516E-16));
#5714=DIRECTION('',(1.,0.,-1.11022302462516E-16));
#5715=DIRECTION('center_axis',(0.,1.,0.));
#5716=DIRECTION('ref_axis',(0.,0.,1.));
#5717=DIRECTION('center_axis',(0.,1.,0.));
#5718=DIRECTION('ref_axis',(0.,0.,-1.));
#5719=DIRECTION('center_axis',(0.,1.,0.));
#5720=DIRECTION('ref_axis',(0.,0.,-1.));
#5721=DIRECTION('center_axis',(-1.,0.,0.));
#5722=DIRECTION('ref_axis',(0.,0.,1.));
#5723=DIRECTION('',(0.,0.,-1.));
#5724=DIRECTION('',(0.,1.,0.));
#5725=DIRECTION('',(0.,0.,1.));
#5726=DIRECTION('',(0.,1.,0.));
#5727=DIRECTION('center_axis',(0.,1.,0.));
#5728=DIRECTION('ref_axis',(0.,0.,-1.));
#5729=DIRECTION('',(0.,-1.,0.));
#5730=DIRECTION('center_axis',(0.,1.,0.));
#5731=DIRECTION('ref_axis',(0.,0.,-1.));
#5732=DIRECTION('center_axis',(0.,-1.,0.));
#5733=DIRECTION('ref_axis',(-0.965925826289068,0.,0.258819045102521));
#5734=DIRECTION('',(0.,-1.,0.));
#5735=DIRECTION('center_axis',(0.,1.,0.));
#5736=DIRECTION('ref_axis',(-0.933287008774494,0.,0.359131395526426));
#5737=DIRECTION('center_axis',(1.,0.,0.));
#5738=DIRECTION('ref_axis',(0.,0.,-1.));
#5739=DIRECTION('',(0.,0.,1.));
#5740=DIRECTION('',(0.,1.,0.));
#5741=DIRECTION('',(0.,0.,-1.));
#5742=DIRECTION('',(0.,1.,0.));
#5743=DIRECTION('center_axis',(0.,0.,-1.));
#5744=DIRECTION('ref_axis',(1.,0.,0.));
#5745=DIRECTION('center_axis',(1.11022302462516E-16,0.,-1.));
#5746=DIRECTION('ref_axis',(1.,0.,0.));
#5747=DIRECTION('',(0.,0.,-1.));
#5748=DIRECTION('center_axis',(1.83507937954571E-16,0.,1.));
#5749=DIRECTION('ref_axis',(1.,0.,0.));
#5750=DIRECTION('center_axis',(0.,0.,-1.));
#5751=DIRECTION('ref_axis',(1.,0.,0.));
#5752=DIRECTION('center_axis',(-1.11022302462516E-16,0.,-1.));
#5753=DIRECTION('ref_axis',(1.,0.,0.));
#5754=DIRECTION('',(0.,0.,-1.));
#5755=DIRECTION('center_axis',(1.83507937954571E-16,0.,1.));
#5756=DIRECTION('ref_axis',(1.,0.,0.));
#5757=DIRECTION('center_axis',(0.,0.,1.));
#5758=DIRECTION('ref_axis',(0.707106781186549,-0.707106781186546,0.));
#5759=DIRECTION('center_axis',(-1.11022302462516E-16,0.,-1.));
#5760=DIRECTION('ref_axis',(0.707106781186549,-0.707106781186546,0.));
#5761=DIRECTION('center_axis',(-5.55111512312579E-16,0.,1.));
#5762=DIRECTION('ref_axis',(0.,-1.,0.));
#5763=DIRECTION('',(0.,0.,-1.));
#5764=DIRECTION('center_axis',(0.,1.,0.));
#5765=DIRECTION('ref_axis',(-1.,0.,0.));
#5766=DIRECTION('center_axis',(0.,1.,0.));
#5767=DIRECTION('ref_axis',(0.487197743202224,0.,0.873291680378704));
#5768=DIRECTION('center_axis',(0.,1.,0.));
#5769=DIRECTION('ref_axis',(-0.965925826289068,0.,0.258819045102521));
#5770=DIRECTION('',(-4.44089209850063E-16,0.,1.));
#5771=DIRECTION('',(1.,0.,1.11022302462516E-16));
#5772=DIRECTION('center_axis',(0.,1.,0.));
#5773=DIRECTION('ref_axis',(-1.,0.,-4.63343684383159E-14));
#5774=DIRECTION('',(0.,0.,1.));
#5775=DIRECTION('',(-1.,0.,1.83507937954571E-16));
#5776=DIRECTION('',(0.,0.,-1.));
#5777=DIRECTION('center_axis',(0.,1.,0.));
#5778=DIRECTION('ref_axis',(1.,0.,-4.61958501505001E-14));
#5779=DIRECTION('',(1.,0.,-1.11022302462516E-16));
#5780=DIRECTION('center_axis',(0.,1.,0.));
#5781=DIRECTION('ref_axis',(0.965925826289068,0.,0.258819045102521));
#5782=DIRECTION('center_axis',(0.,1.,0.));
#5783=DIRECTION('ref_axis',(-0.487197743202221,0.,0.873291680378705));
#5784=DIRECTION('',(0.866025403784436,0.,0.500000000000004));
#5785=DIRECTION('center_axis',(0.,-1.,0.));
#5786=DIRECTION('ref_axis',(0.,0.,-1.));
#5787=DIRECTION('',(0.866025403784436,0.,-0.500000000000004));
#5788=DIRECTION('center_axis',(0.,1.,0.));
#5789=DIRECTION('ref_axis',(-0.287128867527585,0.,0.957891963340505));
#5790=DIRECTION('center_axis',(0.,1.,0.));
#5791=DIRECTION('ref_axis',(-0.287128867527584,0.,0.957891963340505));
#5792=DIRECTION('center_axis',(0.,-1.,0.));
#5793=DIRECTION('ref_axis',(0.487197743202224,0.,0.873291680378704));
#5794=DIRECTION('',(0.,1.,0.));
#5795=DIRECTION('center_axis',(0.,1.,0.));
#5796=DIRECTION('ref_axis',(0.,0.,1.));
#5797=DIRECTION('center_axis',(0.,0.,-1.));
#5798=DIRECTION('ref_axis',(0.,-1.,0.));
#5799=DIRECTION('center_axis',(0.,0.,1.));
#5800=DIRECTION('ref_axis',(-0.707106781186549,-0.707106781186546,0.));
#5801=DIRECTION('center_axis',(1.11022302462516E-16,0.,-1.));
#5802=DIRECTION('ref_axis',(-0.707106781186549,-0.707106781186546,0.));
#5803=DIRECTION('center_axis',(0.500000000000004,0.,0.866025403784436));
#5804=DIRECTION('ref_axis',(0.866025403784436,0.,-0.500000000000004));
#5805=DIRECTION('',(0.866025403784436,0.,-0.500000000000004));
#5806=DIRECTION('',(-0.866025403784436,0.,0.500000000000004));
#5807=DIRECTION('',(0.,1.,0.));
#5808=DIRECTION('center_axis',(0.88724983637411,-4.70671069664013E-16,-0.461289201969996));
#5809=DIRECTION('ref_axis',(0.461289201969996,0.,0.88724983637411));
#5810=DIRECTION('center_axis',(0.866025403784436,0.,-0.500000000000005));
#5811=DIRECTION('ref_axis',(0.500000000000005,0.,0.866025403784435));
#5812=DIRECTION('center_axis',(-0.866025403784436,0.,0.500000000000004));
#5813=DIRECTION('ref_axis',(0.353553390593274,-0.707106781186554,0.612372435695788));
#5814=DIRECTION('center_axis',(0.,1.,0.));
#5815=DIRECTION('ref_axis',(0.,0.,1.));
#5816=DIRECTION('center_axis',(0.,-1.,0.));
#5817=DIRECTION('ref_axis',(0.965925826289068,0.,0.258819045102521));
#5818=DIRECTION('center_axis',(-0.887249836374112,1.57786450248836E-15,
-0.461289201969991));
#5819=DIRECTION('ref_axis',(-1.33226762955019E-14,-1.,2.22044604925032E-14));
#5820=DIRECTION('center_axis',(0.,-1.,0.));
#5821=DIRECTION('ref_axis',(-0.487197743202221,0.,0.873291680378705));
#5822=DIRECTION('center_axis',(-0.866025403784434,0.,-0.500000000000007));
#5823=DIRECTION('ref_axis',(0.,-1.,0.));
#5824=DIRECTION('center_axis',(0.866025403784436,0.,0.500000000000004));
#5825=DIRECTION('ref_axis',(-0.353553390593274,-0.707106781186554,0.612372435695788));
#5826=DIRECTION('',(-0.866025403784436,0.,-0.500000000000004));
#5827=DIRECTION('center_axis',(-0.500000000000004,0.,0.866025403784436));
#5828=DIRECTION('ref_axis',(0.866025403784436,0.,0.500000000000004));
#5829=DIRECTION('',(0.866025403784436,0.,0.500000000000004));
#5830=DIRECTION('',(0.,1.,0.));
#5831=DIRECTION('',(0.,-1.,0.));
#5832=DIRECTION('center_axis',(0.,1.,0.));
#5833=DIRECTION('ref_axis',(0.287128867527588,0.,0.957891963340504));
#5834=DIRECTION('center_axis',(0.,1.,0.));
#5835=DIRECTION('ref_axis',(0.287128867527583,0.,0.957891963340505));
#5836=DIRECTION('',(0.,1.,0.));
#5837=DIRECTION('center_axis',(0.,1.,0.));
#5838=DIRECTION('ref_axis',(0.866025403784438,0.,0.500000000000001));
#5839=DIRECTION('',(0.,1.,0.));
#5840=DIRECTION('center_axis',(0.,1.,0.));
#5841=DIRECTION('ref_axis',(0.933287008774493,0.,0.359131395526427));
#5842=DIRECTION('center_axis',(0.,1.,0.));
#5843=DIRECTION('ref_axis',(0.866025403784438,0.,0.500000000000001));
#5844=DIRECTION('center_axis',(0.,1.,0.));
#5845=DIRECTION('ref_axis',(0.,0.,1.));
#5846=DIRECTION('center_axis',(0.,-1.,0.));
#5847=DIRECTION('ref_axis',(0.933287008774493,0.,0.359131395526427));
#5848=DIRECTION('center_axis',(-0.448191527673775,0.,0.893937556276415));
#5849=DIRECTION('ref_axis',(0.893937556276415,0.,0.448191527673775));
#5850=DIRECTION('center_axis',(0.,-1.,0.));
#5851=DIRECTION('ref_axis',(0.287128867527583,0.,0.957891963340505));
#5852=DIRECTION('center_axis',(-0.866025403784434,0.,-0.500000000000007));
#5853=DIRECTION('ref_axis',(-0.500000000000007,0.,0.866025403784434));
#5854=DIRECTION('center_axis',(0.866025403784436,0.,0.500000000000004));
#5855=DIRECTION('ref_axis',(-0.353553390593274,0.707106781186554,0.612372435695788));
#5856=DIRECTION('',(-0.866025403784436,0.,-0.500000000000004));
#5857=DIRECTION('center_axis',(0.,1.,0.));
#5858=DIRECTION('ref_axis',(0.,0.,-1.));
#5859=DIRECTION('center_axis',(0.,-1.,0.));
#5860=DIRECTION('ref_axis',(0.,0.,-1.));
#5861=DIRECTION('center_axis',(0.,1.,0.));
#5862=DIRECTION('ref_axis',(-1.,0.,0.));
#5863=DIRECTION('center_axis',(0.,-1.,0.));
#5864=DIRECTION('ref_axis',(-0.933287008774494,0.,0.359131395526426));
#5865=DIRECTION('center_axis',(0.,-1.,0.));
#5866=DIRECTION('ref_axis',(-0.287128867527584,0.,0.957891963340505));
#5867=DIRECTION('',(-0.866025403784436,0.,0.500000000000004));
#5868=DIRECTION('center_axis',(0.,-1.,0.));
#5869=DIRECTION('ref_axis',(6.34413156928661E-17,0.,-1.));
#5870=DIRECTION('',(1.,0.,-1.11022302462516E-16));
#5871=DIRECTION('center_axis',(0.,1.,0.));
#5872=DIRECTION('ref_axis',(1.,0.,-4.61958501505001E-14));
#5873=DIRECTION('',(0.,0.,-1.));
#5874=DIRECTION('',(-1.,0.,1.83507937954571E-16));
#5875=DIRECTION('',(0.,0.,1.));
#5876=DIRECTION('center_axis',(0.,1.,0.));
#5877=DIRECTION('ref_axis',(-1.,0.,-4.63343684383159E-14));
#5878=DIRECTION('',(1.,0.,1.11022302462516E-16));
#5879=DIRECTION('center_axis',(0.,-1.,0.));
#5880=DIRECTION('ref_axis',(6.34413156928661E-17,0.,-1.));
#5881=DIRECTION('center_axis',(0.866025403784436,0.,-0.500000000000004));
#5882=DIRECTION('ref_axis',(0.353553390593274,0.707106781186554,0.612372435695788));
#5883=DIRECTION('center_axis',(-0.866025403784437,0.,0.500000000000004));
#5884=DIRECTION('ref_axis',(0.500000000000004,0.,0.866025403784437));
#5885=DIRECTION('center_axis',(-0.448191527673773,0.,-0.893937556276415));
#5886=DIRECTION('ref_axis',(-0.893937556276415,0.,0.448191527673773));
#5887=DIRECTION('center_axis',(0.,1.,0.));
#5888=DIRECTION('ref_axis',(0.,0.,1.));
#5889=DIRECTION('center_axis',(-1.11022302462516E-16,0.,1.));
#5890=DIRECTION('ref_axis',(1.,0.,1.11022302462516E-16));
#5891=DIRECTION('',(-0.0611354312720941,0.998129480099238,-6.78739634186677E-18));
#5892=DIRECTION('center_axis',(-0.0611354312720941,0.998129480099238,-6.78739634186677E-18));
#5893=DIRECTION('ref_axis',(-0.705784123880374,-0.0432292780232618,0.707106781186547));
#5894=DIRECTION('',(0.0611354312720941,-0.998129480099238,6.78739634186677E-18));
#5895=DIRECTION('center_axis',(-0.998129480099238,-0.0611354312720941,0.));
#5896=DIRECTION('ref_axis',(-0.0611354312720941,0.998129480099238,0.));
#5897=DIRECTION('',(-0.0611354312720941,0.998129480099238,1.12188369287054E-17));
#5898=DIRECTION('center_axis',(-1.83507937954571E-16,0.,-1.));
#5899=DIRECTION('ref_axis',(-1.,0.,1.83507937954571E-16));
#5900=DIRECTION('',(-0.0611354300446481,-0.998129480174419,1.12188367034593E-17));
#5901=DIRECTION('center_axis',(0.998129480174419,-0.0611354300446481,0.));
#5902=DIRECTION('ref_axis',(-0.0611354300446481,-0.998129480174419,0.));
#5903=DIRECTION('',(0.0611354300446481,0.998129480174419,-6.78739620559289E-18));
#5904=DIRECTION('center_axis',(0.0611354300446481,0.998129480174419,-6.78739620559289E-18));
#5905=DIRECTION('ref_axis',(0.705784123933536,-0.0432292771553261,0.707106781186548));
#5906=DIRECTION('',(-0.0611354300446481,-0.998129480174419,6.78739620559289E-18));
#5907=DIRECTION('center_axis',(0.,1.,0.));
#5908=DIRECTION('ref_axis',(6.34413156928661E-17,0.,-1.));
#5909=DIRECTION('center_axis',(0.,1.,0.));
#5910=DIRECTION('ref_axis',(6.34413156928661E-17,0.,-1.));
#5911=DIRECTION('center_axis',(1.11022302462516E-16,0.,1.));
#5912=DIRECTION('ref_axis',(1.,0.,-1.11022302462516E-16));
#5913=DIRECTION('center_axis',(0.,1.,0.));
#5914=DIRECTION('ref_axis',(0.866025403784438,0.,0.500000000000001));
#5915=DIRECTION('center_axis',(0.,-1.,0.));
#5916=DIRECTION('ref_axis',(0.965925826289068,0.,0.258819045102521));
#5917=DIRECTION('',(0.,1.,0.));
#5918=DIRECTION('center_axis',(0.,1.,0.));
#5919=DIRECTION('ref_axis',(0.866025403784438,0.,0.500000000000001));
#5920=DIRECTION('',(0.,1.,0.));
#5921=DIRECTION('center_axis',(1.,0.,-3.28954970259306E-16));
#5922=DIRECTION('ref_axis',(-3.28954970259306E-16,0.,-1.));
#5923=DIRECTION('',(3.28954970259306E-16,0.,1.));
#5924=DIRECTION('',(0.,1.,0.));
#5925=DIRECTION('',(-3.28954970259306E-16,0.,-1.));
#5926=DIRECTION('center_axis',(0.,0.,-1.));
#5927=DIRECTION('ref_axis',(1.,0.,0.));
#5928=DIRECTION('center_axis',(-1.11022302462516E-16,0.,-1.));
#5929=DIRECTION('ref_axis',(1.,0.,0.));
#5930=DIRECTION('',(0.,0.,-1.));
#5931=DIRECTION('center_axis',(1.83507937954571E-16,0.,1.));
#5932=DIRECTION('ref_axis',(1.,0.,0.));
#5933=DIRECTION('center_axis',(0.,0.,-1.));
#5934=DIRECTION('ref_axis',(1.,0.,0.));
#5935=DIRECTION('center_axis',(1.11022302462516E-16,0.,-1.));
#5936=DIRECTION('ref_axis',(1.,0.,0.));
#5937=DIRECTION('',(0.,0.,-1.));
#5938=DIRECTION('center_axis',(1.83507937954571E-16,0.,1.));
#5939=DIRECTION('ref_axis',(1.,0.,0.));
#5940=DIRECTION('center_axis',(3.28954970259306E-16,0.,1.));
#5941=DIRECTION('ref_axis',(0.707106781186543,-0.707106781186552,0.));
#5942=DIRECTION('center_axis',(-1.11022302462516E-16,0.,-1.));
#5943=DIRECTION('ref_axis',(0.707106781186543,-0.707106781186552,0.));
#5944=DIRECTION('center_axis',(0.,0.,1.));
#5945=DIRECTION('ref_axis',(0.,-1.,0.));
#5946=DIRECTION('',(-3.28954970259306E-16,0.,-1.));
#5947=DIRECTION('center_axis',(0.,1.,0.));
#5948=DIRECTION('ref_axis',(0.283509373266881,0.,0.958969465243717));
#5949=DIRECTION('center_axis',(0.,1.,0.));
#5950=DIRECTION('ref_axis',(0.283509373266881,0.,0.958969465243717));
#5951=DIRECTION('',(0.,-1.,0.));
#5952=DIRECTION('center_axis',(0.,-1.,0.));
#5953=DIRECTION('ref_axis',(-0.488847733566802,0.,0.872369126795877));
#5954=DIRECTION('center_axis',(0.,1.,0.));
#5955=DIRECTION('ref_axis',(5.41572207134223E-17,0.,-1.));
#5956=DIRECTION('center_axis',(0.,-1.,0.));
#5957=DIRECTION('ref_axis',(-0.965925826289068,0.,0.258819045102521));
#5958=DIRECTION('',(0.,-1.,0.));
#5959=DIRECTION('center_axis',(0.,1.,0.));
#5960=DIRECTION('ref_axis',(5.41572207134223E-17,0.,-1.));
#5961=DIRECTION('',(0.,1.,0.));
#5962=DIRECTION('center_axis',(-1.,0.,-3.28954970259306E-16));
#5963=DIRECTION('ref_axis',(-3.28954970259306E-16,0.,1.));
#5964=DIRECTION('',(3.28954970259306E-16,0.,-1.));
#5965=DIRECTION('',(-3.28954970259306E-16,0.,1.));
#5966=DIRECTION('',(0.,1.,0.));
#5967=DIRECTION('center_axis',(0.,1.,0.));
#5968=DIRECTION('ref_axis',(-0.283509373266884,0.,0.958969465243716));
#5969=DIRECTION('center_axis',(0.,-1.,0.));
#5970=DIRECTION('ref_axis',(0.4888477335668,0.,0.872369126795878));
#5971=DIRECTION('',(0.,1.,0.));
#5972=DIRECTION('center_axis',(0.,1.,0.));
#5973=DIRECTION('ref_axis',(-0.283509373266884,0.,0.958969465243716));
#5974=DIRECTION('center_axis',(0.,1.,0.));
#5975=DIRECTION('ref_axis',(0.,0.,1.));
#5976=DIRECTION('center_axis',(1.11022302462515E-15,0.,-1.));
#5977=DIRECTION('ref_axis',(0.,-1.,0.));
#5978=DIRECTION('center_axis',(0.,1.,0.));
#5979=DIRECTION('ref_axis',(-0.965925826289068,0.,0.258819045102521));
#5980=DIRECTION('center_axis',(-3.28954970259306E-16,0.,1.));
#5981=DIRECTION('ref_axis',(-0.707106781186557,-0.707106781186538,0.));
#5982=DIRECTION('center_axis',(1.11022302462516E-16,0.,-1.));
#5983=DIRECTION('ref_axis',(-0.707106781186557,-0.707106781186538,0.));
#5984=DIRECTION('',(-3.28954970259306E-16,0.,1.));
#5985=DIRECTION('center_axis',(0.500000000000004,0.,0.866025403784436));
#5986=DIRECTION('ref_axis',(0.866025403784436,0.,-0.500000000000004));
#5987=DIRECTION('',(0.,-1.,0.));
#5988=DIRECTION('',(0.866025403784436,0.,-0.500000000000004));
#5989=DIRECTION('',(-0.866025403784436,0.,0.500000000000004));
#5990=DIRECTION('',(0.,1.,0.));
#5991=DIRECTION('',(0.866025403784436,0.,-0.500000000000004));
#5992=DIRECTION('center_axis',(0.884621289945933,1.43135737330321E-15,-0.466310168637135));
#5993=DIRECTION('ref_axis',(0.466310168637135,0.,0.884621289945933));
#5994=DIRECTION('center_axis',(0.,1.,0.));
#5995=DIRECTION('ref_axis',(0.4888477335668,0.,0.872369126795878));
#5996=DIRECTION('center_axis',(0.866025403784434,0.,-0.500000000000007));
#5997=DIRECTION('ref_axis',(0.500000000000007,0.,0.866025403784434));
#5998=DIRECTION('center_axis',(-0.866025403784436,0.,0.500000000000004));
#5999=DIRECTION('ref_axis',(0.353553390593272,-0.707106781186551,0.612372435695792));
#6000=DIRECTION('',(0.866025403784436,0.,-0.500000000000004));
#6001=DIRECTION('center_axis',(0.,1.,0.));
#6002=DIRECTION('ref_axis',(0.,0.,1.));
#6003=DIRECTION('center_axis',(0.,1.,0.));
#6004=DIRECTION('ref_axis',(0.965925826289068,0.,0.258819045102521));
#6005=DIRECTION('center_axis',(-0.884621289945932,1.43135737330316E-15,
-0.466310168637137));
#6006=DIRECTION('ref_axis',(-1.33226762955017E-14,-1.,2.22044604925028E-14));
#6007=DIRECTION('center_axis',(-0.866025403784432,0.,-0.500000000000011));
#6008=DIRECTION('ref_axis',(0.,-1.,0.));
#6009=DIRECTION('center_axis',(0.,1.,0.));
#6010=DIRECTION('ref_axis',(-0.488847733566802,0.,0.872369126795877));
#6011=DIRECTION('center_axis',(0.866025403784436,0.,0.500000000000004));
#6012=DIRECTION('ref_axis',(-0.353553390593273,-0.707106781186552,0.61237243569579));
#6013=DIRECTION('',(0.866025403784436,0.,0.500000000000004));
#6014=DIRECTION('',(-0.866025403784436,0.,-0.500000000000004));
#6015=DIRECTION('center_axis',(-0.500000000000004,0.,0.866025403784436));
#6016=DIRECTION('ref_axis',(0.866025403784436,0.,0.500000000000004));
#6017=DIRECTION('',(0.,1.,0.));
#6018=DIRECTION('',(0.866025403784436,0.,0.500000000000004));
#6019=DIRECTION('',(0.,1.,0.));
#6020=DIRECTION('',(0.866025403784436,0.,0.500000000000004));
#6021=DIRECTION('center_axis',(0.866025403784436,0.,0.500000000000004));
#6022=DIRECTION('ref_axis',(-0.353553390593273,0.707106781186552,0.61237243569579));
#6023=DIRECTION('',(-0.866025403784436,0.,-0.500000000000004));
#6024=DIRECTION('center_axis',(0.,1.,0.));
#6025=DIRECTION('ref_axis',(6.34413156928661E-17,0.,-1.));
#6026=DIRECTION('center_axis',(0.,-1.,0.));
#6027=DIRECTION('ref_axis',(6.34413156928661E-17,0.,-1.));
#6028=DIRECTION('center_axis',(0.,-1.,0.));
#6029=DIRECTION('ref_axis',(6.34413156928661E-17,0.,-1.));
#6030=DIRECTION('center_axis',(0.,1.,0.));
#6031=DIRECTION('ref_axis',(-1.,0.,0.));
#6032=DIRECTION('',(-0.866025403784436,0.,0.500000000000004));
#6033=DIRECTION('center_axis',(0.,-1.,0.));
#6034=DIRECTION('ref_axis',(0.,0.,-1.));
#6035=DIRECTION('',(1.,0.,-1.11022302462516E-16));
#6036=DIRECTION('center_axis',(0.,1.,0.));
#6037=DIRECTION('ref_axis',(1.,0.,-4.61958501505001E-14));
#6038=DIRECTION('',(0.,0.,-1.));
#6039=DIRECTION('',(-1.,0.,1.83507937954571E-16));
#6040=DIRECTION('',(0.,0.,1.));
#6041=DIRECTION('center_axis',(0.,1.,0.));
#6042=DIRECTION('ref_axis',(-1.,0.,-4.63343684383159E-14));
#6043=DIRECTION('',(1.,0.,1.11022302462516E-16));
#6044=DIRECTION('center_axis',(0.,-1.,0.));
#6045=DIRECTION('ref_axis',(0.,0.,-1.));
#6046=DIRECTION('center_axis',(0.866025403784436,0.,-0.500000000000004));
#6047=DIRECTION('ref_axis',(0.353553390593272,0.707106781186551,0.612372435695792));
#6048=DIRECTION('center_axis',(-1.11022302462516E-16,0.,1.));
#6049=DIRECTION('ref_axis',(1.,0.,1.11022302462516E-16));
#6050=DIRECTION('',(-0.0611354312720941,0.998129480099238,-6.78739634186677E-18));
#6051=DIRECTION('',(1.,0.,1.11022302462516E-16));
#6052=DIRECTION('center_axis',(-0.0611354312720941,0.998129480099238,-6.78739634186677E-18));
#6053=DIRECTION('ref_axis',(-0.705784123880374,-0.0432292780232618,0.707106781186547));
#6054=DIRECTION('',(0.0611354312720941,-0.998129480099238,6.78739634186677E-18));
#6055=DIRECTION('center_axis',(0.,1.,0.));
#6056=DIRECTION('ref_axis',(-1.,0.,-4.63343684383159E-14));
#6057=DIRECTION('center_axis',(-0.998129480099238,-0.0611354312720941,0.));
#6058=DIRECTION('ref_axis',(-0.0611354312720941,0.998129480099238,0.));
#6059=DIRECTION('',(-0.0611354312720941,0.998129480099238,1.12188369287054E-17));
#6060=DIRECTION('',(0.,0.,1.));
#6061=DIRECTION('center_axis',(-1.83507937954571E-16,0.,-1.));
#6062=DIRECTION('ref_axis',(-1.,0.,1.83507937954571E-16));
#6063=DIRECTION('',(-0.0611354300446481,-0.998129480174419,1.12188367034593E-17));
#6064=DIRECTION('',(-1.,0.,1.83507937954571E-16));
#6065=DIRECTION('center_axis',(0.998129480174419,-0.0611354300446481,0.));
#6066=DIRECTION('ref_axis',(-0.0611354300446481,-0.998129480174419,0.));
#6067=DIRECTION('',(0.0611354300446481,0.998129480174419,-6.78739620559289E-18));
#6068=DIRECTION('',(0.,0.,-1.));
#6069=DIRECTION('center_axis',(0.0611354300446481,0.998129480174419,-6.78739620559289E-18));
#6070=DIRECTION('ref_axis',(0.705784123933536,-0.0432292771553261,0.707106781186548));
#6071=DIRECTION('',(-0.0611354300446481,-0.998129480174419,6.78739620559289E-18));
#6072=DIRECTION('center_axis',(0.,1.,0.));
#6073=DIRECTION('ref_axis',(1.,0.,-4.61958501505001E-14));
#6074=DIRECTION('center_axis',(0.,1.,0.));
#6075=DIRECTION('ref_axis',(0.,0.,1.));
#6076=DIRECTION('',(1.,0.,-1.11022302462516E-16));
#6077=DIRECTION('center_axis',(0.,1.,0.));
#6078=DIRECTION('ref_axis',(0.,0.,-1.));
#6079=DIRECTION('center_axis',(0.,1.,0.));
#6080=DIRECTION('ref_axis',(0.,0.,-1.));
#6081=DIRECTION('center_axis',(1.11022302462516E-16,0.,1.));
#6082=DIRECTION('ref_axis',(1.,0.,-1.11022302462516E-16));
#6083=DIRECTION('center_axis',(-1.,0.,-3.0626842058625E-16));
#6084=DIRECTION('ref_axis',(-3.0626842058625E-16,0.,1.));
#6085=DIRECTION('',(3.0626842058625E-16,0.,-1.));
#6086=DIRECTION('',(0.,1.,0.));
#6087=DIRECTION('',(-3.0626842058625E-16,0.,1.));
#6088=DIRECTION('',(0.,1.,0.));
#6089=DIRECTION('center_axis',(0.,1.,0.));
#6090=DIRECTION('ref_axis',(0.,0.,-1.));
#6091=DIRECTION('',(0.,-1.,0.));
#6092=DIRECTION('center_axis',(0.,1.,0.));
#6093=DIRECTION('ref_axis',(0.,0.,-1.));
#6094=DIRECTION('center_axis',(0.,-1.,0.));
#6095=DIRECTION('ref_axis',(-0.965925826289068,0.,0.258819045102521));
#6096=DIRECTION('',(0.,-1.,0.));
#6097=DIRECTION('center_axis',(0.,1.,0.));
#6098=DIRECTION('ref_axis',(-0.933499731698613,0.,0.358578095982755));
#6099=DIRECTION('center_axis',(1.,0.,-3.0626842058625E-16));
#6100=DIRECTION('ref_axis',(-3.0626842058625E-16,0.,-1.));
#6101=DIRECTION('',(3.0626842058625E-16,0.,1.));
#6102=DIRECTION('',(0.,1.,0.));
#6103=DIRECTION('',(-3.0626842058625E-16,0.,-1.));
#6104=DIRECTION('',(0.,1.,0.));
#6105=DIRECTION('center_axis',(0.,0.,-1.));
#6106=DIRECTION('ref_axis',(1.,0.,0.));
#6107=DIRECTION('center_axis',(1.11022302462516E-16,0.,-1.));
#6108=DIRECTION('ref_axis',(1.,0.,0.));
#6109=DIRECTION('',(0.,0.,-1.));
#6110=DIRECTION('center_axis',(1.83507937954571E-16,0.,1.));
#6111=DIRECTION('ref_axis',(1.,0.,0.));
#6112=DIRECTION('center_axis',(0.,0.,-1.));
#6113=DIRECTION('ref_axis',(1.,0.,0.));
#6114=DIRECTION('center_axis',(-1.11022302462516E-16,0.,-1.));
#6115=DIRECTION('ref_axis',(1.,0.,0.));
#6116=DIRECTION('',(0.,0.,-1.));
#6117=DIRECTION('center_axis',(1.83507937954571E-16,0.,1.));
#6118=DIRECTION('ref_axis',(1.,0.,0.));
#6119=DIRECTION('center_axis',(3.0626842058625E-16,0.,1.));
#6120=DIRECTION('ref_axis',(0.707106781186544,-0.707106781186551,0.));
#6121=DIRECTION('center_axis',(-1.11022302462516E-16,0.,-1.));
#6122=DIRECTION('ref_axis',(0.707106781186544,-0.707106781186551,0.));
#6123=DIRECTION('center_axis',(1.11022302462515E-15,0.,1.));
#6124=DIRECTION('ref_axis',(0.,-1.,0.));
#6125=DIRECTION('',(-3.0626842058625E-16,0.,-1.));
#6126=DIRECTION('center_axis',(0.,1.,0.));
#6127=DIRECTION('ref_axis',(-0.282308185417158,0.,0.959323766226227));
#6128=DIRECTION('center_axis',(0.,1.,0.));
#6129=DIRECTION('ref_axis',(-0.282308185417157,0.,0.959323766226227));
#6130=DIRECTION('center_axis',(0.,-1.,0.));
#6131=DIRECTION('ref_axis',(0.489394406872137,0.,0.872062563422069));
#6132=DIRECTION('',(0.,1.,0.));
#6133=DIRECTION('center_axis',(0.,1.,0.));
#6134=DIRECTION('ref_axis',(0.,0.,1.));
#6135=DIRECTION('center_axis',(1.11022302462516E-15,0.,-1.));
#6136=DIRECTION('ref_axis',(0.,-1.,0.));
#6137=DIRECTION('center_axis',(0.,1.,0.));
#6138=DIRECTION('ref_axis',(-0.965925826289068,0.,0.258819045102521));
#6139=DIRECTION('center_axis',(-3.0626842058625E-16,0.,1.));
#6140=DIRECTION('ref_axis',(-0.707106781186554,-0.707106781186541,0.));
#6141=DIRECTION('center_axis',(1.11022302462516E-16,0.,-1.));
#6142=DIRECTION('ref_axis',(-0.707106781186554,-0.707106781186541,0.));
#6143=DIRECTION('',(-3.28954970259306E-16,0.,1.));
#6144=DIRECTION('center_axis',(0.5,0.,0.866025403784439));
#6145=DIRECTION('ref_axis',(0.866025403784439,0.,-0.5));
#6146=DIRECTION('',(0.866025403784439,0.,-0.5));
#6147=DIRECTION('',(-0.866025403784439,0.,0.5));
#6148=DIRECTION('',(0.,1.,0.));
#6149=DIRECTION('center_axis',(0.883743409832988,2.55809226773139E-15,-0.467971778611449));
#6150=DIRECTION('ref_axis',(0.467971778611449,0.,0.883743409832988));
#6151=DIRECTION('center_axis',(0.,1.,0.));
#6152=DIRECTION('ref_axis',(0.489394406872137,0.,0.872062563422069));
#6153=DIRECTION('center_axis',(0.866025403784436,0.,-0.500000000000004));
#6154=DIRECTION('ref_axis',(0.500000000000004,0.,0.866025403784436));
#6155=DIRECTION('center_axis',(-0.866025403784439,0.,0.5));
#6156=DIRECTION('ref_axis',(0.353553390593271,-0.707106781186554,0.612372435695788));
#6157=DIRECTION('',(0.866025403784439,0.,-0.5));
#6158=DIRECTION('center_axis',(0.,1.,0.));
#6159=DIRECTION('ref_axis',(0.,0.,1.));
#6160=DIRECTION('center_axis',(0.,1.,0.));
#6161=DIRECTION('ref_axis',(0.965925826289068,0.,0.258819045102521));
#6162=DIRECTION('center_axis',(0.,-1.,0.));
#6163=DIRECTION('ref_axis',(0.965925826289068,0.,0.258819045102521));
#6164=DIRECTION('center_axis',(-0.883743409832988,-1.36651685809783E-15,
-0.467971778611449));
#6165=DIRECTION('ref_axis',(9.32587340685118E-14,-1.,-1.73194791841522E-13));
#6166=DIRECTION('center_axis',(0.,-1.,0.));
#6167=DIRECTION('ref_axis',(-0.489394406872135,0.,0.87206256342207));
#6168=DIRECTION('center_axis',(-0.866025403784436,0.,-0.500000000000004));
#6169=DIRECTION('ref_axis',(0.,-1.,0.));
#6170=DIRECTION('center_axis',(0.,1.,0.));
#6171=DIRECTION('ref_axis',(-0.489394406872135,0.,0.87206256342207));
#6172=DIRECTION('center_axis',(0.866025403784439,0.,0.499999999999999));
#6173=DIRECTION('ref_axis',(-0.35355339059327,-0.707106781186552,0.612372435695792));
#6174=DIRECTION('',(0.866025403784439,0.,0.499999999999999));
#6175=DIRECTION('',(-0.866025403784439,0.,-0.499999999999999));
#6176=DIRECTION('center_axis',(-0.499999999999999,0.,0.866025403784439));
#6177=DIRECTION('ref_axis',(0.866025403784439,0.,0.499999999999999));
#6178=DIRECTION('',(0.866025403784439,0.,0.499999999999999));
#6179=DIRECTION('',(0.,1.,0.));
#6180=DIRECTION('',(0.,-1.,0.));
#6181=DIRECTION('center_axis',(0.,1.,0.));
#6182=DIRECTION('ref_axis',(0.282308185417159,0.,0.959323766226226));
#6183=DIRECTION('center_axis',(0.,1.,0.));
#6184=DIRECTION('ref_axis',(0.28230818541716,0.,0.959323766226226));
#6185=DIRECTION('',(0.,1.,0.));
#6186=DIRECTION('center_axis',(0.,1.,0.));
#6187=DIRECTION('ref_axis',(0.866025403784438,0.,0.5));
#6188=DIRECTION('',(0.,1.,0.));
#6189=DIRECTION('center_axis',(0.,1.,0.));
#6190=DIRECTION('ref_axis',(0.933499731698613,0.,0.358578095982756));
#6191=DIRECTION('center_axis',(0.,1.,0.));
#6192=DIRECTION('ref_axis',(0.866025403784438,0.,0.5));
#6193=DIRECTION('center_axis',(0.,1.,0.));
#6194=DIRECTION('ref_axis',(0.,0.,1.));
#6195=DIRECTION('center_axis',(0.,-1.,0.));
#6196=DIRECTION('ref_axis',(0.933499731698613,0.,0.358578095982756));
#6197=DIRECTION('center_axis',(-0.457159620045716,0.,0.889384664697822));
#6198=DIRECTION('ref_axis',(0.889384664697822,0.,0.457159620045716));
#6199=DIRECTION('center_axis',(0.,-1.,0.));
#6200=DIRECTION('ref_axis',(0.28230818541716,0.,0.959323766226226));
#6201=DIRECTION('center_axis',(-0.866025403784436,0.,-0.500000000000004));
#6202=DIRECTION('ref_axis',(-0.500000000000004,0.,0.866025403784436));
#6203=DIRECTION('center_axis',(0.866025403784439,0.,0.499999999999999));
#6204=DIRECTION('ref_axis',(-0.35355339059327,0.707106781186552,0.612372435695792));
#6205=DIRECTION('',(-0.866025403784439,0.,-0.499999999999999));
#6206=DIRECTION('center_axis',(0.,1.,0.));
#6207=DIRECTION('ref_axis',(0.,0.,-1.));
#6208=DIRECTION('center_axis',(0.,-1.,0.));
#6209=DIRECTION('ref_axis',(0.,0.,-1.));
#6210=DIRECTION('center_axis',(0.,-1.,0.));
#6211=DIRECTION('ref_axis',(0.,0.,-1.));
#6212=DIRECTION('center_axis',(0.,1.,0.));
#6213=DIRECTION('ref_axis',(-1.,0.,0.));
#6214=DIRECTION('center_axis',(0.,-1.,0.));
#6215=DIRECTION('ref_axis',(-0.933499731698613,0.,0.358578095982755));
#6216=DIRECTION('center_axis',(0.,-1.,0.));
#6217=DIRECTION('ref_axis',(-0.282308185417157,0.,0.959323766226227));
#6218=DIRECTION('',(-0.866025403784439,0.,0.5));
#6219=DIRECTION('center_axis',(0.,-1.,0.));
#6220=DIRECTION('ref_axis',(0.86602540378444,0.,0.499999999999998));
#6221=DIRECTION('',(1.,0.,-1.11022302462516E-16));
#6222=DIRECTION('center_axis',(0.,1.,0.));
#6223=DIRECTION('ref_axis',(1.,0.,-4.61958501505001E-14));
#6224=DIRECTION('',(0.,0.,-1.));
#6225=DIRECTION('',(-1.,0.,1.83507937954571E-16));
#6226=DIRECTION('',(0.,0.,1.));
#6227=DIRECTION('center_axis',(0.,1.,0.));
#6228=DIRECTION('ref_axis',(-1.,0.,-4.63343684383159E-14));
#6229=DIRECTION('',(1.,0.,1.11022302462516E-16));
#6230=DIRECTION('center_axis',(0.,-1.,0.));
#6231=DIRECTION('ref_axis',(0.86602540378444,0.,0.499999999999998));
#6232=DIRECTION('center_axis',(0.866025403784439,0.,-0.5));
#6233=DIRECTION('ref_axis',(0.353553390593271,0.707106781186554,0.612372435695788));
#6234=DIRECTION('center_axis',(-0.86602540378444,0.,0.499999999999998));
#6235=DIRECTION('ref_axis',(0.499999999999998,0.,0.86602540378444));
#6236=DIRECTION('center_axis',(-0.457159620045719,0.,-0.88938466469782));
#6237=DIRECTION('ref_axis',(-0.88938466469782,0.,0.457159620045719));
#6238=DIRECTION('center_axis',(0.,1.,0.));
#6239=DIRECTION('ref_axis',(0.,0.,1.));
#6240=DIRECTION('center_axis',(-1.11022302462516E-16,0.,1.));
#6241=DIRECTION('ref_axis',(1.,0.,1.11022302462516E-16));
#6242=DIRECTION('',(-0.0611354312720941,0.998129480099238,-6.78739634186677E-18));
#6243=DIRECTION('',(1.,0.,1.11022302462516E-16));
#6244=DIRECTION('center_axis',(-0.0611354312720941,0.998129480099238,-6.78739634186677E-18));
#6245=DIRECTION('ref_axis',(-0.705784123880374,-0.0432292780232618,0.707106781186547));
#6246=DIRECTION('',(0.0611354312720941,-0.998129480099238,6.78739634186677E-18));
#6247=DIRECTION('center_axis',(0.,1.,0.));
#6248=DIRECTION('ref_axis',(-1.,0.,-4.63343684383159E-14));
#6249=DIRECTION('center_axis',(-0.998129480099238,-0.0611354312720941,0.));
#6250=DIRECTION('ref_axis',(-0.0611354312720941,0.998129480099238,0.));
#6251=DIRECTION('',(-0.0611354312720941,0.998129480099238,1.12188369287054E-17));
#6252=DIRECTION('',(0.,0.,1.));
#6253=DIRECTION('center_axis',(-1.83507937954571E-16,0.,-1.));
#6254=DIRECTION('ref_axis',(-1.,0.,1.83507937954571E-16));
#6255=DIRECTION('',(-0.0611354300446481,-0.998129480174419,1.12188367034593E-17));
#6256=DIRECTION('',(-1.,0.,1.83507937954571E-16));
#6257=DIRECTION('center_axis',(0.998129480174419,-0.0611354300446481,0.));
#6258=DIRECTION('ref_axis',(-0.0611354300446481,-0.998129480174419,0.));
#6259=DIRECTION('',(0.0611354300446481,0.998129480174419,-6.78739620559289E-18));
#6260=DIRECTION('',(0.,0.,-1.));
#6261=DIRECTION('center_axis',(0.0611354300446481,0.998129480174419,-6.78739620559289E-18));
#6262=DIRECTION('ref_axis',(0.705784123933536,-0.0432292771553261,0.707106781186548));
#6263=DIRECTION('',(-0.0611354300446481,-0.998129480174419,6.78739620559289E-18));
#6264=DIRECTION('center_axis',(0.,1.,0.));
#6265=DIRECTION('ref_axis',(1.,0.,-4.61958501505001E-14));
#6266=DIRECTION('center_axis',(0.,1.,0.));
#6267=DIRECTION('ref_axis',(0.,0.,1.));
#6268=DIRECTION('',(1.,0.,-1.11022302462516E-16));
#6269=DIRECTION('center_axis',(0.,1.,0.));
#6270=DIRECTION('ref_axis',(0.86602540378444,0.,0.499999999999998));
#6271=DIRECTION('center_axis',(0.,1.,0.));
#6272=DIRECTION('ref_axis',(0.86602540378444,0.,0.499999999999998));
#6273=DIRECTION('center_axis',(1.11022302462516E-16,0.,1.));
#6274=DIRECTION('ref_axis',(1.,0.,-1.11022302462516E-16));
#6275=DIRECTION('center_axis',(0.,1.,0.));
#6276=DIRECTION('ref_axis',(0.,0.,1.));
#6277=DIRECTION('center_axis',(0.,-1.,0.));
#6278=DIRECTION('ref_axis',(0.86602540378444,0.,0.499999999999998));
#6279=DIRECTION('',(0.866025403784445,0.,-0.49999999999999));
#6280=DIRECTION('center_axis',(0.,1.,0.));
#6281=DIRECTION('ref_axis',(0.490552101906487,0.,0.871411863193936));
#6282=DIRECTION('center_axis',(0.,1.,0.));
#6283=DIRECTION('ref_axis',(-0.965925826289069,0.,0.258819045102519));
#6284=DIRECTION('',(0.,0.,1.));
#6285=DIRECTION('',(1.,0.,1.11022302462516E-16));
#6286=DIRECTION('center_axis',(0.,1.,0.));
#6287=DIRECTION('ref_axis',(-1.,0.,-4.63343684383159E-14));
#6288=DIRECTION('',(0.,0.,1.));
#6289=DIRECTION('',(-1.,0.,1.83507937954571E-16));
#6290=DIRECTION('',(0.,0.,-1.));
#6291=DIRECTION('center_axis',(0.,1.,0.));
#6292=DIRECTION('ref_axis',(1.,0.,-4.61958501505001E-14));
#6293=DIRECTION('',(1.,0.,-1.11022302462516E-16));
#6294=DIRECTION('',(0.,0.,-1.));
#6295=DIRECTION('center_axis',(0.,1.,0.));
#6296=DIRECTION('ref_axis',(0.965925826289069,0.,0.258819045102519));
#6297=DIRECTION('center_axis',(0.,1.,0.));
#6298=DIRECTION('ref_axis',(-0.49055210190648,0.,0.87141186319394));
#6299=DIRECTION('',(0.866025403784445,0.,0.49999999999999));
#6300=DIRECTION('center_axis',(0.0611354300446481,0.998129480174419,-6.78739620559289E-18));
#6301=DIRECTION('ref_axis',(0.705784123933536,-0.0432292771553261,0.707106781186548));
#6302=DIRECTION('',(0.0611354300446481,0.998129480174419,-6.78739620559289E-18));
#6303=DIRECTION('center_axis',(0.0611354300446454,0.998129480174419,0.));
#6304=DIRECTION('ref_axis',(0.,0.,1.));
#6305=DIRECTION('',(-0.0611354300446481,-0.998129480174419,6.78739620559289E-18));
#6306=DIRECTION('center_axis',(0.998129480174419,-0.0611354300446481,0.));
#6307=DIRECTION('ref_axis',(-0.0611354300446481,-0.998129480174419,0.));
#6308=DIRECTION('',(-0.0611354300446481,-0.998129480174419,1.12188367034593E-17));
#6309=DIRECTION('',(0.,0.,-1.));
#6310=DIRECTION('center_axis',(-1.83507937954571E-16,0.,-1.));
#6311=DIRECTION('ref_axis',(-1.,0.,1.83507937954571E-16));
#6312=DIRECTION('',(-0.0611354312720941,0.998129480099238,1.12188369287054E-17));
#6313=DIRECTION('center_axis',(1.83507937954571E-16,0.,1.));
#6314=DIRECTION('ref_axis',(-0.728400793269781,0.685151285749326,0.));
#6315=DIRECTION('',(-1.,0.,0.));
#6316=DIRECTION('center_axis',(1.83507937954571E-16,0.,1.));
#6317=DIRECTION('ref_axis',(0.728400792848502,0.685151286197197,0.));
#6318=DIRECTION('center_axis',(1.83507937954571E-16,0.,1.));
#6319=DIRECTION('ref_axis',(1.,0.,0.));
#6320=DIRECTION('center_axis',(1.83507937954571E-16,0.,1.));
#6321=DIRECTION('ref_axis',(1.,0.,0.));
#6322=DIRECTION('center_axis',(-0.998129480099238,-0.0611354312720941,0.));
#6323=DIRECTION('ref_axis',(-0.0611354312720941,0.998129480099238,0.));
#6324=DIRECTION('',(0.0611354312720941,-0.998129480099238,6.78739634186677E-18));
#6325=DIRECTION('',(0.,0.,1.));
#6326=DIRECTION('center_axis',(-0.0611354312720941,0.998129480099238,-6.78739634186677E-18));
#6327=DIRECTION('ref_axis',(-0.705784123880374,-0.0432292780232618,0.707106781186547));
#6328=DIRECTION('',(-0.0611354312720941,0.998129480099238,-6.78739634186677E-18));
#6329=DIRECTION('center_axis',(0.0611354312721078,-0.998129480099237,0.));
#6330=DIRECTION('ref_axis',(0.,0.,1.));
#6331=DIRECTION('center_axis',(-1.11022302462516E-16,0.,1.));
#6332=DIRECTION('ref_axis',(1.,0.,1.11022302462516E-16));
#6333=DIRECTION('center_axis',(1.11022302462516E-16,0.,-1.));
#6334=DIRECTION('ref_axis',(-0.707106781186554,-0.707106781186541,0.));
#6335=DIRECTION('',(0.,1.,0.));
#6336=DIRECTION('',(1.,0.,1.11022302462516E-16));
#6337=DIRECTION('center_axis',(1.11022302462516E-16,0.,-1.));
#6338=DIRECTION('ref_axis',(-0.728400793269783,0.685151285749323,-8.08687331843342E-17));
#6339=DIRECTION('center_axis',(1.11022302462516E-16,0.,-1.));
#6340=DIRECTION('ref_axis',(1.,0.,0.));
#6341=DIRECTION('center_axis',(1.11022302462516E-16,0.,1.));
#6342=DIRECTION('ref_axis',(1.,0.,-1.11022302462516E-16));
#6343=DIRECTION('center_axis',(-1.11022302462516E-16,0.,-1.));
#6344=DIRECTION('ref_axis',(0.728400792848499,0.685151286197201,-8.08687331375622E-17));
#6345=DIRECTION('',(1.,0.,-1.11022302462516E-16));
#6346=DIRECTION('',(0.,1.,0.));
#6347=DIRECTION('center_axis',(-1.11022302462516E-16,0.,-1.));
#6348=DIRECTION('ref_axis',(0.707106781186541,-0.707106781186554,0.));
#6349=DIRECTION('center_axis',(-1.11022302462516E-16,0.,-1.));
#6350=DIRECTION('ref_axis',(1.,0.,0.));
#6351=DIRECTION('center_axis',(0.866025403784445,0.,0.49999999999999));
#6352=DIRECTION('ref_axis',(-0.353553390593265,-0.70710678118655,0.612372435695797));
#6353=DIRECTION('center_axis',(-0.866025403784442,0.,-0.499999999999994));
#6354=DIRECTION('ref_axis',(0.,-1.,0.));
#6355=DIRECTION('',(-0.866025403784445,0.,-0.49999999999999));
#6356=DIRECTION('center_axis',(-0.881872832189193,-1.08538670438405E-15,
-0.471487335828453));
#6357=DIRECTION('ref_axis',(-1.77635683940023E-14,-1.,3.55271367880045E-14));
#6358=DIRECTION('center_axis',(0.,-1.,0.));
#6359=DIRECTION('ref_axis',(-0.49055210190648,0.,0.87141186319394));
#6360=DIRECTION('center_axis',(0.,1.,0.));
#6361=DIRECTION('ref_axis',(-1.58603289232165E-16,0.,-1.));
#6362=DIRECTION('',(0.,1.,0.));
#6363=DIRECTION('center_axis',(0.,-1.,0.));
#6364=DIRECTION('ref_axis',(0.86602540378444,0.,0.499999999999998));
#6365=DIRECTION('',(0.,1.,0.));
#6366=DIRECTION('center_axis',(-0.49999999999999,0.,0.866025403784445));
#6367=DIRECTION('ref_axis',(0.866025403784445,0.,0.49999999999999));
#6368=DIRECTION('',(0.,-1.,0.));
#6369=DIRECTION('',(0.866025403784445,0.,0.49999999999999));
#6370=DIRECTION('',(0.,1.,0.));
#6371=DIRECTION('center_axis',(-0.866025403784445,0.,0.49999999999999));
#6372=DIRECTION('ref_axis',(0.353553390593261,-0.707106781186554,0.612372435695794));
#6373=DIRECTION('',(-0.866025403784445,0.,0.49999999999999));
#6374=DIRECTION('center_axis',(0.866025403784446,0.,-0.499999999999987));
#6375=DIRECTION('ref_axis',(0.499999999999987,0.,0.866025403784446));
#6376=DIRECTION('center_axis',(0.881872832189176,-1.08538670438546E-15,
-0.471487335828484));
#6377=DIRECTION('ref_axis',(0.471487335828484,0.,0.881872832189176));
#6378=DIRECTION('center_axis',(0.,-1.,0.));
#6379=DIRECTION('ref_axis',(0.490552101906487,0.,0.871411863193936));
#6380=DIRECTION('center_axis',(0.,1.,0.));
#6381=DIRECTION('ref_axis',(0.,0.,1.));
#6382=DIRECTION('center_axis',(0.,-1.,0.));
#6383=DIRECTION('ref_axis',(-0.965925826289069,0.,0.258819045102519));
#6384=DIRECTION('center_axis',(0.,0.,-1.));
#6385=DIRECTION('ref_axis',(0.,-1.,0.));
#6386=DIRECTION('center_axis',(0.,1.,0.));
#6387=DIRECTION('ref_axis',(-0.279761204767169,0.,0.960069616385824));
#6388=DIRECTION('',(0.,1.,0.));
#6389=DIRECTION('center_axis',(0.,-1.,0.));
#6390=DIRECTION('ref_axis',(0.49999999999999,0.,0.866025403784444));
#6391=DIRECTION('',(0.,-1.,0.));
#6392=DIRECTION('center_axis',(0.49999999999999,0.,0.866025403784445));
#6393=DIRECTION('ref_axis',(0.866025403784445,0.,-0.49999999999999));
#6394=DIRECTION('',(0.,1.,0.));
#6395=DIRECTION('',(0.866025403784445,0.,-0.49999999999999));
#6396=DIRECTION('center_axis',(0.,0.,1.));
#6397=DIRECTION('ref_axis',(-0.707106781186554,-0.707106781186541,0.));
#6398=DIRECTION('',(0.,0.,-1.));
#6399=DIRECTION('center_axis',(0.,1.,0.));
#6400=DIRECTION('ref_axis',(0.,0.,1.));
#6401=DIRECTION('center_axis',(1.11022302462516E-15,0.,1.));
#6402=DIRECTION('ref_axis',(0.,-1.,0.));
#6403=DIRECTION('center_axis',(0.,-1.,0.));
#6404=DIRECTION('ref_axis',(0.965925826289069,0.,0.258819045102519));
#6405=DIRECTION('center_axis',(0.,1.,0.));
#6406=DIRECTION('ref_axis',(0.279761204767169,0.,0.960069616385824));
#6407=DIRECTION('',(0.,1.,0.));
#6408=DIRECTION('center_axis',(0.,-1.,0.));
#6409=DIRECTION('ref_axis',(0.88694559748402,0.,0.461873908230065));
#6410=DIRECTION('center_axis',(0.866025403784445,1.11022302462514E-15,0.499999999999989));
#6411=DIRECTION('ref_axis',(0.,1.,-2.22044604925032E-15));
#6412=DIRECTION('center_axis',(0.866025403784445,0.,0.49999999999999));
#6413=DIRECTION('ref_axis',(-0.353553390593264,0.707106781186553,0.612372435695794));
#6414=DIRECTION('',(-0.866025403784445,0.,-0.49999999999999));
#6415=DIRECTION('center_axis',(0.965925826289072,0.,0.258819045102507));
#6416=DIRECTION('ref_axis',(0.258819045102507,0.,-0.965925826289072));
#6417=DIRECTION('center_axis',(0.,0.,1.));
#6418=DIRECTION('ref_axis',(0.707106781186541,-0.707106781186554,0.));
#6419=DIRECTION('',(0.,0.,1.));
#6420=DIRECTION('center_axis',(1.,0.,-2.44185737953468E-16));
#6421=DIRECTION('ref_axis',(0.,0.70710678118654,0.707106781186555));
#6422=DIRECTION('',(1.,0.,-2.44185737953468E-16));
#6423=DIRECTION('',(-1.,0.,2.44185737953468E-16));
#6424=DIRECTION('center_axis',(0.965925826289066,0.,-0.258819045102531));
#6425=DIRECTION('ref_axis',(-0.258819045102531,0.,-0.965925826289066));
#6426=DIRECTION('center_axis',(-0.866025403784445,1.92296268638358E-15,
0.499999999999989));
#6427=DIRECTION('ref_axis',(0.499999999999989,0.,0.866025403784445));
#6428=DIRECTION('center_axis',(0.866025403784445,0.,-0.49999999999999));
#6429=DIRECTION('ref_axis',(0.353553390593263,0.707106781186554,0.612372435695794));
#6430=DIRECTION('',(-0.866025403784445,0.,0.49999999999999));
#6431=DIRECTION('center_axis',(0.,1.,0.));
#6432=DIRECTION('ref_axis',(0.,0.,-1.));
#6433=DIRECTION('center_axis',(0.,1.,0.));
#6434=DIRECTION('ref_axis',(-0.965925826289069,0.,0.258819045102519));
#6435=DIRECTION('',(0.,1.,0.));
#6436=DIRECTION('center_axis',(0.,1.,0.));
#6437=DIRECTION('ref_axis',(0.,0.,1.));
#6438=DIRECTION('center_axis',(0.,-1.,0.));
#6439=DIRECTION('ref_axis',(-0.965925826289069,0.,0.258819045102519));
#6440=DIRECTION('center_axis',(0.,0.,-1.));
#6441=DIRECTION('ref_axis',(-1.,0.,0.));
#6442=DIRECTION('center_axis',(0.,1.,0.));
#6443=DIRECTION('ref_axis',(-1.,0.,0.));
#6444=DIRECTION('center_axis',(0.,-1.,0.));
#6445=DIRECTION('ref_axis',(0.965925826289069,0.,0.258819045102519));
#6446=DIRECTION('',(0.,0.,1.));
#6447=DIRECTION('',(-1.,0.,1.11022302462516E-16));
#6448=DIRECTION('',(0.,0.,1.));
#6449=DIRECTION('',(0.,0.,-1.));
#6450=DIRECTION('',(-1.,0.,-1.11022302462516E-16));
#6451=DIRECTION('',(0.,0.,-1.));
#6452=DIRECTION('center_axis',(0.,1.,0.));
#6453=DIRECTION('ref_axis',(0.,0.,1.));
#6454=DIRECTION('center_axis',(0.,1.,0.));
#6455=DIRECTION('ref_axis',(0.965925826289069,0.,0.258819045102519));
#6456=DIRECTION('center_axis',(5.55111512312578E-16,0.,1.));
#6457=DIRECTION('ref_axis',(1.,0.,-5.55111512312578E-16));
#6458=DIRECTION('center_axis',(0.,1.,0.));
#6459=DIRECTION('ref_axis',(0.866025403784441,0.,0.499999999999996));
#6460=DIRECTION('',(0.,1.,0.));
#6461=DIRECTION('center_axis',(1.,0.,0.));
#6462=DIRECTION('ref_axis',(0.,0.,-1.));
#6463=DIRECTION('',(0.,0.,-1.));
#6464=DIRECTION('center_axis',(1.,0.,-1.11022302462516E-16));
#6465=DIRECTION('ref_axis',(0.,0.707106781186546,0.707106781186549));
#6466=DIRECTION('center_axis',(-1.,0.,0.));
#6467=DIRECTION('ref_axis',(0.,0.,1.));
#6468=DIRECTION('center_axis',(0.707106781186543,0.,-0.707106781186552));
#6469=DIRECTION('ref_axis',(-0.707106781186552,0.,-0.707106781186543));
#6470=DIRECTION('center_axis',(-1.11022302462516E-16,0.,-1.));
#6471=DIRECTION('ref_axis',(0.728400792848502,0.685151286197198,0.));
#6472=DIRECTION('center_axis',(1.11022302462516E-16,0.,1.));
#6473=DIRECTION('ref_axis',(0.728400792848499,0.685151286197201,-9.25185853854296E-17));
#6474=DIRECTION('center_axis',(0.,0.,-1.));
#6475=DIRECTION('ref_axis',(0.707106781186549,0.707106781186546,0.));
#6476=DIRECTION('center_axis',(0.,0.,1.));
#6477=DIRECTION('ref_axis',(-0.707106781186549,0.707106781186546,0.));
#6478=DIRECTION('',(0.,0.,1.));
#6479=DIRECTION('center_axis',(0.707106781186544,0.,0.707106781186551));
#6480=DIRECTION('ref_axis',(0.707106781186551,0.,-0.707106781186544));
#6481=DIRECTION('center_axis',(1.11022302462516E-16,0.,-1.));
#6482=DIRECTION('ref_axis',(-1.,0.,0.));
#6483=DIRECTION('center_axis',(-1.,-2.22044604925032E-15,0.));
#6484=DIRECTION('ref_axis',(0.,0.,1.));
#6485=DIRECTION('center_axis',(-1.11022302462516E-16,0.,1.));
#6486=DIRECTION('ref_axis',(-0.728400793269783,0.685151285749323,-9.25185853854298E-17));
#6487=DIRECTION('center_axis',(1.,0.,1.11022302462516E-16));
#6488=DIRECTION('ref_axis',(0.,0.707106781186546,0.707106781186549));
#6489=DIRECTION('center_axis',(-1.,0.,0.));
#6490=DIRECTION('ref_axis',(0.,0.,1.));
#6491=DIRECTION('center_axis',(0.,0.,-1.));
#6492=DIRECTION('ref_axis',(0.728400792848502,0.685151286197197,0.));
#6493=DIRECTION('center_axis',(0.,0.,1.));
#6494=DIRECTION('ref_axis',(-0.728400793269781,0.685151285749326,0.));
#6495=DIRECTION('center_axis',(0.,0.,-1.));
#6496=DIRECTION('ref_axis',(1.,0.,0.));
#6497=DIRECTION('',(0.,0.,-1.));
#6498=DIRECTION('center_axis',(0.,0.,-1.));
#6499=DIRECTION('ref_axis',(1.,0.,0.));
#6500=DIRECTION('',(0.,0.,-1.));
#6501=DIRECTION('center_axis',(2.44185737953468E-16,0.,1.));
#6502=DIRECTION('ref_axis',(1.,0.,-2.44185737953468E-16));
#6503=DIRECTION('',(-1.,0.,2.44185737953468E-16));
#6504=DIRECTION('center_axis',(0.,1.,0.));
#6505=DIRECTION('ref_axis',(-1.,0.,0.));
#6506=CARTESIAN_POINT('',(0.,0.,0.));
#6507=CARTESIAN_POINT('Origin',(7.70494779089859E-13,0.,-1.775));
#6508=CARTESIAN_POINT('',(4.84974226119286,0.,2.8));
#6509=CARTESIAN_POINT('',(-4.84974226119286,0.,2.8));
#6510=CARTESIAN_POINT('Origin',(0.,0.,0.));
#6511=CARTESIAN_POINT('',(-4.84974224172201,0.,2.8000000337245));
#6512=CARTESIAN_POINT('Origin',(7.70494779089859E-13,-1.5,-1.775));
#6513=CARTESIAN_POINT('',(-5.51497862107531,-1.5,2.60672415285589));
#6514=CARTESIAN_POINT('',(-4.98371683178813,-1.5,2.30000003419032));
#6515=CARTESIAN_POINT('',(-2.29057230212912,-1.5,0.745112408247893));
#6516=CARTESIAN_POINT('',(-6.1,-1.5,0.));
#6517=CARTESIAN_POINT('Origin',(0.,-1.5,0.));
#6518=CARTESIAN_POINT('',(-6.1,-1.5,-4.6));
#6519=CARTESIAN_POINT('',(-6.1,-1.5,-2.6875));
#6520=CARTESIAN_POINT('',(-9.27812792594436,-1.5,-4.6));
#6521=CARTESIAN_POINT('',(-6.04999999999961,-1.5,-4.6));
#6522=CARTESIAN_POINT('',(-9.27812792594436,-1.5,-7.1));
#6523=CARTESIAN_POINT('',(-9.27812792594436,-1.5,-2.6875));
#6524=CARTESIAN_POINT('',(9.2781279224692,-1.5,-7.09999999999997));
#6525=CARTESIAN_POINT('',(-12.1,-1.5,-7.1));
#6526=CARTESIAN_POINT('',(9.2781279224692,-1.5,-4.6));
#6527=CARTESIAN_POINT('',(9.2781279224692,-1.5,-2.6875));
#6528=CARTESIAN_POINT('',(6.1,-1.5,-4.6));
#6529=CARTESIAN_POINT('',(3.55000000000039,-1.5,-4.6));
#6530=CARTESIAN_POINT('',(6.1,-1.5,-2.77555756156289E-16));
#6531=CARTESIAN_POINT('',(6.1,-1.5,-0.887500000000002));
#6532=CARTESIAN_POINT('',(5.51497863243527,-1.5,2.60672412882191));
#6533=CARTESIAN_POINT('Origin',(0.,-1.5,0.));
#6534=CARTESIAN_POINT('',(4.98371685660159,-1.5,2.29999999953418));
#6535=CARTESIAN_POINT('',(2.29057235766737,-1.5,0.745112298107947));
#6536=CARTESIAN_POINT('',(2.42487113681184,-1.5,2.30000000843112));
#6537=CARTESIAN_POINT('Origin',(-9.79140625416325,4.74999998744293,-5.525));
#6538=CARTESIAN_POINT('',(-10.7914062541632,4.74999998744293,-3.6));
#6539=CARTESIAN_POINT('Origin',(-9.79140625416325,4.74999998744293,-3.6));
#6540=CARTESIAN_POINT('',(-10.7914062541632,4.74999998744293,-7.1));
#6541=CARTESIAN_POINT('',(-10.7914062541632,4.74999998744293,-5.525));
#6542=CARTESIAN_POINT('Origin',(-9.79140625416325,4.74999998744293,-7.1));
#6543=CARTESIAN_POINT('Origin',(9.7914062480717,4.74999999999974,-5.525));
#6544=CARTESIAN_POINT('',(8.7914062480717,4.74999999999974,-3.6));
#6545=CARTESIAN_POINT('Origin',(9.7914062480717,4.74999999999974,-3.6));
#6546=CARTESIAN_POINT('',(8.7914062480717,4.74999999999974,-7.1));
#6547=CARTESIAN_POINT('',(8.7914062480717,4.74999999999974,-5.525));
#6548=CARTESIAN_POINT('Origin',(9.7914062480717,4.74999999999974,-7.1));
#6549=CARTESIAN_POINT('Origin',(-12.1,-1.5,-3.6));
#6550=CARTESIAN_POINT('',(-12.8656250077146,11.,-7.1));
#6551=CARTESIAN_POINT('',(-12.8656250077146,11.,-4.6));
#6552=CARTESIAN_POINT('',(-12.8656250077146,11.,-0.890217489035721));
#6553=CARTESIAN_POINT('',(-12.2725163662421,1.31659370618372,-7.1));
#6554=CARTESIAN_POINT('',(-14.5505415862827,38.5088418218842,-7.1));
#6555=CARTESIAN_POINT('',(-12.2725163662421,1.31659370618372,-4.6));
#6556=CARTESIAN_POINT('',(-12.2725163662421,1.31659370618372,-2.6875));
#6557=CARTESIAN_POINT('',(-12.1457658071734,-0.752803155717618,-4.6));
#6558=CARTESIAN_POINT('Origin',(-9.27812792594436,1.5,-2.6875));
#6559=CARTESIAN_POINT('Origin',(-9.27812792594436,1.5,-4.6));
#6560=CARTESIAN_POINT('Origin',(-9.27812792594436,1.5,-7.1));
#6561=CARTESIAN_POINT('Origin',(12.1,0.,-7.1));
#6562=CARTESIAN_POINT('',(12.8656249922867,11.,-7.1));
#6563=CARTESIAN_POINT('',(6.04999997629556,11.,-7.1));
#6564=CARTESIAN_POINT('',(12.2725163629925,1.31659370986605,-7.1));
#6565=CARTESIAN_POINT('',(13.876078288824,27.4971968443949,-7.1));
#6566=CARTESIAN_POINT('Origin',(9.2781279224692,1.5,-7.1));
#6567=CARTESIAN_POINT('Origin',(12.8656249922867,11.,-3.6));
#6568=CARTESIAN_POINT('',(12.8656249922867,11.,-4.6));
#6569=CARTESIAN_POINT('',(12.8656249922867,11.,-0.890217489035721));
#6570=CARTESIAN_POINT('',(12.2725163629925,1.31659370986606,-4.6));
#6571=CARTESIAN_POINT('',(12.5192344503853,5.34464415686814,-4.6));
#6572=CARTESIAN_POINT('',(12.2725163629925,1.31659370986606,-2.6875));
#6573=CARTESIAN_POINT('Origin',(9.2781279224692,1.5,-2.6875));
#6574=CARTESIAN_POINT('Origin',(9.2781279224692,1.5,-4.6));
#6575=CARTESIAN_POINT('Origin',(0.,0.,0.));
#6576=CARTESIAN_POINT('',(-6.40004979966221,11.,3.07398154871557));
#6577=CARTESIAN_POINT('',(-6.40004979336902,0.,3.07398156181801));
#6578=CARTESIAN_POINT('',(-6.40004979966221,0.,3.07398154871557));
#6579=CARTESIAN_POINT('',(-7.1,11.,-5.55111512312578E-16));
#6580=CARTESIAN_POINT('Origin',(0.,11.,0.));
#6581=CARTESIAN_POINT('',(-7.1,-0.5,-5.55111512312578E-16));
#6582=CARTESIAN_POINT('',(-7.1,0.,-5.55111512312578E-16));
#6583=CARTESIAN_POINT('',(-6.40004979336902,-0.5,3.07398156181801));
#6584=CARTESIAN_POINT('Origin',(0.,-0.5,0.));
#6585=CARTESIAN_POINT('',(-6.40004979336902,0.,3.07398156181801));
#6586=CARTESIAN_POINT('Origin',(-7.1,0.,-3.6));
#6587=CARTESIAN_POINT('',(-7.1,-0.5,-3.6));
#6588=CARTESIAN_POINT('',(-7.1,-0.5,-2.6875));
#6589=CARTESIAN_POINT('',(-7.1,11.,-3.6));
#6590=CARTESIAN_POINT('',(-7.1,11.,-3.6));
#6591=CARTESIAN_POINT('',(-7.1,0.,-3.6));
#6592=CARTESIAN_POINT('Origin',(-6.1,-0.5,-2.6875));
#6593=CARTESIAN_POINT('Origin',(-6.1,-0.5,0.));
#6594=CARTESIAN_POINT('Origin',(-6.1,-0.5,-4.6));
#6595=CARTESIAN_POINT('Origin',(0.,-0.5,0.));
#6596=CARTESIAN_POINT('Ctrl Pts',(-6.40004979336902,-0.5,3.07398156181801));
#6597=CARTESIAN_POINT('Ctrl Pts',(-6.40004979336902,-0.799660715620238,
3.07398156181801));
#6598=CARTESIAN_POINT('Ctrl Pts',(-6.17718189854249,-1.31781808273398,2.95526709796112));
#6599=CARTESIAN_POINT('Ctrl Pts',(-5.71355007004852,-1.5,2.71076940760612));
#6600=CARTESIAN_POINT('Ctrl Pts',(-5.51497862107531,-1.5,2.60672415285589));
#6601=CARTESIAN_POINT('Origin',(-9.27812792594436,1.5,-4.6));
#6602=CARTESIAN_POINT('',(-11.2743868861428,1.37772913745581,-3.6));
#6603=CARTESIAN_POINT('Origin',(-11.2743868861428,1.37772913745581,-4.6));
#6604=CARTESIAN_POINT('',(-9.27812792594436,-0.5,-3.6));
#6605=CARTESIAN_POINT('Origin',(-9.27812792594436,-0.5,-4.6));
#6606=CARTESIAN_POINT('Origin',(-9.27812792594436,1.5,-3.6));
#6607=CARTESIAN_POINT('Origin',(-6.04999999999961,-0.5,-4.6));
#6608=CARTESIAN_POINT('',(-6.04999999999961,-0.5,-3.6));
#6609=CARTESIAN_POINT('Origin',(7.1,0.,-3.6));
#6610=CARTESIAN_POINT('',(7.1,11.,-3.6));
#6611=CARTESIAN_POINT('',(11.8637509670597,11.,-3.6));
#6612=CARTESIAN_POINT('',(3.54999997629556,11.,-3.6));
#6613=CARTESIAN_POINT('',(7.1,-0.5,-3.6));
#6614=CARTESIAN_POINT('',(7.1,0.,-3.6));
#6615=CARTESIAN_POINT('',(9.27812792246921,-0.500000000000001,-3.6));
#6616=CARTESIAN_POINT('',(3.55000000000039,-0.5,-3.6));
#6617=CARTESIAN_POINT('',(11.274386882818,1.3777291399107,-3.6));
#6618=CARTESIAN_POINT('Origin',(9.2781279224692,1.5,-3.6));
#6619=CARTESIAN_POINT('',(11.5211049702108,5.40577958691278,-3.6));
#6620=CARTESIAN_POINT('Origin',(7.1,0.,-5.55111512312578E-16));
#6621=CARTESIAN_POINT('',(7.1,-0.5,-5.55111512312578E-16));
#6622=CARTESIAN_POINT('',(7.1,-0.5,-0.887500000000002));
#6623=CARTESIAN_POINT('',(7.1,11.,-5.55111512312578E-16));
#6624=CARTESIAN_POINT('',(7.1,11.,-3.6));
#6625=CARTESIAN_POINT('',(7.1,0.,-5.55111512312578E-16));
#6626=CARTESIAN_POINT('Origin',(0.,0.,0.));
#6627=CARTESIAN_POINT('',(6.40004979966221,-0.5,3.07398154871557));
#6628=CARTESIAN_POINT('',(6.40004979966221,11.,3.07398154871557));
#6629=CARTESIAN_POINT('',(6.40004979966221,0.,3.07398154871557));
#6630=CARTESIAN_POINT('Origin',(0.,-0.5,0.));
#6631=CARTESIAN_POINT('Origin',(0.,11.,0.));
#6632=CARTESIAN_POINT('Origin',(0.,-0.5,0.));
#6633=CARTESIAN_POINT('Ctrl Pts',(5.51497863243527,-1.5,2.60672412882191));
#6634=CARTESIAN_POINT('Ctrl Pts',(5.77974060628593,-1.5,2.74545116077362));
#6635=CARTESIAN_POINT('Ctrl Pts',(6.23761341930742,-1.24969616895919,2.98744728915944));
#6636=CARTESIAN_POINT('Ctrl Pts',(6.4000497996622,-0.72474557397147,3.07398154871557));
#6637=CARTESIAN_POINT('Ctrl Pts',(6.4000497996622,-0.5,3.07398154871557));
#6638=CARTESIAN_POINT('Origin',(6.1,-0.5,-2.77555756156289E-16));
#6639=CARTESIAN_POINT('Origin',(3.55000000000039,-0.5,-4.6));
#6640=CARTESIAN_POINT('Origin',(9.27812792246921,-0.500000000000001,-4.6));
#6641=CARTESIAN_POINT('Origin',(6.1,-0.5,-4.6));
#6642=CARTESIAN_POINT('Origin',(9.2781279224692,1.5,-4.6));
#6643=CARTESIAN_POINT('Origin',(11.274386882818,1.3777291399107,-4.6));
#6644=CARTESIAN_POINT('Origin',(11.5211049702108,5.40577958691278,-4.6));
#6645=CARTESIAN_POINT('Origin',(11.8637509670597,11.,-4.6));
#6646=CARTESIAN_POINT('Origin',(6.1,-0.5,-0.887500000000002));
#6647=CARTESIAN_POINT('Origin',(4.84974226119286,0.,2.8));
#6648=CARTESIAN_POINT('',(4.84974226119286,-1.,2.8));
#6649=CARTESIAN_POINT('',(-4.84974224172201,-1.,2.8000000337245));
#6650=CARTESIAN_POINT('',(2.42487113855031,-1.,2.80000000843112));
#6651=CARTESIAN_POINT('',(4.84974226119286,0.,2.8));
#6652=CARTESIAN_POINT('',(-4.84974224172201,0.,2.8000000337245));
#6653=CARTESIAN_POINT('Origin',(-4.84974224172201,0.,2.8000000337245));
#6654=CARTESIAN_POINT('',(-5.69934207268313,-0.5,3.2905166954246));
#6655=CARTESIAN_POINT('',(-5.69934207941961,0.,3.29051668375667));
#6656=CARTESIAN_POINT('',(-5.69934207268313,0.,3.2905166954246));
#6657=CARTESIAN_POINT('',(-5.26497863231681,-1.,3.0397368612384));
#6658=CARTESIAN_POINT('Ctrl Pts',(-5.26497863231681,-1.,3.03973686123839));
#6659=CARTESIAN_POINT('Ctrl Pts',(-5.36229630586674,-1.,3.09592324289072));
#6660=CARTESIAN_POINT('Ctrl Pts',(-5.58978425896152,-0.90890904136699,3.22726346597293));
#6661=CARTESIAN_POINT('Ctrl Pts',(-5.69934207268313,-0.649830357810119,
3.2905166954246));
#6662=CARTESIAN_POINT('Ctrl Pts',(-5.69934207268313,-0.5,3.2905166954246));
#6663=CARTESIAN_POINT('',(-2.04057231337062,-1.,1.1781251166304));
#6664=CARTESIAN_POINT('',(-4.84974226119286,0.,2.8));
#6665=CARTESIAN_POINT('Origin',(-6.14878036686951,0.,3.55));
#6666=CARTESIAN_POINT('',(-5.69934206729163,10.75,3.29051667675458));
#6667=CARTESIAN_POINT('',(-4.84974226119286,10.75,2.8));
#6668=CARTESIAN_POINT('',(-2.69009141050541,10.75,1.553125));
#6669=CARTESIAN_POINT('',(-5.69934206729163,0.,3.29051667675458));
#6670=CARTESIAN_POINT('',(-4.84974226119286,0.,2.8));
#6671=CARTESIAN_POINT('Origin',(-5.94934206729163,0.,2.85750397486236));
#6672=CARTESIAN_POINT('',(-6.01955136698321,11.,3.35255008810517));
#6673=CARTESIAN_POINT('',(-6.01955136698321,10.75,3.35255008810517));
#6674=CARTESIAN_POINT('',(-6.01955136698321,11.,3.35255008810517));
#6675=CARTESIAN_POINT('Origin',(-5.94934206729163,11.,2.85750397486236));
#6676=CARTESIAN_POINT('Origin',(-5.94934206144163,0.,2.85750398704209));
#6677=CARTESIAN_POINT('Origin',(-5.94934206729163,10.75,2.85750397486236));
#6678=CARTESIAN_POINT('Origin',(-5.94934206144163,0.,2.85750398704209));
#6679=CARTESIAN_POINT('Origin',(-5.94934206144163,-0.5,2.85750398704209));
#6680=CARTESIAN_POINT('Ctrl Pts',(-5.26497863231681,-1.,3.03973686123839));
#6681=CARTESIAN_POINT('Ctrl Pts',(-5.36229630586674,-1.,3.09592324289072));
#6682=CARTESIAN_POINT('Ctrl Pts',(-5.58978425896152,-0.90890904136699,3.22726346597293));
#6683=CARTESIAN_POINT('Ctrl Pts',(-5.69934207268313,-0.649830357810119,
3.2905166954246));
#6684=CARTESIAN_POINT('Ctrl Pts',(-5.69934207268313,-0.5,3.2905166954246));
#6685=CARTESIAN_POINT('Ctrl Pts',(-5.26497863231681,-1.13089969389958,3.03973686123839));
#6686=CARTESIAN_POINT('Ctrl Pts',(-5.38762456038761,-1.1324446988746,3.11060411491763));
#6687=CARTESIAN_POINT('Ctrl Pts',(-5.67681579344249,-1.02100135415873,3.27761032556528));
#6688=CARTESIAN_POINT('Ctrl Pts',(-5.81817710804974,-0.691161254658842,
3.35912613096921));
#6689=CARTESIAN_POINT('Ctrl Pts',(-5.81817710804974,-0.5,3.35912613096921));
#6690=CARTESIAN_POINT('Ctrl Pts',(-5.31908341248501,-1.39179043479785,2.94602462743624));
#6691=CARTESIAN_POINT('Ctrl Pts',(-5.49335850155405,-1.3962864596925,3.04354212466176));
#6692=CARTESIAN_POINT('Ctrl Pts',(-5.90828261650403,-1.24376068155653,3.27618337976419));
#6693=CARTESIAN_POINT('Ctrl Pts',(-6.11458992241826,-0.772940849249327,
3.39224608678619));
#6694=CARTESIAN_POINT('Ctrl Pts',(-6.11458992241826,-0.5,3.39224608678619));
#6695=CARTESIAN_POINT('Ctrl Pts',(-5.44952877706854,-1.5,2.72008661481968));
#6696=CARTESIAN_POINT('Ctrl Pts',(-5.64754070462442,-1.50245760132418,2.82557055131801));
#6697=CARTESIAN_POINT('Ctrl Pts',(-6.11364753534794,-1.32587302945961,3.07514943609248));
#6698=CARTESIAN_POINT('Ctrl Pts',(-6.34064017384384,-0.803173448838755,
3.19767277971244));
#6699=CARTESIAN_POINT('Ctrl Pts',(-6.34064017384384,-0.5,3.19767277971244));
#6700=CARTESIAN_POINT('Ctrl Pts',(-5.51497862107531,-1.5,2.60672415285589));
#6701=CARTESIAN_POINT('Ctrl Pts',(-5.71355007004852,-1.5,2.71076940760612));
#6702=CARTESIAN_POINT('Ctrl Pts',(-6.17718189854249,-1.31781808273398,2.95526709796112));
#6703=CARTESIAN_POINT('Ctrl Pts',(-6.40004979336902,-0.799660715620238,
3.07398156181801));
#6704=CARTESIAN_POINT('Ctrl Pts',(-6.40004979336902,-0.5,3.07398156181801));
#6705=CARTESIAN_POINT('Origin',(-5.51497862107531,-1.,2.60672415285589));
#6706=CARTESIAN_POINT('Origin',(2.29057235766737,-1.,0.745112298107947));
#6707=CARTESIAN_POINT('',(5.26497863243527,-1.,3.03973683071413));
#6708=CARTESIAN_POINT('Origin',(5.51497863243527,-1.,2.60672412882191));
#6709=CARTESIAN_POINT('',(2.04057235766737,-1.,1.17812500000017));
#6710=CARTESIAN_POINT('Origin',(4.98371685660159,-1.,2.29999999953418));
#6711=CARTESIAN_POINT('Ctrl Pts',(5.69934206729163,-0.5,3.29051667675458));
#6712=CARTESIAN_POINT('Ctrl Pts',(5.69934206729163,-0.612372786985735,3.29051667675458));
#6713=CARTESIAN_POINT('Ctrl Pts',(5.61948934278113,-0.874848084479593,3.24441368476291));
#6714=CARTESIAN_POINT('Ctrl Pts',(5.39473555006687,-1.,3.11465202203795));
#6715=CARTESIAN_POINT('Ctrl Pts',(5.26497863243527,-1.,3.03973683071413));
#6716=CARTESIAN_POINT('Ctrl Pts',(5.81817710289839,-0.5,3.3591261165513));
#6717=CARTESIAN_POINT('Ctrl Pts',(5.81817710289839,-0.643370965359275,3.3591261165513));
#6718=CARTESIAN_POINT('Ctrl Pts',(5.71508250305944,-0.97807077729206,3.29964536888165));
#6719=CARTESIAN_POINT('Ctrl Pts',(5.42850656100401,-1.13295970162872,3.1342265221192));
#6720=CARTESIAN_POINT('Ctrl Pts',(5.26497863243527,-1.13089969389957,3.03973683071413));
#6721=CARTESIAN_POINT('Ctrl Pts',(6.11458992251207,-0.5,3.39224607864589));
#6722=CARTESIAN_POINT('Ctrl Pts',(6.11458992251207,-0.704705672606721,3.39224607864589));
#6723=CARTESIAN_POINT('Ctrl Pts',(5.96418226787077,-1.18283422760129,3.30764170369859));
#6724=CARTESIAN_POINT('Ctrl Pts',(5.55145023575025,-1.39778513786245,3.07604795412588));
#6725=CARTESIAN_POINT('Ctrl Pts',(5.31908341502818,-1.39179043481418,2.94602459833074));
#6726=CARTESIAN_POINT('Ctrl Pts',(6.34064017937971,-0.5,3.19767276883556));
#6727=CARTESIAN_POINT('Ctrl Pts',(6.34064017937971,-0.727380125252891,3.19767276883556));
#6728=CARTESIAN_POINT('Ctrl Pts',(6.17499921468881,-1.25796815509672,3.10825336938652));
#6729=CARTESIAN_POINT('Ctrl Pts',(5.71354473023244,-1.50327680350859,2.86073186431195));
#6730=CARTESIAN_POINT('Ctrl Pts',(5.44952878548548,-1.5,2.72008658908655));
#6731=CARTESIAN_POINT('Ctrl Pts',(6.4000497996622,-0.5,3.07398154871557));
#6732=CARTESIAN_POINT('Ctrl Pts',(6.4000497996622,-0.72474557397147,3.07398154871557));
#6733=CARTESIAN_POINT('Ctrl Pts',(6.23761341930742,-1.24969616895919,2.98744728915944));
#6734=CARTESIAN_POINT('Ctrl Pts',(5.77974060628593,-1.5,2.74545116077362));
#6735=CARTESIAN_POINT('Ctrl Pts',(5.51497863243527,-1.5,2.60672412882191));
#6736=CARTESIAN_POINT('',(5.69934206729163,-0.5,3.29051667675458));
#6737=CARTESIAN_POINT('Origin',(5.94934206729163,-0.5,2.85750397486236));
#6738=CARTESIAN_POINT('Ctrl Pts',(5.69934206729163,-0.5,3.29051667675458));
#6739=CARTESIAN_POINT('Ctrl Pts',(5.69934206729163,-0.612372786985735,3.29051667675458));
#6740=CARTESIAN_POINT('Ctrl Pts',(5.61948934278113,-0.874848084479593,3.24441368476291));
#6741=CARTESIAN_POINT('Ctrl Pts',(5.39473555006687,-1.,3.11465202203795));
#6742=CARTESIAN_POINT('Ctrl Pts',(5.26497863243527,-1.,3.03973683071413));
#6743=CARTESIAN_POINT('Origin',(5.94934206729163,0.,2.85750397486236));
#6744=CARTESIAN_POINT('',(5.69934206729163,10.75,3.29051667675458));
#6745=CARTESIAN_POINT('',(6.01955126218009,10.75,3.35255010296873));
#6746=CARTESIAN_POINT('Origin',(5.94934206729163,10.75,2.85750397486236));
#6747=CARTESIAN_POINT('',(5.69934206729163,0.,3.29051667675458));
#6748=CARTESIAN_POINT('',(6.0195512621801,11.,3.35255010296873));
#6749=CARTESIAN_POINT('Origin',(5.94934206729163,11.,2.85750397486236));
#6750=CARTESIAN_POINT('',(6.0195512621801,11.,3.35255010296873));
#6751=CARTESIAN_POINT('Origin',(2.42487113681184,-1.,2.30000000843112));
#6752=CARTESIAN_POINT('Origin',(-4.98371683178813,-1.,2.30000003419032));
#6753=CARTESIAN_POINT('Origin',(-2.29057230212912,-1.,0.745112408247893));
#6754=CARTESIAN_POINT('Origin',(4.84974226119286,0.,2.8));
#6755=CARTESIAN_POINT('',(4.84974226119286,10.75,2.8));
#6756=CARTESIAN_POINT('',(2.04057235766708,10.75,1.178125));
#6757=CARTESIAN_POINT('',(4.84974226119286,0.,2.8));
#6758=CARTESIAN_POINT('Ctrl Pts',(6.1484507379128,11.,3.0086851154966));
#6759=CARTESIAN_POINT('Ctrl Pts',(6.01518779142704,11.,3.18419515601173));
#6760=CARTESIAN_POINT('Ctrl Pts',(5.82434206729163,11.,3.07401032580847));
#6761=CARTESIAN_POINT('Ctrl Pts',(6.34755940853397,11.,3.15986625613084));
#6762=CARTESIAN_POINT('Ctrl Pts',(6.08103351556244,11.,3.51088633716111));
#6763=CARTESIAN_POINT('Ctrl Pts',(5.69934206729163,11.,3.29051667675458));
#6764=CARTESIAN_POINT('Ctrl Pts',(6.34755940853397,10.75,3.15986625613084));
#6765=CARTESIAN_POINT('Ctrl Pts',(6.08103351556244,10.75,3.51088633716111));
#6766=CARTESIAN_POINT('Ctrl Pts',(5.69934206729163,10.75,3.29051667675458));
#6767=CARTESIAN_POINT('',(6.1484507379128,11.,3.00868511549661));
#6768=CARTESIAN_POINT('Ctrl Pts',(6.1484507379128,11.,3.00868511549661));
#6769=CARTESIAN_POINT('Ctrl Pts',(6.1400529109043,11.,3.03317128733064));
#6770=CARTESIAN_POINT('Ctrl Pts',(6.13202332350615,10.9996026131793,3.05612291555744));
#6771=CARTESIAN_POINT('Ctrl Pts',(6.11237142312234,10.995596075513,3.11136002626229));
#6772=CARTESIAN_POINT('Ctrl Pts',(6.09952209057979,10.9904254109054,3.14660669872563));
#6773=CARTESIAN_POINT('Ctrl Pts',(6.07077587941737,10.9638486498226,3.22328282639866));
#6774=CARTESIAN_POINT('Ctrl Pts',(6.05958901221915,10.9441629937388,3.25198608326731));
#6775=CARTESIAN_POINT('Ctrl Pts',(6.04273010906721,10.9064056222445,3.29500043486271));
#6776=CARTESIAN_POINT('Ctrl Pts',(6.0350098679304,10.8818094836345,3.31430822062818));
#6777=CARTESIAN_POINT('Ctrl Pts',(6.02618589853658,10.8375466987945,3.33621735630397));
#6778=CARTESIAN_POINT('Ctrl Pts',(6.0237107614839,10.8206592657369,3.34232016087146));
#6779=CARTESIAN_POINT('Ctrl Pts',(6.0203919656217,10.785703905589,3.35048957628186));
#6780=CARTESIAN_POINT('Ctrl Pts',(6.01955126218009,10.7679019645304,3.35255010296873));
#6781=CARTESIAN_POINT('Ctrl Pts',(6.01955126218009,10.75,3.35255010296873));
#6782=CARTESIAN_POINT('',(5.82434206729163,11.,3.07401032580847));
#6783=CARTESIAN_POINT('Origin',(5.94934206729163,11.,2.85750397486236));
#6784=CARTESIAN_POINT('Origin',(5.82434206729163,10.75,3.07401032580847));
#6785=CARTESIAN_POINT('Origin',(2.16557235766708,10.75,0.961618649053889));
#6786=CARTESIAN_POINT('',(4.96990711985276,11.,2.58070207889962));
#6787=CARTESIAN_POINT('Ctrl Pts',(4.96990711985276,11.,2.58070207889961));
#6788=CARTESIAN_POINT('Ctrl Pts',(4.95543506065947,11.,2.60857232033963));
#6789=CARTESIAN_POINT('Ctrl Pts',(4.93973932375019,10.9937330651169,2.63816693489053));
#6790=CARTESIAN_POINT('Ctrl Pts',(4.91041023758738,10.9682240187583,2.69236339700713));
#6791=CARTESIAN_POINT('Ctrl Pts',(4.89679025039425,10.9489814981889,2.71697228201311));
#6792=CARTESIAN_POINT('Ctrl Pts',(4.8750927638102,10.9045808720295,2.75571465922363));
#6793=CARTESIAN_POINT('Ctrl Pts',(4.86557038158647,10.8764691881011,2.77243351613123));
#6794=CARTESIAN_POINT('Ctrl Pts',(4.85288860231225,10.8148742262634,2.79457240970343));
#6795=CARTESIAN_POINT('Ctrl Pts',(4.84974226119286,10.7813909761729,2.8));
#6796=CARTESIAN_POINT('Ctrl Pts',(4.84974226119286,10.75,2.8));
#6797=CARTESIAN_POINT('',(2.16557235766708,11.,0.961618649053889));
#6798=CARTESIAN_POINT('Origin',(0.,0.,0.));
#6799=CARTESIAN_POINT('',(-4.96990711985276,11.,2.58070207889962));
#6800=CARTESIAN_POINT('Ctrl Pts',(-4.84974226119286,10.75,2.8));
#6801=CARTESIAN_POINT('Ctrl Pts',(-4.84974226119286,10.7813909761729,2.8));
#6802=CARTESIAN_POINT('Ctrl Pts',(-4.85288860231225,10.8148742262634,2.79457240970343));
#6803=CARTESIAN_POINT('Ctrl Pts',(-4.86557038158647,10.8764691881011,2.77243351613123));
#6804=CARTESIAN_POINT('Ctrl Pts',(-4.8750927638102,10.9045808720295,2.75571465922364));
#6805=CARTESIAN_POINT('Ctrl Pts',(-4.89679025039425,10.9489814981889,2.71697228201311));
#6806=CARTESIAN_POINT('Ctrl Pts',(-4.91041023758738,10.9682240187583,2.69236339700713));
#6807=CARTESIAN_POINT('Ctrl Pts',(-4.9397393237502,10.9937330651169,2.63816693489053));
#6808=CARTESIAN_POINT('Ctrl Pts',(-4.95543506065947,11.,2.60857232033963));
#6809=CARTESIAN_POINT('Ctrl Pts',(-4.96990711985276,11.,2.58070207889962));
#6810=CARTESIAN_POINT('Origin',(0.,11.,0.));
#6811=CARTESIAN_POINT('Origin',(0.,11.,-1.775));
#6812=CARTESIAN_POINT('',(-5.82434206729163,11.,3.07401032580847));
#6813=CARTESIAN_POINT('',(-6.14845091800618,11.,3.00868487830961));
#6814=CARTESIAN_POINT('Origin',(-5.94934206729163,11.,2.85750397486236));
#6815=CARTESIAN_POINT('',(-2.81509141050541,11.,1.33661864905389));
#6816=CARTESIAN_POINT('Origin',(-4.93736229678632E-8,11.,0.900000000000003));
#6817=CARTESIAN_POINT('',(-11.8637509824122,11.,-3.6));
#6818=CARTESIAN_POINT('Origin',(-11.8637509824122,11.,-4.6));
#6819=CARTESIAN_POINT('',(-6.05000002370444,11.,-3.6));
#6820=CARTESIAN_POINT('Origin',(-4.93736229678632E-8,11.,0.900000000000003));
#6821=CARTESIAN_POINT('Ctrl Pts',(-5.82434206729163,11.,3.07401032580846));
#6822=CARTESIAN_POINT('Ctrl Pts',(-6.01518802058234,11.,3.1841952883146));
#6823=CARTESIAN_POINT('Ctrl Pts',(-6.14845091800618,11.,3.00868487830961));
#6824=CARTESIAN_POINT('Ctrl Pts',(-5.69934206729163,11.,3.29051667675458));
#6825=CARTESIAN_POINT('Ctrl Pts',(-6.08103397387304,11.,3.51088660176686));
#6826=CARTESIAN_POINT('Ctrl Pts',(-6.34755976872074,11.,3.15986578175687));
#6827=CARTESIAN_POINT('Ctrl Pts',(-5.69934206729163,10.75,3.29051667675458));
#6828=CARTESIAN_POINT('Ctrl Pts',(-6.08103397387304,10.75,3.51088660176686));
#6829=CARTESIAN_POINT('Ctrl Pts',(-6.34755976872074,10.75,3.15986578175687));
#6830=CARTESIAN_POINT('Ctrl Pts',(-6.01955136698321,10.75,3.35255008810517));
#6831=CARTESIAN_POINT('Ctrl Pts',(-6.01955136698321,10.763478306345,3.35255008810517));
#6832=CARTESIAN_POINT('Ctrl Pts',(-6.02002771053277,10.7769805759683,3.35138193590836));
#6833=CARTESIAN_POINT('Ctrl Pts',(-6.02299244641677,10.818462389803,3.34409308572705));
#6834=CARTESIAN_POINT('Ctrl Pts',(-6.02706330710347,10.845215043513,3.33408118787969));
#6835=CARTESIAN_POINT('Ctrl Pts',(-6.03907956984106,10.8954780788334,3.304120927586));
#6836=CARTESIAN_POINT('Ctrl Pts',(-6.0470865931306,10.9178560374838,3.28398469550775));
#6837=CARTESIAN_POINT('Ctrl Pts',(-6.06413346819733,10.9518347927801,3.24024688174954));
#6838=CARTESIAN_POINT('Ctrl Pts',(-6.07524555608217,10.9694189137187,3.21156762566761));
#6839=CARTESIAN_POINT('Ctrl Pts',(-6.1028541693205,10.9919439599714,3.13749563776804));
#6840=CARTESIAN_POINT('Ctrl Pts',(-6.1150324659584,10.9965680499391,3.10402543780037));
#6841=CARTESIAN_POINT('Ctrl Pts',(-6.13438475808601,10.999727540886,3.04936634532776));
#6842=CARTESIAN_POINT('Ctrl Pts',(-6.14144577274692,11.,3.02911030645072));
#6843=CARTESIAN_POINT('Ctrl Pts',(-6.14845091800617,11.,3.00868487830961));
#6844=CARTESIAN_POINT('Origin',(-5.82434206729163,10.75,3.07401032580847));
#6845=CARTESIAN_POINT('Origin',(-2.81509141050541,10.75,1.33661864905389));
#6846=CARTESIAN_POINT('Origin',(-11.1476363270742,-0.691667724445524,-4.6));
#6847=CARTESIAN_POINT('',(-11.1476363270742,-0.691667724445524,-3.6));
#6848=CARTESIAN_POINT('Origin',(-12.1,0.,-3.6));
#6849=CARTESIAN_POINT('Origin',(-4.93736229678632E-8,11.,0.900000000000003));
#6850=CARTESIAN_POINT('Origin',(-4.93736229678632E-8,11.,0.900000000000003));
#6851=CARTESIAN_POINT('Origin',(-4.93736229678632E-8,11.,0.900000000000003));
#6852=CARTESIAN_POINT('',(7.99999995062638,11.5,0.900000000000001));
#6853=CARTESIAN_POINT('',(7.17945669559476,11.5,4.42922099720717));
#6854=CARTESIAN_POINT('Origin',(-4.93736229678632E-8,11.5,0.900000000000003));
#6855=CARTESIAN_POINT('',(7.99999995062638,22.,0.900000000000001));
#6856=CARTESIAN_POINT('',(7.99999995062638,11.,0.900000000000001));
#6857=CARTESIAN_POINT('',(7.17945669559476,22.,4.42922099720717));
#6858=CARTESIAN_POINT('Origin',(-4.93736229678632E-8,22.,0.900000000000003));
#6859=CARTESIAN_POINT('',(7.17945669559476,11.,4.42922099720717));
#6860=CARTESIAN_POINT('Origin',(7.99999995062638,11.,0.900000000000001));
#6861=CARTESIAN_POINT('',(7.99999995062638,11.5,-3.6));
#6862=CARTESIAN_POINT('',(7.99999995062638,11.5,-0.0999999999999959));
#6863=CARTESIAN_POINT('',(7.99999995062638,22.,-3.6));
#6864=CARTESIAN_POINT('',(7.99999995062638,11.,-3.6));
#6865=CARTESIAN_POINT('',(7.99999995062638,22.,-3.6));
#6866=CARTESIAN_POINT('Origin',(-10.6012499909194,16.4999999864046,-5.525));
#6867=CARTESIAN_POINT('',(-11.6012499909194,16.4999999864046,-3.6));
#6868=CARTESIAN_POINT('Origin',(-10.6012499909194,16.4999999864046,-3.6));
#6869=CARTESIAN_POINT('',(-11.6012499909194,16.4999999864046,-7.1));
#6870=CARTESIAN_POINT('',(-11.6012499909194,16.4999999864046,-5.525));
#6871=CARTESIAN_POINT('Origin',(-10.6012499909194,16.4999999864046,-7.1));
#6872=CARTESIAN_POINT('Origin',(10.6012499697593,16.5,-5.525));
#6873=CARTESIAN_POINT('',(9.60124996975925,16.5,-3.6));
#6874=CARTESIAN_POINT('Origin',(10.6012499697593,16.5,-3.6));
#6875=CARTESIAN_POINT('',(9.60124996975925,16.5,-7.1));
#6876=CARTESIAN_POINT('',(9.60124996975925,16.5,-5.525));
#6877=CARTESIAN_POINT('Origin',(10.6012499697593,16.5,-7.1));
#6878=CARTESIAN_POINT('Origin',(-12.1,0.,-3.6));
#6879=CARTESIAN_POINT('',(-12.5375009892011,22.,-3.6));
#6880=CARTESIAN_POINT('',(-8.00000004937363,22.,-3.6));
#6881=CARTESIAN_POINT('',(-6.05000002370444,22.,-3.6));
#6882=CARTESIAN_POINT('',(-11.8637509824122,11.,-3.6));
#6883=CARTESIAN_POINT('',(-11.1476363270742,-0.691667724445524,-3.6));
#6884=CARTESIAN_POINT('',(-7.50000004937363,11.,-3.6));
#6885=CARTESIAN_POINT('',(-6.05000002370444,11.,-3.6));
#6886=CARTESIAN_POINT('',(-8.00000004937363,11.5,-3.6));
#6887=CARTESIAN_POINT('Origin',(-7.50000004937363,11.5,-3.6));
#6888=CARTESIAN_POINT('',(-8.00000004937363,11.,-3.6));
#6889=CARTESIAN_POINT('Origin',(-11.1476363270742,-0.691667724445524,-4.6));
#6890=CARTESIAN_POINT('',(-13.5393750145035,22.,-4.6));
#6891=CARTESIAN_POINT('Origin',(-12.5375009892011,22.,-4.6));
#6892=CARTESIAN_POINT('',(-12.8656250077146,11.,-4.6));
#6893=CARTESIAN_POINT('',(-12.1457658071734,-0.752803155717618,-4.6));
#6894=CARTESIAN_POINT('Origin',(-11.8637509824122,11.,-4.6));
#6895=CARTESIAN_POINT('Origin',(7.49999995062638,11.5,-0.0999999999999961));
#6896=CARTESIAN_POINT('',(7.49999995062638,11.,-3.6));
#6897=CARTESIAN_POINT('Origin',(7.49999995062638,11.5,-3.6));
#6898=CARTESIAN_POINT('',(7.49999995062638,11.,0.900000000000002));
#6899=CARTESIAN_POINT('Origin',(7.49999995062638,11.5,0.900000000000002));
#6900=CARTESIAN_POINT('',(7.49999995062638,11.,-0.0999999999999961));
#6901=CARTESIAN_POINT('Origin',(6.73074064903424,11.,4.20864468488173));
#6902=CARTESIAN_POINT('',(6.50271637365948,11.25,4.65362213356853));
#6903=CARTESIAN_POINT('Ctrl Pts',(7.17945669559476,11.5,4.42922099720717));
#6904=CARTESIAN_POINT('Ctrl Pts',(7.17882254553214,11.4992929453921,4.43051104193603));
#6905=CARTESIAN_POINT('Ctrl Pts',(7.17818493816623,11.49858560521,4.43180012613238));
#6906=CARTESIAN_POINT('Ctrl Pts',(7.13672340937314,11.4534112739234,4.51374816336277));
#6907=CARTESIAN_POINT('Ctrl Pts',(7.0412426690168,11.3862451576502,4.61884269389486));
#6908=CARTESIAN_POINT('Ctrl Pts',(6.8089736883882,11.2890658849047,4.72224091783127));
#6909=CARTESIAN_POINT('Ctrl Pts',(6.61564621878647,11.25,4.7114919114174));
#6910=CARTESIAN_POINT('Ctrl Pts',(6.50271637365948,11.25,4.65362213356853));
#6911=CARTESIAN_POINT('',(6.48074064903424,22.,4.64165738677394));
#6912=CARTESIAN_POINT('Origin',(6.73074064903424,22.,4.20864468488173));
#6913=CARTESIAN_POINT('',(6.48074064903424,11.25,4.64165738677394));
#6914=CARTESIAN_POINT('',(6.48074064903424,11.,4.64165738677394));
#6915=CARTESIAN_POINT('Origin',(6.73074064903424,11.25,4.20864468488173));
#6916=CARTESIAN_POINT('Origin',(-4.93736229678632E-8,11.,0.900000000000003));
#6917=CARTESIAN_POINT('',(-7.17945679434201,11.5,4.42922099720717));
#6918=CARTESIAN_POINT('',(-8.00000004937362,11.5,0.900000000000001));
#6919=CARTESIAN_POINT('Origin',(-4.93736229678632E-8,11.5,0.900000000000003));
#6920=CARTESIAN_POINT('',(-7.17945679434201,22.,4.42922099720717));
#6921=CARTESIAN_POINT('',(-7.17945679434201,11.,4.42922099720717));
#6922=CARTESIAN_POINT('',(-8.00000004937362,22.,0.900000000000001));
#6923=CARTESIAN_POINT('Origin',(-4.93736229678632E-8,22.,0.900000000000003));
#6924=CARTESIAN_POINT('',(-8.00000004937362,11.,0.900000000000001));
#6925=CARTESIAN_POINT('Origin',(-8.00000004937363,11.,-3.6));
#6926=CARTESIAN_POINT('',(-8.00000004937363,11.5,-2.34999999999999));
#6927=CARTESIAN_POINT('',(-8.00000004937363,22.,-3.6));
#6928=CARTESIAN_POINT('Origin',(-6.73074074778149,11.,4.20864468488172));
#6929=CARTESIAN_POINT('',(-6.48074074778148,11.25,4.64165738677394));
#6930=CARTESIAN_POINT('',(-6.50271647240673,11.25,4.65362213356853));
#6931=CARTESIAN_POINT('Origin',(-6.73074074778149,11.25,4.20864468488172));
#6932=CARTESIAN_POINT('',(-6.48074074778148,22.,4.64165738677394));
#6933=CARTESIAN_POINT('',(-6.48074074778148,11.,4.64165738677394));
#6934=CARTESIAN_POINT('Origin',(-6.73074074778149,22.,4.20864468488172));
#6935=CARTESIAN_POINT('Ctrl Pts',(-6.50271647240673,11.25,4.65362213356853));
#6936=CARTESIAN_POINT('Ctrl Pts',(-6.61564631753371,11.25,4.7114919114174));
#6937=CARTESIAN_POINT('Ctrl Pts',(-6.80823213566782,11.2890419325917,4.72190240610751));
#6938=CARTESIAN_POINT('Ctrl Pts',(-7.04134636572871,11.3862469833191,4.6188972128564));
#6939=CARTESIAN_POINT('Ctrl Pts',(-7.13676260182748,11.4534049100919,4.51378346523953));
#6940=CARTESIAN_POINT('Ctrl Pts',(-7.17818465079661,11.4985856740438,4.43179976423194));
#6941=CARTESIAN_POINT('Ctrl Pts',(-7.1788226442792,11.4992929453921,4.43051104193641));
#6942=CARTESIAN_POINT('Ctrl Pts',(-7.17945679434201,11.5,4.42922099720717));
#6943=CARTESIAN_POINT('Origin',(-4.93736229678632E-8,11.5,0.900000000000003));
#6944=CARTESIAN_POINT('',(-6.61672861009411,11.,4.43113340922511));
#6945=CARTESIAN_POINT('Ctrl Pts',(-7.17945679434201,11.5,4.42922099720717));
#6946=CARTESIAN_POINT('Ctrl Pts',(-7.17912949108361,11.4985858907838,4.42988682674519));
#6947=CARTESIAN_POINT('Ctrl Pts',(-7.17879852507643,11.4971713480875,4.43055122400054));
#6948=CARTESIAN_POINT('Ctrl Pts',(-7.15699520644567,11.4068098201841,4.47264915437242));
#6949=CARTESIAN_POINT('Ctrl Pts',(-7.09131536642367,11.2724939666383,4.51870544084697));
#6950=CARTESIAN_POINT('Ctrl Pts',(-6.90276260960651,11.0780838651836,4.53582979906474));
#6951=CARTESIAN_POINT('Ctrl Pts',(-6.7291605893552,11.,4.48993610093266));
#6952=CARTESIAN_POINT('Ctrl Pts',(-6.61672861009411,11.,4.43113340922512));
#6953=CARTESIAN_POINT('',(-7.50000004937362,11.,0.900000000000001));
#6954=CARTESIAN_POINT('Origin',(-7.50000004937362,11.5,0.900000000000001));
#6955=CARTESIAN_POINT('Origin',(-4.93736229678632E-8,11.,0.900000000000003));
#6956=CARTESIAN_POINT('Origin',(-7.50000004937363,11.5,-2.34999999999999));
#6957=CARTESIAN_POINT('',(-7.50000004937363,11.,-2.34999999999999));
#6958=CARTESIAN_POINT('Origin',(-6.92820327964913,11.,4.9));
#6959=CARTESIAN_POINT('',(-6.26707455546021,22.,4.51829715312053));
#6960=CARTESIAN_POINT('',(-6.26707455546021,21.75,4.51829715312053));
#6961=CARTESIAN_POINT('',(-6.26707455546021,22.,4.51829715312053));
#6962=CARTESIAN_POINT('',(-5.62916517397247,22.,4.15));
#6963=CARTESIAN_POINT('',(-5.62916517397247,11.25,4.15));
#6964=CARTESIAN_POINT('',(-3.03108896261916,11.25,2.64999999999999));
#6965=CARTESIAN_POINT('',(-5.62916517397247,21.75,4.15));
#6966=CARTESIAN_POINT('',(-5.62916517397247,11.,4.15));
#6967=CARTESIAN_POINT('',(-3.03108896261916,21.75,2.64999999999999));
#6968=CARTESIAN_POINT('Ctrl Pts',(-6.50271647240673,11.25,4.65362213356853));
#6969=CARTESIAN_POINT('Ctrl Pts',(-6.61564631753371,11.25,4.7114919114174));
#6970=CARTESIAN_POINT('Ctrl Pts',(-6.80823213566782,11.2890419325917,4.72190240610751));
#6971=CARTESIAN_POINT('Ctrl Pts',(-7.04134636572871,11.3862469833191,4.6188972128564));
#6972=CARTESIAN_POINT('Ctrl Pts',(-7.13676260182748,11.4534049100919,4.51378346523953));
#6973=CARTESIAN_POINT('Ctrl Pts',(-7.17818465079661,11.4985856740438,4.43179976423194));
#6974=CARTESIAN_POINT('Ctrl Pts',(-7.1788226442792,11.4992929453921,4.43051104193641));
#6975=CARTESIAN_POINT('Ctrl Pts',(-7.17945679434201,11.5,4.42922099720717));
#6976=CARTESIAN_POINT('Ctrl Pts',(-6.50271647240673,11.1845501530502,4.65362213356853));
#6977=CARTESIAN_POINT('Ctrl Pts',(-6.63056939070431,11.184727936483,4.71913262669628));
#6978=CARTESIAN_POINT('Ctrl Pts',(-6.83804436565049,11.2455258203335,4.7159550833456));
#6979=CARTESIAN_POINT('Ctrl Pts',(-7.05402501323053,11.366793311542,4.60497922954438));
#6980=CARTESIAN_POINT('Ctrl Pts',(-7.14009287771784,11.4456256047903,4.50687870925801));
#6981=CARTESIAN_POINT('Ctrl Pts',(-7.17828942871357,11.4983500744995,4.43159321497835));
#6982=CARTESIAN_POINT('Ctrl Pts',(-7.17887378541327,11.4991751029574,4.4304070060712));
#6983=CARTESIAN_POINT('Ctrl Pts',(-7.17945679434201,11.5,4.42922099720717));
#6984=CARTESIAN_POINT('Ctrl Pts',(-6.52745138230462,11.054237448748,4.60535325043419));
#6985=CARTESIAN_POINT('Ctrl Pts',(-6.67210646001368,11.054755402514,4.67982769576376));
#6986=CARTESIAN_POINT('Ctrl Pts',(-6.88777763562516,11.1583055788743,4.6739187395351));
#6987=CARTESIAN_POINT('Ctrl Pts',(-7.07436050348357,11.3277037251286,4.57452010204983));
#6988=CARTESIAN_POINT('Ctrl Pts',(-7.14671183683245,11.4300271803453,4.49320939208016));
#6989=CARTESIAN_POINT('Ctrl Pts',(-7.17849738301584,11.4978792906077,4.43117762033774));
#6990=CARTESIAN_POINT('Ctrl Pts',(-7.17897606768141,11.498939418088,4.4301989343408));
#6991=CARTESIAN_POINT('Ctrl Pts',(-7.17945679434201,11.5,4.42922099720717));
#6992=CARTESIAN_POINT('Ctrl Pts',(-6.58688030224588,11.,4.48938082105044));
#6993=CARTESIAN_POINT('Ctrl Pts',(-6.71431688151389,11.0002830069705,4.55567518580504));
#6994=CARTESIAN_POINT('Ctrl Pts',(-6.90441791304969,11.0973593030503,4.58527312082462));
#6995=CARTESIAN_POINT('Ctrl Pts',(-7.08738263099287,11.2908467846704,4.53807923041785));
#6996=CARTESIAN_POINT('Ctrl Pts',(-7.15356674380036,11.4145958516967,4.47948499639732));
#6997=CARTESIAN_POINT('Ctrl Pts',(-7.17869883439741,11.4974068295808,4.43076054160939));
#6998=CARTESIAN_POINT('Ctrl Pts',(-7.17907834994955,11.4987037332185,4.42999086261039));
#6999=CARTESIAN_POINT('Ctrl Pts',(-7.17945679434201,11.5,4.42922099720717));
#7000=CARTESIAN_POINT('Ctrl Pts',(-6.61672861009411,11.,4.43113340922512));
#7001=CARTESIAN_POINT('Ctrl Pts',(-6.7291605893552,11.,4.48993610093266));
#7002=CARTESIAN_POINT('Ctrl Pts',(-6.90276260960651,11.0780838651836,4.53582979906474));
#7003=CARTESIAN_POINT('Ctrl Pts',(-7.09131536642367,11.2724939666383,4.51870544084697));
#7004=CARTESIAN_POINT('Ctrl Pts',(-7.15699520644567,11.4068098201841,4.47264915437242));
#7005=CARTESIAN_POINT('Ctrl Pts',(-7.17879852507643,11.4971713480875,4.43055122400054));
#7006=CARTESIAN_POINT('Ctrl Pts',(-7.17912949108361,11.4985858907838,4.42988682674519));
#7007=CARTESIAN_POINT('Ctrl Pts',(-7.17945679434201,11.5,4.42922099720717));
#7008=CARTESIAN_POINT('Origin',(-6.61672861009411,11.25,4.43113340922512));
#7009=CARTESIAN_POINT('Ctrl Pts',(-6.61672861009411,11.,4.43113340922512));
#7010=CARTESIAN_POINT('Ctrl Pts',(-6.61115981079133,11.,4.42827973331531));
#7011=CARTESIAN_POINT('Ctrl Pts',(-6.60574074778149,11.,4.42515103582782));
#7012=CARTESIAN_POINT('Ctrl Pts',(-6.50271647240673,11.,4.65362213356853));
#7013=CARTESIAN_POINT('Ctrl Pts',(-6.49157887380117,11.,4.64791478174892));
#7014=CARTESIAN_POINT('Ctrl Pts',(-6.48074074778148,11.,4.64165738677394));
#7015=CARTESIAN_POINT('Ctrl Pts',(-6.50271647240673,11.25,4.65362213356853));
#7016=CARTESIAN_POINT('Ctrl Pts',(-6.49157887380117,11.25,4.64791478174892));
#7017=CARTESIAN_POINT('Ctrl Pts',(-6.48074074778148,11.25,4.64165738677394));
#7018=CARTESIAN_POINT('',(-6.60574074778148,11.,4.42515103582783));
#7019=CARTESIAN_POINT('Origin',(-6.73074074778149,11.,4.20864468488172));
#7020=CARTESIAN_POINT('Origin',(-6.60574074778148,11.25,4.42515103582783));
#7021=CARTESIAN_POINT('Origin',(-3.15608896261916,11.25,2.43349364905388));
#7022=CARTESIAN_POINT('',(-5.75000004937363,11.,3.93108891324553));
#7023=CARTESIAN_POINT('Ctrl Pts',(-5.75000004937362,11.,3.93108891324553));
#7024=CARTESIAN_POINT('Ctrl Pts',(-5.73535742208892,11.,3.95886609474593));
#7025=CARTESIAN_POINT('Ctrl Pts',(-5.71951644044998,11.0062686047763,3.98837843982778));
#7026=CARTESIAN_POINT('Ctrl Pts',(-5.68998416305757,11.0317787779567,4.04245603332862));
#7027=CARTESIAN_POINT('Ctrl Pts',(-5.67630434323346,11.0510206496806,4.06702740499104));
#7028=CARTESIAN_POINT('Ctrl Pts',(-5.65453819539911,11.0954192963615,4.10572785490543));
#7029=CARTESIAN_POINT('Ctrl Pts',(-5.64500230477088,11.1235310477221,4.12243887057019));
#7030=CARTESIAN_POINT('Ctrl Pts',(-5.63231016934612,11.1851259756601,4.14457168983037));
#7031=CARTESIAN_POINT('Ctrl Pts',(-5.62916517397247,11.2186091315888,4.15));
#7032=CARTESIAN_POINT('Ctrl Pts',(-5.62916517397247,11.25,4.15));
#7033=CARTESIAN_POINT('',(-3.15608896261916,11.,2.43349364905388));
#7034=CARTESIAN_POINT('Origin',(-4.93736229678632E-8,11.5,0.900000000000003));
#7035=CARTESIAN_POINT('',(6.61672851134687,11.,4.43113340922512));
#7036=CARTESIAN_POINT('Ctrl Pts',(6.61672851134686,11.,4.43113340922513));
#7037=CARTESIAN_POINT('Ctrl Pts',(6.72916049060795,11.,4.48993610093266));
#7038=CARTESIAN_POINT('Ctrl Pts',(6.90348853273165,11.0781317698094,4.53620103560304));
#7039=CARTESIAN_POINT('Ctrl Pts',(7.09121454113132,11.2724903153005,4.51864654764533));
#7040=CARTESIAN_POINT('Ctrl Pts',(7.15695266815744,11.4068225478468,4.47261828851309));
#7041=CARTESIAN_POINT('Ctrl Pts',(7.1787988488272,11.49717121042,4.43055153706668));
#7042=CARTESIAN_POINT('Ctrl Pts',(7.17912939233656,11.498585890784,4.4298868267448));
#7043=CARTESIAN_POINT('Ctrl Pts',(7.17945669559476,11.5,4.42922099720717));
#7044=CARTESIAN_POINT('Origin',(-4.93736229678632E-8,11.,0.900000000000003));
#7045=CARTESIAN_POINT('Ctrl Pts',(7.17945669559476,11.5,4.42922099720717));
#7046=CARTESIAN_POINT('Ctrl Pts',(7.17882254553214,11.4992929453921,4.43051104193603));
#7047=CARTESIAN_POINT('Ctrl Pts',(7.17818493816623,11.49858560521,4.43180012613238));
#7048=CARTESIAN_POINT('Ctrl Pts',(7.13672340937314,11.4534112739234,4.51374816336277));
#7049=CARTESIAN_POINT('Ctrl Pts',(7.0412426690168,11.3862451576502,4.61884269389486));
#7050=CARTESIAN_POINT('Ctrl Pts',(6.8089736883882,11.2890658849047,4.72224091783127));
#7051=CARTESIAN_POINT('Ctrl Pts',(6.61564621878647,11.25,4.7114919114174));
#7052=CARTESIAN_POINT('Ctrl Pts',(6.50271637365948,11.25,4.65362213356853));
#7053=CARTESIAN_POINT('Ctrl Pts',(7.17945669559476,11.5,4.42922099720717));
#7054=CARTESIAN_POINT('Ctrl Pts',(7.178947840831,11.499069016413,4.43029703707002));
#7055=CARTESIAN_POINT('Ctrl Pts',(7.17836621182124,11.4981008966058,4.43139241364496));
#7056=CARTESIAN_POINT('Ctrl Pts',(7.14450297959716,11.4383922191452,4.49971287539641));
#7057=CARTESIAN_POINT('Ctrl Pts',(7.06897722875447,11.3476849356739,4.59207844765559));
#7058=CARTESIAN_POINT('Ctrl Pts',(6.87041324452519,11.2023969766284,4.71111539775152));
#7059=CARTESIAN_POINT('Ctrl Pts',(6.65267654343132,11.1211085391767,4.72804037249421));
#7060=CARTESIAN_POINT('Ctrl Pts',(6.50271637365948,11.1191003061004,4.65362213356853));
#7061=CARTESIAN_POINT('Ctrl Pts',(7.17945669559476,11.5,4.42922099720717));
#7062=CARTESIAN_POINT('Ctrl Pts',(7.17904830773992,11.4988376498605,4.43009273472431));
#7063=CARTESIAN_POINT('Ctrl Pts',(7.178573067349,11.4976240942745,4.43097158346951));
#7064=CARTESIAN_POINT('Ctrl Pts',(7.15114287570561,11.4231225664107,4.48622807469332));
#7065=CARTESIAN_POINT('Ctrl Pts',(7.08580568024474,11.3093684829958,4.55830281266328));
#7066=CARTESIAN_POINT('Ctrl Pts',(6.90870295655708,11.1168640006513,4.63568740468316));
#7067=CARTESIAN_POINT('Ctrl Pts',(6.70637849180486,11.0028317316155,4.62319909446815));
#7068=CARTESIAN_POINT('Ctrl Pts',(6.5570318956504,11.,4.54762823287576));
#7069=CARTESIAN_POINT('Ctrl Pts',(7.17945669559476,11.5,4.42922099720717));
#7070=CARTESIAN_POINT('Ctrl Pts',(7.17912939233656,11.498585890784,4.4298868267448));
#7071=CARTESIAN_POINT('Ctrl Pts',(7.1787988488272,11.49717121042,4.43055153706668));
#7072=CARTESIAN_POINT('Ctrl Pts',(7.15695266815744,11.4068225478468,4.47261828851309));
#7073=CARTESIAN_POINT('Ctrl Pts',(7.09121454113132,11.2724903153005,4.51864654764533));
#7074=CARTESIAN_POINT('Ctrl Pts',(6.90348853273165,11.0781317698094,4.53620103560304));
#7075=CARTESIAN_POINT('Ctrl Pts',(6.72916049060795,11.,4.48993610093266));
#7076=CARTESIAN_POINT('Ctrl Pts',(6.61672851134686,11.,4.43113340922513));
#7077=CARTESIAN_POINT('Origin',(6.61672851134686,11.25,4.43113340922513));
#7078=CARTESIAN_POINT('Ctrl Pts',(6.60574064903424,11.,4.42515103582782));
#7079=CARTESIAN_POINT('Ctrl Pts',(6.61115971204409,11.,4.42827973331531));
#7080=CARTESIAN_POINT('Ctrl Pts',(6.61672851134687,11.,4.43113340922512));
#7081=CARTESIAN_POINT('Ctrl Pts',(6.48074064903424,11.,4.64165738677394));
#7082=CARTESIAN_POINT('Ctrl Pts',(6.49157877505392,11.,4.64791478174892));
#7083=CARTESIAN_POINT('Ctrl Pts',(6.50271637365949,11.,4.65362213356853));
#7084=CARTESIAN_POINT('Ctrl Pts',(6.48074064903424,11.25,4.64165738677394));
#7085=CARTESIAN_POINT('Ctrl Pts',(6.49157877505392,11.25,4.64791478174892));
#7086=CARTESIAN_POINT('Ctrl Pts',(6.50271637365949,11.25,4.65362213356853));
#7087=CARTESIAN_POINT('',(6.60574064903424,11.,4.42515103582784));
#7088=CARTESIAN_POINT('Origin',(6.60574064903424,11.25,4.42515103582784));
#7089=CARTESIAN_POINT('Origin',(6.73074064903424,11.,4.20864468488173));
#7090=CARTESIAN_POINT('Origin',(2.50656981103359,11.25,2.05849364905388));
#7091=CARTESIAN_POINT('',(5.62916507522523,11.25,4.15));
#7092=CARTESIAN_POINT('',(5.74999995062638,11.,3.93108891324553));
#7093=CARTESIAN_POINT('Ctrl Pts',(5.62916507522523,11.25,4.15));
#7094=CARTESIAN_POINT('Ctrl Pts',(5.62916507522523,11.2186091315888,4.15));
#7095=CARTESIAN_POINT('Ctrl Pts',(5.63231007059887,11.1851259756601,4.14457168983037));
#7096=CARTESIAN_POINT('Ctrl Pts',(5.64500220602363,11.1235310477221,4.12243887057019));
#7097=CARTESIAN_POINT('Ctrl Pts',(5.65453809665187,11.0954192963615,4.10572785490543));
#7098=CARTESIAN_POINT('Ctrl Pts',(5.67630424448621,11.0510206496806,4.06702740499104));
#7099=CARTESIAN_POINT('Ctrl Pts',(5.68998406431032,11.0317787779567,4.04245603332862));
#7100=CARTESIAN_POINT('Ctrl Pts',(5.71951634170274,11.0062686047763,3.98837843982778));
#7101=CARTESIAN_POINT('Ctrl Pts',(5.73535732334167,11.,3.95886609474593));
#7102=CARTESIAN_POINT('Ctrl Pts',(5.74999995062638,11.,3.93108891324553));
#7103=CARTESIAN_POINT('',(2.50656981103359,11.,2.05849364905388));
#7104=CARTESIAN_POINT('',(2.38156981103359,11.25,2.27499999999999));
#7105=CARTESIAN_POINT('Origin',(5.62916507522523,11.,4.15));
#7106=CARTESIAN_POINT('',(6.26707445671296,21.75,4.51829715312053));
#7107=CARTESIAN_POINT('',(6.26707445671296,22.,4.51829715312053));
#7108=CARTESIAN_POINT('',(6.26707445671296,22.,4.51829715312053));
#7109=CARTESIAN_POINT('',(5.62916507522523,21.75,4.15));
#7110=CARTESIAN_POINT('',(2.38156981103359,21.75,2.27499999999999));
#7111=CARTESIAN_POINT('',(5.62916507522523,11.,4.15));
#7112=CARTESIAN_POINT('',(5.62916507522523,22.,4.15));
#7113=CARTESIAN_POINT('Origin',(2.50656981103359,21.75,2.05849364905388));
#7114=CARTESIAN_POINT('',(5.74999995062638,22.,3.93108891324553));
#7115=CARTESIAN_POINT('Ctrl Pts',(5.74999995062638,22.,3.93108891324553));
#7116=CARTESIAN_POINT('Ctrl Pts',(5.73535732334167,22.,3.95886609474593));
#7117=CARTESIAN_POINT('Ctrl Pts',(5.71951634170274,21.9937313952237,3.98837843982778));
#7118=CARTESIAN_POINT('Ctrl Pts',(5.68998406431032,21.9682212220433,4.04245603332862));
#7119=CARTESIAN_POINT('Ctrl Pts',(5.67630424448621,21.9489793503194,4.06702740499104));
#7120=CARTESIAN_POINT('Ctrl Pts',(5.65453809665187,21.9045807036385,4.10572785490543));
#7121=CARTESIAN_POINT('Ctrl Pts',(5.64500220602363,21.8764689522779,4.1224388705702));
#7122=CARTESIAN_POINT('Ctrl Pts',(5.63231007059887,21.8148740243399,4.14457168983037));
#7123=CARTESIAN_POINT('Ctrl Pts',(5.62916507522523,21.7813908684112,4.15));
#7124=CARTESIAN_POINT('Ctrl Pts',(5.62916507522523,21.75,4.15));
#7125=CARTESIAN_POINT('',(6.37475751769058,22.,4.29179286276831));
#7126=CARTESIAN_POINT('Ctrl Pts',(6.37475751769058,22.,4.29179286276831));
#7127=CARTESIAN_POINT('Ctrl Pts',(6.36174077350979,22.,4.32048737596577));
#7128=CARTESIAN_POINT('Ctrl Pts',(6.34763785419426,21.9937385404083,4.35100826209511));
#7129=CARTESIAN_POINT('Ctrl Pts',(6.32131129284618,21.9682071958148,4.40698846563609));
#7130=CARTESIAN_POINT('Ctrl Pts',(6.30909891205842,21.9489357702032,4.43245237571488));
#7131=CARTESIAN_POINT('Ctrl Pts',(6.28969278771986,21.9044975206678,4.47250014052603));
#7132=CARTESIAN_POINT('Ctrl Pts',(6.28119524034372,21.8764088591978,4.4897813497094));
#7133=CARTESIAN_POINT('Ctrl Pts',(6.26988075356534,21.814850652507,4.51267694651085));
#7134=CARTESIAN_POINT('Ctrl Pts',(6.26707445671296,21.7813813160494,4.51829715312053));
#7135=CARTESIAN_POINT('Ctrl Pts',(6.26707445671296,21.75,4.51829715312053));
#7136=CARTESIAN_POINT('',(2.50656981103359,22.,2.05849364905388));
#7137=CARTESIAN_POINT('Origin',(-4.93736229678632E-8,11.,0.900000000000003));
#7138=CARTESIAN_POINT('Origin',(-4.93736229678632E-8,11.,0.900000000000003));
#7139=CARTESIAN_POINT('',(-5.75000004937363,22.,3.93108891324553));
#7140=CARTESIAN_POINT('Origin',(-4.93736229678632E-8,22.,0.900000000000003));
#7141=CARTESIAN_POINT('Ctrl Pts',(-5.62916517397247,21.75,4.15));
#7142=CARTESIAN_POINT('Ctrl Pts',(-5.62916517397247,21.7813908684112,4.15));
#7143=CARTESIAN_POINT('Ctrl Pts',(-5.63231016934612,21.8148740243399,4.14457168983037));
#7144=CARTESIAN_POINT('Ctrl Pts',(-5.64500230477088,21.8764689522779,4.1224388705702));
#7145=CARTESIAN_POINT('Ctrl Pts',(-5.65453819539911,21.9045807036385,4.10572785490543));
#7146=CARTESIAN_POINT('Ctrl Pts',(-5.67630434323345,21.9489793503194,4.06702740499104));
#7147=CARTESIAN_POINT('Ctrl Pts',(-5.68998416305757,21.9682212220433,4.04245603332862));
#7148=CARTESIAN_POINT('Ctrl Pts',(-5.71951644044999,21.9937313952237,3.98837843982778));
#7149=CARTESIAN_POINT('Ctrl Pts',(-5.73535742208892,22.,3.95886609474593));
#7150=CARTESIAN_POINT('Ctrl Pts',(-5.75000004937362,22.,3.93108891324553));
#7151=CARTESIAN_POINT('Origin',(-4.93736229678632E-8,22.,-1.1));
#7152=CARTESIAN_POINT('',(-6.37475761643782,22.,4.29179286276831));
#7153=CARTESIAN_POINT('',(-3.15608896261916,22.,2.43349364905388));
#7154=CARTESIAN_POINT('Origin',(-4.93736229678632E-8,22.,1.4));
#7155=CARTESIAN_POINT('',(12.5375009602707,22.,-3.6));
#7156=CARTESIAN_POINT('',(3.54999997629556,22.,-3.6));
#7157=CARTESIAN_POINT('',(13.5393749854976,22.,-4.6));
#7158=CARTESIAN_POINT('Origin',(12.5375009602707,22.,-4.6));
#7159=CARTESIAN_POINT('',(13.5393749854976,22.,-7.1));
#7160=CARTESIAN_POINT('',(13.5393749854976,22.,-0.890217489035721));
#7161=CARTESIAN_POINT('',(-13.5393750145035,22.,-7.1));
#7162=CARTESIAN_POINT('',(6.04999997629556,22.,-7.1));
#7163=CARTESIAN_POINT('',(-13.5393750145035,22.,-0.890217489035721));
#7164=CARTESIAN_POINT('Origin',(-4.93736229678632E-8,22.,1.4));
#7165=CARTESIAN_POINT('Origin',(-3.15608896261916,21.75,2.43349364905388));
#7166=CARTESIAN_POINT('Ctrl Pts',(-6.26707455546021,21.75,4.51829715312053));
#7167=CARTESIAN_POINT('Ctrl Pts',(-6.26707455546021,21.7813813160494,4.51829715312053));
#7168=CARTESIAN_POINT('Ctrl Pts',(-6.26988085231258,21.814850652507,4.51267694651085));
#7169=CARTESIAN_POINT('Ctrl Pts',(-6.28119533909097,21.8764088591978,4.4897813497094));
#7170=CARTESIAN_POINT('Ctrl Pts',(-6.28969288646711,21.9044975206678,4.47250014052603));
#7171=CARTESIAN_POINT('Ctrl Pts',(-6.30909901080566,21.9489357702032,4.43245237571488));
#7172=CARTESIAN_POINT('Ctrl Pts',(-6.32131139159343,21.9682071958148,4.40698846563609));
#7173=CARTESIAN_POINT('Ctrl Pts',(-6.3476379529415,21.9937385404083,4.35100826209511));
#7174=CARTESIAN_POINT('Ctrl Pts',(-6.36174087225703,22.,4.32048737596577));
#7175=CARTESIAN_POINT('Ctrl Pts',(-6.37475761643782,22.,4.29179286276831));
#7176=CARTESIAN_POINT('Origin',(-12.1,-1.5,-3.6));
#7177=CARTESIAN_POINT('',(-12.8656250077146,11.,-7.1));
#7178=CARTESIAN_POINT('',(-14.5505415862827,38.5088418218842,-7.1));
#7179=CARTESIAN_POINT('',(-12.8656250077146,11.,-0.890217489035721));
#7180=CARTESIAN_POINT('Origin',(12.1,0.,-7.1));
#7181=CARTESIAN_POINT('',(12.8656249922867,11.,-7.1));
#7182=CARTESIAN_POINT('',(13.876078288824,27.4971968443949,-7.1));
#7183=CARTESIAN_POINT('',(6.04999997629556,11.,-7.1));
#7184=CARTESIAN_POINT('Origin',(12.8656249922867,11.,-3.6));
#7185=CARTESIAN_POINT('',(12.8656249922867,11.,-4.6));
#7186=CARTESIAN_POINT('',(12.5192344503853,5.34464415686814,-4.6));
#7187=CARTESIAN_POINT('',(12.8656249922867,11.,-0.890217489035721));
#7188=CARTESIAN_POINT('Origin',(11.5211049702108,5.40577958691278,-4.6));
#7189=CARTESIAN_POINT('',(11.8637509670597,11.,-3.6));
#7190=CARTESIAN_POINT('',(11.5211049702108,5.40577958691278,-3.6));
#7191=CARTESIAN_POINT('Origin',(11.8637509670597,11.,-4.6));
#7192=CARTESIAN_POINT('Origin',(7.1,0.,-3.6));
#7193=CARTESIAN_POINT('',(3.54999997629556,11.,-3.6));
#7194=CARTESIAN_POINT('Origin',(-4.74088857060906E-8,11.,1.81956502192856));
#7195=CARTESIAN_POINT('Origin',(-4.93736229678632E-8,22.,1.4));
#7196=CARTESIAN_POINT('Origin',(-4.93736229678632E-8,22.,1.4));
#7197=CARTESIAN_POINT('Origin',(-7.36121598154135,22.,5.64999999999999));
#7198=CARTESIAN_POINT('',(-6.70086257499121,33.,5.26874478296798));
#7199=CARTESIAN_POINT('',(-6.70086257499121,32.75,5.26874478296798));
#7200=CARTESIAN_POINT('',(-6.70086257499121,33.,5.26874478296798));
#7201=CARTESIAN_POINT('',(-6.91465839234329,33.,5.39217985566782));
#7202=CARTESIAN_POINT('',(-7.36121598154135,33.,5.64999999999999));
#7203=CARTESIAN_POINT('',(-6.91465839234329,22.25,5.39217985566782));
#7204=CARTESIAN_POINT('',(-6.91465839234329,22.,5.39217985566782));
#7205=CARTESIAN_POINT('',(-6.06217787586469,22.25,4.89999999999999));
#7206=CARTESIAN_POINT('',(-3.220532019697,22.25,3.259375));
#7207=CARTESIAN_POINT('',(-6.06217787586469,32.75,4.89999999999999));
#7208=CARTESIAN_POINT('',(-6.06217787586469,22.,4.89999999999999));
#7209=CARTESIAN_POINT('',(-3.220532019697,32.75,3.259375));
#7210=CARTESIAN_POINT('Origin',(-4.93736229678632E-8,22.,1.4));
#7211=CARTESIAN_POINT('',(8.49999995062637,22.5,1.4));
#7212=CARTESIAN_POINT('',(7.61244944003165,22.5,5.18161510088657));
#7213=CARTESIAN_POINT('Origin',(-4.93736229678632E-8,22.5,1.4));
#7214=CARTESIAN_POINT('',(8.49999995062637,33.,1.4));
#7215=CARTESIAN_POINT('',(8.49999995062637,22.,1.4));
#7216=CARTESIAN_POINT('',(7.61244944003165,33.,5.18161510088657));
#7217=CARTESIAN_POINT('Origin',(-4.93736229678632E-8,33.,1.4));
#7218=CARTESIAN_POINT('',(7.61244944003165,22.,5.18161510088657));
#7219=CARTESIAN_POINT('Origin',(8.49999995062637,22.,1.4));
#7220=CARTESIAN_POINT('',(8.49999995062637,22.5,-3.6));
#7221=CARTESIAN_POINT('',(8.49999995062637,22.5,0.337499999999998));
#7222=CARTESIAN_POINT('',(8.49999995062637,33.,-3.6));
#7223=CARTESIAN_POINT('',(8.49999995062637,22.,-3.6));
#7224=CARTESIAN_POINT('',(8.49999995062637,33.,-3.6));
#7225=CARTESIAN_POINT('Origin',(-11.1881249663647,27.499999985652,-5.525));
#7226=CARTESIAN_POINT('',(-12.1881249663647,27.499999985652,-3.6));
#7227=CARTESIAN_POINT('Origin',(-11.1881249663647,27.499999985652,-3.6));
#7228=CARTESIAN_POINT('',(-12.1881249663647,27.499999985652,-7.1));
#7229=CARTESIAN_POINT('',(-12.1881249663647,27.499999985652,-5.525));
#7230=CARTESIAN_POINT('Origin',(-11.1881249663647,27.499999985652,-7.1));
#7231=CARTESIAN_POINT('Origin',(11.1881249663647,27.5,-5.525));
#7232=CARTESIAN_POINT('',(10.1881249663647,27.5,-3.6));
#7233=CARTESIAN_POINT('Origin',(11.1881249663647,27.5,-3.6));
#7234=CARTESIAN_POINT('',(10.1881249663647,27.5,-7.1));
#7235=CARTESIAN_POINT('',(10.1881249663647,27.5,-5.525));
#7236=CARTESIAN_POINT('Origin',(11.1881249663647,27.5,-7.1));
#7237=CARTESIAN_POINT('Origin',(7.99999995062637,22.5,0.337499999999998));
#7238=CARTESIAN_POINT('',(7.99999995062638,22.,-3.6));
#7239=CARTESIAN_POINT('Origin',(7.99999995062637,22.5,-3.6));
#7240=CARTESIAN_POINT('',(7.99999995062637,22.,1.4));
#7241=CARTESIAN_POINT('Origin',(7.99999995062637,22.5,1.4));
#7242=CARTESIAN_POINT('',(7.99999995062637,22.,0.337499999999998));
#7243=CARTESIAN_POINT('Origin',(7.16465829359604,22.,4.9591671537756));
#7244=CARTESIAN_POINT('',(6.93524076577,22.25,5.4034278856957));
#7245=CARTESIAN_POINT('Ctrl Pts',(7.61244944003165,22.5,5.18161510088657));
#7246=CARTESIAN_POINT('Ctrl Pts',(7.61180727011511,22.4992893110186,5.18290779882722));
#7247=CARTESIAN_POINT('Ctrl Pts',(7.61116163118128,22.4985783326569,5.18419951734747));
#7248=CARTESIAN_POINT('Ctrl Pts',(7.56938979284262,22.4533981992028,5.26589961249183));
#7249=CARTESIAN_POINT('Ctrl Pts',(7.473593621219,22.3862324013775,5.3705089347062));
#7250=CARTESIAN_POINT('Ctrl Pts',(7.24113107505415,22.2890495188532,5.47300003224463));
#7251=CARTESIAN_POINT('Ctrl Pts',(7.04793705865357,22.25,5.46162457752746));
#7252=CARTESIAN_POINT('Ctrl Pts',(6.93524076577,22.25,5.4034278856957));
#7253=CARTESIAN_POINT('',(6.91465829359604,33.,5.39217985566782));
#7254=CARTESIAN_POINT('Origin',(7.16465829359604,33.,4.9591671537756));
#7255=CARTESIAN_POINT('',(6.91465829359604,22.25,5.39217985566782));
#7256=CARTESIAN_POINT('',(6.91465829359604,22.,5.39217985566782));
#7257=CARTESIAN_POINT('Origin',(7.16465829359604,22.25,4.9591671537756));
#7258=CARTESIAN_POINT('Origin',(-4.93736229678632E-8,22.,1.4));
#7259=CARTESIAN_POINT('',(-7.6124495387789,22.5,5.18161510088658));
#7260=CARTESIAN_POINT('',(-8.50000004937362,22.5,1.4));
#7261=CARTESIAN_POINT('Origin',(-4.93736229678632E-8,22.5,1.4));
#7262=CARTESIAN_POINT('',(-7.6124495387789,33.,5.18161510088658));
#7263=CARTESIAN_POINT('',(-7.6124495387789,22.,5.18161510088658));
#7264=CARTESIAN_POINT('',(-8.50000004937362,33.,1.4));
#7265=CARTESIAN_POINT('Origin',(-4.93736229678632E-8,33.,1.4));
#7266=CARTESIAN_POINT('',(-8.50000004937362,22.,1.4));
#7267=CARTESIAN_POINT('Origin',(-8.50000004937362,22.,-3.6));
#7268=CARTESIAN_POINT('',(-8.50000004937362,22.5,-3.6));
#7269=CARTESIAN_POINT('',(-8.50000004937362,22.5,-2.1625));
#7270=CARTESIAN_POINT('',(-8.50000004937362,33.,-3.6));
#7271=CARTESIAN_POINT('',(-8.50000004937362,33.,-3.6));
#7272=CARTESIAN_POINT('',(-8.50000004937362,22.,-3.6));
#7273=CARTESIAN_POINT('Origin',(-7.16465839234329,22.,4.9591671537756));
#7274=CARTESIAN_POINT('',(-6.93524086451725,22.25,5.4034278856957));
#7275=CARTESIAN_POINT('Origin',(-7.16465839234329,22.25,4.9591671537756));
#7276=CARTESIAN_POINT('Origin',(-7.16465839234329,33.,4.9591671537756));
#7277=CARTESIAN_POINT('Ctrl Pts',(-6.93524086451725,22.25,5.4034278856957));
#7278=CARTESIAN_POINT('Ctrl Pts',(-6.99158901095902,22.25,5.43252623161158));
#7279=CARTESIAN_POINT('Ctrl Pts',(-7.11649315506018,22.2629380127287,5.4678669165316));
#7280=CARTESIAN_POINT('Ctrl Pts',(-7.28724091350954,22.3083964056596,5.45251134243931));
#7281=CARTESIAN_POINT('Ctrl Pts',(-7.4288547317917,22.3667897478013,5.39197814226691));
#7282=CARTESIAN_POINT('Ctrl Pts',(-7.53800547744853,22.4309937951393,5.30112042151769));
#7283=CARTESIAN_POINT('Ctrl Pts',(-7.59005802546606,22.4756211740983,5.22577827670519));
#7284=CARTESIAN_POINT('Ctrl Pts',(-7.61115949511602,22.4985785999763,5.18419771105255));
#7285=CARTESIAN_POINT('Ctrl Pts',(-7.61180736886268,22.4992893110187,5.18290779882658));
#7286=CARTESIAN_POINT('Ctrl Pts',(-7.6124495387789,22.5,5.18161510088657));
#7287=CARTESIAN_POINT('Origin',(-8.00000004937362,22.5,-2.1625));
#7288=CARTESIAN_POINT('',(-8.00000004937362,22.,1.4));
#7289=CARTESIAN_POINT('Origin',(-8.00000004937362,22.5,1.4));
#7290=CARTESIAN_POINT('',(-8.00000004937363,22.,-3.6));
#7291=CARTESIAN_POINT('Origin',(-8.00000004937362,22.5,-3.6));
#7292=CARTESIAN_POINT('',(-8.00000004937363,22.,-3.6));
#7293=CARTESIAN_POINT('Origin',(-4.93736229678632E-8,22.5,1.4));
#7294=CARTESIAN_POINT('',(-7.04994962843027,22.,5.18129751973565));
#7295=CARTESIAN_POINT('Ctrl Pts',(-7.6124495387789,22.5,5.18161510088657));
#7296=CARTESIAN_POINT('Ctrl Pts',(-7.61211872397362,22.4985786220375,5.18228103618891));
#7297=CARTESIAN_POINT('Ctrl Pts',(-7.61178230025377,22.4971571999526,5.18294420769866));
#7298=CARTESIAN_POINT('Ctrl Pts',(-7.60074372389654,22.4512423481964,5.20428100083142));
#7299=CARTESIAN_POINT('Ctrl Pts',(-7.56841715333284,22.3619875902786,5.24034962814065));
#7300=CARTESIAN_POINT('Ctrl Pts',(-7.48820852252437,22.2335794956026,5.27474376355734));
#7301=CARTESIAN_POINT('Ctrl Pts',(-7.37353059044623,22.1167928113192,5.283719664315));
#7302=CARTESIAN_POINT('Ctrl Pts',(-7.22438395180081,22.0258760254574,5.25842226422496));
#7303=CARTESIAN_POINT('Ctrl Pts',(-7.10606359336077,22.,5.21083247976037));
#7304=CARTESIAN_POINT('Ctrl Pts',(-7.04994962843027,22.,5.18129751973565));
#7305=CARTESIAN_POINT('Origin',(-4.93736229678632E-8,22.,1.4));
#7306=CARTESIAN_POINT('Origin',(-3.345532019697,22.25,3.04286864905389));
#7307=CARTESIAN_POINT('',(-6.18331045739994,22.,4.68126079396219));
#7308=CARTESIAN_POINT('Ctrl Pts',(-6.18331045739994,22.,4.68126079396219));
#7309=CARTESIAN_POINT('Ctrl Pts',(-6.16859215101208,22.,4.70899643059432));
#7310=CARTESIAN_POINT('Ctrl Pts',(-6.15268666923649,22.006269267027,4.73847216596236));
#7311=CARTESIAN_POINT('Ctrl Pts',(-6.12306408135452,22.0317798870124,4.79249700153183));
#7312=CARTESIAN_POINT('Ctrl Pts',(-6.10935761666471,22.051021501394,4.81705181245402));
#7313=CARTESIAN_POINT('Ctrl Pts',(-6.08756090955385,22.0954193631584,4.85573371261831));
#7314=CARTESIAN_POINT('Ctrl Pts',(-6.07801901435537,22.123531141268,4.87244124481813));
#7315=CARTESIAN_POINT('Ctrl Pts',(-6.06532227431873,22.1851260557586,4.89457136784634));
#7316=CARTESIAN_POINT('Ctrl Pts',(-6.0621778758647,22.2186091743353,4.89999999999999));
#7317=CARTESIAN_POINT('Ctrl Pts',(-6.0621778758647,22.25,4.89999999999999));
#7318=CARTESIAN_POINT('',(-7.03965839234329,22.,5.17567350472171));
#7319=CARTESIAN_POINT('Origin',(-7.03965839234329,22.25,5.17567350472171));
#7320=CARTESIAN_POINT('',(-3.345532019697,22.,3.04286864905389));
#7321=CARTESIAN_POINT('Ctrl Pts',(-7.04994962843027,22.,5.18129751973565));
#7322=CARTESIAN_POINT('Ctrl Pts',(-7.0447380354421,22.,5.17860623803219));
#7323=CARTESIAN_POINT('Ctrl Pts',(-7.03965839234329,22.,5.17567350472171));
#7324=CARTESIAN_POINT('Ctrl Pts',(-6.93524086451725,22.,5.4034278856957));
#7325=CARTESIAN_POINT('Ctrl Pts',(-6.92481767854091,22.,5.39804532228879));
#7326=CARTESIAN_POINT('Ctrl Pts',(-6.91465839234329,22.,5.39217985566782));
#7327=CARTESIAN_POINT('Ctrl Pts',(-6.93524086451725,22.25,5.4034278856957));
#7328=CARTESIAN_POINT('Ctrl Pts',(-6.92481767854091,22.25,5.39804532228879));
#7329=CARTESIAN_POINT('Ctrl Pts',(-6.91465839234329,22.25,5.39217985566782));
#7330=CARTESIAN_POINT('Origin',(-7.04994962843027,22.25,5.18129751973565));
#7331=CARTESIAN_POINT('Origin',(-7.16465839234329,22.,4.9591671537756));
#7332=CARTESIAN_POINT('Ctrl Pts',(-6.93524086451725,22.25,5.4034278856957));
#7333=CARTESIAN_POINT('Ctrl Pts',(-6.99158901095902,22.25,5.43252623161158));
#7334=CARTESIAN_POINT('Ctrl Pts',(-7.11649315506018,22.2629380127287,5.4678669165316));
#7335=CARTESIAN_POINT('Ctrl Pts',(-7.28724091350954,22.3083964056596,5.45251134243931));
#7336=CARTESIAN_POINT('Ctrl Pts',(-7.4288547317917,22.3667897478013,5.39197814226691));
#7337=CARTESIAN_POINT('Ctrl Pts',(-7.53800547744853,22.4309937951393,5.30112042151769));
#7338=CARTESIAN_POINT('Ctrl Pts',(-7.59005802546606,22.4756211740983,5.22577827670519));
#7339=CARTESIAN_POINT('Ctrl Pts',(-7.61115949511602,22.4985785999763,5.18419771105255));
#7340=CARTESIAN_POINT('Ctrl Pts',(-7.61180736886268,22.4992893110187,5.18290779882658));
#7341=CARTESIAN_POINT('Ctrl Pts',(-7.6124495387789,22.5,5.18161510088657));
#7342=CARTESIAN_POINT('Ctrl Pts',(-6.93524086451725,22.1845501530502,5.4034278856957));
#7343=CARTESIAN_POINT('Ctrl Pts',(-6.99903529239847,22.1846334522532,5.43636847869571));
#7344=CARTESIAN_POINT('Ctrl Pts',(-7.14066159693855,22.2060268056194,5.47161994896442));
#7345=CARTESIAN_POINT('Ctrl Pts',(-7.31400005748293,22.269704867981,5.44515711490657));
#7346=CARTESIAN_POINT('Ctrl Pts',(-7.44665761766885,22.34295181872,5.3799262560034));
#7347=CARTESIAN_POINT('Ctrl Pts',(-7.54506024571893,22.41953823548,5.29182779552999));
#7348=CARTESIAN_POINT('Ctrl Pts',(-7.59190054690471,22.4715621873515,5.22220803498586));
#7349=CARTESIAN_POINT('Ctrl Pts',(-7.61126412242459,22.4983416172515,5.18398955750909));
#7350=CARTESIAN_POINT('Ctrl Pts',(-7.61185926138117,22.4991708628552,5.18280333838697));
#7351=CARTESIAN_POINT('Ctrl Pts',(-7.6124495387789,22.5,5.18161510088657));
#7352=CARTESIAN_POINT('Ctrl Pts',(-6.96014483626435,22.0542765236447,5.35520202945478));
#7353=CARTESIAN_POINT('Ctrl Pts',(-7.03232742032486,22.0545192073145,5.39264035318236));
#7354=CARTESIAN_POINT('Ctrl Pts',(-7.19018586073762,22.0924270484577,5.43222631716418));
#7355=CARTESIAN_POINT('Ctrl Pts',(-7.35845730982473,22.1921328463194,5.4057021665613));
#7356=CARTESIAN_POINT('Ctrl Pts',(-7.47497291020385,22.2950699434408,5.34748000775121));
#7357=CARTESIAN_POINT('Ctrl Pts',(-7.55704340545518,22.3965216777457,5.27260332809367));
#7358=CARTESIAN_POINT('Ctrl Pts',(-7.59550834258883,22.4634319475469,5.21508246465872));
#7359=CARTESIAN_POINT('Ctrl Pts',(-7.61147285303585,22.4978678868244,5.183571952834));
#7360=CARTESIAN_POINT('Ctrl Pts',(-7.61196304641815,22.4989339665281,5.18259441750774));
#7361=CARTESIAN_POINT('Ctrl Pts',(-7.6124495387789,22.5,5.18161510088657));
#7362=CARTESIAN_POINT('Ctrl Pts',(-7.01991894426264,22.,5.2394511135556));
#7363=CARTESIAN_POINT('Ctrl Pts',(-7.08351748878737,22.0001326009669,5.27275854637709));
#7364=CARTESIAN_POINT('Ctrl Pts',(-7.21894994198316,22.0339858028379,5.3196304949602));
#7365=CARTESIAN_POINT('Ctrl Pts',(-7.37423334933224,22.1359362459445,5.32731868348072));
#7366=CARTESIAN_POINT('Ctrl Pts',(-7.48686917418101,22.2526907850051,5.30049143123699));
#7367=CARTESIAN_POINT('Ctrl Pts',(-7.5652925084643,22.3736236336275,5.25139315408143));
#7368=CARTESIAN_POINT('Ctrl Pts',(-7.59901893626031,22.4553214343088,5.2078869789957));
#7369=CARTESIAN_POINT('Ctrl Pts',(-7.61167943157823,22.4973937864024,5.1831536839359));
#7370=CARTESIAN_POINT('Ctrl Pts',(-7.61206683145513,22.4986970702011,5.18238549662852));
#7371=CARTESIAN_POINT('Ctrl Pts',(-7.6124495387789,22.5,5.18161510088657));
#7372=CARTESIAN_POINT('Ctrl Pts',(-7.04994962843027,22.,5.18129751973565));
#7373=CARTESIAN_POINT('Ctrl Pts',(-7.10606359336077,22.,5.21083247976037));
#7374=CARTESIAN_POINT('Ctrl Pts',(-7.22438395180081,22.0258760254574,5.25842226422496));
#7375=CARTESIAN_POINT('Ctrl Pts',(-7.37353059044623,22.1167928113192,5.283719664315));
#7376=CARTESIAN_POINT('Ctrl Pts',(-7.48820852252437,22.2335794956026,5.27474376355734));
#7377=CARTESIAN_POINT('Ctrl Pts',(-7.56841715333284,22.3619875902786,5.24034962814065));
#7378=CARTESIAN_POINT('Ctrl Pts',(-7.60074372389654,22.4512423481964,5.20428100083142));
#7379=CARTESIAN_POINT('Ctrl Pts',(-7.61178230025377,22.4971571999526,5.18294420769866));
#7380=CARTESIAN_POINT('Ctrl Pts',(-7.61211872397362,22.4985786220375,5.18228103618891));
#7381=CARTESIAN_POINT('Ctrl Pts',(-7.6124495387789,22.5,5.18161510088657));
#7382=CARTESIAN_POINT('Origin',(-4.93736229678632E-8,22.5,1.4));
#7383=CARTESIAN_POINT('',(7.04994952968302,22.,5.18129751973565));
#7384=CARTESIAN_POINT('Ctrl Pts',(7.04994952968303,22.,5.18129751973565));
#7385=CARTESIAN_POINT('Ctrl Pts',(7.16217745954404,22.,5.24036743978509));
#7386=CARTESIAN_POINT('Ctrl Pts',(7.33634206690187,22.0780990377065,5.28714025646442));
#7387=CARTESIAN_POINT('Ctrl Pts',(7.52400282179381,22.2724648027551,5.2703956628563));
#7388=CARTESIAN_POINT('Ctrl Pts',(7.58981631146409,22.4067963984059,5.22480156015268));
#7389=CARTESIAN_POINT('Ctrl Pts',(7.61178455632051,22.4971566653139,5.18294582592211));
#7390=CARTESIAN_POINT('Ctrl Pts',(7.61211862522612,22.498578622037,5.18228103618941));
#7391=CARTESIAN_POINT('Ctrl Pts',(7.61244944003165,22.5,5.18161510088657));
#7392=CARTESIAN_POINT('Origin',(-4.93736229678632E-8,22.,1.4));
#7393=CARTESIAN_POINT('Origin',(2.69601286811143,22.25,2.66786864905389));
#7394=CARTESIAN_POINT('',(6.06217777711745,22.25,4.89999999999999));
#7395=CARTESIAN_POINT('',(6.1833103586527,22.,4.68126079396219));
#7396=CARTESIAN_POINT('Ctrl Pts',(6.06217777711745,22.25,4.89999999999999));
#7397=CARTESIAN_POINT('Ctrl Pts',(6.06217777711745,22.2186091743353,4.89999999999999));
#7398=CARTESIAN_POINT('Ctrl Pts',(6.06532217557149,22.1851260557586,4.89457136784634));
#7399=CARTESIAN_POINT('Ctrl Pts',(6.07801891560812,22.123531141268,4.87244124481813));
#7400=CARTESIAN_POINT('Ctrl Pts',(6.08756081080661,22.0954193631584,4.85573371261831));
#7401=CARTESIAN_POINT('Ctrl Pts',(6.10935751791746,22.051021501394,4.81705181245402));
#7402=CARTESIAN_POINT('Ctrl Pts',(6.12306398260727,22.0317798870124,4.79249700153183));
#7403=CARTESIAN_POINT('Ctrl Pts',(6.15268657048925,22.006269267027,4.73847216596235));
#7404=CARTESIAN_POINT('Ctrl Pts',(6.16859205226483,22.,4.70899643059432));
#7405=CARTESIAN_POINT('Ctrl Pts',(6.1833103586527,22.,4.68126079396219));
#7406=CARTESIAN_POINT('',(7.03965829359604,22.,5.17567350472171));
#7407=CARTESIAN_POINT('',(2.69601286811143,22.,2.66786864905389));
#7408=CARTESIAN_POINT('Origin',(7.03965829359604,22.25,5.17567350472171));
#7409=CARTESIAN_POINT('',(2.57101286811143,22.25,2.884375));
#7410=CARTESIAN_POINT('Ctrl Pts',(7.03965829359604,22.,5.17567350472171));
#7411=CARTESIAN_POINT('Ctrl Pts',(7.04473793669485,22.,5.17860623803219));
#7412=CARTESIAN_POINT('Ctrl Pts',(7.04994952968302,22.,5.18129751973565));
#7413=CARTESIAN_POINT('Ctrl Pts',(6.91465829359604,22.,5.39217985566782));
#7414=CARTESIAN_POINT('Ctrl Pts',(6.92481757979366,22.,5.39804532228879));
#7415=CARTESIAN_POINT('Ctrl Pts',(6.93524076577,22.,5.40342788569571));
#7416=CARTESIAN_POINT('Ctrl Pts',(6.91465829359604,22.25,5.39217985566782));
#7417=CARTESIAN_POINT('Ctrl Pts',(6.92481757979366,22.25,5.39804532228879));
#7418=CARTESIAN_POINT('Ctrl Pts',(6.93524076577,22.25,5.40342788569571));
#7419=CARTESIAN_POINT('Origin',(7.16465829359604,22.,4.9591671537756));
#7420=CARTESIAN_POINT('Origin',(7.04994952968302,22.25,5.18129751973565));
#7421=CARTESIAN_POINT('Ctrl Pts',(7.61244944003165,22.5,5.18161510088657));
#7422=CARTESIAN_POINT('Ctrl Pts',(7.61180727011511,22.4992893110186,5.18290779882722));
#7423=CARTESIAN_POINT('Ctrl Pts',(7.61116163118128,22.4985783326569,5.18419951734747));
#7424=CARTESIAN_POINT('Ctrl Pts',(7.56938979284262,22.4533981992028,5.26589961249183));
#7425=CARTESIAN_POINT('Ctrl Pts',(7.473593621219,22.3862324013775,5.3705089347062));
#7426=CARTESIAN_POINT('Ctrl Pts',(7.24113107505415,22.2890495188532,5.47300003224463));
#7427=CARTESIAN_POINT('Ctrl Pts',(7.04793705865357,22.25,5.46162457752746));
#7428=CARTESIAN_POINT('Ctrl Pts',(6.93524076577,22.25,5.4034278856957));
#7429=CARTESIAN_POINT('Ctrl Pts',(7.61244944003165,22.5,5.18161510088657));
#7430=CARTESIAN_POINT('Ctrl Pts',(7.61193417895449,22.4990641513998,5.18269305733765));
#7431=CARTESIAN_POINT('Ctrl Pts',(7.61134578378458,22.4980912148932,5.18379000357622));
#7432=CARTESIAN_POINT('Ctrl Pts',(7.57724011177264,22.438372842495,5.25188193930425));
#7433=CARTESIAN_POINT('Ctrl Pts',(7.50145991632947,22.3476686717684,5.34382177247116));
#7434=CARTESIAN_POINT('Ctrl Pts',(7.3026625862374,22.2023507640704,5.46208299194699));
#7435=CARTESIAN_POINT('Ctrl Pts',(7.08490587916656,22.1210737007609,5.47829480326509));
#7436=CARTESIAN_POINT('Ctrl Pts',(6.93524076577,22.1191003061004,5.40342788569571));
#7437=CARTESIAN_POINT('Ctrl Pts',(7.61244944003165,22.5,5.18161510088657));
#7438=CARTESIAN_POINT('Ctrl Pts',(7.61203612382505,22.4988315822533,5.18248791236556));
#7439=CARTESIAN_POINT('Ctrl Pts',(7.61155567820742,22.4976119726684,5.18336745912507));
#7440=CARTESIAN_POINT('Ctrl Pts',(7.58394414984466,22.4230987882689,5.23840773440946));
#7441=CARTESIAN_POINT('Ctrl Pts',(7.5184354830869,22.3093487603432,5.31007632566352));
#7442=CARTESIAN_POINT('Ctrl Pts',(7.34124442544792,22.116794093408,5.38671224539664));
#7443=CARTESIAN_POINT('Ctrl Pts',(7.13895906348592,22.0027802585876,5.37358139987451));
#7444=CARTESIAN_POINT('Ctrl Pts',(6.98988816134777,22.,5.29760470737554));
#7445=CARTESIAN_POINT('Ctrl Pts',(7.61244944003165,22.5,5.18161510088657));
#7446=CARTESIAN_POINT('Ctrl Pts',(7.61211862522612,22.498578622037,5.18228103618941));
#7447=CARTESIAN_POINT('Ctrl Pts',(7.61178455632051,22.4971566653139,5.18294582592211));
#7448=CARTESIAN_POINT('Ctrl Pts',(7.58981631146409,22.4067963984059,5.22480156015268));
#7449=CARTESIAN_POINT('Ctrl Pts',(7.52400282179381,22.2724648027551,5.2703956628563));
#7450=CARTESIAN_POINT('Ctrl Pts',(7.33634206690187,22.0780990377065,5.28714025646442));
#7451=CARTESIAN_POINT('Ctrl Pts',(7.16217745954404,22.,5.24036743978509));
#7452=CARTESIAN_POINT('Ctrl Pts',(7.04994952968303,22.,5.18129751973565));
#7453=CARTESIAN_POINT('Origin',(6.06217777711745,22.,4.89999999999999));
#7454=CARTESIAN_POINT('',(6.70086247624396,32.75,5.26874478296798));
#7455=CARTESIAN_POINT('',(6.70086247624396,33.,5.26874478296798));
#7456=CARTESIAN_POINT('',(6.70086247624396,33.,5.26874478296798));
#7457=CARTESIAN_POINT('',(6.06217777711745,32.75,4.89999999999999));
#7458=CARTESIAN_POINT('',(2.57101286811143,32.75,2.884375));
#7459=CARTESIAN_POINT('',(6.06217777711745,22.,4.89999999999999));
#7460=CARTESIAN_POINT('',(7.36121588279411,33.,5.64999999999999));
#7461=CARTESIAN_POINT('Origin',(2.69601286811143,32.75,2.66786864905389));
#7462=CARTESIAN_POINT('',(6.1833103586527,33.,4.68126079396219));
#7463=CARTESIAN_POINT('Ctrl Pts',(6.1833103586527,33.,4.68126079396219));
#7464=CARTESIAN_POINT('Ctrl Pts',(6.16859205226483,33.,4.70899643059432));
#7465=CARTESIAN_POINT('Ctrl Pts',(6.15268657048925,32.993730732973,4.73847216596235));
#7466=CARTESIAN_POINT('Ctrl Pts',(6.12306398260727,32.9682201129876,4.79249700153183));
#7467=CARTESIAN_POINT('Ctrl Pts',(6.10935751791746,32.948978498606,4.81705181245402));
#7468=CARTESIAN_POINT('Ctrl Pts',(6.08756081080661,32.9045806368416,4.85573371261831));
#7469=CARTESIAN_POINT('Ctrl Pts',(6.07801891560813,32.8764688587321,4.87244124481813));
#7470=CARTESIAN_POINT('Ctrl Pts',(6.06532217557149,32.8148739442414,4.89457136784633));
#7471=CARTESIAN_POINT('Ctrl Pts',(6.06217777711745,32.7813908256647,4.89999999999999));
#7472=CARTESIAN_POINT('Ctrl Pts',(6.06217777711745,32.75,4.89999999999999));
#7473=CARTESIAN_POINT('',(6.80970699703568,33.,5.04291106175208));
#7474=CARTESIAN_POINT('Ctrl Pts',(6.80970699703568,33.,5.04291106175208));
#7475=CARTESIAN_POINT('Ctrl Pts',(6.79650946547235,33.,5.07150599234865));
#7476=CARTESIAN_POINT('Ctrl Pts',(6.78222931367702,32.9937369888261,5.10192450190431));
#7477=CARTESIAN_POINT('Ctrl Pts',(6.75560386916196,32.9682079530101,5.15772487247945));
#7478=CARTESIAN_POINT('Ctrl Pts',(6.74326903710003,32.9489405882753,5.18311111117224));
#7479=CARTESIAN_POINT('Ctrl Pts',(6.72367590924191,32.9045082152866,5.22305200812192));
#7480=CARTESIAN_POINT('Ctrl Pts',(6.71510262552948,32.8764165447753,5.24029326263974));
#7481=CARTESIAN_POINT('Ctrl Pts',(6.70369095005121,32.8148536025902,5.26313692837564));
#7482=CARTESIAN_POINT('Ctrl Pts',(6.70086247624396,32.7813825128132,5.26874478296798));
#7483=CARTESIAN_POINT('Ctrl Pts',(6.70086247624396,32.75,5.26874478296798));
#7484=CARTESIAN_POINT('',(2.69601286811143,33.,2.66786864905389));
#7485=CARTESIAN_POINT('Origin',(-4.93736229678632E-8,22.,1.4));
#7486=CARTESIAN_POINT('Origin',(-4.93736229678632E-8,22.,1.4));
#7487=CARTESIAN_POINT('',(-6.18331045739994,33.,4.68126079396219));
#7488=CARTESIAN_POINT('Origin',(-4.93736229678632E-8,33.,1.4));
#7489=CARTESIAN_POINT('Ctrl Pts',(-6.0621778758647,32.75,4.89999999999999));
#7490=CARTESIAN_POINT('Ctrl Pts',(-6.0621778758647,32.7813908256647,4.89999999999999));
#7491=CARTESIAN_POINT('Ctrl Pts',(-6.06532227431873,32.8148739442414,4.89457136784633));
#7492=CARTESIAN_POINT('Ctrl Pts',(-6.07801901435537,32.8764688587321,4.87244124481813));
#7493=CARTESIAN_POINT('Ctrl Pts',(-6.08756090955385,32.9045806368416,4.85573371261831));
#7494=CARTESIAN_POINT('Ctrl Pts',(-6.10935761666471,32.948978498606,4.81705181245402));
#7495=CARTESIAN_POINT('Ctrl Pts',(-6.12306408135452,32.9682201129876,4.79249700153183));
#7496=CARTESIAN_POINT('Ctrl Pts',(-6.1526866692365,32.993730732973,4.73847216596235));
#7497=CARTESIAN_POINT('Ctrl Pts',(-6.16859215101208,33.,4.70899643059432));
#7498=CARTESIAN_POINT('Ctrl Pts',(-6.18331045739994,33.,4.68126079396219));
#7499=CARTESIAN_POINT('Origin',(-4.93736229678632E-8,33.,-0.725000000000002));
#7500=CARTESIAN_POINT('',(-6.80970709578292,33.,5.04291106175208));
#7501=CARTESIAN_POINT('',(-3.345532019697,33.,3.04286864905389));
#7502=CARTESIAN_POINT('Origin',(-4.93736229678632E-8,33.,1.9));
#7503=CARTESIAN_POINT('',(13.2112509534816,33.,-3.6));
#7504=CARTESIAN_POINT('',(3.54999997629556,33.,-3.6));
#7505=CARTESIAN_POINT('',(14.2131249787085,33.,-4.6));
#7506=CARTESIAN_POINT('Origin',(13.2112509534816,33.,-4.6));
#7507=CARTESIAN_POINT('',(14.2131249787085,33.,-7.1));
#7508=CARTESIAN_POINT('',(14.2131249787085,33.,-0.890217489035721));
#7509=CARTESIAN_POINT('',(-14.2131250212924,33.,-7.1));
#7510=CARTESIAN_POINT('',(6.04999997629556,33.,-7.1));
#7511=CARTESIAN_POINT('',(-14.2131250212924,33.,-4.6));
#7512=CARTESIAN_POINT('',(-14.2131250212924,33.,-0.890217489035721));
#7513=CARTESIAN_POINT('',(-13.21125099599,33.,-3.6));
#7514=CARTESIAN_POINT('Origin',(-13.21125099599,33.,-4.6));
#7515=CARTESIAN_POINT('',(-6.05000002370444,33.,-3.6));
#7516=CARTESIAN_POINT('Origin',(-4.93736229678632E-8,33.,1.9));
#7517=CARTESIAN_POINT('Origin',(-3.345532019697,32.75,3.04286864905389));
#7518=CARTESIAN_POINT('Ctrl Pts',(-6.70086257499121,32.75,5.26874478296798));
#7519=CARTESIAN_POINT('Ctrl Pts',(-6.70086257499121,32.7813825128132,5.26874478296798));
#7520=CARTESIAN_POINT('Ctrl Pts',(-6.70369104879846,32.8148536025902,5.26313692837564));
#7521=CARTESIAN_POINT('Ctrl Pts',(-6.71510272427673,32.8764165447753,5.24029326263974));
#7522=CARTESIAN_POINT('Ctrl Pts',(-6.72367600798915,32.9045082152866,5.22305200812192));
#7523=CARTESIAN_POINT('Ctrl Pts',(-6.74326913584728,32.9489405882753,5.18311111117224));
#7524=CARTESIAN_POINT('Ctrl Pts',(-6.7556039679092,32.9682079530101,5.15772487247945));
#7525=CARTESIAN_POINT('Ctrl Pts',(-6.78222941242426,32.9937369888261,5.10192450190431));
#7526=CARTESIAN_POINT('Ctrl Pts',(-6.79650956421959,33.,5.07150599234865));
#7527=CARTESIAN_POINT('Ctrl Pts',(-6.80970709578292,33.,5.04291106175208));
#7528=CARTESIAN_POINT('Origin',(-12.1,0.,-3.6));
#7529=CARTESIAN_POINT('',(-12.5375009892011,22.,-3.6));
#7530=CARTESIAN_POINT('',(-11.1476363270742,-0.691667724445524,-3.6));
#7531=CARTESIAN_POINT('',(-6.05000002370444,22.,-3.6));
#7532=CARTESIAN_POINT('Origin',(-11.1476363270742,-0.691667724445524,-4.6));
#7533=CARTESIAN_POINT('',(-13.5393750145035,22.,-4.6));
#7534=CARTESIAN_POINT('',(-12.1457658071734,-0.752803155717618,-4.6));
#7535=CARTESIAN_POINT('Origin',(-12.5375009892011,22.,-4.6));
#7536=CARTESIAN_POINT('Origin',(-12.1,-1.5,-3.6));
#7537=CARTESIAN_POINT('',(-13.5393750145035,22.,-7.1));
#7538=CARTESIAN_POINT('',(-14.5505415862827,38.5088418218842,-7.1));
#7539=CARTESIAN_POINT('',(-13.5393750145035,22.,-0.890217489035721));
#7540=CARTESIAN_POINT('Origin',(12.1,0.,-7.1));
#7541=CARTESIAN_POINT('',(13.5393749854976,22.,-7.1));
#7542=CARTESIAN_POINT('',(13.876078288824,27.4971968443949,-7.1));
#7543=CARTESIAN_POINT('',(6.04999997629556,22.,-7.1));
#7544=CARTESIAN_POINT('Origin',(12.8656249922867,11.,-3.6));
#7545=CARTESIAN_POINT('',(13.5393749854976,22.,-4.6));
#7546=CARTESIAN_POINT('',(12.5192344503853,5.34464415686814,-4.6));
#7547=CARTESIAN_POINT('',(13.5393749854976,22.,-0.890217489035721));
#7548=CARTESIAN_POINT('Origin',(11.5211049702108,5.40577958691278,-4.6));
#7549=CARTESIAN_POINT('',(12.5375009602707,22.,-3.6));
#7550=CARTESIAN_POINT('',(11.5211049702108,5.40577958691278,-3.6));
#7551=CARTESIAN_POINT('Origin',(12.5375009602707,22.,-4.6));
#7552=CARTESIAN_POINT('Origin',(7.1,0.,-3.6));
#7553=CARTESIAN_POINT('',(3.54999997629556,22.,-3.6));
#7554=CARTESIAN_POINT('Origin',(-4.74088857060906E-8,22.,1.81956502192856));
#7555=CARTESIAN_POINT('Origin',(-4.93736229678632E-8,33.,1.9));
#7556=CARTESIAN_POINT('Origin',(-4.93736229678632E-8,33.,1.9));
#7557=CARTESIAN_POINT('Origin',(-9.00000004937363,33.,-3.59999999999999));
#7558=CARTESIAN_POINT('',(-9.00000004937363,33.5,1.9));
#7559=CARTESIAN_POINT('',(-9.00000004937363,33.5,-3.59999999999999));
#7560=CARTESIAN_POINT('',(-9.00000004937363,33.5,-1.97499999999999));
#7561=CARTESIAN_POINT('',(-9.00000004937363,44.,1.9));
#7562=CARTESIAN_POINT('',(-9.00000004937363,33.,1.9));
#7563=CARTESIAN_POINT('',(-9.00000004937363,44.,-3.59999999999999));
#7564=CARTESIAN_POINT('',(-9.00000004937363,44.,-3.59999999999999));
#7565=CARTESIAN_POINT('',(-9.00000004937363,33.,-3.59999999999999));
#7566=CARTESIAN_POINT('Origin',(-4.93736229678632E-8,33.,1.9));
#7567=CARTESIAN_POINT('',(-8.6740994262542,44.,4.29999999999999));
#7568=CARTESIAN_POINT('',(-8.6740994262542,43.75,4.29999999999999));
#7569=CARTESIAN_POINT('',(-8.6740994262542,44.,4.29999999999999));
#7570=CARTESIAN_POINT('Origin',(-4.93736229678632E-8,44.,1.9));
#7571=CARTESIAN_POINT('',(-8.04543805586136,33.5,5.93372374906396));
#7572=CARTESIAN_POINT('Origin',(-4.93736229678632E-8,33.5,1.9));
#7573=CARTESIAN_POINT('',(-8.04543805586136,43.75,5.93372374906396));
#7574=CARTESIAN_POINT('',(-8.04543805586136,33.,5.93372374906396));
#7575=CARTESIAN_POINT('Origin',(-4.93736229678632E-8,43.75,1.9));
#7576=CARTESIAN_POINT('Origin',(8.99999995062638,33.,1.9));
#7577=CARTESIAN_POINT('',(8.99999995062638,33.5,-3.59999999999999));
#7578=CARTESIAN_POINT('',(8.99999995062638,33.5,1.9));
#7579=CARTESIAN_POINT('',(8.99999995062638,33.5,0.775000000000006));
#7580=CARTESIAN_POINT('',(8.99999995062638,44.,-3.59999999999999));
#7581=CARTESIAN_POINT('',(8.99999995062638,33.,-3.59999999999999));
#7582=CARTESIAN_POINT('',(8.99999995062638,44.,1.9));
#7583=CARTESIAN_POINT('',(8.99999995062638,44.,-3.59999999999999));
#7584=CARTESIAN_POINT('',(8.99999995062638,33.,1.9));
#7585=CARTESIAN_POINT('Origin',(-11.7749999629702,38.4999999849003,-5.525));
#7586=CARTESIAN_POINT('',(-12.7749999629702,38.4999999849003,-3.6));
#7587=CARTESIAN_POINT('Origin',(-11.7749999629702,38.4999999849003,-3.6));
#7588=CARTESIAN_POINT('',(-12.7749999629702,38.4999999849003,-7.1));
#7589=CARTESIAN_POINT('',(-12.7749999629702,38.4999999849003,-5.525));
#7590=CARTESIAN_POINT('Origin',(-11.7749999629702,38.4999999849003,-7.1));
#7591=CARTESIAN_POINT('Origin',(11.7749999629702,38.500000000001,-5.525));
#7592=CARTESIAN_POINT('',(10.7749999629702,38.500000000001,-3.6));
#7593=CARTESIAN_POINT('Origin',(11.7749999629702,38.500000000001,-3.6));
#7594=CARTESIAN_POINT('',(10.7749999629702,38.500000000001,-7.1));
#7595=CARTESIAN_POINT('',(10.7749999629702,38.500000000001,-5.525));
#7596=CARTESIAN_POINT('Origin',(11.7749999629702,38.500000000001,-7.1));
#7597=CARTESIAN_POINT('Origin',(8.49999995062638,33.5,0.775000000000006));
#7598=CARTESIAN_POINT('',(8.49999995062637,33.,-3.6));
#7599=CARTESIAN_POINT('Origin',(8.49999995062638,33.5,-3.6));
#7600=CARTESIAN_POINT('',(8.49999995062638,33.,1.9));
#7601=CARTESIAN_POINT('Origin',(8.49999995062638,33.5,1.9));
#7602=CARTESIAN_POINT('',(8.49999995062638,33.,0.775000000000006));
#7603=CARTESIAN_POINT('Origin',(-4.93736229678632E-8,33.,-0.349999999999993));
#7604=CARTESIAN_POINT('',(-7.48314697723065,33.,5.9314404443206));
#7605=CARTESIAN_POINT('',(-7.47346927772315,33.,5.92613433617318));
#7606=CARTESIAN_POINT('Origin',(-7.59846927772316,33.,5.70962798522707));
#7607=CARTESIAN_POINT('',(-8.50000004937362,33.,1.9));
#7608=CARTESIAN_POINT('Origin',(-4.93736229678632E-8,33.,1.9));
#7609=CARTESIAN_POINT('',(-8.50000004937362,33.,-3.6));
#7610=CARTESIAN_POINT('',(-8.50000004937362,33.,-3.6));
#7611=CARTESIAN_POINT('',(-13.21125099599,33.,-3.6));
#7612=CARTESIAN_POINT('',(-6.05000002370444,33.,-3.6));
#7613=CARTESIAN_POINT('',(-14.2131250212924,33.,-4.6));
#7614=CARTESIAN_POINT('Origin',(-13.21125099599,33.,-4.6));
#7615=CARTESIAN_POINT('',(-14.2131250212924,33.,-7.1));
#7616=CARTESIAN_POINT('',(-14.2131250212924,33.,-0.890217489035721));
#7617=CARTESIAN_POINT('',(14.2131249787085,33.,-7.1));
#7618=CARTESIAN_POINT('',(6.04999997629556,33.,-7.1));
#7619=CARTESIAN_POINT('',(14.2131249787085,33.,-4.6));
#7620=CARTESIAN_POINT('',(14.2131249787085,33.,-0.890217489035721));
#7621=CARTESIAN_POINT('',(13.2112509534816,33.,-3.6));
#7622=CARTESIAN_POINT('Origin',(13.2112509534816,33.,-4.6));
#7623=CARTESIAN_POINT('',(3.54999997629556,33.,-3.6));
#7624=CARTESIAN_POINT('',(7.48314687848341,33.,5.93144044432061));
#7625=CARTESIAN_POINT('Origin',(-4.93736229678632E-8,33.,1.9));
#7626=CARTESIAN_POINT('',(7.47346917897591,33.,5.92613433617318));
#7627=CARTESIAN_POINT('Origin',(7.59846917897591,33.,5.70962798522707));
#7628=CARTESIAN_POINT('',(6.61658103692577,33.,5.43140973669513));
#7629=CARTESIAN_POINT('',(2.88545592518928,33.,3.27724364905388));
#7630=CARTESIAN_POINT('',(-6.61658113567302,33.,5.43140973669513));
#7631=CARTESIAN_POINT('Origin',(-4.93736229678632E-8,33.,1.9));
#7632=CARTESIAN_POINT('',(-3.53497507677486,33.,3.65224364905388));
#7633=CARTESIAN_POINT('Origin',(-7.59846927772316,33.,5.70962798522707));
#7634=CARTESIAN_POINT('',(-7.34846927772315,43.75,6.14264068711929));
#7635=CARTESIAN_POINT('Origin',(-7.59846927772316,43.75,5.70962798522707));
#7636=CARTESIAN_POINT('',(-7.36782467673816,33.25,6.15325290341413));
#7637=CARTESIAN_POINT('Ctrl Pts',(-7.36782467673816,33.25,6.15325290341413));
#7638=CARTESIAN_POINT('Ctrl Pts',(-7.42406945943788,33.25,6.18249507384107));
#7639=CARTESIAN_POINT('Ctrl Pts',(-7.54882276493775,33.2629291006379,6.2181763132331));
#7640=CARTESIAN_POINT('Ctrl Pts',(-7.71953532517176,33.3083822381855,6.20333706143375));
#7641=CARTESIAN_POINT('Ctrl Pts',(-7.86124837312696,33.3667768689918,6.14328909803181));
#7642=CARTESIAN_POINT('Ctrl Pts',(-7.9706149570352,33.4309815582703,6.05287278679154));
#7643=CARTESIAN_POINT('Ctrl Pts',(-8.02289325049148,33.4756106712355,5.97778322711804));
#7644=CARTESIAN_POINT('Ctrl Pts',(-8.04413388497487,33.4985722926702,5.93631070991606));
#7645=CARTESIAN_POINT('Ctrl Pts',(-8.04478883809153,33.4992861578359,5.93501864223087));
#7646=CARTESIAN_POINT('Ctrl Pts',(-8.04543805586136,33.5,5.93372374906396));
#7647=CARTESIAN_POINT('',(-7.34846927772315,33.25,6.14264068711929));
#7648=CARTESIAN_POINT('Origin',(-7.59846927772316,33.25,5.70962798522707));
#7649=CARTESIAN_POINT('',(-7.34846927772315,33.,6.14264068711929));
#7650=CARTESIAN_POINT('Origin',(-4.93736229678632E-8,33.5,1.9));
#7651=CARTESIAN_POINT('Ctrl Pts',(-8.04543805586136,33.5,5.93372374906396));
#7652=CARTESIAN_POINT('Ctrl Pts',(-8.04510417243696,33.498572315672,5.93438969412106));
#7653=CARTESIAN_POINT('Ctrl Pts',(-8.04476464478315,33.4971445853405,5.93505283307658));
#7654=CARTESIAN_POINT('Ctrl Pts',(-8.0336720212373,33.4512213424709,5.95629691022373));
#7655=CARTESIAN_POINT('Ctrl Pts',(-8.00127268436789,33.3619631165407,5.99214448964159));
#7656=CARTESIAN_POINT('Ctrl Pts',(-7.92103520805436,33.2335537379836,6.0261435682446));
#7657=CARTESIAN_POINT('Ctrl Pts',(-7.8063937159853,33.116764476371,6.03468874796341));
#7658=CARTESIAN_POINT('Ctrl Pts',(-7.65734927878507,33.0258582012758,6.0089537867661));
#7659=CARTESIAN_POINT('Ctrl Pts',(-7.53917068539057,33.,5.96109297260505));
#7660=CARTESIAN_POINT('Ctrl Pts',(-7.48314697723066,33.,5.9314404443206));
#7661=CARTESIAN_POINT('Origin',(-8.50000004937362,33.5,1.9));
#7662=CARTESIAN_POINT('Origin',(-8.50000004937362,33.5,-1.97499999999999));
#7663=CARTESIAN_POINT('Origin',(-8.50000004937362,33.5,-3.6));
#7664=CARTESIAN_POINT('Origin',(-7.79422868343357,33.,6.40000000000001));
#7665=CARTESIAN_POINT('',(-6.49519057775692,43.75,5.65));
#7666=CARTESIAN_POINT('',(-3.40997507677486,43.75,3.86874999999999));
#7667=CARTESIAN_POINT('',(-6.49519057775692,33.25,5.65));
#7668=CARTESIAN_POINT('',(-3.40997507677486,33.25,3.86874999999999));
#7669=CARTESIAN_POINT('',(-6.49519057775692,33.,5.65));
#7670=CARTESIAN_POINT('Ctrl Pts',(-7.36782467673816,33.25,6.15325290341413));
#7671=CARTESIAN_POINT('Ctrl Pts',(-7.42406945943788,33.25,6.18249507384107));
#7672=CARTESIAN_POINT('Ctrl Pts',(-7.54882276493775,33.2629291006379,6.2181763132331));
#7673=CARTESIAN_POINT('Ctrl Pts',(-7.71953532517176,33.3083822381855,6.20333706143375));
#7674=CARTESIAN_POINT('Ctrl Pts',(-7.86124837312696,33.3667768689918,6.14328909803181));
#7675=CARTESIAN_POINT('Ctrl Pts',(-7.9706149570352,33.4309815582703,6.05287278679154));
#7676=CARTESIAN_POINT('Ctrl Pts',(-8.02289325049148,33.4756106712355,5.97778322711804));
#7677=CARTESIAN_POINT('Ctrl Pts',(-8.04413388497487,33.4985722926702,5.93631070991606));
#7678=CARTESIAN_POINT('Ctrl Pts',(-8.04478883809153,33.4992861578359,5.93501864223087));
#7679=CARTESIAN_POINT('Ctrl Pts',(-8.04543805586136,33.5,5.93372374906396));
#7680=CARTESIAN_POINT('Ctrl Pts',(-7.36782467673816,33.1845501530502,6.15325290341413));
#7681=CARTESIAN_POINT('Ctrl Pts',(-7.43150222244767,33.1846285217364,6.1863565757501));
#7682=CARTESIAN_POINT('Ctrl Pts',(-7.57298782096198,33.2060013648513,6.22200278960514));
#7683=CARTESIAN_POINT('Ctrl Pts',(-7.74633911461086,33.2696812364911,6.19606026080451));
#7684=CARTESIAN_POINT('Ctrl Pts',(-7.87910730747907,33.3429349404066,6.13128472338224));
#7685=CARTESIAN_POINT('Ctrl Pts',(-7.9777104116187,33.419524054702,6.04359578961022));
#7686=CARTESIAN_POINT('Ctrl Pts',(-8.02475155902637,33.4715499497334,5.97421516859595));
#7687=CARTESIAN_POINT('Ctrl Pts',(-8.04423984374298,33.4983342580856,5.93610183673928));
#7688=CARTESIAN_POINT('Ctrl Pts',(-8.04484139381577,33.4991671841419,5.9349138175459));
#7689=CARTESIAN_POINT('Ctrl Pts',(-8.04543805586136,33.5,5.93372374906396));
#7690=CARTESIAN_POINT('Ctrl Pts',(-7.3928732621814,33.0543012611964,6.10507411830273));
#7691=CARTESIAN_POINT('Ctrl Pts',(-7.4649275271467,33.0545295803122,6.14268937981969));
#7692=CARTESIAN_POINT('Ctrl Pts',(-7.62265506015651,33.0923886516635,6.18271396613664));
#7693=CARTESIAN_POINT('Ctrl Pts',(-7.79096109122924,33.1921047810428,6.1566967713782));
#7694=CARTESIAN_POINT('Ctrl Pts',(-7.90756043537397,33.2950560572002,6.09889080188703));
#7695=CARTESIAN_POINT('Ctrl Pts',(-7.98977707117015,33.3965087367781,6.02438911333638));
#7696=CARTESIAN_POINT('Ctrl Pts',(-8.02839084062431,33.4634168639138,5.96709302766592));
#7697=CARTESIAN_POINT('Ctrl Pts',(-8.04445122914911,33.4978584127861,5.93568279269627));
#7698=CARTESIAN_POINT('Ctrl Pts',(-8.04494650526425,33.4989292367539,5.93470416817596));
#7699=CARTESIAN_POINT('Ctrl Pts',(-8.04543805586136,33.5,5.93372374906396));
#7700=CARTESIAN_POINT('Ctrl Pts',(-7.45295566956213,33.,5.98951081031751));
#7701=CARTESIAN_POINT('Ctrl Pts',(-7.51644825440131,33.0001247522569,6.0229592446149));
#7702=CARTESIAN_POINT('Ctrl Pts',(-7.65174232197991,33.0339446906706,6.07016586703852));
#7703=CARTESIAN_POINT('Ctrl Pts',(-7.80697255461021,33.1358971290656,6.07831675325722));
#7704=CARTESIAN_POINT('Ctrl Pts',(-7.91961329089018,33.2526636370415,6.05190866083909));
#7705=CARTESIAN_POINT('Ctrl Pts',(-7.99810652242088,33.3736013527662,6.00318943422888));
#7706=CARTESIAN_POINT('Ctrl Pts',(-8.03193195826389,33.455302214475,5.95990142230899));
#7707=CARTESIAN_POINT('Ctrl Pts',(-8.04466045717403,33.4973822210942,5.93526304665047));
#7708=CARTESIAN_POINT('Ctrl Pts',(-8.04505161671273,33.498691289366,5.93449451880603));
#7709=CARTESIAN_POINT('Ctrl Pts',(-8.04543805586136,33.5,5.93372374906396));
#7710=CARTESIAN_POINT('Ctrl Pts',(-7.48314697723066,33.,5.9314404443206));
#7711=CARTESIAN_POINT('Ctrl Pts',(-7.53917068539057,33.,5.96109297260505));
#7712=CARTESIAN_POINT('Ctrl Pts',(-7.65734927878507,33.0258582012758,6.0089537867661));
#7713=CARTESIAN_POINT('Ctrl Pts',(-7.8063937159853,33.116764476371,6.03468874796341));
#7714=CARTESIAN_POINT('Ctrl Pts',(-7.92103520805436,33.2335537379836,6.0261435682446));
#7715=CARTESIAN_POINT('Ctrl Pts',(-8.00127268436789,33.3619631165407,5.99214448964159));
#7716=CARTESIAN_POINT('Ctrl Pts',(-8.0336720212373,33.4512213424709,5.95629691022373));
#7717=CARTESIAN_POINT('Ctrl Pts',(-8.04476464478315,33.4971445853405,5.93505283307658));
#7718=CARTESIAN_POINT('Ctrl Pts',(-8.04510417243696,33.498572315672,5.93438969412106));
#7719=CARTESIAN_POINT('Ctrl Pts',(-8.04543805586136,33.5,5.93372374906396));
#7720=CARTESIAN_POINT('Origin',(-7.48314697723066,33.25,5.9314404443206));
#7721=CARTESIAN_POINT('Ctrl Pts',(-7.48314697723066,33.,5.9314404443206));
#7722=CARTESIAN_POINT('Ctrl Pts',(-7.47824955034192,33.,5.92889422785642));
#7723=CARTESIAN_POINT('Ctrl Pts',(-7.47346927772315,33.,5.92613433617318));
#7724=CARTESIAN_POINT('Ctrl Pts',(-7.36782467673816,33.,6.15325290341413));
#7725=CARTESIAN_POINT('Ctrl Pts',(-7.35802982296068,33.,6.14816047048578));
#7726=CARTESIAN_POINT('Ctrl Pts',(-7.34846927772315,33.,6.14264068711929));
#7727=CARTESIAN_POINT('Ctrl Pts',(-7.36782467673816,33.25,6.15325290341413));
#7728=CARTESIAN_POINT('Ctrl Pts',(-7.35802982296068,33.25,6.14816047048578));
#7729=CARTESIAN_POINT('Ctrl Pts',(-7.34846927772315,33.25,6.14264068711929));
#7730=CARTESIAN_POINT('Origin',(-7.47346927772315,33.25,5.92613433617318));
#7731=CARTESIAN_POINT('Origin',(-3.53497507677486,33.25,3.65224364905388));
#7732=CARTESIAN_POINT('Ctrl Pts',(-6.61658113567302,33.,5.43140973669513));
#7733=CARTESIAN_POINT('Ctrl Pts',(-6.60179730407881,33.,5.45910927535042));
#7734=CARTESIAN_POINT('Ctrl Pts',(-6.58583594762736,33.0062698012201,5.4885532591327));
#7735=CARTESIAN_POINT('Ctrl Pts',(-6.55613508765417,33.0317807815828,5.54253240647024));
#7736=CARTESIAN_POINT('Ctrl Pts',(-6.54240550417117,33.0510221883748,5.56707292013499));
#7737=CARTESIAN_POINT('Ctrl Pts',(-6.52058229068843,33.0954194170455,5.60573878580477));
#7738=CARTESIAN_POINT('Ctrl Pts',(-6.51103519111175,33.1235312167344,5.62244329976308));
#7739=CARTESIAN_POINT('Ctrl Pts',(-6.49833445947231,33.1851261203765,5.64457108777771));
#7740=CARTESIAN_POINT('Ctrl Pts',(-6.49519057775691,33.2186092088202,5.65));
#7741=CARTESIAN_POINT('Ctrl Pts',(-6.49519057775691,33.25,5.65));
#7742=CARTESIAN_POINT('Origin',(-4.93736229678632E-8,33.5,1.9));
#7743=CARTESIAN_POINT('',(8.04543795711412,33.5,5.93372374906396));
#7744=CARTESIAN_POINT('Ctrl Pts',(7.48314687848341,33.,5.9314404443206));
#7745=CARTESIAN_POINT('Ctrl Pts',(7.5391705866433,33.,5.96109297260504));
#7746=CARTESIAN_POINT('Ctrl Pts',(7.65737717580042,33.0253088448655,6.0092749489181));
#7747=CARTESIAN_POINT('Ctrl Pts',(7.90599625747167,33.1787787162779,6.05117330784979));
#7748=CARTESIAN_POINT('Ctrl Pts',(8.01212175402328,33.3626800367233,5.9971837997423));
#7749=CARTESIAN_POINT('Ctrl Pts',(8.04476493435769,33.4971412371343,5.93505491122631));
#7750=CARTESIAN_POINT('Ctrl Pts',(8.04510407369007,33.4985723156725,5.93438969412036));
#7751=CARTESIAN_POINT('Ctrl Pts',(8.04543795711412,33.5,5.93372374906396));
#7752=CARTESIAN_POINT('Origin',(-4.93736229678632E-8,33.5,1.9));
#7753=CARTESIAN_POINT('Ctrl Pts',(8.04543795711412,33.5,5.93372374906396));
#7754=CARTESIAN_POINT('Ctrl Pts',(8.04478873934469,33.499286157836,5.93501864223007));
#7755=CARTESIAN_POINT('Ctrl Pts',(8.04413333848063,33.4985706185671,5.93631423335447));
#7756=CARTESIAN_POINT('Ctrl Pts',(7.98179033372173,33.431340018362,6.05767511577357));
#7757=CARTESIAN_POINT('Ctrl Pts',(7.83392871050562,33.3393893581389,6.19215942521993));
#7758=CARTESIAN_POINT('Ctrl Pts',(7.54871282353273,33.2626544224328,6.21873487787805));
#7759=CARTESIAN_POINT('Ctrl Pts',(7.42406936069061,33.25,6.18249507384106));
#7760=CARTESIAN_POINT('Ctrl Pts',(7.36782457799092,33.25,6.15325290341413));
#7761=CARTESIAN_POINT('Ctrl Pts',(8.04543795711412,33.5,5.93372374906396));
#7762=CARTESIAN_POINT('Ctrl Pts',(8.04484040870697,33.4990510596385,5.93477644324268));
#7763=CARTESIAN_POINT('Ctrl Pts',(8.04440418380435,33.4980917160822,5.93593176662794));
#7764=CARTESIAN_POINT('Ctrl Pts',(7.98931684988863,33.408493521872,6.03578235929689));
#7765=CARTESIAN_POINT('Ctrl Pts',(7.88888847621133,33.2860698964273,6.16271180835584));
#7766=CARTESIAN_POINT('Ctrl Pts',(7.5973156690875,33.1486804574587,6.22678068987122));
#7767=CARTESIAN_POINT('Ctrl Pts',(7.4388585427506,33.1188704861514,6.19076414129299));
#7768=CARTESIAN_POINT('Ctrl Pts',(7.36782457799092,33.1191003061004,6.15325290341413));
#7769=CARTESIAN_POINT('Ctrl Pts',(8.04543795711412,33.5,5.93372374906396));
#7770=CARTESIAN_POINT('Ctrl Pts',(8.04494614043029,33.4988134316424,5.93456699948069));
#7771=CARTESIAN_POINT('Ctrl Pts',(8.04461468551823,33.4976135373166,5.93551057356159));
#7772=CARTESIAN_POINT('Ctrl Pts',(7.99935889038617,33.3858494108799,6.01582801040356));
#7773=CARTESIAN_POINT('Ctrl Pts',(7.91360571652676,33.2308189018038,6.11423818899564));
#7774=CARTESIAN_POINT('Ctrl Pts',(7.64646666183226,33.0412735122525,6.13201209183139));
#7775=CARTESIAN_POINT('Ctrl Pts',(7.49371596719949,32.9997341996285,6.08525338081704));
#7776=CARTESIAN_POINT('Ctrl Pts',(7.42276426314636,33.,6.04758117631442));
#7777=CARTESIAN_POINT('Ctrl Pts',(8.04543795711412,33.5,5.93372374906396));
#7778=CARTESIAN_POINT('Ctrl Pts',(8.04510407369007,33.4985723156725,5.93438969412036));
#7779=CARTESIAN_POINT('Ctrl Pts',(8.04476493435769,33.4971412371343,5.93505491122631));
#7780=CARTESIAN_POINT('Ctrl Pts',(8.01212175402328,33.3626800367233,5.9971837997423));
#7781=CARTESIAN_POINT('Ctrl Pts',(7.90599625747167,33.1787787162779,6.05117330784979));
#7782=CARTESIAN_POINT('Ctrl Pts',(7.65737717580042,33.0253088448655,6.0092749489181));
#7783=CARTESIAN_POINT('Ctrl Pts',(7.5391705866433,33.,5.96109297260504));
#7784=CARTESIAN_POINT('Ctrl Pts',(7.48314687848341,33.,5.9314404443206));
#7785=CARTESIAN_POINT('',(7.36782457799092,33.25,6.15325290341413));
#7786=CARTESIAN_POINT('Origin',(7.48314687848341,33.25,5.9314404443206));
#7787=CARTESIAN_POINT('Ctrl Pts',(8.04543795711412,33.5,5.93372374906396));
#7788=CARTESIAN_POINT('Ctrl Pts',(8.04478873934469,33.499286157836,5.93501864223007));
#7789=CARTESIAN_POINT('Ctrl Pts',(8.04413333848063,33.4985706185671,5.93631423335447));
#7790=CARTESIAN_POINT('Ctrl Pts',(7.98179033372173,33.431340018362,6.05767511577357));
#7791=CARTESIAN_POINT('Ctrl Pts',(7.83392871050562,33.3393893581389,6.19215942521993));
#7792=CARTESIAN_POINT('Ctrl Pts',(7.54871282353273,33.2626544224328,6.21873487787805));
#7793=CARTESIAN_POINT('Ctrl Pts',(7.42406936069061,33.25,6.18249507384106));
#7794=CARTESIAN_POINT('Ctrl Pts',(7.36782457799092,33.25,6.15325290341413));
#7795=CARTESIAN_POINT('Ctrl Pts',(7.47346917897591,33.,5.92613433617318));
#7796=CARTESIAN_POINT('Ctrl Pts',(7.47824945159468,33.,5.92889422785643));
#7797=CARTESIAN_POINT('Ctrl Pts',(7.48314687848341,33.,5.9314404443206));
#7798=CARTESIAN_POINT('Ctrl Pts',(7.34846917897591,33.,6.14264068711929));
#7799=CARTESIAN_POINT('Ctrl Pts',(7.35802972421344,33.,6.14816047048578));
#7800=CARTESIAN_POINT('Ctrl Pts',(7.36782457799092,33.,6.15325290341413));
#7801=CARTESIAN_POINT('Ctrl Pts',(7.34846917897591,33.25,6.14264068711929));
#7802=CARTESIAN_POINT('Ctrl Pts',(7.35802972421344,33.25,6.14816047048578));
#7803=CARTESIAN_POINT('Ctrl Pts',(7.36782457799092,33.25,6.15325290341413));
#7804=CARTESIAN_POINT('',(7.34846917897591,33.25,6.14264068711929));
#7805=CARTESIAN_POINT('Origin',(7.59846917897591,33.25,5.70962798522707));
#7806=CARTESIAN_POINT('Origin',(7.47346917897591,33.25,5.92613433617318));
#7807=CARTESIAN_POINT('Origin',(2.88545592518928,33.25,3.27724364905388));
#7808=CARTESIAN_POINT('',(6.49519047900967,33.25,5.65));
#7809=CARTESIAN_POINT('Ctrl Pts',(6.49519047900967,33.25,5.65));
#7810=CARTESIAN_POINT('Ctrl Pts',(6.49519047900967,33.2186092088202,5.65));
#7811=CARTESIAN_POINT('Ctrl Pts',(6.49833436072507,33.1851261203765,5.64457108777771));
#7812=CARTESIAN_POINT('Ctrl Pts',(6.5110350923645,33.1235312167344,5.62244329976308));
#7813=CARTESIAN_POINT('Ctrl Pts',(6.52058219194118,33.0954194170455,5.60573878580477));
#7814=CARTESIAN_POINT('Ctrl Pts',(6.54240540542393,33.0510221883748,5.56707292013499));
#7815=CARTESIAN_POINT('Ctrl Pts',(6.55613498890692,33.0317807815828,5.54253240647024));
#7816=CARTESIAN_POINT('Ctrl Pts',(6.58583584888011,33.0062698012201,5.4885532591327));
#7817=CARTESIAN_POINT('Ctrl Pts',(6.60179720533156,33.,5.45910927535042));
#7818=CARTESIAN_POINT('Ctrl Pts',(6.61658103692577,33.,5.43140973669513));
#7819=CARTESIAN_POINT('',(2.76045592518928,33.25,3.49374999999998));
#7820=CARTESIAN_POINT('Origin',(6.49519047900967,33.,5.65));
#7821=CARTESIAN_POINT('',(6.49519047900967,43.75,5.65));
#7822=CARTESIAN_POINT('',(7.34846917897591,43.75,6.14264068711929));
#7823=CARTESIAN_POINT('',(2.76045592518928,43.75,3.49374999999998));
#7824=CARTESIAN_POINT('',(6.49519047900967,33.,5.65));
#7825=CARTESIAN_POINT('',(7.34846917897591,33.,6.14264068711929));
#7826=CARTESIAN_POINT('Origin',(7.59846917897591,33.,5.70962798522707));
#7827=CARTESIAN_POINT('',(8.04543795711412,43.75,5.93372374906396));
#7828=CARTESIAN_POINT('Origin',(7.59846917897591,43.75,5.70962798522707));
#7829=CARTESIAN_POINT('',(8.04543795711412,33.,5.93372374906396));
#7830=CARTESIAN_POINT('Origin',(-4.93736229678632E-8,33.,1.9));
#7831=CARTESIAN_POINT('',(8.67409932750695,43.75,4.30000000000002));
#7832=CARTESIAN_POINT('',(8.67409932750695,44.,4.30000000000002));
#7833=CARTESIAN_POINT('',(8.67409932750695,44.,4.30000000000002));
#7834=CARTESIAN_POINT('Origin',(-4.93736229678632E-8,43.75,1.9));
#7835=CARTESIAN_POINT('Origin',(-4.93736229678632E-8,44.,1.9));
#7836=CARTESIAN_POINT('Origin',(-4.93736229678632E-8,43.75,1.9));
#7837=CARTESIAN_POINT('',(8.72764997798197,44.,2.52500000000003));
#7838=CARTESIAN_POINT('Ctrl Pts',(8.72764997798197,44.,2.52500000000003));
#7839=CARTESIAN_POINT('Ctrl Pts',(8.77493365597806,44.,3.18528062968974));
#7840=CARTESIAN_POINT('Ctrl Pts',(8.73563398695208,43.9488031914927,3.73442907357272));
#7841=CARTESIAN_POINT('Ctrl Pts',(8.69908052636477,43.8671866698861,4.09460041238763));
#7842=CARTESIAN_POINT('Ctrl Pts',(8.68754564920976,43.8415269933372,4.1952464919548));
#7843=CARTESIAN_POINT('Ctrl Pts',(8.67872750162617,43.7997951858356,4.26458743317253));
#7844=CARTESIAN_POINT('Ctrl Pts',(8.67727504286042,43.7918638979537,4.27582121436822));
#7845=CARTESIAN_POINT('Ctrl Pts',(8.67548956328151,43.7775083175449,4.28947587271943));
#7846=CARTESIAN_POINT('Ctrl Pts',(8.67489501579807,43.7714868334175,4.29398596467326));
#7847=CARTESIAN_POINT('Ctrl Pts',(8.67425926885194,43.7602327049544,4.29879466123328));
#7848=CARTESIAN_POINT('Ctrl Pts',(8.67410844487033,43.7554427492876,4.29993123032812));
#7849=CARTESIAN_POINT('Ctrl Pts',(8.67409946071567,43.7503051686193,4.2999989952487));
#7850=CARTESIAN_POINT('Ctrl Pts',(8.67409932750695,43.7501525061772,4.30000000000002));
#7851=CARTESIAN_POINT('Ctrl Pts',(8.67409932750695,43.75,4.30000000000002));
#7852=CARTESIAN_POINT('',(7.82195356804501,44.,5.82167586714552));
#7853=CARTESIAN_POINT('Origin',(-4.93736229678632E-8,44.,1.9));
#7854=CARTESIAN_POINT('Origin',(7.82195356804501,43.75,5.82167586714552));
#7855=CARTESIAN_POINT('Ctrl Pts',(7.82195356804501,44.,5.82167586714552));
#7856=CARTESIAN_POINT('Ctrl Pts',(7.77359824011568,44.,5.9181226784149));
#7857=CARTESIAN_POINT('Ctrl Pts',(7.67025139585781,44.,5.9491009760622));
#7858=CARTESIAN_POINT('Ctrl Pts',(7.56690455159993,44.,5.98007927370949));
#7859=CARTESIAN_POINT('Ctrl Pts',(7.47346917897591,44.,5.92613433617318));
#7860=CARTESIAN_POINT('Ctrl Pts',(8.04543795711412,44.,5.93372374906396));
#7861=CARTESIAN_POINT('Ctrl Pts',(7.94872730125546,44.,6.12661737160274));
#7862=CARTESIAN_POINT('Ctrl Pts',(7.7420336127397,44.,6.18857396689733));
#7863=CARTESIAN_POINT('Ctrl Pts',(7.53533992422395,44.,6.25053056219192));
#7864=CARTESIAN_POINT('Ctrl Pts',(7.34846917897591,44.,6.14264068711929));
#7865=CARTESIAN_POINT('Ctrl Pts',(8.04543795711412,43.75,5.93372374906396));
#7866=CARTESIAN_POINT('Ctrl Pts',(7.94872730125546,43.75,6.12661737160274));
#7867=CARTESIAN_POINT('Ctrl Pts',(7.7420336127397,43.75,6.18857396689733));
#7868=CARTESIAN_POINT('Ctrl Pts',(7.53533992422395,43.75,6.25053056219192));
#7869=CARTESIAN_POINT('Ctrl Pts',(7.34846917897591,43.75,6.14264068711929));
#7870=CARTESIAN_POINT('',(7.47346917897591,44.,5.92613433617318));
#7871=CARTESIAN_POINT('Origin',(7.59846917897591,44.,5.70962798522707));
#7872=CARTESIAN_POINT('Origin',(7.47346917897591,43.75,5.92613433617318));
#7873=CARTESIAN_POINT('Origin',(2.88545592518928,43.75,3.27724364905388));
#7874=CARTESIAN_POINT('',(6.61658103692577,44.,5.43140973669513));
#7875=CARTESIAN_POINT('Ctrl Pts',(6.61658103692577,44.,5.43140973669513));
#7876=CARTESIAN_POINT('Ctrl Pts',(6.60179720533156,44.,5.45910927535042));
#7877=CARTESIAN_POINT('Ctrl Pts',(6.58583584888011,43.9937301987799,5.4885532591327));
#7878=CARTESIAN_POINT('Ctrl Pts',(6.55613498890693,43.9682192184172,5.54253240647023));
#7879=CARTESIAN_POINT('Ctrl Pts',(6.54240540542393,43.9489778116252,5.56707292013499));
#7880=CARTESIAN_POINT('Ctrl Pts',(6.52058219194118,43.9045805829545,5.60573878580477));
#7881=CARTESIAN_POINT('Ctrl Pts',(6.5110350923645,43.8764687832656,5.62244329976309));
#7882=CARTESIAN_POINT('Ctrl Pts',(6.49833436072507,43.8148738796235,5.64457108777771));
#7883=CARTESIAN_POINT('Ctrl Pts',(6.49519047900967,43.7813907911798,5.65));
#7884=CARTESIAN_POINT('Ctrl Pts',(6.49519047900967,43.75,5.65));
#7885=CARTESIAN_POINT('',(2.88545592518928,44.,3.27724364905388));
#7886=CARTESIAN_POINT('Origin',(-4.93736229678632E-8,33.,1.9));
#7887=CARTESIAN_POINT('',(-6.61658113567302,44.,5.43140973669513));
#7888=CARTESIAN_POINT('Origin',(-4.93736229678632E-8,44.,1.9));
#7889=CARTESIAN_POINT('Ctrl Pts',(-6.49519057775691,43.75,5.65));
#7890=CARTESIAN_POINT('Ctrl Pts',(-6.49519057775691,43.7813907911798,5.65));
#7891=CARTESIAN_POINT('Ctrl Pts',(-6.49833445947232,43.8148738796235,5.64457108777771));
#7892=CARTESIAN_POINT('Ctrl Pts',(-6.51103519111175,43.8764687832656,5.62244329976309));
#7893=CARTESIAN_POINT('Ctrl Pts',(-6.52058229068843,43.9045805829545,5.60573878580477));
#7894=CARTESIAN_POINT('Ctrl Pts',(-6.54240550417117,43.9489778116252,5.56707292013499));
#7895=CARTESIAN_POINT('Ctrl Pts',(-6.55613508765417,43.9682192184172,5.54253240647023));
#7896=CARTESIAN_POINT('Ctrl Pts',(-6.58583594762736,43.9937301987799,5.4885532591327));
#7897=CARTESIAN_POINT('Ctrl Pts',(-6.60179730407881,44.,5.45910927535042));
#7898=CARTESIAN_POINT('Ctrl Pts',(-6.61658113567302,44.,5.43140973669513));
#7899=CARTESIAN_POINT('Origin',(-4.93736229678632E-8,44.,-0.349999999999993));
#7900=CARTESIAN_POINT('',(-7.82195366679226,44.,5.82167586714551));
#7901=CARTESIAN_POINT('',(-8.72765007672921,44.,2.52499999999999));
#7902=CARTESIAN_POINT('Origin',(-4.93736229678632E-8,44.,1.9));
#7903=CARTESIAN_POINT('',(-7.47346927772315,44.,5.92613433617318));
#7904=CARTESIAN_POINT('Origin',(-7.59846927772316,44.,5.70962798522707));
#7905=CARTESIAN_POINT('',(-3.53497507677486,44.,3.65224364905388));
#7906=CARTESIAN_POINT('Origin',(-4.93736235229747E-8,44.,3.15));
#7907=CARTESIAN_POINT('',(13.8850009466925,44.,-3.6));
#7908=CARTESIAN_POINT('',(3.54999997629556,44.,-3.6));
#7909=CARTESIAN_POINT('',(14.8868749719194,44.,-4.6));
#7910=CARTESIAN_POINT('Origin',(13.8850009466925,44.,-4.6));
#7911=CARTESIAN_POINT('',(14.8868749719194,44.,-7.1));
#7912=CARTESIAN_POINT('',(14.8868749719194,44.,-0.890217489035721));
#7913=CARTESIAN_POINT('',(-14.8868750280812,44.,-7.1));
#7914=CARTESIAN_POINT('',(6.04999997629556,44.,-7.1));
#7915=CARTESIAN_POINT('',(-14.8868750280812,44.,-4.6));
#7916=CARTESIAN_POINT('',(-14.8868750280812,44.,-0.890217489035721));
#7917=CARTESIAN_POINT('',(-13.8850010027789,44.,-3.6));
#7918=CARTESIAN_POINT('Origin',(-13.8850010027789,44.,-4.6));
#7919=CARTESIAN_POINT('',(-6.05000002370444,44.,-3.6));
#7920=CARTESIAN_POINT('Origin',(-4.93736235229747E-8,44.,3.15));
#7921=CARTESIAN_POINT('Origin',(-3.53497507677486,43.75,3.65224364905388));
#7922=CARTESIAN_POINT('Origin',(-7.47346927772315,43.75,5.92613433617318));
#7923=CARTESIAN_POINT('Ctrl Pts',(-7.47346927772315,44.,5.92613433617318));
#7924=CARTESIAN_POINT('Ctrl Pts',(-7.56690465034717,44.,5.98007927370949));
#7925=CARTESIAN_POINT('Ctrl Pts',(-7.67025149460505,44.,5.9491009760622));
#7926=CARTESIAN_POINT('Ctrl Pts',(-7.77359833886293,44.,5.9181226784149));
#7927=CARTESIAN_POINT('Ctrl Pts',(-7.82195366679226,44.,5.82167586714551));
#7928=CARTESIAN_POINT('Ctrl Pts',(-7.34846927772315,44.,6.14264068711929));
#7929=CARTESIAN_POINT('Ctrl Pts',(-7.53534002297119,44.,6.25053056219191));
#7930=CARTESIAN_POINT('Ctrl Pts',(-7.74203371148695,44.,6.18857396689732));
#7931=CARTESIAN_POINT('Ctrl Pts',(-7.9487274000027,44.,6.12661737160273));
#7932=CARTESIAN_POINT('Ctrl Pts',(-8.04543805586136,44.,5.93372374906396));
#7933=CARTESIAN_POINT('Ctrl Pts',(-7.34846927772315,43.75,6.14264068711929));
#7934=CARTESIAN_POINT('Ctrl Pts',(-7.53534002297119,43.75,6.25053056219191));
#7935=CARTESIAN_POINT('Ctrl Pts',(-7.74203371148695,43.75,6.18857396689732));
#7936=CARTESIAN_POINT('Ctrl Pts',(-7.9487274000027,43.75,6.12661737160273));
#7937=CARTESIAN_POINT('Ctrl Pts',(-8.04543805586136,43.75,5.93372374906396));
#7938=CARTESIAN_POINT('Origin',(-7.82195366679226,43.75,5.82167586714551));
#7939=CARTESIAN_POINT('Origin',(-4.93736229678632E-8,43.75,1.9));
#7940=CARTESIAN_POINT('Ctrl Pts',(-8.6740994262542,43.75,4.29999999999999));
#7941=CARTESIAN_POINT('Ctrl Pts',(-8.6740994262542,43.7544427357915,4.29999999999999));
#7942=CARTESIAN_POINT('Ctrl Pts',(-8.67421256726054,43.7587528581556,4.2991473570093));
#7943=CARTESIAN_POINT('Ctrl Pts',(-8.67468810461811,43.7683999972846,4.29555287323141));
#7944=CARTESIAN_POINT('Ctrl Pts',(-8.67510799015998,43.7734380932757,4.29237293792345));
#7945=CARTESIAN_POINT('Ctrl Pts',(-8.67645603869991,43.7861108966255,4.28210236315933));
#7946=CARTESIAN_POINT('Ctrl Pts',(-8.67759156950788,43.7932674217212,4.27337896590844));
#7947=CARTESIAN_POINT('Ctrl Pts',(-8.68142889849829,43.813945446458,4.24350532174011));
#7948=CARTESIAN_POINT('Ctrl Pts',(-8.68488484066363,43.8262355359084,4.2157692283492));
#7949=CARTESIAN_POINT('Ctrl Pts',(-8.70073982140407,43.8768190476652,4.08353819403191));
#7950=CARTESIAN_POINT('Ctrl Pts',(-8.7208734348738,43.9129170015617,3.90049860750063));
#7951=CARTESIAN_POINT('Ctrl Pts',(-8.75222551663675,43.9758734346142,3.37153460144524));
#7952=CARTESIAN_POINT('Ctrl Pts',(-8.75999303427584,44.,2.97664482290726));
#7953=CARTESIAN_POINT('Ctrl Pts',(-8.72765007672928,44.,2.52500000000101));
#7954=CARTESIAN_POINT('Origin',(-12.1,0.,-3.6));
#7955=CARTESIAN_POINT('',(-11.1476363270742,-0.691667724445524,-3.6));
#7956=CARTESIAN_POINT('Origin',(-11.1476363270742,-0.691667724445524,-4.6));
#7957=CARTESIAN_POINT('',(-12.1457658071734,-0.752803155717618,-4.6));
#7958=CARTESIAN_POINT('Origin',(-12.1,-1.5,-3.6));
#7959=CARTESIAN_POINT('',(-14.5505415862827,38.5088418218842,-7.1));
#7960=CARTESIAN_POINT('Origin',(12.1,0.,-7.1));
#7961=CARTESIAN_POINT('',(13.876078288824,27.4971968443949,-7.1));
#7962=CARTESIAN_POINT('Origin',(12.8656249922867,11.,-3.6));
#7963=CARTESIAN_POINT('',(12.5192344503853,5.34464415686814,-4.6));
#7964=CARTESIAN_POINT('Origin',(11.5211049702108,5.40577958691278,-4.6));
#7965=CARTESIAN_POINT('',(11.5211049702108,5.40577958691278,-3.6));
#7966=CARTESIAN_POINT('Origin',(-4.93736235229747E-8,44.,3.15));
#7967=CARTESIAN_POINT('Origin',(-4.93736235229747E-8,44.,3.15));
#7968=CARTESIAN_POINT('Origin',(7.1,0.,-3.6));
#7969=CARTESIAN_POINT('Origin',(-4.93736224127517E-8,44.,3.15));
#7970=CARTESIAN_POINT('',(10.2499999506264,44.5,3.15));
#7971=CARTESIAN_POINT('',(9.12790089929869,44.5,7.8130380945503));
#7972=CARTESIAN_POINT('Origin',(-4.93736224127517E-8,44.5,3.15));
#7973=CARTESIAN_POINT('',(10.2499999506264,55.,3.15));
#7974=CARTESIAN_POINT('',(10.2499999506264,44.,3.15));
#7975=CARTESIAN_POINT('',(9.12790089929869,55.,7.8130380945503));
#7976=CARTESIAN_POINT('Origin',(-4.93736224127517E-8,55.,3.15));
#7977=CARTESIAN_POINT('',(9.12790089929869,44.,7.8130380945503));
#7978=CARTESIAN_POINT('Origin',(10.2499999506264,44.,3.15));
#7979=CARTESIAN_POINT('',(10.2499999506264,44.5,-3.59999999999999));
#7980=CARTESIAN_POINT('',(10.2499999506264,44.5,1.86875));
#7981=CARTESIAN_POINT('',(10.2499999506264,55.,-3.59999999999999));
#7982=CARTESIAN_POINT('',(10.2499999506264,44.,-3.59999999999999));
#7983=CARTESIAN_POINT('',(10.2499999506264,55.,-3.59999999999999));
#7984=CARTESIAN_POINT('Origin',(12.7368749595756,49.5,-5.525));
#7985=CARTESIAN_POINT('',(11.7368749595756,49.5,-3.6));
#7986=CARTESIAN_POINT('Origin',(12.7368749595756,49.5,-3.6));
#7987=CARTESIAN_POINT('',(11.7368749595756,49.5,-7.1));
#7988=CARTESIAN_POINT('',(11.7368749595756,49.5,-5.525));
#7989=CARTESIAN_POINT('Origin',(12.7368749595756,49.5,-7.1));
#7990=CARTESIAN_POINT('Origin',(-12.736875023056,49.4999999836658,-5.525));
#7991=CARTESIAN_POINT('',(-13.736875023056,49.4999999836658,-3.6));
#7992=CARTESIAN_POINT('Origin',(-12.736875023056,49.4999999836658,-3.6));
#7993=CARTESIAN_POINT('',(-13.736875023056,49.4999999836658,-7.1));
#7994=CARTESIAN_POINT('',(-13.736875023056,49.4999999836658,-5.525));
#7995=CARTESIAN_POINT('Origin',(-12.736875023056,49.4999999836658,-7.1));
#7996=CARTESIAN_POINT('Origin',(9.74999995062638,44.5,1.86875));
#7997=CARTESIAN_POINT('',(9.74999995062638,44.,-3.59999999999999));
#7998=CARTESIAN_POINT('Origin',(9.74999995062638,44.5,-3.6));
#7999=CARTESIAN_POINT('',(9.74999995062638,44.,3.15));
#8000=CARTESIAN_POINT('Origin',(9.74999995062638,44.5,3.15));
#8001=CARTESIAN_POINT('',(9.74999995062638,44.,1.86875));
#8002=CARTESIAN_POINT('Origin',(8.68263743838784,44.,7.58557282164541));
#8003=CARTESIAN_POINT('',(8.44948235406928,44.25,8.02788346661837));
#8004=CARTESIAN_POINT('Ctrl Pts',(9.12790089929869,44.5,7.8130380945503));
#8005=CARTESIAN_POINT('Ctrl Pts',(9.12723735871219,44.4992798968577,7.81433697580028));
#8006=CARTESIAN_POINT('Ctrl Pts',(9.12656756037422,44.4985580762975,7.81563651830765));
#8007=CARTESIAN_POINT('Ctrl Pts',(9.06340437378725,44.431315127694,7.9363177746967));
#8008=CARTESIAN_POINT('Ctrl Pts',(8.91494155775831,44.339355946346,8.0695397819241));
#8009=CARTESIAN_POINT('Ctrl Pts',(8.62984359612922,44.2626347724614,8.09435921128472));
#8010=CARTESIAN_POINT('Ctrl Pts',(8.50551417752444,44.25,8.05741950575894));
#8011=CARTESIAN_POINT('Ctrl Pts',(8.44948235406928,44.25,8.02788346661837));
#8012=CARTESIAN_POINT('',(8.43263743838784,55.,8.01858552353762));
#8013=CARTESIAN_POINT('Origin',(8.68263743838784,55.,7.58557282164541));
#8014=CARTESIAN_POINT('',(8.43263743838784,44.25,8.01858552353762));
#8015=CARTESIAN_POINT('',(8.43263743838784,44.,8.01858552353762));
#8016=CARTESIAN_POINT('Origin',(8.68263743838784,44.25,7.58557282164541));
#8017=CARTESIAN_POINT('Origin',(-4.93736235229747E-8,44.,3.15));
#8018=CARTESIAN_POINT('',(-9.12790099804593,44.5,7.8130380945503));
#8019=CARTESIAN_POINT('',(-10.2500000493736,44.5,3.15));
#8020=CARTESIAN_POINT('Origin',(-4.93736235229747E-8,44.5,3.15));
#8021=CARTESIAN_POINT('',(-9.12790099804593,55.,7.8130380945503));
#8022=CARTESIAN_POINT('',(-9.12790099804593,44.,7.8130380945503));
#8023=CARTESIAN_POINT('',(-10.2500000493736,55.,3.15));
#8024=CARTESIAN_POINT('Origin',(-4.93736235229747E-8,55.,3.15));
#8025=CARTESIAN_POINT('',(-10.2500000493736,44.,3.15));
#8026=CARTESIAN_POINT('Origin',(-10.2500000493736,44.,-3.59999999999999));
#8027=CARTESIAN_POINT('',(-10.2500000493736,44.5,-3.59999999999999));
#8028=CARTESIAN_POINT('',(-10.2500000493736,44.5,-1.50625));
#8029=CARTESIAN_POINT('',(-10.2500000493736,55.,-3.59999999999999));
#8030=CARTESIAN_POINT('',(-10.2500000493736,55.,-3.59999999999999));
#8031=CARTESIAN_POINT('',(-10.2500000493736,44.,-3.59999999999999));
#8032=CARTESIAN_POINT('Origin',(-8.68263753713509,44.,7.58557282164541));
#8033=CARTESIAN_POINT('',(-8.43263753713509,44.25,8.01858552353762));
#8034=CARTESIAN_POINT('',(-8.44948245281652,44.25,8.02788346661837));
#8035=CARTESIAN_POINT('Origin',(-8.68263753713509,44.25,7.58557282164541));
#8036=CARTESIAN_POINT('',(-8.43263753713509,55.,8.01858552353762));
#8037=CARTESIAN_POINT('',(-8.43263753713509,44.,8.01858552353762));
#8038=CARTESIAN_POINT('Origin',(-8.68263753713509,55.,7.58557282164541));
#8039=CARTESIAN_POINT('Ctrl Pts',(-8.44948245281652,44.25,8.02788346661837));
#8040=CARTESIAN_POINT('Ctrl Pts',(-8.50551427627167,44.25,8.05741950575893));
#8041=CARTESIAN_POINT('Ctrl Pts',(-8.62995576578833,44.262910765641,8.09379737911996));
#8042=CARTESIAN_POINT('Ctrl Pts',(-8.80059154869945,44.3083531081072,8.0800154942508));
#8043=CARTESIAN_POINT('Ctrl Pts',(-8.94250272043599,44.3667504209248,8.02096233516366));
#8044=CARTESIAN_POINT('Ctrl Pts',(-9.05230658368163,44.4309567924288,7.93145196028046));
#8045=CARTESIAN_POINT('Ctrl Pts',(-9.10504402774366,44.475589667016,7.85688213156994));
#8046=CARTESIAN_POINT('Ctrl Pts',(-9.12656812090428,44.4985597689486,7.81563295050725));
#8047=CARTESIAN_POINT('Ctrl Pts',(-9.12723745745975,44.4992798968575,7.81433697579966));
#8048=CARTESIAN_POINT('Ctrl Pts',(-9.12790099804593,44.5,7.81303809455029));
#8049=CARTESIAN_POINT('Origin',(-4.93736235229747E-8,44.5,3.15));
#8050=CARTESIAN_POINT('',(-8.5660599949758,44.,7.80672814413189));
#8051=CARTESIAN_POINT('Ctrl Pts',(-9.12790099804593,44.5,7.81303809455029));
#8052=CARTESIAN_POINT('Ctrl Pts',(-9.12756093349546,44.4985597937148,7.8137037711907));
#8053=CARTESIAN_POINT('Ctrl Pts',(-9.12721515592851,44.4971195378971,7.81436655533341));
#8054=CARTESIAN_POINT('Ctrl Pts',(-9.11601371479275,44.4511793340313,7.83541975856279));
#8055=CARTESIAN_POINT('Ctrl Pts',(-9.08346914921574,44.3619135848575,7.87081356448076));
#8056=CARTESIAN_POINT('Ctrl Pts',(-9.00317780060781,44.2335008418493,7.90400292938174));
#8057=CARTESIAN_POINT('Ctrl Pts',(-8.88861568226632,44.1167062162143,7.91166604958298));
#8058=CARTESIAN_POINT('Ctrl Pts',(-8.7397841592654,44.0258215312819,7.88503583123986));
#8059=CARTESIAN_POINT('Ctrl Pts',(-8.62189789555661,44.,7.8366209047548));
#8060=CARTESIAN_POINT('Ctrl Pts',(-8.56605999497581,44.,7.80672814413189));
#8061=CARTESIAN_POINT('',(-9.75000004937363,44.,3.15));
#8062=CARTESIAN_POINT('Origin',(-9.75000004937363,44.5,3.15));
#8063=CARTESIAN_POINT('Origin',(-4.93736235229747E-8,44.,3.15));
#8064=CARTESIAN_POINT('Origin',(-9.75000004937362,44.5,-1.50625));
#8065=CARTESIAN_POINT('',(-9.75000004937362,44.,-3.59999999999999));
#8066=CARTESIAN_POINT('Origin',(-9.75000004937362,44.5,-3.6));
#8067=CARTESIAN_POINT('',(-9.75000004937362,44.,-1.50625));
#8068=CARTESIAN_POINT('Origin',(-8.87676043816412,44.,8.27500000000001));
#8069=CARTESIAN_POINT('',(-8.21845928695934,55.,7.89492965314409));
#8070=CARTESIAN_POINT('',(-8.21845928695934,54.75,7.89492965314409));
#8071=CARTESIAN_POINT('',(-8.21845928695934,55.,7.89492965314409));
#8072=CARTESIAN_POINT('',(-7.57772233248746,55.,7.52500000000001));
#8073=CARTESIAN_POINT('',(-7.57772233248746,44.25,7.52500000000001));
#8074=CARTESIAN_POINT('',(-3.88358271946947,44.25,5.39218749999999));
#8075=CARTESIAN_POINT('',(-7.57772233248746,54.75,7.52500000000001));
#8076=CARTESIAN_POINT('',(-7.57772233248746,44.,7.52500000000001));
#8077=CARTESIAN_POINT('',(-3.88358271946947,54.75,5.39218749999999));
#8078=CARTESIAN_POINT('Ctrl Pts',(-8.44948245281652,44.25,8.02788346661837));
#8079=CARTESIAN_POINT('Ctrl Pts',(-8.50551427627167,44.25,8.05741950575893));
#8080=CARTESIAN_POINT('Ctrl Pts',(-8.62995576578833,44.262910765641,8.09379737911996));
#8081=CARTESIAN_POINT('Ctrl Pts',(-8.80059154869945,44.3083531081072,8.0800154942508));
#8082=CARTESIAN_POINT('Ctrl Pts',(-8.94250272043599,44.3667504209248,8.02096233516366));
#8083=CARTESIAN_POINT('Ctrl Pts',(-9.05230658368163,44.4309567924288,7.93145196028046));
#8084=CARTESIAN_POINT('Ctrl Pts',(-9.10504402774366,44.475589667016,7.85688213156994));
#8085=CARTESIAN_POINT('Ctrl Pts',(-9.12656812090428,44.4985597689486,7.81563295050725));
#8086=CARTESIAN_POINT('Ctrl Pts',(-9.12723745745975,44.4992798968575,7.81433697579966));
#8087=CARTESIAN_POINT('Ctrl Pts',(-9.12790099804593,44.5,7.81303809455029));
#8088=CARTESIAN_POINT('Ctrl Pts',(-8.44948245281652,44.1845501530502,8.02788346661837));
#8089=CARTESIAN_POINT('Ctrl Pts',(-8.51291914263293,44.1846184197961,8.06132033325092));
#8090=CARTESIAN_POINT('Ctrl Pts',(-8.65411299361167,44.2059489308335,8.09777472297198));
#8091=CARTESIAN_POINT('Ctrl Pts',(-8.82748611605342,44.2696324492948,8.07289846539318));
#8092=CARTESIAN_POINT('Ctrl Pts',(-8.96047614802877,44.3429001198609,8.00905641211905));
#8093=CARTESIAN_POINT('Ctrl Pts',(-9.05948530401947,44.4194952713226,7.92220774084197));
#8094=CARTESIAN_POINT('Ctrl Pts',(-9.10693468838608,44.4715254668821,7.85331882301563));
#8095=CARTESIAN_POINT('Ctrl Pts',(-9.12667680355156,44.4983196459729,7.81542267599447));
#8096=CARTESIAN_POINT('Ctrl Pts',(-9.12729137013237,44.499159879667,7.81423144169817));
#8097=CARTESIAN_POINT('Ctrl Pts',(-9.12790099804593,44.5,7.81303809455029));
#8098=CARTESIAN_POINT('Ctrl Pts',(-8.47481260112257,44.0543203858927,7.97983049677965));
#8099=CARTESIAN_POINT('Ctrl Pts',(-8.54660245425544,44.0545192740431,8.01780725841125));
#8100=CARTESIAN_POINT('Ctrl Pts',(-8.7040616308296,44.0922849525207,8.0587238607035));
#8101=CARTESIAN_POINT('Ctrl Pts',(-8.87243738689181,44.1920281136599,8.03374055854983));
#8102=CARTESIAN_POINT('Ctrl Pts',(-8.98920570485893,44.2950130411908,7.97678374548619));
#8103=CARTESIAN_POINT('Ctrl Pts',(-9.07172036610027,44.3964758728882,7.90304441180684));
#8104=CARTESIAN_POINT('Ctrl Pts',(-9.11063819380565,44.4633859056726,7.84620492431057));
#8105=CARTESIAN_POINT('Ctrl Pts',(-9.12689362662175,44.4978396161492,7.81500081668724));
#8106=CARTESIAN_POINT('Ctrl Pts',(-9.12739919547761,44.4989198452862,7.81402037349518));
#8107=CARTESIAN_POINT('Ctrl Pts',(-9.12790099804594,44.5,7.81303809455029));
#8108=CARTESIAN_POINT('Ctrl Pts',(-8.53554006580738,44.,7.86462647216737));
#8109=CARTESIAN_POINT('Ctrl Pts',(-8.59881443840076,44.000108671346,7.89836300620468));
#8110=CARTESIAN_POINT('Ctrl Pts',(-8.73382241116177,44.0338598520611,7.94625442613316));
#8111=CARTESIAN_POINT('Ctrl Pts',(-8.88894006419509,44.1358161653056,7.9553527264979));
#8112=CARTESIAN_POINT('Ctrl Pts',(-9.00158622872357,44.2526074280127,7.92980325409154));
#8113=CARTESIAN_POINT('Ctrl Pts',(-9.08021767740097,44.3735559988138,7.88186106835606));
#8114=CARTESIAN_POINT('Ctrl Pts',(-9.11424229576812,44.4552637492336,7.83902102889379));
#8115=CARTESIAN_POINT('Ctrl Pts',(-9.12710826932475,44.4973592576645,7.81457820565761));
#8116=CARTESIAN_POINT('Ctrl Pts',(-9.12750702082285,44.4986798109053,7.81380930529219));
#8117=CARTESIAN_POINT('Ctrl Pts',(-9.12790099804593,44.5,7.81303809455029));
#8118=CARTESIAN_POINT('Ctrl Pts',(-8.56605999497581,44.,7.80672814413189));
#8119=CARTESIAN_POINT('Ctrl Pts',(-8.62189789555661,44.,7.8366209047548));
#8120=CARTESIAN_POINT('Ctrl Pts',(-8.7397841592654,44.0258215312819,7.88503583123986));
#8121=CARTESIAN_POINT('Ctrl Pts',(-8.88861568226632,44.1167062162143,7.91166604958298));
#8122=CARTESIAN_POINT('Ctrl Pts',(-9.00317780060781,44.2335008418493,7.90400292938174));
#8123=CARTESIAN_POINT('Ctrl Pts',(-9.08346914921574,44.3619135848575,7.87081356448076));
#8124=CARTESIAN_POINT('Ctrl Pts',(-9.11601371479275,44.4511793340313,7.83541975856279));
#8125=CARTESIAN_POINT('Ctrl Pts',(-9.12721515592851,44.4971195378971,7.81436655533341));
#8126=CARTESIAN_POINT('Ctrl Pts',(-9.12756093349546,44.4985597937148,7.8137037711907));
#8127=CARTESIAN_POINT('Ctrl Pts',(-9.12790099804593,44.5,7.81303809455029));
#8128=CARTESIAN_POINT('Origin',(-8.5660599949758,44.25,7.80672814413189));
#8129=CARTESIAN_POINT('Ctrl Pts',(-8.5660599949758,44.,7.80672814413189));
#8130=CARTESIAN_POINT('Ctrl Pts',(-8.56180403313824,44.,7.80448470018051));
#8131=CARTESIAN_POINT('Ctrl Pts',(-8.55763753713509,44.,7.80207917259151));
#8132=CARTESIAN_POINT('Ctrl Pts',(-8.44948245281652,44.,8.02788346661837));
#8133=CARTESIAN_POINT('Ctrl Pts',(-8.4409705291414,44.,8.02339657871562));
#8134=CARTESIAN_POINT('Ctrl Pts',(-8.43263753713508,44.,8.01858552353762));
#8135=CARTESIAN_POINT('Ctrl Pts',(-8.44948245281652,44.25,8.02788346661837));
#8136=CARTESIAN_POINT('Ctrl Pts',(-8.4409705291414,44.25,8.02339657871562));
#8137=CARTESIAN_POINT('Ctrl Pts',(-8.43263753713508,44.25,8.01858552353762));
#8138=CARTESIAN_POINT('',(-8.55763753713509,44.,7.80207917259151));
#8139=CARTESIAN_POINT('Origin',(-8.68263753713509,44.,7.58557282164541));
#8140=CARTESIAN_POINT('Origin',(-8.55763753713509,44.25,7.80207917259151));
#8141=CARTESIAN_POINT('Origin',(-4.00858271946947,44.25,5.17568114905388));
#8142=CARTESIAN_POINT('',(-7.69962875314518,44.,7.30670757018787));
#8143=CARTESIAN_POINT('Ctrl Pts',(-7.69962875314518,44.,7.30670757018787));
#8144=CARTESIAN_POINT('Ctrl Pts',(-7.68471404559787,44.,7.33433465446083));
#8145=CARTESIAN_POINT('Ctrl Pts',(-7.66864100829715,44.0062707589113,7.36371506927101));
#8146=CARTESIAN_POINT('Ctrl Pts',(-7.63878359245035,44.0317823852839,7.41760293653224));
#8147=CARTESIAN_POINT('Ctrl Pts',(-7.62500769636595,44.0510234198937,7.44211500925938));
#8148=CARTESIAN_POINT('Ctrl Pts',(-7.60313140934405,44.0954195136682,7.4807489224418));
#8149=CARTESIAN_POINT('Ctrl Pts',(-7.59357389984425,44.12353135205,7.49744740203563));
#8150=CARTESIAN_POINT('Ctrl Pts',(-7.58086518237273,44.18512623624,7.51957052481035));
#8151=CARTESIAN_POINT('Ctrl Pts',(-7.57772233248746,44.2186092706534,7.525));
#8152=CARTESIAN_POINT('Ctrl Pts',(-7.57772233248746,44.25,7.52500000000001));
#8153=CARTESIAN_POINT('',(-4.00858271946947,44.,5.17568114905388));
#8154=CARTESIAN_POINT('Origin',(-4.93736224127517E-8,44.5,3.15));
#8155=CARTESIAN_POINT('',(8.56605989622856,44.,7.80672814413189));
#8156=CARTESIAN_POINT('Ctrl Pts',(8.56605989622856,44.,7.80672814413189));
#8157=CARTESIAN_POINT('Ctrl Pts',(8.62189779680937,44.,7.8366209047548));
#8158=CARTESIAN_POINT('Ctrl Pts',(8.73981049964642,44.0252695449229,7.88535905106737));
#8159=CARTESIAN_POINT('Ctrl Pts',(8.98808158520311,44.1787118926919,7.92874677329454));
#8160=CARTESIAN_POINT('Ctrl Pts',(9.09425938212179,44.3626302553886,7.87592442089841));
#8161=CARTESIAN_POINT('Ctrl Pts',(9.12721544143844,44.497116152595,7.81436866118497));
#8162=CARTESIAN_POINT('Ctrl Pts',(9.12756083474779,44.4985597937147,7.81370377119155));
#8163=CARTESIAN_POINT('Ctrl Pts',(9.12790089929869,44.5,7.8130380945503));
#8164=CARTESIAN_POINT('Origin',(-4.93736224127517E-8,44.,3.15));
#8165=CARTESIAN_POINT('Ctrl Pts',(9.12790089929869,44.5,7.8130380945503));
#8166=CARTESIAN_POINT('Ctrl Pts',(9.12723735871219,44.4992798968577,7.81433697580028));
#8167=CARTESIAN_POINT('Ctrl Pts',(9.12656756037422,44.4985580762975,7.81563651830765));
#8168=CARTESIAN_POINT('Ctrl Pts',(9.06340437378725,44.431315127694,7.9363177746967));
#8169=CARTESIAN_POINT('Ctrl Pts',(8.91494155775831,44.339355946346,8.0695397819241));
#8170=CARTESIAN_POINT('Ctrl Pts',(8.62984359612922,44.2626347724614,8.09435921128472));
#8171=CARTESIAN_POINT('Ctrl Pts',(8.50551417752444,44.25,8.05741950575894));
#8172=CARTESIAN_POINT('Ctrl Pts',(8.44948235406928,44.25,8.02788346661837));
#8173=CARTESIAN_POINT('Ctrl Pts',(9.12790089929869,44.5,7.8130380945503));
#8174=CARTESIAN_POINT('Ctrl Pts',(9.12729164502626,44.499042807912,7.8140928962881));
#8175=CARTESIAN_POINT('Ctrl Pts',(9.126844015539,44.4980748947443,7.81525178279595));
#8176=CARTESIAN_POINT('Ctrl Pts',(9.07111289024171,44.40846403533,7.91444303286596));
#8177=CARTESIAN_POINT('Ctrl Pts',(8.97020223100566,44.2860154929727,8.04040954813015));
#8178=CARTESIAN_POINT('Ctrl Pts',(8.67843234896546,44.1485930884991,8.10270690624712));
#8179=CARTESIAN_POINT('Ctrl Pts',(8.52023732149647,44.1188470340223,8.06576609714461));
#8180=CARTESIAN_POINT('Ctrl Pts',(8.44948235406928,44.1191003061004,8.02788346661837));
#8181=CARTESIAN_POINT('Ctrl Pts',(9.12790089929869,44.5,7.8130380945503));
#8182=CARTESIAN_POINT('Ctrl Pts',(9.12739997942249,44.4988031347868,7.81388208037527));
#8183=CARTESIAN_POINT('Ctrl Pts',(9.12706007890858,44.4975924740856,7.8148276812269));
#8184=CARTESIAN_POINT('Ctrl Pts',(9.08132182658536,44.3858141364327,7.89452374034192));
#8185=CARTESIAN_POINT('Ctrl Pts',(8.99530335419604,44.2307403242263,7.99198767479099));
#8186=CARTESIAN_POINT('Ctrl Pts',(8.7281933623819,44.0411391091036,8.00811029231402));
#8187=CARTESIAN_POINT('Ctrl Pts',(8.57571074724881,43.9996986147584,7.96053255116814));
#8188=CARTESIAN_POINT('Ctrl Pts',(8.50502003789171,44.,7.92252480020286));
#8189=CARTESIAN_POINT('Ctrl Pts',(9.12790089929869,44.5,7.8130380945503));
#8190=CARTESIAN_POINT('Ctrl Pts',(9.12756083474779,44.4985597937147,7.81370377119155));
#8191=CARTESIAN_POINT('Ctrl Pts',(9.12721544143844,44.497116152595,7.81436866118497));
#8192=CARTESIAN_POINT('Ctrl Pts',(9.09425938212179,44.3626302553886,7.87592442089841));
#8193=CARTESIAN_POINT('Ctrl Pts',(8.98808158520311,44.1787118926919,7.92874677329454));
#8194=CARTESIAN_POINT('Ctrl Pts',(8.73981049964642,44.0252695449229,7.88535905106737));
#8195=CARTESIAN_POINT('Ctrl Pts',(8.62189779680937,44.,7.8366209047548));
#8196=CARTESIAN_POINT('Ctrl Pts',(8.56605989622856,44.,7.80672814413189));
#8197=CARTESIAN_POINT('Origin',(8.56605989622856,44.25,7.80672814413189));
#8198=CARTESIAN_POINT('Ctrl Pts',(8.55763743838784,44.,7.80207917259152));
#8199=CARTESIAN_POINT('Ctrl Pts',(8.561803934391,44.,7.80448470018051));
#8200=CARTESIAN_POINT('Ctrl Pts',(8.56605989622856,44.,7.80672814413189));
#8201=CARTESIAN_POINT('Ctrl Pts',(8.43263743838784,44.,8.01858552353762));
#8202=CARTESIAN_POINT('Ctrl Pts',(8.44097043039415,44.,8.02339657871562));
#8203=CARTESIAN_POINT('Ctrl Pts',(8.44948235406928,44.,8.02788346661837));
#8204=CARTESIAN_POINT('Ctrl Pts',(8.43263743838784,44.25,8.01858552353762));
#8205=CARTESIAN_POINT('Ctrl Pts',(8.44097043039415,44.25,8.02339657871562));
#8206=CARTESIAN_POINT('Ctrl Pts',(8.44948235406928,44.25,8.02788346661837));
#8207=CARTESIAN_POINT('',(8.55763743838784,44.,7.80207917259152));
#8208=CARTESIAN_POINT('Origin',(8.55763743838784,44.25,7.80207917259152));
#8209=CARTESIAN_POINT('Origin',(8.68263743838784,44.,7.58557282164541));
#8210=CARTESIAN_POINT('Origin',(3.3590635678839,44.25,4.80068114905388));
#8211=CARTESIAN_POINT('',(7.57772223374022,44.25,7.52500000000001));
#8212=CARTESIAN_POINT('',(7.69962865439793,44.,7.30670757018787));
#8213=CARTESIAN_POINT('Ctrl Pts',(7.57772223374021,44.25,7.52500000000001));
#8214=CARTESIAN_POINT('Ctrl Pts',(7.57772223374021,44.2186092706534,7.52500000000001));
#8215=CARTESIAN_POINT('Ctrl Pts',(7.58086508362548,44.18512623624,7.51957052481034));
#8216=CARTESIAN_POINT('Ctrl Pts',(7.593573801097,44.12353135205,7.49744740203563));
#8217=CARTESIAN_POINT('Ctrl Pts',(7.6031313105968,44.0954195136682,7.4807489224418));
#8218=CARTESIAN_POINT('Ctrl Pts',(7.6250075976187,44.0510234198937,7.44211500925938));
#8219=CARTESIAN_POINT('Ctrl Pts',(7.63878349370311,44.0317823852839,7.41760293653224));
#8220=CARTESIAN_POINT('Ctrl Pts',(7.66864090954991,44.0062707589113,7.36371506927101));
#8221=CARTESIAN_POINT('Ctrl Pts',(7.68471394685063,44.,7.33433465446082));
#8222=CARTESIAN_POINT('Ctrl Pts',(7.69962865439793,44.,7.30670757018787));
#8223=CARTESIAN_POINT('',(3.3590635678839,44.,4.80068114905388));
#8224=CARTESIAN_POINT('',(3.2340635678839,44.25,5.01718749999999));
#8225=CARTESIAN_POINT('Origin',(7.57772223374022,44.,7.52500000000001));
#8226=CARTESIAN_POINT('',(8.21845918821209,54.75,7.89492965314409));
#8227=CARTESIAN_POINT('',(8.21845918821209,55.,7.89492965314409));
#8228=CARTESIAN_POINT('',(8.21845918821209,55.,7.89492965314409));
#8229=CARTESIAN_POINT('',(7.57772223374022,54.75,7.52500000000001));
#8230=CARTESIAN_POINT('',(3.2340635678839,54.75,5.01718749999999));
#8231=CARTESIAN_POINT('',(7.57772223374022,44.,7.52500000000001));
#8232=CARTESIAN_POINT('',(7.57772223374022,55.,7.52500000000001));
#8233=CARTESIAN_POINT('Origin',(3.3590635678839,54.75,4.80068114905388));
#8234=CARTESIAN_POINT('',(7.69962865439793,55.,7.30670757018787));
#8235=CARTESIAN_POINT('Ctrl Pts',(7.69962865439793,55.,7.30670757018787));
#8236=CARTESIAN_POINT('Ctrl Pts',(7.68471394685063,55.,7.33433465446082));
#8237=CARTESIAN_POINT('Ctrl Pts',(7.66864090954991,54.9937292410887,7.36371506927101));
#8238=CARTESIAN_POINT('Ctrl Pts',(7.63878349370311,54.9682176147161,7.41760293653224));
#8239=CARTESIAN_POINT('Ctrl Pts',(7.6250075976187,54.9489765801063,7.44211500925938));
#8240=CARTESIAN_POINT('Ctrl Pts',(7.6031313105968,54.9045804863318,7.4807489224418));
#8241=CARTESIAN_POINT('Ctrl Pts',(7.593573801097,54.87646864795,7.49744740203563));
#8242=CARTESIAN_POINT('Ctrl Pts',(7.58086508362548,54.81487376376,7.51957052481034));
#8243=CARTESIAN_POINT('Ctrl Pts',(7.57772223374021,54.7813907293466,7.52500000000001));
#8244=CARTESIAN_POINT('Ctrl Pts',(7.57772223374021,54.75,7.52500000000001));
#8245=CARTESIAN_POINT('',(8.33037325732975,55.,7.67086813648046));
#8246=CARTESIAN_POINT('Ctrl Pts',(8.33037325732975,55.,7.67086813648046));
#8247=CARTESIAN_POINT('Ctrl Pts',(8.31669875773546,55.,7.69919875627107));
#8248=CARTESIAN_POINT('Ctrl Pts',(8.30195047050799,54.9937334092047,7.72934685308196));
#8249=CARTESIAN_POINT('Ctrl Pts',(8.27453459891039,54.9682097217609,7.78467405446295));
#8250=CARTESIAN_POINT('Ctrl Pts',(8.26187538890978,54.9489517470778,7.8098569032804));
#8251=CARTESIAN_POINT('Ctrl Pts',(8.24178783135494,54.904532936969,7.84951490657212));
#8252=CARTESIAN_POINT('Ctrl Pts',(8.23301460904107,54.8764343083894,7.86664944628282));
#8253=CARTESIAN_POINT('Ctrl Pts',(8.22134628194578,54.8148604188171,7.88935459933569));
#8254=CARTESIAN_POINT('Ctrl Pts',(8.21845918821209,54.7813852774681,7.89492965314409));
#8255=CARTESIAN_POINT('Ctrl Pts',(8.21845918821209,54.75,7.89492965314409));
#8256=CARTESIAN_POINT('',(3.3590635678839,55.,4.80068114905388));
#8257=CARTESIAN_POINT('Origin',(-4.93736235229747E-8,44.,3.15));
#8258=CARTESIAN_POINT('Origin',(-4.93736235229747E-8,44.,3.15));
#8259=CARTESIAN_POINT('',(-7.69962875314518,55.,7.30670757018787));
#8260=CARTESIAN_POINT('Origin',(-4.93736235229747E-8,55.,3.15));
#8261=CARTESIAN_POINT('Ctrl Pts',(-7.57772233248746,54.75,7.52500000000001));
#8262=CARTESIAN_POINT('Ctrl Pts',(-7.57772233248746,54.7813907293466,7.525));
#8263=CARTESIAN_POINT('Ctrl Pts',(-7.58086518237273,54.81487376376,7.51957052481035));
#8264=CARTESIAN_POINT('Ctrl Pts',(-7.59357389984425,54.87646864795,7.49744740203563));
#8265=CARTESIAN_POINT('Ctrl Pts',(-7.60313140934405,54.9045804863318,7.4807489224418));
#8266=CARTESIAN_POINT('Ctrl Pts',(-7.62500769636595,54.9489765801063,7.44211500925938));
#8267=CARTESIAN_POINT('Ctrl Pts',(-7.63878359245035,54.9682176147161,7.41760293653224));
#8268=CARTESIAN_POINT('Ctrl Pts',(-7.66864100829715,54.9937292410887,7.36371506927101));
#8269=CARTESIAN_POINT('Ctrl Pts',(-7.68471404559787,55.,7.33433465446083));
#8270=CARTESIAN_POINT('Ctrl Pts',(-7.69962875314518,55.,7.30670757018787));
#8271=CARTESIAN_POINT('Origin',(-4.93736229678632E-8,55.,0.587500000000007));
#8272=CARTESIAN_POINT('',(-8.330373356077,55.,7.67086813648046));
#8273=CARTESIAN_POINT('',(-4.00858271946947,55.,5.17568114905388));
#8274=CARTESIAN_POINT('Origin',(-4.93736229678632E-8,55.,3.65));
#8275=CARTESIAN_POINT('',(14.5587509399034,55.,-3.6));
#8276=CARTESIAN_POINT('',(3.54999997629556,55.,-3.6));
#8277=CARTESIAN_POINT('',(15.5606249651303,55.,-4.6));
#8278=CARTESIAN_POINT('Origin',(14.5587509399034,55.,-4.6));
#8279=CARTESIAN_POINT('',(15.5606249651303,55.,-7.1));
#8280=CARTESIAN_POINT('',(15.5606249651303,55.,-0.890217489035721));
#8281=CARTESIAN_POINT('',(-15.5606250348701,55.,-7.1));
#8282=CARTESIAN_POINT('',(6.04999997629556,55.,-7.1));
#8283=CARTESIAN_POINT('',(-15.5606250348701,55.,-4.6));
#8284=CARTESIAN_POINT('',(-15.5606250348701,55.,-0.890217489035721));
#8285=CARTESIAN_POINT('',(-14.5587510095677,55.,-3.6));
#8286=CARTESIAN_POINT('Origin',(-14.5587510095677,55.,-4.6));
#8287=CARTESIAN_POINT('',(-6.05000002370444,55.,-3.6));
#8288=CARTESIAN_POINT('Origin',(-4.93736229678632E-8,55.,3.65));
#8289=CARTESIAN_POINT('Origin',(-4.00858271946947,54.75,5.17568114905388));
#8290=CARTESIAN_POINT('Ctrl Pts',(-8.21845928695934,54.75,7.89492965314409));
#8291=CARTESIAN_POINT('Ctrl Pts',(-8.21845928695934,54.7813852774681,7.89492965314409));
#8292=CARTESIAN_POINT('Ctrl Pts',(-8.22134638069302,54.8148604188171,7.88935459933569));
#8293=CARTESIAN_POINT('Ctrl Pts',(-8.23301470778832,54.8764343083894,7.86664944628282));
#8294=CARTESIAN_POINT('Ctrl Pts',(-8.24178793010219,54.904532936969,7.84951490657212));
#8295=CARTESIAN_POINT('Ctrl Pts',(-8.26187548765702,54.9489517470778,7.8098569032804));
#8296=CARTESIAN_POINT('Ctrl Pts',(-8.27453469765764,54.9682097217609,7.78467405446295));
#8297=CARTESIAN_POINT('Ctrl Pts',(-8.30195056925523,54.9937334092047,7.72934685308196));
#8298=CARTESIAN_POINT('Ctrl Pts',(-8.31669885648271,55.,7.69919875627107));
#8299=CARTESIAN_POINT('Ctrl Pts',(-8.33037335607699,55.,7.67086813648046));
#8300=CARTESIAN_POINT('Origin',(-12.1,0.,-3.6));
#8301=CARTESIAN_POINT('',(-13.8850010027789,44.,-3.6));
#8302=CARTESIAN_POINT('',(-11.1476363270742,-0.691667724445524,-3.6));
#8303=CARTESIAN_POINT('',(-6.05000002370444,44.,-3.6));
#8304=CARTESIAN_POINT('Origin',(-11.1476363270742,-0.691667724445524,-4.6));
#8305=CARTESIAN_POINT('',(-14.8868750280812,44.,-4.6));
#8306=CARTESIAN_POINT('',(-12.1457658071734,-0.752803155717618,-4.6));
#8307=CARTESIAN_POINT('Origin',(-13.8850010027789,44.,-4.6));
#8308=CARTESIAN_POINT('Origin',(-12.1,-1.5,-3.6));
#8309=CARTESIAN_POINT('',(-14.8868750280812,44.,-7.1));
#8310=CARTESIAN_POINT('',(-14.5505415862827,38.5088418218842,-7.1));
#8311=CARTESIAN_POINT('',(-14.8868750280812,44.,-0.890217489035721));
#8312=CARTESIAN_POINT('Origin',(12.1,0.,-7.1));
#8313=CARTESIAN_POINT('',(14.8868749719194,44.,-7.1));
#8314=CARTESIAN_POINT('',(13.876078288824,27.4971968443949,-7.1));
#8315=CARTESIAN_POINT('',(6.04999997629556,44.,-7.1));
#8316=CARTESIAN_POINT('Origin',(12.8656249922867,11.,-3.6));
#8317=CARTESIAN_POINT('',(14.8868749719194,44.,-4.6));
#8318=CARTESIAN_POINT('',(12.5192344503853,5.34464415686814,-4.6));
#8319=CARTESIAN_POINT('',(14.8868749719194,44.,-0.890217489035721));
#8320=CARTESIAN_POINT('Origin',(11.5211049702108,5.40577958691278,-4.6));
#8321=CARTESIAN_POINT('',(13.8850009466925,44.,-3.6));
#8322=CARTESIAN_POINT('',(11.5211049702108,5.40577958691278,-3.6));
#8323=CARTESIAN_POINT('Origin',(13.8850009466925,44.,-4.6));
#8324=CARTESIAN_POINT('Origin',(-4.74088857060906E-8,44.,1.81956502192856));
#8325=CARTESIAN_POINT('',(3.54999997629556,44.,-3.6));
#8326=CARTESIAN_POINT('Origin',(-4.93736229678632E-8,55.,3.65));
#8327=CARTESIAN_POINT('Origin',(-4.93736229678632E-8,55.,3.65));
#8328=CARTESIAN_POINT('Origin',(7.1,0.,-3.6));
#8329=CARTESIAN_POINT('Origin',(-10.7500000493736,55.,-3.6));
#8330=CARTESIAN_POINT('',(-10.7500000493736,55.5,3.65));
#8331=CARTESIAN_POINT('',(-10.7500000493736,55.5,-3.6));
#8332=CARTESIAN_POINT('',(-10.7500000493736,55.5,-1.31875));
#8333=CARTESIAN_POINT('',(-10.7500000493736,66.,3.65));
#8334=CARTESIAN_POINT('',(-10.7500000493736,55.,3.65));
#8335=CARTESIAN_POINT('',(-10.7500000493736,66.,-3.6));
#8336=CARTESIAN_POINT('',(-10.7500000493736,66.,-3.6));
#8337=CARTESIAN_POINT('',(-10.7500000493736,55.,-3.6));
#8338=CARTESIAN_POINT('Origin',(-4.93736229678632E-8,55.,3.65));
#8339=CARTESIAN_POINT('',(-10.3923048947869,66.,6.39999999999998));
#8340=CARTESIAN_POINT('',(-10.3923048947869,65.75,6.4));
#8341=CARTESIAN_POINT('',(-10.3923048947869,66.,6.39999999999998));
#8342=CARTESIAN_POINT('Origin',(-4.93736229678632E-8,66.,3.65));
#8343=CARTESIAN_POINT('',(-9.5608851948752,55.5,8.56446591549145));
#8344=CARTESIAN_POINT('Origin',(-4.93736229678632E-8,55.5,3.65));
#8345=CARTESIAN_POINT('',(-9.5608851948752,65.75,8.56446591549146));
#8346=CARTESIAN_POINT('',(-9.5608851948752,55.,8.56446591549146));
#8347=CARTESIAN_POINT('Origin',(-4.93736229678632E-8,65.75,3.65));
#8348=CARTESIAN_POINT('Origin',(10.7499999506264,55.,3.65));
#8349=CARTESIAN_POINT('',(10.7499999506264,55.5,-3.6));
#8350=CARTESIAN_POINT('',(10.7499999506264,55.5,3.65));
#8351=CARTESIAN_POINT('',(10.7499999506264,55.5,2.30625));
#8352=CARTESIAN_POINT('',(10.7499999506264,66.,-3.6));
#8353=CARTESIAN_POINT('',(10.7499999506264,55.,-3.6));
#8354=CARTESIAN_POINT('',(10.7499999506264,66.,3.65));
#8355=CARTESIAN_POINT('',(10.7499999506264,66.,-3.6));
#8356=CARTESIAN_POINT('',(10.7499999506264,55.,3.65));
#8357=CARTESIAN_POINT('Origin',(-13.3237500337682,60.4999999829132,-5.525));
#8358=CARTESIAN_POINT('',(-14.3237500337682,60.4999999829132,-3.6));
#8359=CARTESIAN_POINT('Origin',(-13.3237500337682,60.4999999829132,-3.6));
#8360=CARTESIAN_POINT('',(-14.3237500337682,60.4999999829132,-7.1));
#8361=CARTESIAN_POINT('',(-14.3237500337682,60.4999999829132,-5.525));
#8362=CARTESIAN_POINT('Origin',(-13.3237500337682,60.4999999829132,-7.1));
#8363=CARTESIAN_POINT('Origin',(13.3237499561811,60.5,-5.525));
#8364=CARTESIAN_POINT('',(12.3237499561811,60.5,-3.6));
#8365=CARTESIAN_POINT('Origin',(13.3237499561811,60.5,-3.6));
#8366=CARTESIAN_POINT('',(12.3237499561811,60.5,-7.1));
#8367=CARTESIAN_POINT('',(12.3237499561811,60.5,-5.525));
#8368=CARTESIAN_POINT('Origin',(13.3237499561811,60.5,-7.1));
#8369=CARTESIAN_POINT('Origin',(10.2499999506264,55.5,2.30625));
#8370=CARTESIAN_POINT('',(10.2499999506264,55.,-3.59999999999999));
#8371=CARTESIAN_POINT('Origin',(10.2499999506264,55.5,-3.6));
#8372=CARTESIAN_POINT('',(10.2499999506264,55.,3.65));
#8373=CARTESIAN_POINT('Origin',(10.2499999506264,55.5,3.65));
#8374=CARTESIAN_POINT('',(10.2499999506264,55.,2.30625));
#8375=CARTESIAN_POINT('Origin',(-9.11619286252629,55.,8.3358861054686));
#8376=CARTESIAN_POINT('',(-8.86619286252628,65.75,8.76889880736082));
#8377=CARTESIAN_POINT('Origin',(-9.11619286252629,65.75,8.3358861054686));
#8378=CARTESIAN_POINT('',(-8.88220697322056,55.25,8.77775781038509));
#8379=CARTESIAN_POINT('Ctrl Pts',(-8.88220697322057,55.25,8.77775781038509));
#8380=CARTESIAN_POINT('Ctrl Pts',(-8.99412880145824,55.25,8.83702417259279));
#8381=CARTESIAN_POINT('Ctrl Pts',(-9.18614223527407,55.2889707115663,8.85011679452182));
#8382=CARTESIAN_POINT('Ctrl Pts',(-9.42006991146559,55.3861958627284,8.75100646290374));
#8383=CARTESIAN_POINT('Ctrl Pts',(-9.51680772732604,55.4533496876391,8.64797993543205));
#8384=CARTESIAN_POINT('Ctrl Pts',(-9.55954476836274,55.4985555640626,8.56706451188078));
#8385=CARTESIAN_POINT('Ctrl Pts',(-9.56021695819467,55.4992778960251,8.5657659416311));
#8386=CARTESIAN_POINT('Ctrl Pts',(-9.5608851948752,55.5,8.56446591549146));
#8387=CARTESIAN_POINT('',(-8.86619286252628,55.25,8.76889880736082));
#8388=CARTESIAN_POINT('Origin',(-9.11619286252629,55.25,8.3358861054686));
#8389=CARTESIAN_POINT('',(-8.86619286252628,55.,8.76889880736082));
#8390=CARTESIAN_POINT('Origin',(-4.93736229678632E-8,55.5,3.65));
#8391=CARTESIAN_POINT('',(-8.99919991787345,55.,8.5568219579268));
#8392=CARTESIAN_POINT('Ctrl Pts',(-9.5608851948752,55.5,8.56446591549146));
#8393=CARTESIAN_POINT('Ctrl Pts',(-9.56054312133649,55.4985557920505,8.56513140506267));
#8394=CARTESIAN_POINT('Ctrl Pts',(-9.56019726400525,55.4971111281252,8.56579530169939));
#8395=CARTESIAN_POINT('Ctrl Pts',(-9.53788738235619,55.4066993752784,8.6069882118803));
#8396=CARTESIAN_POINT('Ctrl Pts',(-9.4719154218921,55.2723917254569,8.6511835192208));
#8397=CARTESIAN_POINT('Ctrl Pts',(-9.28365694021494,55.0779414231327,8.66483495725586));
#8398=CARTESIAN_POINT('Ctrl Pts',(-9.11075207016407,55.,8.61676631248119));
#8399=CARTESIAN_POINT('Ctrl Pts',(-8.99919991787343,55.,8.55682195792684));
#8400=CARTESIAN_POINT('',(-10.2500000493736,55.,3.65));
#8401=CARTESIAN_POINT('Origin',(-10.2500000493736,55.5,3.65));
#8402=CARTESIAN_POINT('Origin',(-4.93736229678632E-8,55.,3.65));
#8403=CARTESIAN_POINT('Origin',(-10.2500000493736,55.5,-1.31875));
#8404=CARTESIAN_POINT('',(-10.2500000493736,55.,-3.59999999999999));
#8405=CARTESIAN_POINT('Origin',(-10.2500000493736,55.5,-3.6));
#8406=CARTESIAN_POINT('',(-10.2500000493736,55.,-3.59999999999999));
#8407=CARTESIAN_POINT('Origin',(-9.30977314005633,55.,9.025));
#8408=CARTESIAN_POINT('',(-8.01073503437968,65.75,8.275));
#8409=CARTESIAN_POINT('',(-4.07302577654731,65.75,6.0015625));
#8410=CARTESIAN_POINT('',(-8.01073503437968,55.25,8.275));
#8411=CARTESIAN_POINT('',(-4.07302577654731,55.25,6.0015625));
#8412=CARTESIAN_POINT('',(-8.01073503437968,55.,8.275));
#8413=CARTESIAN_POINT('Ctrl Pts',(-8.88220697322057,55.25,8.77775781038509));
#8414=CARTESIAN_POINT('Ctrl Pts',(-8.99412880145824,55.25,8.83702417259279));
#8415=CARTESIAN_POINT('Ctrl Pts',(-9.18614223527407,55.2889707115663,8.85011679452182));
#8416=CARTESIAN_POINT('Ctrl Pts',(-9.42006991146559,55.3861958627284,8.75100646290374));
#8417=CARTESIAN_POINT('Ctrl Pts',(-9.51680772732604,55.4533496876391,8.64797993543205));
#8418=CARTESIAN_POINT('Ctrl Pts',(-9.55954476836274,55.4985555640626,8.56706451188078));
#8419=CARTESIAN_POINT('Ctrl Pts',(-9.56021695819467,55.4992778960251,8.5657659416311));
#8420=CARTESIAN_POINT('Ctrl Pts',(-9.5608851948752,55.5,8.56446591549146));
#8421=CARTESIAN_POINT('Ctrl Pts',(-8.88220697322057,55.1845501530502,8.77775781038509));
#8422=CARTESIAN_POINT('Ctrl Pts',(-9.00891993031234,55.1846799918787,8.84485181645837));
#8423=CARTESIAN_POINT('Ctrl Pts',(-9.21614810984257,55.2453985514806,8.84459627939425));
#8424=CARTESIAN_POINT('Ctrl Pts',(-9.43303301123433,55.3667447776883,8.73722830466214));
#8425=CARTESIAN_POINT('Ctrl Pts',(-9.52028171453417,55.4455621387316,8.641098729283));
#8426=CARTESIAN_POINT('Ctrl Pts',(-9.55965604021615,55.4983149380274,8.56685461592216));
#8427=CARTESIAN_POINT('Ctrl Pts',(-9.56027131871831,55.4991575453627,8.56566018553636));
#8428=CARTESIAN_POINT('Ctrl Pts',(-9.5608851948752,55.5,8.56446591549146));
#8429=CARTESIAN_POINT('Ctrl Pts',(-8.90763298520727,55.0543323617979,8.72974194370557));
#8430=CARTESIAN_POINT('Ctrl Pts',(-9.05103658690578,55.054710633885,8.80593444789729));
#8431=CARTESIAN_POINT('Ctrl Pts',(-9.26671239150579,55.1581209844568,8.80308907415952));
#8432=CARTESIAN_POINT('Ctrl Pts',(-9.45397727238235,55.3277040159811,8.70692271954996));
#8433=CARTESIAN_POINT('Ctrl Pts',(-9.52718703282383,55.4299552273781,8.62746892240028));
#8434=CARTESIAN_POINT('Ctrl Pts',(-9.55987692657984,55.4978340245427,8.56643229330973));
#8435=CARTESIAN_POINT('Ctrl Pts',(-9.56038003976558,55.4989168440378,8.56544867334689));
#8436=CARTESIAN_POINT('Ctrl Pts',(-9.5608851948752,55.5,8.56446591549146));
#8437=CARTESIAN_POINT('Ctrl Pts',(-8.96857123658649,55.,8.6146628288433));
#8438=CARTESIAN_POINT('Ctrl Pts',(-9.09497472236028,55.0002066857013,8.68232636854284));
#8439=CARTESIAN_POINT('Ctrl Pts',(-9.28463890311982,55.0971471244258,8.71443730748301));
#8440=CARTESIAN_POINT('Ctrl Pts',(-9.46764159380999,55.2907701893888,8.67058180500561));
#8441=CARTESIAN_POINT('Ctrl Pts',(-9.53431933371755,55.4144962938386,8.61380071131313));
#8442=CARTESIAN_POINT('Ctrl Pts',(-9.5600912068336,55.4973516048283,8.56600814959035));
#8443=CARTESIAN_POINT('Ctrl Pts',(-9.56048876081286,55.4986761427129,8.56523716115741));
#8444=CARTESIAN_POINT('Ctrl Pts',(-9.5608851948752,55.5,8.56446591549146));
#8445=CARTESIAN_POINT('Ctrl Pts',(-8.99919991787343,55.,8.55682195792684));
#8446=CARTESIAN_POINT('Ctrl Pts',(-9.11075207016407,55.,8.61676631248119));
#8447=CARTESIAN_POINT('Ctrl Pts',(-9.28365694021494,55.0779414231327,8.66483495725586));
#8448=CARTESIAN_POINT('Ctrl Pts',(-9.4719154218921,55.2723917254569,8.6511835192208));
#8449=CARTESIAN_POINT('Ctrl Pts',(-9.53788738235619,55.4066993752784,8.6069882118803));
#8450=CARTESIAN_POINT('Ctrl Pts',(-9.56019726400525,55.4971111281252,8.56579530169939));
#8451=CARTESIAN_POINT('Ctrl Pts',(-9.56054312133649,55.4985557920505,8.56513140506267));
#8452=CARTESIAN_POINT('Ctrl Pts',(-9.5608851948752,55.5,8.56446591549146));
#8453=CARTESIAN_POINT('Origin',(-8.99919991787343,55.25,8.55682195792684));
#8454=CARTESIAN_POINT('Ctrl Pts',(-8.99919991787345,55.,8.5568219579268));
#8455=CARTESIAN_POINT('Ctrl Pts',(-8.99515585082863,55.,8.5546804887778));
#8456=CARTESIAN_POINT('Ctrl Pts',(-8.99119286252631,55.,8.55239245641466));
#8457=CARTESIAN_POINT('Ctrl Pts',(-8.88220697322056,54.9999999999999,8.77775781038509));
#8458=CARTESIAN_POINT('Ctrl Pts',(-8.87411883913093,54.9999999999999,8.77347487208709));
#8459=CARTESIAN_POINT('Ctrl Pts',(-8.86619286252628,54.9999999999999,8.76889880736081));
#8460=CARTESIAN_POINT('Ctrl Pts',(-8.88220697322056,55.25,8.77775781038509));
#8461=CARTESIAN_POINT('Ctrl Pts',(-8.87411883913093,55.25,8.77347487208709));
#8462=CARTESIAN_POINT('Ctrl Pts',(-8.86619286252628,55.25,8.76889880736081));
#8463=CARTESIAN_POINT('',(-8.99119286252629,55.,8.55239245641471));
#8464=CARTESIAN_POINT('Origin',(-9.11619286252629,55.,8.3358861054686));
#8465=CARTESIAN_POINT('Origin',(-8.99119286252629,55.25,8.55239245641471));
#8466=CARTESIAN_POINT('Origin',(-4.19802577654731,55.25,5.78505614905389));
#8467=CARTESIAN_POINT('',(-8.1328087383971,55.,8.05680415128062));
#8468=CARTESIAN_POINT('Ctrl Pts',(-8.1328087383971,55.,8.05680415128062));
#8469=CARTESIAN_POINT('Ctrl Pts',(-8.11785163404517,55.,8.0844076625918));
#8470=CARTESIAN_POINT('Ctrl Pts',(-8.10174239494806,55.0062710378308,8.11376744127746));
#8471=CARTESIAN_POINT('Ctrl Pts',(-8.07183420003766,55.0317828523321,8.16762573129449));
#8472=CARTESIAN_POINT('Ctrl Pts',(-8.05804326192247,55.0510237785421,8.1921286237337));
#8473=CARTESIAN_POINT('Ctrl Pts',(-8.03614974434068,55.0954195418123,8.23075220721415));
#8474=CARTESIAN_POINT('Ctrl Pts',(-8.02658885831446,55.1235313914645,8.24744873032276));
#8475=CARTESIAN_POINT('Ctrl Pts',(-8.0138775500887,55.1851262699885,8.26957034141587));
#8476=CARTESIAN_POINT('Ctrl Pts',(-8.01073503437968,55.2186092886641,8.275));
#8477=CARTESIAN_POINT('Ctrl Pts',(-8.01073503437968,55.25,8.275));
#8478=CARTESIAN_POINT('',(-4.19802577654731,55.,5.78505614905389));
#8479=CARTESIAN_POINT('Origin',(-4.93736229678632E-8,55.5,3.65));
#8480=CARTESIAN_POINT('',(8.9991998191262,55.,8.5568219579268));
#8481=CARTESIAN_POINT('',(9.56088509612795,55.5,8.56446591549146));
#8482=CARTESIAN_POINT('Ctrl Pts',(8.99919981912618,55.,8.55682195792684));
#8483=CARTESIAN_POINT('Ctrl Pts',(9.05497589527147,55.,8.586794135204));
#8484=CARTESIAN_POINT('Ctrl Pts',(9.17279066398875,55.0252565295264,8.63571620383785));
#8485=CARTESIAN_POINT('Ctrl Pts',(9.4209446788711,55.17868966015,8.67959684376873));
#8486=CARTESIAN_POINT('Ctrl Pts',(9.52713754286298,55.3626140279813,8.62716131457113));
#8487=CARTESIAN_POINT('Ctrl Pts',(9.56019559728497,55.4971081362837,8.56579608855517));
#8488=CARTESIAN_POINT('Ctrl Pts',(9.56054302258893,55.4985557920499,8.56513140506329));
#8489=CARTESIAN_POINT('Ctrl Pts',(9.56088509612795,55.5,8.56446591549146));
#8490=CARTESIAN_POINT('Origin',(-4.93736229678632E-8,55.,3.65));
#8491=CARTESIAN_POINT('Origin',(-4.93736229678632E-8,55.5,3.65));
#8492=CARTESIAN_POINT('Ctrl Pts',(9.56088509612795,55.5,8.56446591549146));
#8493=CARTESIAN_POINT('Ctrl Pts',(9.56021685944704,55.4992778960249,8.56576594163185));
#8494=CARTESIAN_POINT('Ctrl Pts',(9.55954234165407,55.4985540681418,8.56706661675864));
#8495=CARTESIAN_POINT('Ctrl Pts',(9.4961088289554,55.4313070139905,8.68752124393507));
#8496=CARTESIAN_POINT('Ctrl Pts',(9.34744887766754,55.339344830075,8.82032449393522));
#8497=CARTESIAN_POINT('Ctrl Pts',(9.06239234501122,55.2626282647632,8.84456224454961));
#8498=CARTESIAN_POINT('Ctrl Pts',(8.93816778859212,55.25,8.80739099148893));
#8499=CARTESIAN_POINT('Ctrl Pts',(8.88220687447332,55.25,8.77775781038509));
#8500=CARTESIAN_POINT('Ctrl Pts',(9.56088509612795,55.5,8.56446591549146));
#8501=CARTESIAN_POINT('Ctrl Pts',(9.56027201171148,55.4990401722047,8.56552126530456));
#8502=CARTESIAN_POINT('Ctrl Pts',(9.55982064483253,55.4980695176697,8.56668118124363));
#8503=CARTESIAN_POINT('Ctrl Pts',(9.50387769415503,55.4084544596088,8.66565276630233));
#8504=CARTESIAN_POINT('Ctrl Pts',(9.40280906125994,55.2859973995826,8.79130000752091));
#8505=CARTESIAN_POINT('Ctrl Pts',(9.11097598801042,55.1485640685381,8.85301006816395));
#8506=CARTESIAN_POINT('Ctrl Pts',(8.95286892164741,55.1188392693869,8.81576316390066));
#8507=CARTESIAN_POINT('Ctrl Pts',(8.88220687447332,55.1191003061004,8.77775781038509));
#8508=CARTESIAN_POINT('Ctrl Pts',(9.56088509612795,55.5,8.56446591549146));
#8509=CARTESIAN_POINT('Ctrl Pts',(9.56038120408254,55.4987998464512,8.56531002118578));
#8510=CARTESIAN_POINT('Ctrl Pts',(9.56003854480024,55.4975857404017,8.56625616810632));
#8511=CARTESIAN_POINT('Ctrl Pts',(9.51414197140918,55.3858026974753,8.64574541081726));
#8512=CARTESIAN_POINT('Ctrl Pts',(9.42803761137306,55.2307141569628,8.74289572812928));
#8513=CARTESIAN_POINT('Ctrl Pts',(9.16093916304682,55.0410944706992,8.75847124943324));
#8514=CARTESIAN_POINT('Ctrl Pts',(9.00854627296843,54.9996868359349,8.71062233764789));
#8515=CARTESIAN_POINT('Ctrl Pts',(8.9379424565523,55.,8.67250369975975));
#8516=CARTESIAN_POINT('Ctrl Pts',(9.56088509612795,55.5,8.56446591549146));
#8517=CARTESIAN_POINT('Ctrl Pts',(9.56054302258893,55.4985557920499,8.56513140506329));
#8518=CARTESIAN_POINT('Ctrl Pts',(9.56019559728497,55.4971081362837,8.56579608855517));
#8519=CARTESIAN_POINT('Ctrl Pts',(9.52713754286298,55.3626140279813,8.62716131457113));
#8520=CARTESIAN_POINT('Ctrl Pts',(9.4209446788711,55.17868966015,8.67959684376873));
#8521=CARTESIAN_POINT('Ctrl Pts',(9.17279066398875,55.0252565295264,8.63571620383785));
#8522=CARTESIAN_POINT('Ctrl Pts',(9.05497589527147,55.,8.586794135204));
#8523=CARTESIAN_POINT('Ctrl Pts',(8.99919981912618,55.,8.55682195792684));
#8524=CARTESIAN_POINT('',(8.88220687447332,55.25,8.77775781038509));
#8525=CARTESIAN_POINT('Origin',(8.99919981912618,55.25,8.55682195792684));
#8526=CARTESIAN_POINT('Ctrl Pts',(9.56088509612795,55.5,8.56446591549146));
#8527=CARTESIAN_POINT('Ctrl Pts',(9.56021685944704,55.4992778960249,8.56576594163185));
#8528=CARTESIAN_POINT('Ctrl Pts',(9.55954234165407,55.4985540681418,8.56706661675864));
#8529=CARTESIAN_POINT('Ctrl Pts',(9.4961088289554,55.4313070139905,8.68752124393507));
#8530=CARTESIAN_POINT('Ctrl Pts',(9.34744887766754,55.339344830075,8.82032449393522));
#8531=CARTESIAN_POINT('Ctrl Pts',(9.06239234501122,55.2626282647632,8.84456224454961));
#8532=CARTESIAN_POINT('Ctrl Pts',(8.93816778859212,55.25,8.80739099148893));
#8533=CARTESIAN_POINT('Ctrl Pts',(8.88220687447332,55.25,8.77775781038509));
#8534=CARTESIAN_POINT('Ctrl Pts',(8.99119276377906,55.,8.55239245641467));
#8535=CARTESIAN_POINT('Ctrl Pts',(8.99515575208138,55.,8.5546804887778));
#8536=CARTESIAN_POINT('Ctrl Pts',(8.9991998191262,55.,8.5568219579268));
#8537=CARTESIAN_POINT('Ctrl Pts',(8.86619276377904,55.,8.76889880736082));
#8538=CARTESIAN_POINT('Ctrl Pts',(8.87411874038368,55.,8.7734748720871));
#8539=CARTESIAN_POINT('Ctrl Pts',(8.88220687447332,55.,8.77775781038509));
#8540=CARTESIAN_POINT('Ctrl Pts',(8.86619276377904,55.25,8.76889880736082));
#8541=CARTESIAN_POINT('Ctrl Pts',(8.87411874038368,55.25,8.7734748720871));
#8542=CARTESIAN_POINT('Ctrl Pts',(8.88220687447332,55.25,8.77775781038509));
#8543=CARTESIAN_POINT('',(8.86619276377904,55.25,8.76889880736082));
#8544=CARTESIAN_POINT('Origin',(9.11619276377904,55.25,8.3358861054686));
#8545=CARTESIAN_POINT('',(8.99119276377904,55.,8.55239245641471));
#8546=CARTESIAN_POINT('Origin',(8.99119276377904,55.25,8.55239245641471));
#8547=CARTESIAN_POINT('Origin',(9.11619276377904,55.,8.3358861054686));
#8548=CARTESIAN_POINT('Origin',(3.54850662496173,55.25,5.4100561490539));
#8549=CARTESIAN_POINT('',(8.01073493563243,55.25,8.275));
#8550=CARTESIAN_POINT('',(8.13280863964986,55.,8.05680415128062));
#8551=CARTESIAN_POINT('Ctrl Pts',(8.01073493563243,55.25,8.275));
#8552=CARTESIAN_POINT('Ctrl Pts',(8.01073493563243,55.2186092886641,8.275));
#8553=CARTESIAN_POINT('Ctrl Pts',(8.01387745134145,55.1851262699885,8.26957034141587));
#8554=CARTESIAN_POINT('Ctrl Pts',(8.02658875956721,55.1235313914645,8.24744873032276));
#8555=CARTESIAN_POINT('Ctrl Pts',(8.03614964559343,55.0954195418123,8.23075220721415));
#8556=CARTESIAN_POINT('Ctrl Pts',(8.05804316317522,55.0510237785421,8.1921286237337));
#8557=CARTESIAN_POINT('Ctrl Pts',(8.07183410129042,55.0317828523321,8.16762573129449));
#8558=CARTESIAN_POINT('Ctrl Pts',(8.10174229620082,55.0062710378308,8.11376744127746));
#8559=CARTESIAN_POINT('Ctrl Pts',(8.11785153529793,55.,8.0844076625918));
#8560=CARTESIAN_POINT('Ctrl Pts',(8.13280863964986,55.,8.05680415128062));
#8561=CARTESIAN_POINT('',(3.54850662496173,55.,5.4100561490539));
#8562=CARTESIAN_POINT('',(3.42350662496173,55.25,5.62656250000001));
#8563=CARTESIAN_POINT('Origin',(8.01073493563243,55.,8.275));
#8564=CARTESIAN_POINT('',(8.01073493563243,65.75,8.275));
#8565=CARTESIAN_POINT('',(8.86619276377904,65.75,8.76889880736082));
#8566=CARTESIAN_POINT('',(3.42350662496173,65.75,5.62656250000001));
#8567=CARTESIAN_POINT('',(8.01073493563243,55.,8.275));
#8568=CARTESIAN_POINT('',(8.86619276377904,55.,8.76889880736082));
#8569=CARTESIAN_POINT('Origin',(9.11619276377904,55.,8.3358861054686));
#8570=CARTESIAN_POINT('',(9.56088509612795,65.75,8.56446591549146));
#8571=CARTESIAN_POINT('Origin',(9.11619276377904,65.75,8.3358861054686));
#8572=CARTESIAN_POINT('',(9.56088509612795,55.,8.56446591549146));
#8573=CARTESIAN_POINT('Origin',(-4.93736229678632E-8,55.,3.65));
#8574=CARTESIAN_POINT('',(10.3923047960396,65.75,6.39999999999998));
#8575=CARTESIAN_POINT('',(10.3923047960396,66.,6.39999999999998));
#8576=CARTESIAN_POINT('',(10.3923047960396,66.,6.39999999999998));
#8577=CARTESIAN_POINT('Origin',(-4.93736229678632E-8,65.75,3.65));
#8578=CARTESIAN_POINT('Origin',(-4.93736229678632E-8,66.,3.65));
#8579=CARTESIAN_POINT('Origin',(-4.93736229678632E-8,65.75,3.65));
#8580=CARTESIAN_POINT('',(10.4813822545021,66.,4.27499999999998));
#8581=CARTESIAN_POINT('Ctrl Pts',(10.4813822545021,66.,4.27499999999998));
#8582=CARTESIAN_POINT('Ctrl Pts',(10.4826917313525,66.,4.2969602039783));
#8583=CARTESIAN_POINT('Ctrl Pts',(10.4839397802489,65.9999590006004,4.31905181071428));
#8584=CARTESIAN_POINT('Ctrl Pts',(10.5292255249104,65.9967682327796,5.16888728804243));
#8585=CARTESIAN_POINT('Ctrl Pts',(10.4641742491205,65.939324032946,5.82822462550081));
#8586=CARTESIAN_POINT('Ctrl Pts',(10.4168754085365,65.8513693101393,6.22006626980129));
#8587=CARTESIAN_POINT('Ctrl Pts',(10.4054821438651,65.828849022091,6.30662633162355));
#8588=CARTESIAN_POINT('Ctrl Pts',(10.3969744279361,65.7937988455475,6.36731607707299));
#8589=CARTESIAN_POINT('Ctrl Pts',(10.3955300108241,65.7869355574536,6.37750431251632));
#8590=CARTESIAN_POINT('Ctrl Pts',(10.3937528386063,65.7745731470245,6.38994012911982));
#8591=CARTESIAN_POINT('Ctrl Pts',(10.3931548212409,65.7693880524191,6.39410150891811));
#8592=CARTESIAN_POINT('Ctrl Pts',(10.3925046671511,65.7597638965259,6.39861571067422));
#8593=CARTESIAN_POINT('Ctrl Pts',(10.3923404980121,65.7557010060575,6.39975264387806));
#8594=CARTESIAN_POINT('Ctrl Pts',(10.3923065110099,65.7509612558872,6.39998811848564));
#8595=CARTESIAN_POINT('Ctrl Pts',(10.3923047960396,65.7504798563898,6.39999999999998));
#8596=CARTESIAN_POINT('Ctrl Pts',(10.3923047960396,65.75,6.39999999999998));
#8597=CARTESIAN_POINT('',(9.3385389299535,66.,8.45017601048003));
#8598=CARTESIAN_POINT('Origin',(-4.93736229678632E-8,66.,3.65));
#8599=CARTESIAN_POINT('Origin',(9.3385389299535,65.75,8.45017601048003));
#8600=CARTESIAN_POINT('Ctrl Pts',(9.3385389299535,66.,8.45017601048002));
#8601=CARTESIAN_POINT('Ctrl Pts',(9.28955656007603,66.,8.54546913502418));
#8602=CARTESIAN_POINT('Ctrl Pts',(9.18676981013333,66.,8.57571704702515));
#8603=CARTESIAN_POINT('Ctrl Pts',(9.08398306019063,66.,8.60596495902612));
#8604=CARTESIAN_POINT('Ctrl Pts',(8.99119276377904,66.,8.55239245641471));
#8605=CARTESIAN_POINT('Ctrl Pts',(9.56088509612795,66.,8.56446591549146));
#8606=CARTESIAN_POINT('Ctrl Pts',(9.46292035637302,66.,8.75505216457977));
#8607=CARTESIAN_POINT('Ctrl Pts',(9.25734685648762,66.,8.81554798858171));
#8608=CARTESIAN_POINT('Ctrl Pts',(9.05177335660222,66.,8.87604381258365));
#8609=CARTESIAN_POINT('Ctrl Pts',(8.86619276377904,66.,8.76889880736082));
#8610=CARTESIAN_POINT('Ctrl Pts',(9.56088509612795,65.75,8.56446591549146));
#8611=CARTESIAN_POINT('Ctrl Pts',(9.46292035637302,65.75,8.75505216457977));
#8612=CARTESIAN_POINT('Ctrl Pts',(9.25734685648762,65.75,8.81554798858171));
#8613=CARTESIAN_POINT('Ctrl Pts',(9.05177335660222,65.75,8.87604381258365));
#8614=CARTESIAN_POINT('Ctrl Pts',(8.86619276377904,65.75,8.76889880736082));
#8615=CARTESIAN_POINT('',(8.99119276377904,66.,8.55239245641471));
#8616=CARTESIAN_POINT('Origin',(9.11619276377904,66.,8.3358861054686));
#8617=CARTESIAN_POINT('Origin',(8.99119276377904,65.75,8.55239245641471));
#8618=CARTESIAN_POINT('Origin',(3.54850662496173,65.75,5.4100561490539));
#8619=CARTESIAN_POINT('',(8.13280863964986,66.,8.05680415128062));
#8620=CARTESIAN_POINT('Ctrl Pts',(8.13280863964986,66.,8.05680415128062));
#8621=CARTESIAN_POINT('Ctrl Pts',(8.11785153529793,66.,8.0844076625918));
#8622=CARTESIAN_POINT('Ctrl Pts',(8.10174229620082,65.9937289621692,8.11376744127746));
#8623=CARTESIAN_POINT('Ctrl Pts',(8.07183410129042,65.9682171476679,8.16762573129449));
#8624=CARTESIAN_POINT('Ctrl Pts',(8.05804316317522,65.9489762214579,8.1921286237337));
#8625=CARTESIAN_POINT('Ctrl Pts',(8.03614964559343,65.9045804581877,8.23075220721415));
#8626=CARTESIAN_POINT('Ctrl Pts',(8.02658875956721,65.8764686085355,8.24744873032275));
#8627=CARTESIAN_POINT('Ctrl Pts',(8.01387745134145,65.8148737300115,8.26957034141586));
#8628=CARTESIAN_POINT('Ctrl Pts',(8.01073493563243,65.7813907113359,8.275));
#8629=CARTESIAN_POINT('Ctrl Pts',(8.01073493563243,65.75,8.275));
#8630=CARTESIAN_POINT('',(3.54850662496173,66.,5.4100561490539));
#8631=CARTESIAN_POINT('Origin',(-4.93736229678632E-8,55.,3.65));
#8632=CARTESIAN_POINT('Origin',(-4.93736229678632E-8,55.,3.65));
#8633=CARTESIAN_POINT('',(-8.1328087383971,66.,8.05680415128062));
#8634=CARTESIAN_POINT('Origin',(-4.93736229678632E-8,66.,3.65));
#8635=CARTESIAN_POINT('Ctrl Pts',(-8.01073503437968,65.75,8.275));
#8636=CARTESIAN_POINT('Ctrl Pts',(-8.01073503437968,65.7813907113359,8.275));
#8637=CARTESIAN_POINT('Ctrl Pts',(-8.0138775500887,65.8148737300115,8.26957034141587));
#8638=CARTESIAN_POINT('Ctrl Pts',(-8.02658885831446,65.8764686085355,8.24744873032276));
#8639=CARTESIAN_POINT('Ctrl Pts',(-8.03614974434068,65.9045804581877,8.23075220721415));
#8640=CARTESIAN_POINT('Ctrl Pts',(-8.05804326192247,65.9489762214579,8.1921286237337));
#8641=CARTESIAN_POINT('Ctrl Pts',(-8.07183420003766,65.9682171476679,8.16762573129448));
#8642=CARTESIAN_POINT('Ctrl Pts',(-8.10174239494806,65.9937289621692,8.11376744127746));
#8643=CARTESIAN_POINT('Ctrl Pts',(-8.11785163404517,66.,8.0844076625918));
#8644=CARTESIAN_POINT('Ctrl Pts',(-8.1328087383971,66.,8.05680415128062));
#8645=CARTESIAN_POINT('Origin',(-4.93736229678632E-8,66.,0.962499999999999));
#8646=CARTESIAN_POINT('',(-9.33853902870074,66.,8.45017601048002));
#8647=CARTESIAN_POINT('',(-10.4813823532494,66.,4.27499999999996));
#8648=CARTESIAN_POINT('Origin',(-4.93736229678632E-8,66.,3.65));
#8649=CARTESIAN_POINT('',(-8.99119286252629,66.,8.5523924564147));
#8650=CARTESIAN_POINT('Origin',(-9.11619286252629,66.,8.3358861054686));
#8651=CARTESIAN_POINT('',(-4.19802577654731,66.,5.78505614905389));
#8652=CARTESIAN_POINT('Origin',(-4.93736229678632E-8,66.,4.89999999999999));
#8653=CARTESIAN_POINT('',(15.2325009331143,66.,-3.6));
#8654=CARTESIAN_POINT('',(3.54999997629556,66.,-3.6));
#8655=CARTESIAN_POINT('',(16.2343749583412,66.,-4.6));
#8656=CARTESIAN_POINT('Origin',(15.2325009331143,66.,-4.6));
#8657=CARTESIAN_POINT('',(16.2343749583412,66.,-7.1));
#8658=CARTESIAN_POINT('',(16.2343749583412,66.,-0.890217489035721));
#8659=CARTESIAN_POINT('',(-16.234375041659,66.,-7.1));
#8660=CARTESIAN_POINT('',(6.04999997629556,66.,-7.1));
#8661=CARTESIAN_POINT('',(-16.234375041659,66.,-4.6));
#8662=CARTESIAN_POINT('',(-16.234375041659,66.,-0.890217489035721));
#8663=CARTESIAN_POINT('',(-15.2325010163566,66.,-3.6));
#8664=CARTESIAN_POINT('Origin',(-15.2325010163566,66.,-4.6));
#8665=CARTESIAN_POINT('',(-6.05000002370444,66.,-3.6));
#8666=CARTESIAN_POINT('Origin',(-4.93736229678632E-8,66.,4.89999999999999));
#8667=CARTESIAN_POINT('Origin',(-4.19802577654731,65.75,5.78505614905389));
#8668=CARTESIAN_POINT('Origin',(-8.99119286252629,65.75,8.5523924564147));
#8669=CARTESIAN_POINT('Ctrl Pts',(-8.99119286252629,66.,8.5523924564147));
#8670=CARTESIAN_POINT('Ctrl Pts',(-9.08398315893788,66.,8.60596495902612));
#8671=CARTESIAN_POINT('Ctrl Pts',(-9.18676990888058,66.,8.57571704702515));
#8672=CARTESIAN_POINT('Ctrl Pts',(-9.28955665882327,66.,8.54546913502418));
#8673=CARTESIAN_POINT('Ctrl Pts',(-9.33853902870074,66.,8.45017601048002));
#8674=CARTESIAN_POINT('Ctrl Pts',(-8.86619286252628,66.,8.76889880736081));
#8675=CARTESIAN_POINT('Ctrl Pts',(-9.05177345534947,66.,8.87604381258365));
#8676=CARTESIAN_POINT('Ctrl Pts',(-9.25734695523487,66.,8.81554798858171));
#8677=CARTESIAN_POINT('Ctrl Pts',(-9.46292045512027,66.,8.75505216457977));
#8678=CARTESIAN_POINT('Ctrl Pts',(-9.5608851948752,66.,8.56446591549145));
#8679=CARTESIAN_POINT('Ctrl Pts',(-8.86619286252628,65.75,8.76889880736081));
#8680=CARTESIAN_POINT('Ctrl Pts',(-9.05177345534947,65.75,8.87604381258365));
#8681=CARTESIAN_POINT('Ctrl Pts',(-9.25734695523487,65.75,8.81554798858171));
#8682=CARTESIAN_POINT('Ctrl Pts',(-9.46292045512027,65.75,8.75505216457977));
#8683=CARTESIAN_POINT('Ctrl Pts',(-9.5608851948752,65.75,8.56446591549145));
#8684=CARTESIAN_POINT('Origin',(-9.33853902870074,65.75,8.45017601048002));
#8685=CARTESIAN_POINT('Origin',(-4.93736229678632E-8,65.75,3.65));
#8686=CARTESIAN_POINT('Ctrl Pts',(-10.3923048947869,65.75,6.39999999999996));
#8687=CARTESIAN_POINT('Ctrl Pts',(-10.3923048947869,65.7533346162869,6.39999999999996));
#8688=CARTESIAN_POINT('Ctrl Pts',(-10.3923877506402,65.7565947138551,6.39942623585022));
#8689=CARTESIAN_POINT('Ctrl Pts',(-10.392759312988,65.7642522830353,6.3968490923115));
#8690=CARTESIAN_POINT('Ctrl Pts',(-10.3931089863447,65.768385793619,6.39442128070767));
#8691=CARTESIAN_POINT('Ctrl Pts',(-10.3942393463436,65.7786941523082,6.38654469690746));
#8692=CARTESIAN_POINT('Ctrl Pts',(-10.3951946354757,65.7844948467044,6.37985626474126));
#8693=CARTESIAN_POINT('Ctrl Pts',(-10.3984368885939,65.8011936940957,6.3569763739446));
#8694=CARTESIAN_POINT('Ctrl Pts',(-10.4013938369084,65.8111767032939,6.33574220982761));
#8695=CARTESIAN_POINT('Ctrl Pts',(-10.4150573259035,65.8520167790131,6.23543947976784));
#8696=CARTESIAN_POINT('Ctrl Pts',(-10.4329739985676,65.8820153054541,6.09767429964605));
#8697=CARTESIAN_POINT('Ctrl Pts',(-10.4860871548607,65.9603687957398,5.55426057562158));
#8698=CARTESIAN_POINT('Ctrl Pts',(-10.5230331905814,66.0000000000006,4.97349335894841));
#8699=CARTESIAN_POINT('Ctrl Pts',(-10.4813823532485,66.,4.274999999985));
#8700=CARTESIAN_POINT('Origin',(-12.1,0.,-3.6));
#8701=CARTESIAN_POINT('',(-14.5587510095677,55.,-3.6));
#8702=CARTESIAN_POINT('',(-11.1476363270742,-0.691667724445524,-3.6));
#8703=CARTESIAN_POINT('',(-6.05000002370444,55.,-3.6));
#8704=CARTESIAN_POINT('Origin',(-11.1476363270742,-0.691667724445524,-4.6));
#8705=CARTESIAN_POINT('',(-15.5606250348701,55.,-4.6));
#8706=CARTESIAN_POINT('',(-12.1457658071734,-0.752803155717618,-4.6));
#8707=CARTESIAN_POINT('Origin',(-14.5587510095677,55.,-4.6));
#8708=CARTESIAN_POINT('Origin',(-12.1,-1.5,-3.6));
#8709=CARTESIAN_POINT('',(-15.5606250348701,55.,-7.1));
#8710=CARTESIAN_POINT('',(-14.5505415862827,38.5088418218842,-7.1));
#8711=CARTESIAN_POINT('',(-15.5606250348701,55.,-0.890217489035721));
#8712=CARTESIAN_POINT('Origin',(12.1,0.,-7.1));
#8713=CARTESIAN_POINT('',(15.5606249651303,55.,-7.1));
#8714=CARTESIAN_POINT('',(13.876078288824,27.4971968443949,-7.1));
#8715=CARTESIAN_POINT('',(6.04999997629556,55.,-7.1));
#8716=CARTESIAN_POINT('Origin',(12.8656249922867,11.,-3.6));
#8717=CARTESIAN_POINT('',(15.5606249651303,55.,-4.6));
#8718=CARTESIAN_POINT('',(12.5192344503853,5.34464415686814,-4.6));
#8719=CARTESIAN_POINT('',(15.5606249651303,55.,-0.890217489035721));
#8720=CARTESIAN_POINT('Origin',(11.5211049702108,5.40577958691278,-4.6));
#8721=CARTESIAN_POINT('',(14.5587509399034,55.,-3.6));
#8722=CARTESIAN_POINT('',(11.5211049702108,5.40577958691278,-3.6));
#8723=CARTESIAN_POINT('Origin',(14.5587509399034,55.,-4.6));
#8724=CARTESIAN_POINT('Origin',(-4.74088857060906E-8,55.,1.81956502192856));
#8725=CARTESIAN_POINT('',(3.54999997629556,55.,-3.6));
#8726=CARTESIAN_POINT('Origin',(-4.93736229678632E-8,66.,4.89999999999999));
#8727=CARTESIAN_POINT('Origin',(-4.93736229678632E-8,66.,4.89999999999999));
#8728=CARTESIAN_POINT('Origin',(7.1,0.,-3.6));
#8729=CARTESIAN_POINT('Origin',(-4.74088857060906E-8,66.,1.81956502192856));
#8730=CARTESIAN_POINT('',(-9.21568896716199,66.,9.93200534285812));
#8731=CARTESIAN_POINT('',(9.21568886841474,66.,9.93200534285812));
#8732=CARTESIAN_POINT('Origin',(-4.93736229678632E-8,66.,4.89999999999999));
#8733=CARTESIAN_POINT('',(-10.0748744204398,66.,10.4280562955919));
#8734=CARTESIAN_POINT('',(-4.67163341924191,66.,7.30849364905392));
#8735=CARTESIAN_POINT('',(-10.0820025864827,66.,10.4320181526931));
#8736=CARTESIAN_POINT('Origin',(-10.1998744204398,66.,10.2115499446458));
#8737=CARTESIAN_POINT('',(-11.5000000493736,66.,4.9));
#8738=CARTESIAN_POINT('Origin',(-4.93736229678632E-8,66.,4.9));
#8739=CARTESIAN_POINT('',(-11.5000000493736,66.,-3.6));
#8740=CARTESIAN_POINT('',(-11.5000000493736,66.,-0.850000000000016));
#8741=CARTESIAN_POINT('',(-15.2325010163566,66.,-3.6));
#8742=CARTESIAN_POINT('',(-6.05000002370444,66.,-3.6));
#8743=CARTESIAN_POINT('',(-16.234375041659,66.,-4.6));
#8744=CARTESIAN_POINT('Origin',(-15.2325010163566,66.,-4.6));
#8745=CARTESIAN_POINT('',(-16.234375041659,66.,-7.1));
#8746=CARTESIAN_POINT('',(-16.234375041659,66.,-0.890217489035721));
#8747=CARTESIAN_POINT('',(16.2343749583412,66.,-7.1));
#8748=CARTESIAN_POINT('',(6.04999997629556,66.,-7.1));
#8749=CARTESIAN_POINT('',(16.2343749583412,66.,-4.6));
#8750=CARTESIAN_POINT('',(16.2343749583412,66.,-0.890217489035721));
#8751=CARTESIAN_POINT('',(15.2325009331143,66.,-3.6));
#8752=CARTESIAN_POINT('Origin',(15.2325009331143,66.,-4.6));
#8753=CARTESIAN_POINT('',(11.4999999506264,66.,-3.6));
#8754=CARTESIAN_POINT('',(3.54999997629556,66.,-3.6));
#8755=CARTESIAN_POINT('',(11.4999999506264,66.,4.9));
#8756=CARTESIAN_POINT('',(11.4999999506264,66.,3.39999999999999));
#8757=CARTESIAN_POINT('',(10.0820024877355,66.,10.4320181526931));
#8758=CARTESIAN_POINT('Origin',(-4.93736229678632E-8,66.,4.9));
#8759=CARTESIAN_POINT('',(10.0748743216926,66.,10.4280562955919));
#8760=CARTESIAN_POINT('Origin',(10.1998743216926,66.,10.2115499446458));
#8761=CARTESIAN_POINT('',(4.02211426765634,66.,6.93349364905393));
#8762=CARTESIAN_POINT('Origin',(11.5211049702108,5.40577958691278,-4.6));
#8763=CARTESIAN_POINT('',(16.8050163173204,75.3165937098661,-4.6));
#8764=CARTESIAN_POINT('',(12.5192344503853,5.34464415686814,-4.6));
#8765=CARTESIAN_POINT('',(15.806886837146,75.3777291399107,-3.6));
#8766=CARTESIAN_POINT('Origin',(15.806886837146,75.3777291399107,-4.6));
#8767=CARTESIAN_POINT('',(11.5211049702108,5.40577958691278,-3.6));
#8768=CARTESIAN_POINT('Origin',(12.8656249922867,11.,-3.6));
#8769=CARTESIAN_POINT('',(16.8050163173204,75.3165937098661,-7.1));
#8770=CARTESIAN_POINT('',(13.876078288824,27.4971968443949,-7.1));
#8771=CARTESIAN_POINT('',(16.8050163173204,75.3165937098661,-0.850000000000011));
#8772=CARTESIAN_POINT('Origin',(12.1,0.,-7.1));
#8773=CARTESIAN_POINT('',(-16.8050164119127,75.3165937061837,-7.1));
#8774=CARTESIAN_POINT('',(-14.5505415862827,38.5088418218842,-7.1));
#8775=CARTESIAN_POINT('',(-13.8106279716149,78.5,-7.1));
#8776=CARTESIAN_POINT('Origin',(-13.810627971615,75.5,-7.1));
#8777=CARTESIAN_POINT('',(13.8106278767972,78.5,-7.1));
#8778=CARTESIAN_POINT('',(16.9999999506264,78.5,-7.1));
#8779=CARTESIAN_POINT('Origin',(13.8106278767972,75.5,-7.1));
#8780=CARTESIAN_POINT('',(13.3085937025551,72.25,-7.1));
#8781=CARTESIAN_POINT('Origin',(14.3085937025551,72.25,-7.1));
#8782=CARTESIAN_POINT('',(-15.3085937952108,72.2499999816502,-7.1));
#8783=CARTESIAN_POINT('Origin',(-14.3085937952108,72.2499999816502,-7.1));
#8784=CARTESIAN_POINT('Origin',(-12.1,-1.5,-3.6));
#8785=CARTESIAN_POINT('',(-16.8050164119127,75.3165937061837,-4.6));
#8786=CARTESIAN_POINT('',(-12.1457658071734,-0.752803155717618,-4.6));
#8787=CARTESIAN_POINT('',(-16.8050164119127,75.3165937061837,-0.850000000000011));
#8788=CARTESIAN_POINT('Origin',(-11.1476363270742,-0.691667724445524,-4.6));
#8789=CARTESIAN_POINT('',(-15.8068869318134,75.3777291374558,-3.6));
#8790=CARTESIAN_POINT('',(-11.1476363270742,-0.691667724445524,-3.6));
#8791=CARTESIAN_POINT('Origin',(-15.8068869318134,75.3777291374558,-4.6));
#8792=CARTESIAN_POINT('Origin',(-12.1,0.,-3.6));
#8793=CARTESIAN_POINT('',(-12.0000000493736,66.5,-3.60000000000001));
#8794=CARTESIAN_POINT('Origin',(-11.5000000493736,66.5,-3.6));
#8795=CARTESIAN_POINT('',(-12.0000000493736,77.5,-3.60000000000001));
#8796=CARTESIAN_POINT('',(-12.0000000493736,66.,-3.60000000000001));
#8797=CARTESIAN_POINT('',(-13.8106279716149,77.5,-3.6));
#8798=CARTESIAN_POINT('',(-6.05000002468681,77.5,-3.6));
#8799=CARTESIAN_POINT('Origin',(-13.810627971615,75.5,-3.6));
#8800=CARTESIAN_POINT('',(-15.3085937952108,72.2499999816502,-3.6));
#8801=CARTESIAN_POINT('Origin',(-14.3085937952108,72.2499999816502,-3.6));
#8802=CARTESIAN_POINT('Origin',(7.1,0.,-3.6));
#8803=CARTESIAN_POINT('',(13.8106278767972,77.5,-3.6));
#8804=CARTESIAN_POINT('Origin',(13.8106278767972,75.5,-3.6));
#8805=CARTESIAN_POINT('',(11.9999999506264,77.5,-3.60000000000001));
#8806=CARTESIAN_POINT('',(3.54999997531319,77.5,-3.6));
#8807=CARTESIAN_POINT('',(11.9999999506264,66.5,-3.60000000000001));
#8808=CARTESIAN_POINT('',(11.9999999506264,66.,-3.60000000000001));
#8809=CARTESIAN_POINT('Origin',(11.4999999506264,66.5,-3.6));
#8810=CARTESIAN_POINT('',(13.3085937025551,72.25,-3.6));
#8811=CARTESIAN_POINT('Origin',(14.3085937025551,72.25,-3.6));
#8812=CARTESIAN_POINT('Origin',(4.02211426765634,66.25,6.93349364905393));
#8813=CARTESIAN_POINT('',(9.093266690363,66.25,10.15));
#8814=CARTESIAN_POINT('Ctrl Pts',(9.093266690363,66.25,10.15));
#8815=CARTESIAN_POINT('Ctrl Pts',(9.093266690363,66.218609322972,10.15));
#8816=CARTESIAN_POINT('Ctrl Pts',(9.09640851061251,66.1851263342751,10.1445699580689));
#8817=CARTESIAN_POINT('Ctrl Pts',(9.10912521743457,66.1235314665442,10.1224514941613));
#8818=CARTESIAN_POINT('Ctrl Pts',(9.11869313841986,66.0954195954232,10.1057590461115));
#8819=CARTESIAN_POINT('Ctrl Pts',(9.14062258075785,66.0510244616385,10.0671569306659));
#8820=CARTESIAN_POINT('Ctrl Pts',(9.15444489104683,66.0317837419049,10.0426730952218));
#8821=CARTESIAN_POINT('Ctrl Pts',(9.18445888370239,66.0062715690927,9.98887638267527));
#8822=CARTESIAN_POINT('Ctrl Pts',(9.20064351431267,66.,9.95955962661091));
#8823=CARTESIAN_POINT('Ctrl Pts',(9.21568886841474,66.,9.93200534285812));
#8824=CARTESIAN_POINT('',(9.9498743216926,66.25,10.644562646538));
#8825=CARTESIAN_POINT('Origin',(10.0748743216926,66.25,10.4280562955919));
#8826=CARTESIAN_POINT('',(3.89711426765634,66.25,7.15000000000004));
#8827=CARTESIAN_POINT('Ctrl Pts',(10.0748743216926,66.,10.4280562955919));
#8828=CARTESIAN_POINT('Ctrl Pts',(10.078406090733,66.,10.430095363398));
#8829=CARTESIAN_POINT('Ctrl Pts',(10.0820024877355,66.,10.4320181526931));
#8830=CARTESIAN_POINT('Ctrl Pts',(9.9498743216926,66.,10.644562646538));
#8831=CARTESIAN_POINT('Ctrl Pts',(9.95693785977334,66.,10.6486407821503));
#8832=CARTESIAN_POINT('Ctrl Pts',(9.96413065377837,66.,10.6524863607404));
#8833=CARTESIAN_POINT('Ctrl Pts',(9.9498743216926,66.25,10.644562646538));
#8834=CARTESIAN_POINT('Ctrl Pts',(9.95693785977334,66.25,10.6486407821503));
#8835=CARTESIAN_POINT('Ctrl Pts',(9.96413065377837,66.25,10.6524863607404));
#8836=CARTESIAN_POINT('',(9.96413065377837,66.25,10.6524863607404));
#8837=CARTESIAN_POINT('Origin',(10.0820024877355,66.25,10.4320181526931));
#8838=CARTESIAN_POINT('Origin',(10.1998743216926,66.25,10.2115499446458));
#8839=CARTESIAN_POINT('Ctrl Pts',(10.6433471204346,66.5,10.4424868987608));
#8840=CARTESIAN_POINT('Ctrl Pts',(10.6426690513488,66.499273809594,10.443789008232));
#8841=CARTESIAN_POINT('Ctrl Pts',(10.6419874235304,66.4985473164433,10.4450900175805));
#8842=CARTESIAN_POINT('Ctrl Pts',(10.5988244299999,66.4533406679249,10.5256465996115));
#8843=CARTESIAN_POINT('Ctrl Pts',(10.5016261373159,66.3861740153414,10.6280390820794));
#8844=CARTESIAN_POINT('Ctrl Pts',(10.2683273013564,66.2889734000368,10.7263963633522));
#8845=CARTESIAN_POINT('Ctrl Pts',(10.0757510305844,66.25,10.7121634390713));
#8846=CARTESIAN_POINT('Ctrl Pts',(9.96413065377837,66.25,10.6524863607404));
#8847=CARTESIAN_POINT('Ctrl Pts',(10.6433471204346,66.5,10.4424868987608));
#8848=CARTESIAN_POINT('Ctrl Pts',(10.6428032696126,66.4990433858006,10.4435713177232));
#8849=CARTESIAN_POINT('Ctrl Pts',(10.6421846597438,66.4980499412228,10.4446730494793));
#8850=CARTESIAN_POINT('Ctrl Pts',(10.6069968394263,66.4382873299211,10.5117135110407));
#8851=CARTESIAN_POINT('Ctrl Pts',(10.5300919270193,66.3475947980824,10.6017099572487));
#8852=CARTESIAN_POINT('Ctrl Pts',(10.3302704997783,66.2021371957716,10.7164361874827));
#8853=CARTESIAN_POINT('Ctrl Pts',(10.1124330346966,66.1209143658495,10.729385982351));
#8854=CARTESIAN_POINT('Ctrl Pts',(9.96413065377837,66.1191003061004,10.6524863607404));
#8855=CARTESIAN_POINT('Ctrl Pts',(10.6433471204346,66.5,10.4424868987608));
#8856=CARTESIAN_POINT('Ctrl Pts',(10.6429119249712,66.4988056821061,10.4433627145621));
#8857=CARTESIAN_POINT('Ctrl Pts',(10.6424083473034,66.4975603011629,10.4442434836982));
#8858=CARTESIAN_POINT('Ctrl Pts',(10.6139939010946,66.4229935146202,10.4982912282724));
#8859=CARTESIAN_POINT('Ctrl Pts',(10.5477395719183,66.3092585426262,10.5681085022478));
#8860=CARTESIAN_POINT('Ctrl Pts',(10.3701858332242,66.1164703717931,10.6413368170805));
#8861=CARTESIAN_POINT('Ctrl Pts',(10.1680842152865,66.0025449233644,10.6252704007983));
#8862=CARTESIAN_POINT('Ctrl Pts',(10.020284939798,66.,10.547455036485));
#8863=CARTESIAN_POINT('Ctrl Pts',(10.6433471204346,66.5,10.4424868987608));
#8864=CARTESIAN_POINT('Ctrl Pts',(10.643000872391,66.4985476191885,10.4431518057244));
#8865=CARTESIAN_POINT('Ctrl Pts',(10.642651268246,66.4970946328865,10.443815412684));
#8866=CARTESIAN_POINT('Ctrl Pts',(10.6201518316395,66.4066813358495,10.4847054764709));
#8867=CARTESIAN_POINT('Ctrl Pts',(10.5540327182142,66.2723480306827,10.5283229767402));
#8868=CARTESIAN_POINT('Ctrl Pts',(10.3667107404287,66.0779468000736,10.5413848451571));
#8869=CARTESIAN_POINT('Ctrl Pts',(10.1932919579228,66.,10.4922983023222));
#8870=CARTESIAN_POINT('Ctrl Pts',(10.0820024877355,66.,10.4320181526931));
#8871=CARTESIAN_POINT('',(10.6433471204346,66.5,10.4424868987608));
#8872=CARTESIAN_POINT('Ctrl Pts',(10.0820024877355,66.,10.4320181526931));
#8873=CARTESIAN_POINT('Ctrl Pts',(10.1932919579228,66.,10.4922983023222));
#8874=CARTESIAN_POINT('Ctrl Pts',(10.3667107404287,66.0779468000736,10.5413848451571));
#8875=CARTESIAN_POINT('Ctrl Pts',(10.5540327182142,66.2723480306827,10.5283229767402));
#8876=CARTESIAN_POINT('Ctrl Pts',(10.6201518316395,66.4066813358495,10.4847054764709));
#8877=CARTESIAN_POINT('Ctrl Pts',(10.642651268246,66.4970946328865,10.443815412684));
#8878=CARTESIAN_POINT('Ctrl Pts',(10.643000872391,66.4985476191885,10.4431518057244));
#8879=CARTESIAN_POINT('Ctrl Pts',(10.6433471204346,66.5,10.4424868987608));
#8880=CARTESIAN_POINT('Ctrl Pts',(10.6433471204346,66.5,10.4424868987608));
#8881=CARTESIAN_POINT('Ctrl Pts',(10.6426690513488,66.499273809594,10.443789008232));
#8882=CARTESIAN_POINT('Ctrl Pts',(10.6419874235304,66.4985473164433,10.4450900175805));
#8883=CARTESIAN_POINT('Ctrl Pts',(10.5988244299999,66.4533406679249,10.5256465996115));
#8884=CARTESIAN_POINT('Ctrl Pts',(10.5016261373159,66.3861740153414,10.6280390820794));
#8885=CARTESIAN_POINT('Ctrl Pts',(10.2683273013564,66.2889734000368,10.7263963633522));
#8886=CARTESIAN_POINT('Ctrl Pts',(10.0757510305844,66.25,10.7121634390713));
#8887=CARTESIAN_POINT('Ctrl Pts',(9.96413065377837,66.25,10.6524863607404));
#8888=CARTESIAN_POINT('Origin',(-4.93736229678632E-8,66.,4.89999999999999));
#8889=CARTESIAN_POINT('',(9.093266690363,77.,10.15));
#8890=CARTESIAN_POINT('',(9.093266690363,66.,10.15));
#8891=CARTESIAN_POINT('',(-9.09326678911024,77.,10.15));
#8892=CARTESIAN_POINT('Origin',(-4.93736229678632E-8,77.,4.89999999999999));
#8893=CARTESIAN_POINT('',(-9.09326678911024,66.25,10.15));
#8894=CARTESIAN_POINT('',(-9.09326678911024,66.,10.15));
#8895=CARTESIAN_POINT('Ctrl Pts',(-9.21568896716199,66.,9.93200534285812));
#8896=CARTESIAN_POINT('Ctrl Pts',(-9.20064361305991,66.,9.95955962661091));
#8897=CARTESIAN_POINT('Ctrl Pts',(-9.18445898244964,66.0062715690927,9.98887638267527));
#8898=CARTESIAN_POINT('Ctrl Pts',(-9.15444498979408,66.0317837419049,10.0426730952218));
#8899=CARTESIAN_POINT('Ctrl Pts',(-9.14062267950509,66.0510244616385,10.0671569306659));
#8900=CARTESIAN_POINT('Ctrl Pts',(-9.1186932371671,66.0954195954232,10.1057590461115));
#8901=CARTESIAN_POINT('Ctrl Pts',(-9.10912531618182,66.1235314665441,10.1224514941613));
#8902=CARTESIAN_POINT('Ctrl Pts',(-9.09640860935976,66.1851263342751,10.1445699580689));
#8903=CARTESIAN_POINT('Ctrl Pts',(-9.09326678911024,66.218609322972,10.15));
#8904=CARTESIAN_POINT('Ctrl Pts',(-9.09326678911024,66.25,10.15));
#8905=CARTESIAN_POINT('Origin',(9.093266690363,66.,10.15));
#8906=CARTESIAN_POINT('',(9.9498743216926,77.5,10.644562646538));
#8907=CARTESIAN_POINT('',(9.9498743216926,66.,10.644562646538));
#8908=CARTESIAN_POINT('',(9.51643310596398,78.,10.3943152439592));
#8909=CARTESIAN_POINT('Ctrl Pts',(9.51643310596398,78.,10.3943152439592));
#8910=CARTESIAN_POINT('Ctrl Pts',(9.61364580328133,77.9999999999999,10.450441020924));
#8911=CARTESIAN_POINT('Ctrl Pts',(9.84079808130866,77.9086078325488,10.5815874497901));
#8912=CARTESIAN_POINT('Ctrl Pts',(9.9498743216926,77.6496687385728,10.644562646538));
#8913=CARTESIAN_POINT('Ctrl Pts',(9.9498743216926,77.5,10.644562646538));
#8914=CARTESIAN_POINT('',(9.093266690363,78.,10.15));
#8915=CARTESIAN_POINT('',(3.89711426765634,78.,7.15000000000004));
#8916=CARTESIAN_POINT('',(9.093266690363,77.,10.15));
#8917=CARTESIAN_POINT('Origin',(-4.67163341924191,66.25,7.30849364905392));
#8918=CARTESIAN_POINT('',(-9.94987442043985,66.25,10.644562646538));
#8919=CARTESIAN_POINT('',(-4.54663341924192,66.25,7.52500000000003));
#8920=CARTESIAN_POINT('Origin',(-10.0748744204398,66.25,10.4280562955919));
#8921=CARTESIAN_POINT('Ctrl Pts',(-10.0820025864827,66.,10.4320181526931));
#8922=CARTESIAN_POINT('Ctrl Pts',(-10.0784061894802,66.,10.4300953633981));
#8923=CARTESIAN_POINT('Ctrl Pts',(-10.0748744204398,66.,10.4280562955919));
#8924=CARTESIAN_POINT('Ctrl Pts',(-9.9641307525256,66.,10.6524863607404));
#8925=CARTESIAN_POINT('Ctrl Pts',(-9.95693795852058,66.,10.6486407821503));
#8926=CARTESIAN_POINT('Ctrl Pts',(-9.94987442043985,66.,10.644562646538));
#8927=CARTESIAN_POINT('Ctrl Pts',(-9.9641307525256,66.25,10.6524863607404));
#8928=CARTESIAN_POINT('Ctrl Pts',(-9.95693795852058,66.25,10.6486407821503));
#8929=CARTESIAN_POINT('Ctrl Pts',(-9.94987442043985,66.25,10.644562646538));
#8930=CARTESIAN_POINT('',(-9.9641307525256,66.25,10.6524863607404));
#8931=CARTESIAN_POINT('Origin',(-10.0820025864827,66.25,10.4320181526931));
#8932=CARTESIAN_POINT('Origin',(-10.1998744204398,66.25,10.2115499446458));
#8933=CARTESIAN_POINT('Ctrl Pts',(-9.9641307525256,66.25,10.6524863607404));
#8934=CARTESIAN_POINT('Ctrl Pts',(-10.0757511293317,66.25,10.7121634390713));
#8935=CARTESIAN_POINT('Ctrl Pts',(-10.2675902383391,66.2889495317883,10.7260484946154));
#8936=CARTESIAN_POINT('Ctrl Pts',(-10.5017457150251,66.3861808381462,10.6280910526776));
#8937=CARTESIAN_POINT('Ctrl Pts',(-10.5988662851223,66.4533341857954,10.5256842953702));
#8938=CARTESIAN_POINT('Ctrl Pts',(-10.6419870982242,66.4985473881029,10.4450896216982));
#8939=CARTESIAN_POINT('Ctrl Pts',(-10.6426691500953,66.4992738095947,10.4437890082336));
#8940=CARTESIAN_POINT('Ctrl Pts',(-10.6433472191819,66.5,10.4424868987608));
#8941=CARTESIAN_POINT('Ctrl Pts',(-9.9641307525256,66.1845501530502,10.6524863607404));
#8942=CARTESIAN_POINT('Ctrl Pts',(-10.0905026707645,66.1846658138434,10.7200460060209));
#8943=CARTESIAN_POINT('Ctrl Pts',(-10.2976538341968,66.2453609167889,10.7206556310346));
#8944=CARTESIAN_POINT('Ctrl Pts',(-10.5147939484196,66.366730794806,10.6143555624197));
#8945=CARTESIAN_POINT('Ctrl Pts',(-10.6023830712821,66.4455443976151,10.518810720686));
#8946=CARTESIAN_POINT('Ctrl Pts',(-10.6421002676596,66.4983053962309,10.4448788634702));
#8947=CARTESIAN_POINT('Ctrl Pts',(-10.6427244536023,66.4991527778603,10.4436828078157));
#8948=CARTESIAN_POINT('Ctrl Pts',(-10.6433472191819,66.5,10.4424868987608));
#8949=CARTESIAN_POINT('Ctrl Pts',(-9.98975265479381,66.0543427157448,10.6045629960976));
#8950=CARTESIAN_POINT('Ctrl Pts',(-10.1327818927558,66.0546796815828,10.6812606805227));
#8951=CARTESIAN_POINT('Ctrl Pts',(-10.348460804816,66.1580565943557,10.6793169193066));
#8952=CARTESIAN_POINT('Ctrl Pts',(-10.5359162498597,66.3276966809869,10.5841049477073));
#8953=CARTESIAN_POINT('Ctrl Pts',(-10.609372914446,66.4299338646115,10.5051951792343));
#8954=CARTESIAN_POINT('Ctrl Pts',(-10.6423249426991,66.4978217437053,10.4444547943601));
#8955=CARTESIAN_POINT('Ctrl Pts',(-10.6428350606162,66.4989107143915,10.4434704069801));
#8956=CARTESIAN_POINT('Ctrl Pts',(-10.6433472191819,66.5,10.4424868987608));
#8957=CARTESIAN_POINT('Ctrl Pts',(-10.051143812514,66.,10.489736594589));
#8958=CARTESIAN_POINT('Ctrl Pts',(-10.1772386296927,66.0001841162035,10.5578027983154));
#8959=CARTESIAN_POINT('Ctrl Pts',(-10.3667713855417,66.0970841512272,10.5906569186871));
#8960=CARTESIAN_POINT('Ctrl Pts',(-10.5497735076067,66.2907479345825,10.5477877479138));
#8961=CARTESIAN_POINT('Ctrl Pts',(-10.6165878029898,66.4144684239007,10.4915433668913));
#8962=CARTESIAN_POINT('Ctrl Pts',(-10.6425429795355,66.4973366081886,10.444028833324));
#8963=CARTESIAN_POINT('Ctrl Pts',(-10.6429456676301,66.4986686509227,10.4432580061445));
#8964=CARTESIAN_POINT('Ctrl Pts',(-10.6433472191819,66.5,10.4424868987608));
#8965=CARTESIAN_POINT('Ctrl Pts',(-10.0820025864827,66.,10.4320181526931));
#8966=CARTESIAN_POINT('Ctrl Pts',(-10.1932920566701,66.,10.4922983023223));
#8967=CARTESIAN_POINT('Ctrl Pts',(-10.3659879522884,66.0778990635764,10.5410085584644));
#8968=CARTESIAN_POINT('Ctrl Pts',(-10.5541477083313,66.2723616762923,10.5283827854113));
#8969=CARTESIAN_POINT('Ctrl Pts',(-10.620197030427,66.4066683715904,10.4847382989309));
#8970=CARTESIAN_POINT('Ctrl Pts',(-10.6426509058304,66.4970947762058,10.4438150712419));
#8971=CARTESIAN_POINT('Ctrl Pts',(-10.6430009711371,66.4985476191883,10.4431518057267));
#8972=CARTESIAN_POINT('Ctrl Pts',(-10.6433472191819,66.5,10.4424868987608));
#8973=CARTESIAN_POINT('',(-10.6433472191819,66.5,10.4424868987608));
#8974=CARTESIAN_POINT('Ctrl Pts',(-9.9641307525256,66.25,10.6524863607404));
#8975=CARTESIAN_POINT('Ctrl Pts',(-10.0757511293317,66.25,10.7121634390713));
#8976=CARTESIAN_POINT('Ctrl Pts',(-10.2675902383391,66.2889495317883,10.7260484946154));
#8977=CARTESIAN_POINT('Ctrl Pts',(-10.5017457150251,66.3861808381462,10.6280910526776));
#8978=CARTESIAN_POINT('Ctrl Pts',(-10.5988662851223,66.4533341857954,10.5256842953702));
#8979=CARTESIAN_POINT('Ctrl Pts',(-10.6419870982242,66.4985473881029,10.4450896216982));
#8980=CARTESIAN_POINT('Ctrl Pts',(-10.6426691500953,66.4992738095947,10.4437890082336));
#8981=CARTESIAN_POINT('Ctrl Pts',(-10.6433472191819,66.5,10.4424868987608));
#8982=CARTESIAN_POINT('Ctrl Pts',(-10.6433472191819,66.5,10.4424868987608));
#8983=CARTESIAN_POINT('Ctrl Pts',(-10.6430009711371,66.4985476191883,10.4431518057267));
#8984=CARTESIAN_POINT('Ctrl Pts',(-10.6426509058304,66.4970947762058,10.4438150712419));
#8985=CARTESIAN_POINT('Ctrl Pts',(-10.620197030427,66.4066683715904,10.4847382989309));
#8986=CARTESIAN_POINT('Ctrl Pts',(-10.5541477083313,66.2723616762923,10.5283827854113));
#8987=CARTESIAN_POINT('Ctrl Pts',(-10.3659879522884,66.0778990635764,10.5410085584644));
#8988=CARTESIAN_POINT('Ctrl Pts',(-10.1932920566701,66.,10.4922983023223));
#8989=CARTESIAN_POINT('Ctrl Pts',(-10.0820025864827,66.,10.4320181526931));
#8990=CARTESIAN_POINT('Origin',(-4.93736229678632E-8,66.5,4.9));
#8991=CARTESIAN_POINT('',(-12.0000000493736,66.5,4.9));
#8992=CARTESIAN_POINT('Origin',(-4.93736229678632E-8,66.5,4.9));
#8993=CARTESIAN_POINT('Origin',(-11.5000000493736,66.5,4.9));
#8994=CARTESIAN_POINT('Origin',(-10.1998744204398,66.,10.2115499446458));
#8995=CARTESIAN_POINT('',(-9.94987442043985,77.5,10.644562646538));
#8996=CARTESIAN_POINT('',(-9.94987442043985,66.,10.644562646538));
#8997=CARTESIAN_POINT('',(-10.6433472191819,77.5,10.4424868987608));
#8998=CARTESIAN_POINT('Origin',(-10.1998744204398,77.5,10.2115499446458));
#8999=CARTESIAN_POINT('',(-10.6433472191819,66.,10.4424868987608));
#9000=CARTESIAN_POINT('Origin',(-10.3923048947869,66.,10.9));
#9001=CARTESIAN_POINT('',(-9.09326678911024,78.,10.15));
#9002=CARTESIAN_POINT('',(-9.09326678911024,77.,10.15));
#9003=CARTESIAN_POINT('',(-9.51643320471123,78.,10.3943152439592));
#9004=CARTESIAN_POINT('',(-4.54663341924192,78.,7.52500000000003));
#9005=CARTESIAN_POINT('Ctrl Pts',(-9.94987442043985,77.5,10.644562646538));
#9006=CARTESIAN_POINT('Ctrl Pts',(-9.94987442043985,77.6122515539296,10.644562646538));
#9007=CARTESIAN_POINT('Ctrl Pts',(-9.87041003958223,77.8744915906051,10.5986838648589));
#9008=CARTESIAN_POINT('Ctrl Pts',(-9.64605013446769,77.9999999999998,10.4691496132456));
#9009=CARTESIAN_POINT('Ctrl Pts',(-9.51643320471123,78.,10.3943152439592));
#9010=CARTESIAN_POINT('Origin',(-11.5000000493736,66.5,-0.850000000000016));
#9011=CARTESIAN_POINT('',(-12.0000000493736,66.5,-0.850000000000016));
#9012=CARTESIAN_POINT('Origin',(-4.93736229678632E-8,66.5,4.9));
#9013=CARTESIAN_POINT('',(11.9999999506264,66.5,4.9));
#9014=CARTESIAN_POINT('Origin',(11.4999999506264,66.5,4.9));
#9015=CARTESIAN_POINT('Origin',(-4.93736229678632E-8,66.5,4.9));
#9016=CARTESIAN_POINT('Origin',(10.1998743216926,66.,10.2115499446458));
#9017=CARTESIAN_POINT('',(10.6433471204346,77.5,10.4424868987608));
#9018=CARTESIAN_POINT('',(10.6433471204346,66.,10.4424868987608));
#9019=CARTESIAN_POINT('Origin',(10.1998743216926,77.5,10.2115499446458));
#9020=CARTESIAN_POINT('Ctrl Pts',(9.51643310596398,78.,10.3943152439592));
#9021=CARTESIAN_POINT('Ctrl Pts',(9.61364580328133,77.9999999999999,10.450441020924));
#9022=CARTESIAN_POINT('Ctrl Pts',(9.84079808130866,77.9086078325488,10.5815874497901));
#9023=CARTESIAN_POINT('Ctrl Pts',(9.9498743216926,77.6496687385728,10.644562646538));
#9024=CARTESIAN_POINT('Ctrl Pts',(9.9498743216926,77.5,10.644562646538));
#9025=CARTESIAN_POINT('Ctrl Pts',(9.51643310596409,78.1308996938996,10.3943152439593));
#9026=CARTESIAN_POINT('Ctrl Pts',(9.63907642758008,78.1317575475646,10.4651553798004));
#9027=CARTESIAN_POINT('Ctrl Pts',(9.92699911610499,78.0184102039639,10.6314122701491));
#9028=CARTESIAN_POINT('Ctrl Pts',(10.0663755445876,77.6900585895215,10.7118246589374));
#9029=CARTESIAN_POINT('Ctrl Pts',(10.0663755445876,77.5,10.7118246589374));
#9030=CARTESIAN_POINT('Ctrl Pts',(9.57067022295002,78.3915257660286,10.3003738016841));
#9031=CARTESIAN_POINT('Ctrl Pts',(9.74451550092607,78.3940221537403,10.3990220175791));
#9032=CARTESIAN_POINT('Ctrl Pts',(10.1549305356856,78.2366125192164,10.6320573845922));
#9033=CARTESIAN_POINT('Ctrl Pts',(10.3556577346077,77.7700446201104,10.74615917183));
#9034=CARTESIAN_POINT('Ctrl Pts',(10.3556577346077,77.5,10.74615917183));
#9035=CARTESIAN_POINT('Ctrl Pts',(9.70098325901463,78.5,10.0746650023319));
#9036=CARTESIAN_POINT('Ctrl Pts',(9.89753682802797,78.5013645666759,10.1832378533961));
#9037=CARTESIAN_POINT('Ctrl Pts',(10.358554385075,78.321806038216,10.4382952196223));
#9038=CARTESIAN_POINT('Ctrl Pts',(10.58121398335,77.8014452736852,10.5618023903119));
#9039=CARTESIAN_POINT('Ctrl Pts',(10.58121398335,77.5,10.5618023903119));
#9040=CARTESIAN_POINT('Ctrl Pts',(9.76643310596442,78.5,9.96130254206721));
#9041=CARTESIAN_POINT('Ctrl Pts',(9.96320618272828,78.4999999999998,10.0690239418727));
#9042=CARTESIAN_POINT('Ctrl Pts',(10.4228054798459,78.3172156650976,10.3211210472397));
#9043=CARTESIAN_POINT('Ctrl Pts',(10.6433471204346,77.7993374771457,10.4424868987608));
#9044=CARTESIAN_POINT('Ctrl Pts',(10.6433471204346,77.5,10.4424868987608));
#9045=CARTESIAN_POINT('',(9.76643310596397,78.5,9.96130254206698));
#9046=CARTESIAN_POINT('Ctrl Pts',(10.6433471204346,77.5,10.4424868987608));
#9047=CARTESIAN_POINT('Ctrl Pts',(10.6433471204346,77.7993374771457,10.4424868987608));
#9048=CARTESIAN_POINT('Ctrl Pts',(10.4228054798459,78.3172156650976,10.3211210472397));
#9049=CARTESIAN_POINT('Ctrl Pts',(9.96320618272828,78.4999999999998,10.0690239418727));
#9050=CARTESIAN_POINT('Ctrl Pts',(9.76643310596442,78.5,9.96130254206721));
#9051=CARTESIAN_POINT('Origin',(9.76643310596397,78.,9.96130254206698));
#9052=CARTESIAN_POINT('Origin',(4.14711426765633,78.,6.71698729810782));
#9053=CARTESIAN_POINT('',(9.22724128657855,78.5,9.64999999999997));
#9054=CARTESIAN_POINT('',(4.14711426765633,78.5,6.71698729810782));
#9055=CARTESIAN_POINT('Origin',(9.22724128657855,78.,9.64999999999997));
#9056=CARTESIAN_POINT('Origin',(11.4999999506264,66.5,3.39999999999999));
#9057=CARTESIAN_POINT('',(11.9999999506264,66.5,3.39999999999999));
#9058=CARTESIAN_POINT('Origin',(-4.54663341924193,78.,9.64999999999997));
#9059=CARTESIAN_POINT('',(-4.54663341924193,78.,10.15));
#9060=CARTESIAN_POINT('',(-9.22724138532581,78.5,9.64999999999997));
#9061=CARTESIAN_POINT('',(-4.54663341924193,78.5,9.64999999999997));
#9062=CARTESIAN_POINT('Origin',(-9.22724138532581,78.,9.64999999999997));
#9063=CARTESIAN_POINT('Ctrl Pts',(-9.94987442043985,77.5,10.644562646538));
#9064=CARTESIAN_POINT('Ctrl Pts',(-9.94987442043985,77.6122515539296,10.644562646538));
#9065=CARTESIAN_POINT('Ctrl Pts',(-9.87041003958223,77.8744915906051,10.5986838648589));
#9066=CARTESIAN_POINT('Ctrl Pts',(-9.64605013446769,77.9999999999998,10.4691496132456));
#9067=CARTESIAN_POINT('Ctrl Pts',(-9.51643320471123,78.,10.3943152439592));
#9068=CARTESIAN_POINT('Ctrl Pts',(-10.0663756433349,77.5,10.7118246589374));
#9069=CARTESIAN_POINT('Ctrl Pts',(-10.0663756433349,77.6425439421411,10.7118246589374));
#9070=CARTESIAN_POINT('Ctrl Pts',(-9.96478969765776,77.9754155703822,10.6531976741882));
#9071=CARTESIAN_POINT('Ctrl Pts',(-9.67995763353265,78.1320434987862,10.4887687584141));
#9072=CARTESIAN_POINT('Ctrl Pts',(-9.51643320471134,78.1308996938996,10.3943152439593));
#9073=CARTESIAN_POINT('Ctrl Pts',(-10.3556578333549,77.5,10.7461591718299));
#9074=CARTESIAN_POINT('Ctrl Pts',(-10.3556578333549,77.7025334650828,10.7461591718299));
#9075=CARTESIAN_POINT('Ctrl Pts',(-10.2093989935817,78.1756798303253,10.6630229317123));
#9076=CARTESIAN_POINT('Ctrl Pts',(-9.80246402566537,78.3948542829774,10.4319047562107));
#9077=CARTESIAN_POINT('Ctrl Pts',(-9.57067032169731,78.3915257660285,10.300373801684));
#9078=CARTESIAN_POINT('Ctrl Pts',(-10.5812140820972,77.5,10.5618023903119));
#9079=CARTESIAN_POINT('Ctrl Pts',(-10.5812140820972,77.7260839552639,10.5618023903119));
#9080=CARTESIAN_POINT('Ctrl Pts',(-10.418838758516,78.2538094205886,10.4717282349674));
#9081=CARTESIAN_POINT('Ctrl Pts',(-9.96305478311298,78.5018194222346,10.2194288037508));
#9082=CARTESIAN_POINT('Ctrl Pts',(-9.70098335776188,78.5,10.0746650023319));
#9083=CARTESIAN_POINT('Ctrl Pts',(-10.6433472191819,77.5,10.4424868987608));
#9084=CARTESIAN_POINT('Ctrl Pts',(-10.6433472191819,77.7245031078593,10.4424868987608));
#9085=CARTESIAN_POINT('Ctrl Pts',(-10.4826801765508,78.2489831812102,10.3540647986157));
#9086=CARTESIAN_POINT('Ctrl Pts',(-10.0287973070635,78.4999999999997,10.1049310751412));
#9087=CARTESIAN_POINT('Ctrl Pts',(-9.76643320471167,78.5,9.96130254206721));
#9088=CARTESIAN_POINT('',(-9.76643320471122,78.5,9.96130254206698));
#9089=CARTESIAN_POINT('Origin',(-9.76643320471122,78.,9.96130254206698));
#9090=CARTESIAN_POINT('Ctrl Pts',(-9.76643320471167,78.5,9.96130254206721));
#9091=CARTESIAN_POINT('Ctrl Pts',(-10.0287973070635,78.4999999999997,10.1049310751412));
#9092=CARTESIAN_POINT('Ctrl Pts',(-10.4826801765508,78.2489831812102,10.3540647986157));
#9093=CARTESIAN_POINT('Ctrl Pts',(-10.6433472191819,77.7245031078593,10.4424868987608));
#9094=CARTESIAN_POINT('Ctrl Pts',(-10.6433472191819,77.5,10.4424868987608));
#9095=CARTESIAN_POINT('Origin',(-4.79663341924191,78.,7.09198729810781));
#9096=CARTESIAN_POINT('',(-4.79663341924191,78.5,7.09198729810781));
#9097=CARTESIAN_POINT('Origin',(-4.93736229678632E-8,66.,4.9));
#9098=CARTESIAN_POINT('',(-12.0000000493736,77.5,4.9));
#9099=CARTESIAN_POINT('Origin',(-4.93736229678632E-8,77.5,4.9));
#9100=CARTESIAN_POINT('',(-12.0000000493736,66.,4.9));
#9101=CARTESIAN_POINT('Origin',(-4.93736229678632E-8,77.5,4.9));
#9102=CARTESIAN_POINT('',(-11.0000000493736,78.5,4.9));
#9103=CARTESIAN_POINT('Origin',(-4.93736229678632E-8,78.5,4.9));
#9104=CARTESIAN_POINT('Origin',(-11.0000000493736,77.5,4.9));
#9105=CARTESIAN_POINT('Origin',(-4.93736229678632E-8,78.5,1.89999999999998));
#9106=CARTESIAN_POINT('',(10.9999999506264,78.5,4.9));
#9107=CARTESIAN_POINT('Origin',(-4.93736229678632E-8,78.5,4.9));
#9108=CARTESIAN_POINT('',(10.9999999506264,78.5,-4.6));
#9109=CARTESIAN_POINT('',(10.9999999506264,78.5,3.39999999999999));
#9110=CARTESIAN_POINT('',(13.8106278767972,78.5,-4.6));
#9111=CARTESIAN_POINT('',(3.54999997531319,78.5,-4.6));
#9112=CARTESIAN_POINT('',(13.8106278767972,78.5,-0.850000000000011));
#9113=CARTESIAN_POINT('',(-13.810627971615,78.5,-4.6));
#9114=CARTESIAN_POINT('',(-13.810627971615,78.5,-0.850000000000011));
#9115=CARTESIAN_POINT('',(-11.0000000493736,78.5,-4.6));
#9116=CARTESIAN_POINT('',(-6.05000002468681,78.5,-4.6));
#9117=CARTESIAN_POINT('',(-11.0000000493736,78.5,-0.850000000000016));
#9118=CARTESIAN_POINT('Origin',(-4.93736229678632E-8,77.5,4.9));
#9119=CARTESIAN_POINT('',(11.9999999506264,77.5,4.9));
#9120=CARTESIAN_POINT('Origin',(-4.93736229678632E-8,77.5,4.9));
#9121=CARTESIAN_POINT('Origin',(10.9999999506264,77.5,4.9));
#9122=CARTESIAN_POINT('Origin',(-4.93736229678632E-8,66.,4.9));
#9123=CARTESIAN_POINT('',(11.9999999506264,66.,4.9));
#9124=CARTESIAN_POINT('Origin',(11.9999999506264,66.,4.9));
#9125=CARTESIAN_POINT('',(11.9999999506264,77.5,3.39999999999999));
#9126=CARTESIAN_POINT('Origin',(3.54999997531319,77.5,-4.6));
#9127=CARTESIAN_POINT('Origin',(13.8106278767972,77.5,-4.6));
#9128=CARTESIAN_POINT('Origin',(10.9999999506264,77.5,-4.6));
#9129=CARTESIAN_POINT('Origin',(13.8106278767972,75.5,-4.6));
#9130=CARTESIAN_POINT('Origin',(13.8106278767972,75.5,-4.6));
#9131=CARTESIAN_POINT('Origin',(10.9999999506264,77.5,3.39999999999999));
#9132=CARTESIAN_POINT('Origin',(-11.0000000493736,77.5,-0.850000000000016));
#9133=CARTESIAN_POINT('',(-12.0000000493736,77.5,-0.850000000000016));
#9134=CARTESIAN_POINT('Origin',(-11.0000000493736,77.5,-4.6));
#9135=CARTESIAN_POINT('Origin',(-13.810627971615,75.5,-4.6));
#9136=CARTESIAN_POINT('Origin',(-13.8106279716149,77.5,-4.6));
#9137=CARTESIAN_POINT('Origin',(-13.810627971615,75.5,-4.6));
#9138=CARTESIAN_POINT('Origin',(-6.05000002468681,77.5,-4.6));
#9139=CARTESIAN_POINT('Origin',(-12.0000000493736,66.,-3.60000000000001));
#9140=CARTESIAN_POINT('Origin',(13.8106278767972,75.5,-0.850000000000011));
#9141=CARTESIAN_POINT('Origin',(-13.810627971615,75.5,-0.850000000000011));
#9142=CARTESIAN_POINT('Origin',(14.3085937025551,72.25,-5.525));
#9143=CARTESIAN_POINT('',(13.3085937025551,72.25,-5.525));
#9144=CARTESIAN_POINT('Origin',(-14.3085937952108,72.2499999816502,-5.525));
#9145=CARTESIAN_POINT('',(-15.3085937952108,72.2499999816502,-5.525));
#9146=CARTESIAN_POINT('Origin',(-9.09326678911024,77.,10.15));
#9147=CARTESIAN_POINT('',(9.093266690363,77.,10.15));
#9148=CARTESIAN_POINT('Origin',(-4.93736229678632E-8,77.,1.89999999999998));
#9149=UNCERTAINTY_MEASURE_WITH_UNIT(LENGTH_MEASURE(0.01),#9153,
'DISTANCE_ACCURACY_VALUE',
'Maximum model space distance between geometric entities at asserted c
onnectivities');
#9150=UNCERTAINTY_MEASURE_WITH_UNIT(LENGTH_MEASURE(0.01),#9153,
'DISTANCE_ACCURACY_VALUE',
'Maximum model space distance between geometric entities at asserted c
onnectivities');
#9151=(
GEOMETRIC_REPRESENTATION_CONTEXT(3)
GLOBAL_UNCERTAINTY_ASSIGNED_CONTEXT((#9149))
GLOBAL_UNIT_ASSIGNED_CONTEXT((#9153,#9155,#9156))
REPRESENTATION_CONTEXT('','3D')
);
#9152=(
GEOMETRIC_REPRESENTATION_CONTEXT(3)
GLOBAL_UNCERTAINTY_ASSIGNED_CONTEXT((#9150))
GLOBAL_UNIT_ASSIGNED_CONTEXT((#9153,#9155,#9156))
REPRESENTATION_CONTEXT('','3D')
);
#9153=(
LENGTH_UNIT()
NAMED_UNIT(*)
SI_UNIT(.MILLI.,.METRE.)
);
#9154=(
LENGTH_UNIT()
NAMED_UNIT(*)
SI_UNIT($,.METRE.)
);
#9155=(
NAMED_UNIT(*)
PLANE_ANGLE_UNIT()
SI_UNIT($,.RADIAN.)
);
#9156=(
NAMED_UNIT(*)
SI_UNIT($,.STERADIAN.)
SOLID_ANGLE_UNIT()
);
#9157=SHAPE_DEFINITION_REPRESENTATION(#9158,#9159);
#9158=PRODUCT_DEFINITION_SHAPE('',$,#9161);
#9159=SHAPE_REPRESENTATION('',(#4641),#9151);
#9160=PRODUCT_DEFINITION_CONTEXT('part definition',#9165,'design');
#9161=PRODUCT_DEFINITION('Cradles','Cradles v4',#9162,#9160);
#9162=PRODUCT_DEFINITION_FORMATION('',$,#9167);
#9163=PRODUCT_RELATED_PRODUCT_CATEGORY('Cradles v4','Cradles v4',(#9167));
#9164=APPLICATION_PROTOCOL_DEFINITION('international standard',
'automotive_design',2009,#9165);
#9165=APPLICATION_CONTEXT(
'Core Data for Automotive Mechanical Design Process');
#9166=PRODUCT_CONTEXT('part definition',#9165,'mechanical');
#9167=PRODUCT('Cradles','Cradles v4',$,(#9166));
#9168=PRESENTATION_STYLE_ASSIGNMENT((#9169));
#9169=SURFACE_STYLE_USAGE(.BOTH.,#9170);
#9170=SURFACE_SIDE_STYLE('',(#9171));
#9171=SURFACE_STYLE_FILL_AREA(#9172);
#9172=FILL_AREA_STYLE('Steel - Satin',(#9173));
#9173=FILL_AREA_STYLE_COLOUR('Steel - Satin',#9174);
#9174=COLOUR_RGB('Steel - Satin',0.627450980392157,0.627450980392157,0.627450980392157);
ENDSEC;
END-ISO-10303-21;
